ID,W1_age_r,W1_sex_r,W1_depression_it1,W1_depression_it2,W1_depression_it3,W1_depression_it4,W1_depression_it5,W1_depression_it6,W1_depression_it7,W1_depression_it8,W1_depression_it9,W1_separation_anxiety_it1,W1_separation_anxiety_it2,W1_separation_anxiety_it3,W1_separation_anxiety_it4,W1_separation_anxiety_it5,W1_separation_anxiety_it6,W1_separation_anxiety_it7,W1_separation_anxiety_it8,W1_separation_anxiety_it9,W1_separation_anxiety_it10,W1_specific_phobia_it1,W1_specific_phobia_it2,W1_specific_phobia_it3,W1_specific_phobia_it4,W1_specific_phobia_it5,W1_specific_phobia_it6,W1_specific_phobia_it7,W1_specific_phobia_it8,W1_specific_phobia_it9,W1_specific_phobia_it10,W1_social_anxiety_it1,W1_social_anxiety_it2,W1_social_anxiety_it3,W1_social_anxiety_it4,W1_social_anxiety_it5,W1_social_anxiety_it6,W1_social_anxiety_it7,W1_social_anxiety_it8,W1_social_anxiety_it9,W1_social_anxiety_it10,W1_panic_it1,W1_panic_it2,W1_panic_it3,W1_panic_it4,W1_panic_it5,W1_panic_it6,W1_panic_it7,W1_panic_it8,W1_panic_it9,W1_panic_it10,W1_agoraphobia_it1,W1_agoraphobia_it2,W1_agoraphobia_it3,W1_agoraphobia_it4,W1_agoraphobia_it5,W1_agoraphobia_it6,W1_agoraphobia_it7,W1_agoraphobia_it8,W1_agoraphobia_it9,W1_agoraphobia_it10,W1_generalized_anxiety_it1,W1_generalized_anxiety_it2,W1_generalized_anxiety_it3,W1_generalized_anxiety_it4,W1_generalized_anxiety_it5,W1_generalized_anxiety_it6,W1_generalized_anxiety_it7,W1_generalized_anxiety_it8,W1_generalized_anxiety_it9,W1_generalized_anxiety_it10
syn_aggregate_00001,21,2.0,3,3,3,3,3,3,2,1,0,0,0,0,0,0,0,0,0,0,0,3,3,4,3,3,4,3,3,3,3,4,4,4,4,3,3,3,3,3,0,1,1,0,1,0,0,0,0,0,0,0,0,0,0,0,1,0,0,0,0,0,3,2,1,3,1,1,2,2,0
syn_aggregate_00002,19,1.0,3,3,2,3,1,3,0,0,1,0,0,0,0,0,0,0,0,0,4,1,2,1,1,1,2,1,1,1,1,2,3,3,3,3,3,2,2,2,2,0,0,0,2,0,0,0,0,0,0,0,0,0,0,0,0,0,0,0,0,1,3,3,1,2,2,1,3,2,1
syn_aggregate_00003,22,1.0,0,0,1,1,0,0,0,0,0,0,0,1,0,0,0,0,0,0,0,0,0,0,0,0,1,0,0,0,0,0,0,0,0,0,0,0,0,1,0,2,2,2,2,2,1,1,1,1,2,0,0,4,0,0,0,0,0,0,0,0,1,1,0,0,0,0,0,0,0
syn_aggregate_00004,40,2.0,3,3,2,3,2,3,1,1,0,0,1,0,0,0,0,0,0,0,3,0,1,0,0,1,0,0,1,0,1,3,4,4,3,3,4,4,3,2,1,4,4,4,4,3,3,3,3,3,3,0,0,0,0,0,0,0,0,0,2,3,4,3,3,4,2,3,3,2,1
syn_aggregate_00005,49,2.0,3,3,3,3,2,2,1,1,0,0,0,0,0,0,0,0,0,0,3,0,0,0,0,1,0,0,0,0,0,1,3,2,2,2,2,2,2,2,2,2,2,2,2,2,1,1,2,2,1,1,2,1,1,2,1,1,1,1,1,0,1,0,0,0,0,0,1,0,0
syn_aggregate_00006,46,2.0,1,1,0,0,0,0,0,0,0,0,1,0,0,0,0,0,0,0,0,1,1,0,1,0,1,0,0,0,2,1,1,1,0,1,1,1,0,1,0,1,1,1,1,1,1,0,1,1,1,0,0,0,0,0,0,0,0,0,4,1,2,1,1,1,1,0,1,1,2
syn_aggregate_00007,22,2.0,3,3,3,3,3,3,3,2,3,1,2,1,1,1,1,0,1,1,0,4,4,3,4,3,4,4,3,3,4,2,2,2,2,1,2,2,1,1,2,4,4,4,4,4,4,4,4,3,4,0,1,0,0,0,0,0,1,0,1,3,4,4,3,4,4,4,3,4,3
syn_aggregate_00008,22,1.0,2,2,1,1,1,1,1,0,0,0,0,0,0,0,0,0,0,0,2,1,1,1,1,0,0,0,1,0,0,0,1,1,0,1,0,1,0,0,0,0,0,0,0,0,0,0,0,0,2,0,0,0,0,0,0,0,0,0,1,0,1,0,0,2,0,0,0,0,0
syn_aggregate_00009,19,1.0,0,1,1,1,1,0,0,0,0,1,1,1,0,0,0,0,1,0,0,1,1,1,1,0,1,1,1,1,1,2,3,2,2,2,2,2,2,1,2,1,1,1,1,1,1,1,1,1,1,2,2,2,1,2,2,2,1,1,0,1,3,2,1,3,2,2,3,2,3
syn_aggregate_00010,18,1.0,2,3,2,2,1,2,1,0,0,1,2,1,0,1,1,1,1,1,0,4,4,4,4,4,3,3,3,3,3,4,4,4,4,4,4,4,4,4,3,2,2,2,2,2,2,2,2,2,2,0,0,1,0,0,0,0,0,0,0,3,4,3,3,3,3,2,3,2,3
syn_aggregate_00011,22,2.0,2,2,2,2,1,1,1,1,0,0,0,0,0,0,0,0,0,0,3,4,4,4,4,4,4,4,3,4,3,4,4,4,4,4,4,4,4,3,3,3,3,4,4,3,3,3,3,3,3,2,2,2,2,2,2,1,2,2,2,4,4,4,4,4,4,3,4,4,3
syn_aggregate_00012,20,2.0,2,3,1,3,1,0,1,0,0,1,1,1,1,1,1,1,1,1,1,4,4,4,3,3,3,3,3,3,2,4,4,4,3,3,4,4,3,3,3,3,3,3,3,3,3,2,3,2,3,0,0,0,0,0,0,0,0,0,0,0,2,2,1,2,2,1,2,2,2
syn_aggregate_00013,20,2.0,1,2,1,1,0,0,1,0,0,0,0,0,0,0,2,0,0,0,0,0,1,0,0,0,1,0,0,0,0,0,0,0,0,0,0,0,0,0,0,2,2,1,2,1,1,1,0,0,0,0,0,0,0,0,0,0,0,0,3,0,1,0,0,0,0,0,0,2,0
syn_aggregate_00014,18,2.0,0,1,0,0,0,0,0,0,0,0,0,0,0,1,0,0,0,0,0,3,3,3,3,2,3,2,2,2,2,4,4,4,4,4,4,4,4,3,4,3,3,2,3,2,2,2,2,2,3,0,0,0,0,0,0,0,0,0,0,0,1,0,0,0,0,0,0,0,3
syn_aggregate_00015,20,2.0,3,3,3,3,2,3,2,2,1,1,1,1,0,1,1,0,0,0,0,4,4,4,4,3,3,3,3,2,1,4,4,4,4,4,3,3,3,3,3,2,2,1,2,1,1,1,1,1,2,1,1,1,0,1,1,0,1,0,2,0,2,2,0,2,0,0,0,0,0
syn_aggregate_00016,49,2.0,2,2,2,2,1,1,0,0,0,1,1,1,0,0,0,0,0,1,0,4,4,4,4,4,4,3,4,4,3,2,3,3,2,2,2,3,2,2,2,0,0,0,0,0,0,0,0,0,0,0,0,0,0,0,0,0,0,0,1,2,4,3,2,4,3,3,4,3,4
syn_aggregate_00017,20,2.0,3,3,3,3,3,3,3,2,2,4,4,4,4,4,3,4,3,3,4,4,4,4,4,4,4,4,4,4,4,4,4,4,4,4,4,4,4,4,4,4,4,4,4,3,3,3,3,4,4,1,2,2,2,1,2,1,1,1,3,4,4,4,4,4,4,4,4,4,4
syn_aggregate_00018,18,2.0,1,1,0,0,0,0,0,0,0,0,0,0,0,0,0,0,0,0,0,3,3,3,3,2,3,2,2,2,3,1,1,1,1,1,0,1,0,0,0,1,1,0,0,0,0,0,0,0,0,0,1,0,0,0,0,0,0,0,0,0,0,0,0,0,0,0,0,0,4
syn_aggregate_00019,22,1.0,3,2,2,2,1,2,2,1,0,0,0,0,1,0,0,0,0,0,0,2,3,2,2,2,2,2,2,2,2,4,4,4,4,4,4,4,4,3,4,4,4,4,4,4,4,3,3,4,3,1,2,1,1,1,2,1,1,1,1,3,4,4,3,4,4,4,4,4,3
syn_aggregate_00020,19,1.0,2,2,0,2,0,0,0,0,0,0,0,0,1,0,0,0,0,0,0,4,4,4,4,4,4,4,3,4,4,4,4,4,4,4,4,4,4,4,4,4,4,4,4,3,4,4,3,3,3,0,0,0,0,0,1,0,1,0,0,1,4,3,2,3,3,2,3,2,2
syn_aggregate_00021,18,2.0,3,3,2,3,1,1,1,0,0,1,1,1,0,1,1,0,0,0,0,4,4,4,4,3,4,4,3,3,2,1,2,1,1,1,1,1,1,1,1,4,3,3,4,3,3,2,3,3,2,0,0,0,0,0,1,2,0,0,0,3,4,4,3,4,3,3,4,4,3
syn_aggregate_00022,21,2.0,2,3,2,2,1,2,2,0,0,1,2,2,1,2,1,1,0,1,1,4,4,4,4,4,4,4,3,4,4,4,4,4,4,4,4,4,3,3,4,4,4,4,3,3,3,3,3,3,3,1,1,2,1,1,2,2,1,1,2,4,4,4,4,4,4,4,4,4,0
syn_aggregate_00023,21,2.0,3,3,2,2,1,2,1,0,1,1,2,1,1,1,1,2,1,1,1,2,2,1,2,1,2,1,1,2,1,0,1,0,0,0,0,0,0,0,0,3,4,4,3,3,3,3,3,2,3,0,0,0,0,0,0,0,0,0,2,0,1,1,0,1,1,0,1,0,0
syn_aggregate_00024,29,2.0,3,3,2,3,2,3,2,2,3,0,0,0,0,0,0,0,1,2,0,4,4,4,4,4,4,4,4,4,4,2,3,3,2,2,2,3,2,2,2,4,4,4,4,4,4,3,4,4,4,1,1,1,1,0,1,0,1,0,1,4,4,4,3,4,4,3,4,3,3
syn_aggregate_00025,18,2.0,2,2,1,1,1,1,1,0,0,1,1,1,1,1,1,1,0,1,0,1,1,1,1,1,1,1,0,0,0,1,2,1,1,1,1,1,0,0,0,3,2,2,3,2,2,1,2,2,1,0,0,0,0,0,0,0,0,0,0,0,0,0,0,2,0,0,0,0,0
syn_aggregate_00026,39,2.0,2,2,1,2,1,0,0,0,0,0,0,0,0,0,0,0,0,0,0,2,3,2,2,1,2,2,2,2,2,0,0,0,0,0,0,0,0,0,2,4,3,3,4,2,3,2,2,3,3,0,1,0,0,1,0,0,0,0,0,0,1,0,0,1,0,0,1,0,0
syn_aggregate_00027,21,2.0,0,0,0,0,0,0,0,0,0,0,0,0,0,0,0,0,0,0,0,3,2,2,3,2,2,3,2,0,1,1,2,2,1,2,0,1,2,1,0,1,1,0,1,1,0,0,0,1,0,0,0,0,0,0,0,0,0,0,0,1,3,3,2,3,2,2,3,3,2
syn_aggregate_00028,18,2.0,1,0,0,0,0,0,0,0,0,0,1,1,0,0,0,0,0,0,0,1,1,0,1,0,1,0,0,1,1,0,2,1,1,1,1,1,1,1,1,1,0,0,1,0,0,0,0,1,0,0,0,0,0,0,0,0,0,0,0,0,0,0,0,0,0,0,0,0,0
syn_aggregate_00029,19,2.0,0,1,0,1,0,0,0,0,0,0,0,0,0,0,0,0,2,0,0,4,4,4,4,3,3,3,3,3,2,3,4,3,3,3,3,3,2,2,2,4,4,4,4,4,4,3,3,3,4,1,2,1,1,1,1,1,1,1,1,0,1,0,0,0,0,0,0,0,0
syn_aggregate_00030,21,2.0,1,2,1,2,0,0,0,0,0,0,0,0,0,0,0,0,0,0,1,2,2,1,2,1,2,1,1,1,3,1,2,1,1,1,0,1,1,1,1,4,4,4,4,3,3,3,3,3,0,1,2,1,1,1,1,1,1,1,1,1,2,2,1,2,2,2,2,2,0
syn_aggregate_00031,19,2.0,3,3,2,2,1,1,0,0,0,0,0,0,2,0,0,0,0,0,0,0,0,0,0,0,0,0,0,1,2,4,4,4,4,4,4,4,4,4,3,4,3,3,4,3,3,3,2,3,2,1,1,1,1,1,1,1,1,1,1,0,2,1,1,1,1,1,1,0,0
syn_aggregate_00032,20,1.0,3,3,2,3,2,2,1,1,0,0,0,1,0,0,0,0,0,1,0,2,2,1,2,2,2,1,1,2,3,3,4,4,3,3,3,3,3,3,3,0,0,1,0,0,0,0,0,0,0,1,1,1,0,1,1,1,0,1,0,2,3,2,2,3,2,2,3,2,1
syn_aggregate_00033,20,2.0,0,1,0,0,0,0,0,0,0,0,0,0,0,0,0,0,0,0,0,0,1,0,1,0,0,0,0,0,0,0,0,0,0,0,0,0,0,1,0,2,2,1,2,2,2,1,1,2,1,0,0,0,0,0,0,0,0,0,1,0,2,1,0,2,1,1,1,1,1
syn_aggregate_00034,19,2.0,2,2,1,2,1,1,1,0,0,1,2,1,1,2,1,1,1,1,1,3,3,3,3,3,3,2,3,2,2,3,4,4,3,3,3,4,4,3,3,3,3,3,4,2,3,2,3,3,2,0,0,0,0,0,0,2,0,0,0,0,2,2,0,2,1,1,1,2,2
syn_aggregate_00035,35,2.0,1,1,1,1,0,0,0,0,0,0,0,1,0,0,0,0,1,0,0,2,2,1,2,2,2,2,2,3,2,1,1,1,1,1,0,0,0,0,0,1,1,0,1,0,0,0,0,0,0,0,0,0,0,0,0,0,0,0,1,0,2,1,0,1,1,1,1,1,0
syn_aggregate_00036,18,2.0,3,3,2,2,2,2,1,1,0,0,0,0,0,0,0,0,0,0,0,3,3,3,4,3,3,3,3,3,4,1,2,2,1,1,2,2,1,1,2,2,2,1,2,1,1,0,0,1,0,0,1,0,0,0,0,0,0,0,0,3,4,4,3,4,3,3,4,3,3
syn_aggregate_00037,47,1.0,2,3,3,3,2,2,1,0,0,0,0,0,0,0,0,0,0,0,1,2,2,2,3,2,2,2,2,2,2,2,3,3,2,3,2,3,2,3,2,3,2,2,3,1,2,1,1,1,0,0,0,0,0,0,0,0,0,0,0,1,3,2,1,2,2,1,2,1,1
syn_aggregate_00038,21,2.0,3,3,1,2,1,1,0,0,0,0,0,0,0,1,0,1,0,0,0,4,4,4,4,4,4,4,4,4,3,3,3,3,3,2,2,2,2,2,3,4,4,4,4,3,4,3,4,3,3,0,1,0,0,0,0,1,0,0,0,1,3,3,1,3,2,2,2,2,2
syn_aggregate_00039,33,1.0,3,3,2,3,1,2,1,0,1,0,1,0,0,1,0,0,0,0,0,3,3,3,3,3,3,3,3,3,3,4,4,4,4,4,4,4,3,3,4,4,4,4,4,3,3,3,3,3,3,0,0,1,0,0,0,0,0,0,0,2,4,4,2,4,4,4,4,4,3
syn_aggregate_00040,20,2.0,3,3,2,3,2,3,2,1,1,0,0,0,0,0,0,0,0,0,2,3,3,3,3,2,3,3,2,2,4,2,2,2,2,2,2,2,2,2,2,1,0,0,0,0,0,0,0,0,0,0,0,0,0,0,0,0,0,1,0,0,2,2,0,2,0,0,1,0,0
syn_aggregate_00041,22,2.0,2,2,1,2,1,1,0,0,0,1,1,1,0,1,0,0,0,1,0,2,3,2,2,2,3,2,2,2,1,1,2,2,1,2,1,2,1,1,2,3,3,3,3,2,3,2,2,3,2,0,0,1,0,0,0,0,0,0,0,1,3,3,1,3,2,2,2,3,2
syn_aggregate_00042,22,2.0,0,0,0,0,0,0,0,0,0,0,0,0,0,0,0,0,0,0,1,4,4,4,4,4,4,4,4,4,4,0,0,0,0,0,0,0,0,0,0,1,0,0,1,0,0,0,0,0,0,0,0,0,0,0,0,2,0,0,0,2,4,3,3,4,2,2,3,2,2
syn_aggregate_00043,20,2.0,3,3,2,3,2,3,0,1,1,0,0,0,0,0,0,2,0,0,0,3,3,3,3,2,3,3,2,2,3,4,4,4,3,3,4,4,3,4,2,2,2,2,2,1,1,1,1,1,1,0,0,0,0,0,0,0,0,0,0,2,4,4,3,4,3,3,4,4,2
syn_aggregate_00044,19,2.0,2,2,2,2,1,1,1,0,0,1,1,1,0,1,1,1,0,1,0,3,3,3,3,3,3,2,2,3,3,1,1,1,0,0,0,0,1,0,0,1,1,0,1,0,0,0,0,0,0,0,0,0,0,0,3,0,0,0,0,4,4,4,4,4,4,4,4,4,4
syn_aggregate_00045,20,2.0,0,1,0,0,0,0,0,0,0,0,0,0,0,0,0,0,0,0,0,0,0,0,0,0,0,0,0,0,0,0,1,0,0,0,0,0,0,0,0,0,0,0,0,1,0,0,0,0,0,0,0,0,0,0,0,0,0,1,1,0,1,1,0,0,0,0,0,0,0
syn_aggregate_00046,20,2.0,1,2,1,1,1,0,0,0,1,0,0,0,0,0,0,0,0,0,0,2,3,2,2,2,3,2,2,1,2,1,1,1,1,1,1,1,1,1,2,3,3,3,3,2,3,3,3,3,2,0,0,0,0,0,0,0,0,0,1,1,2,2,1,2,2,2,2,2,2
syn_aggregate_00047,43,2.0,3,3,3,3,2,3,2,0,0,0,0,0,0,0,0,0,0,1,0,3,3,3,3,2,4,3,3,2,2,0,1,1,1,0,0,0,0,0,0,0,0,0,0,0,0,0,0,0,0,0,0,0,0,0,0,0,0,0,3,0,2,2,0,2,1,0,1,0,1
syn_aggregate_00048,22,2.0,3,3,2,3,2,2,1,0,0,0,0,0,0,0,0,1,0,0,1,4,4,4,4,4,4,4,4,3,3,0,0,0,0,0,0,0,0,0,0,4,4,4,4,4,4,3,4,4,3,0,0,0,0,0,0,0,0,0,0,1,4,3,2,3,3,2,3,3,2
syn_aggregate_00049,18,1.0,1,0,0,0,0,0,0,0,0,1,1,1,0,1,0,0,1,1,1,0,0,0,0,0,0,2,0,0,0,2,3,3,3,2,3,3,3,2,1,2,2,2,2,1,2,1,1,2,2,0,0,0,0,0,0,0,0,0,0,1,4,3,2,3,3,2,4,2,2
syn_aggregate_00050,21,2.0,1,1,0,0,0,0,0,0,0,0,0,0,0,0,0,0,0,0,0,1,1,1,1,1,2,1,1,1,1,0,0,0,0,0,0,0,0,0,0,0,0,0,0,0,0,4,0,0,0,0,0,0,0,0,0,0,0,0,4,0,0,0,0,0,1,0,0,0,0
syn_aggregate_00051,18,1.0,3,3,2,3,2,2,1,0,1,0,0,0,0,0,0,0,0,4,0,4,4,4,4,3,3,3,3,2,4,3,3,3,3,3,3,3,3,2,2,3,3,3,3,2,3,2,2,3,2,0,0,0,0,0,0,0,0,0,0,0,2,2,1,2,1,2,2,3,1
syn_aggregate_00052,18,1.0,1,1,0,1,0,0,0,0,0,0,1,0,0,0,0,0,0,0,0,4,4,3,4,3,4,4,3,3,2,4,4,4,4,4,3,4,4,4,2,4,4,4,4,3,4,3,4,3,4,0,0,0,0,0,0,0,0,2,0,3,4,4,3,4,4,4,4,4,4
syn_aggregate_00053,20,1.0,2,2,2,2,1,1,1,1,0,0,0,0,0,0,0,0,0,0,0,2,2,1,2,2,2,1,1,2,2,1,1,1,1,1,1,1,2,2,2,1,0,0,0,0,0,0,0,0,0,0,0,0,0,0,0,0,0,0,0,0,0,0,0,0,0,0,0,0,2
syn_aggregate_00054,20,2.0,3,3,2,3,2,2,2,1,1,1,1,1,0,1,1,1,0,0,0,4,4,4,4,4,3,4,3,4,2,3,3,3,3,2,3,2,3,3,2,3,3,3,4,3,2,3,2,3,2,0,1,0,0,0,0,0,1,0,2,3,4,4,3,4,3,3,4,4,2
syn_aggregate_00055,20,1.0,3,3,1,1,0,0,0,0,0,0,1,0,0,0,1,0,0,0,0,1,1,1,1,0,0,1,0,0,0,4,4,4,4,4,3,3,3,3,3,1,0,0,0,1,0,0,0,0,0,0,0,0,0,0,0,0,0,0,0,0,2,2,0,2,1,1,2,1,1
syn_aggregate_00056,20,2.0,1,1,1,1,0,1,0,0,0,0,1,0,0,0,0,0,0,0,0,2,2,1,2,1,2,1,2,1,1,1,1,1,1,1,0,1,1,0,0,2,1,1,2,1,1,1,1,1,1,0,0,0,0,0,0,0,0,2,0,1,4,4,2,3,3,2,4,3,1
syn_aggregate_00057,22,1.0,2,1,0,0,0,0,1,0,0,0,0,0,0,0,0,0,0,0,0,1,2,1,2,1,1,1,1,1,2,0,1,0,0,1,0,0,0,0,0,1,0,0,0,1,0,0,0,0,1,0,0,0,0,0,0,0,0,0,0,0,2,2,0,2,1,1,1,1,0
syn_aggregate_00058,19,2.0,2,2,2,2,1,1,1,0,0,1,1,1,0,1,1,0,0,0,0,0,1,0,0,0,0,0,1,0,0,1,2,1,0,1,1,1,1,0,0,3,3,2,3,2,3,2,3,2,2,0,0,0,0,0,1,1,0,0,0,3,4,4,3,4,4,4,4,4,3
syn_aggregate_00059,18,2.0,3,3,2,3,2,3,2,1,0,0,0,0,0,0,0,0,0,0,4,1,2,1,1,1,2,1,0,1,2,0,2,1,0,1,0,1,0,0,0,4,4,4,4,4,4,3,4,4,4,2,2,2,1,1,2,2,1,1,3,1,3,2,1,3,2,1,2,2,4
syn_aggregate_00060,21,2.0,0,0,2,2,0,0,0,0,0,2,2,1,2,1,2,1,2,1,2,1,1,0,1,0,1,0,0,0,2,4,4,4,4,4,3,4,4,3,3,3,2,2,2,2,2,2,2,2,1,0,0,0,4,0,0,0,0,0,0,0,2,3,0,1,1,1,3,1,3
syn_aggregate_00061,46,2.0,0,0,0,1,0,0,0,0,0,0,0,0,0,0,0,0,0,0,0,0,0,0,0,0,2,0,0,0,0,0,0,0,0,0,0,0,0,0,0,0,0,0,0,0,0,0,0,3,0,0,0,0,0,0,0,0,0,0,0,0,0,0,0,0,0,2,0,0,0
syn_aggregate_00062,19,2.0,1,1,0,1,0,0,1,0,0,0,0,0,0,0,0,0,0,2,0,0,0,0,0,0,0,0,0,2,0,4,4,4,4,4,4,4,4,3,4,4,4,4,4,3,4,3,3,4,3,0,0,0,0,0,0,0,0,2,0,1,3,3,1,3,2,2,2,2,1
syn_aggregate_00063,44,2.0,3,3,2,3,2,2,1,1,0,0,0,0,0,0,0,0,0,4,0,2,3,2,3,2,3,2,2,2,1,3,4,4,3,3,3,3,3,3,3,4,4,4,4,3,4,3,3,3,3,0,1,0,0,0,0,0,1,0,0,4,4,3,4,4,4,3,4,4,3
syn_aggregate_00064,41,2.0,3,3,2,3,2,2,1,0,0,1,2,1,1,2,1,1,2,1,0,3,4,3,3,3,4,3,3,3,3,4,4,3,3,3,3,3,3,3,3,4,4,4,4,3,3,4,4,4,1,1,2,1,1,1,2,1,1,0,3,4,4,4,3,4,4,4,4,3,2
syn_aggregate_00065,50,1.0,3,3,2,3,2,2,2,3,0,0,0,0,0,0,0,0,0,0,2,4,4,4,4,3,4,4,4,3,3,3,4,4,3,4,4,4,4,4,3,3,3,3,3,2,3,2,3,2,2,0,0,0,0,0,0,0,0,0,2,2,4,4,2,4,3,3,3,3,3
syn_aggregate_00066,19,1.0,3,3,2,3,2,3,3,2,1,0,0,0,0,0,0,0,0,0,0,4,4,3,4,3,4,3,3,3,1,2,2,2,1,1,1,1,0,2,2,1,0,0,1,0,0,0,0,0,0,0,0,0,0,0,0,0,0,1,0,0,1,2,0,1,0,0,1,1,0
syn_aggregate_00067,20,2.0,1,1,1,1,0,0,0,0,0,0,0,0,0,0,0,0,0,1,0,0,0,0,0,0,1,0,1,0,0,0,0,0,0,0,0,0,0,0,0,0,0,0,0,0,0,0,0,0,0,0,0,0,0,0,0,0,0,0,0,0,1,1,0,1,0,0,1,1,0
syn_aggregate_00068,19,2.0,3,3,2,2,1,2,1,0,0,0,1,0,0,1,0,0,1,1,1,0,0,0,0,0,0,0,0,0,2,1,2,2,2,2,2,2,2,2,2,0,0,0,1,0,0,0,1,0,0,0,0,0,0,0,0,0,0,0,2,2,4,4,3,4,4,3,4,4,4
syn_aggregate_00069,37,2.0,3,3,2,2,1,2,1,1,1,1,1,1,0,1,0,0,0,0,0,0,0,0,0,0,0,0,0,0,3,1,2,2,2,2,2,2,2,2,2,1,2,1,2,1,0,1,1,1,1,0,0,1,0,0,0,0,0,0,0,1,3,3,2,3,2,1,3,2,0
syn_aggregate_00070,22,1.0,2,2,2,2,1,1,0,0,0,2,2,2,1,2,2,2,2,2,2,2,3,2,2,1,2,2,2,1,1,4,4,4,4,4,4,3,4,3,3,4,4,4,4,4,4,4,4,4,4,2,2,2,2,1,2,2,1,1,1,2,4,3,2,3,2,2,3,2,2
syn_aggregate_00071,19,2.0,3,3,2,2,1,2,1,0,0,0,0,0,0,0,0,0,0,0,4,2,3,2,3,2,2,3,2,2,1,4,4,4,4,4,3,3,4,3,2,2,2,2,2,2,2,1,2,2,3,0,1,0,0,0,0,1,0,0,2,1,4,3,2,3,3,3,3,3,1
syn_aggregate_00072,19,1.0,3,3,3,3,3,3,3,3,3,1,1,1,1,1,0,0,0,1,0,4,3,3,4,3,3,3,3,2,2,3,4,4,3,4,3,4,3,3,2,4,4,3,4,4,3,3,2,3,2,0,1,0,0,0,0,0,0,0,0,3,4,4,3,4,2,2,4,3,2
syn_aggregate_00073,20,2.0,3,3,2,2,1,1,1,0,0,0,1,0,0,0,0,0,0,0,3,3,3,2,3,2,3,3,2,2,3,1,3,3,2,2,2,2,2,2,1,1,2,1,2,1,1,1,1,1,1,0,0,0,0,0,0,0,0,0,0,0,1,1,0,1,0,0,1,1,0
syn_aggregate_00074,26,2.0,0,2,1,1,0,0,0,0,0,0,1,1,0,0,0,0,1,0,0,2,3,2,3,2,2,2,3,2,3,4,4,4,4,4,3,3,3,3,3,3,3,3,3,2,3,2,3,2,3,0,0,0,0,0,0,0,0,0,0,2,4,4,2,4,3,3,4,3,1
syn_aggregate_00075,43,2.0,1,1,1,1,0,0,0,0,0,1,1,1,0,0,0,1,0,0,0,4,4,4,4,4,4,4,4,4,4,3,4,4,3,3,3,3,3,3,3,3,2,2,3,2,2,1,2,2,2,1,1,0,1,1,1,1,1,0,1,2,4,4,3,4,3,4,4,4,3
syn_aggregate_00076,39,1.0,1,1,1,2,0,1,1,0,0,0,0,0,0,0,0,0,0,0,3,4,4,4,3,3,4,3,3,3,1,2,2,2,2,2,2,2,2,1,2,2,1,1,2,0,1,1,1,1,1,0,0,0,0,0,0,0,0,0,2,3,4,3,2,3,3,2,3,2,3
syn_aggregate_00077,36,1.0,1,2,0,0,0,0,0,0,0,0,0,0,0,0,0,0,0,1,0,4,4,4,4,4,4,4,4,4,3,4,4,4,4,4,4,4,4,4,3,0,0,0,0,0,0,0,0,0,0,0,0,0,0,0,0,0,0,0,3,1,2,2,1,2,1,1,2,1,2
syn_aggregate_00078,20,2.0,1,0,1,1,0,0,0,0,0,1,1,1,0,1,0,0,1,1,0,4,4,3,3,3,4,3,3,3,4,4,4,4,4,4,3,4,4,3,3,3,3,3,3,3,3,3,2,3,3,0,1,0,0,0,1,0,0,0,0,0,2,2,0,2,1,1,1,1,0
syn_aggregate_00079,22,1.0,3,3,3,3,2,2,2,1,0,0,1,0,0,0,0,0,0,1,0,1,1,1,1,1,1,1,1,1,1,1,2,1,1,1,0,1,2,0,0,1,1,0,1,1,1,0,1,1,0,0,0,0,0,0,0,0,0,0,0,2,4,4,2,4,3,3,3,4,3
syn_aggregate_00080,27,2.0,2,2,1,1,1,1,0,0,0,0,0,0,0,0,0,0,0,0,1,0,0,0,0,0,0,0,0,0,0,0,0,0,0,0,0,0,0,0,3,2,1,1,1,0,0,0,1,1,1,0,0,0,0,0,0,0,0,1,0,2,4,4,2,3,3,3,3,3,2
syn_aggregate_00081,37,2.0,1,1,0,0,0,0,0,0,0,1,1,1,0,1,2,1,2,0,0,2,2,1,2,1,2,1,1,1,2,3,4,3,3,3,4,3,3,2,3,0,0,0,1,0,0,0,0,0,0,0,0,0,0,0,0,0,0,0,0,1,3,3,2,3,2,2,3,2,2
syn_aggregate_00082,44,2.0,2,3,2,2,1,2,1,0,1,0,0,1,0,0,0,0,0,0,0,2,2,2,2,2,2,1,1,1,1,0,0,0,0,0,0,0,0,4,0,0,0,0,1,0,0,0,0,1,0,1,1,1,0,0,1,0,0,0,1,0,0,0,1,0,0,0,0,0,1
syn_aggregate_00083,20,1.0,3,3,3,3,2,3,3,2,0,1,1,1,0,0,1,0,0,0,0,4,4,4,4,3,4,4,4,4,3,4,4,4,3,4,4,3,4,3,4,4,3,4,4,3,4,3,3,3,3,0,0,0,0,0,0,0,0,3,0,4,4,4,4,4,4,4,4,4,3
syn_aggregate_00084,19,1.0,1,2,1,1,1,1,1,0,0,0,0,0,0,0,0,0,0,0,4,4,4,4,4,3,3,3,3,3,3,0,1,1,1,1,0,1,1,0,0,4,4,3,4,4,3,3,3,3,3,0,0,0,0,0,0,0,0,4,0,4,4,4,3,4,4,3,4,3,4
syn_aggregate_00085,51,1.0,2,2,1,1,1,1,1,0,0,0,1,0,0,0,0,0,1,0,0,3,3,2,3,2,3,2,2,1,1,1,2,2,1,2,2,2,2,1,2,3,2,2,2,1,2,1,1,1,1,0,0,0,0,0,0,0,0,2,0,3,4,4,2,4,3,3,4,3,2
syn_aggregate_00086,22,1.0,3,3,2,3,2,2,2,1,0,0,0,0,0,0,0,0,0,1,0,2,2,1,2,1,1,1,1,1,1,0,0,1,0,0,0,1,0,0,0,0,0,0,0,0,0,0,0,0,2,0,0,0,0,0,0,0,0,0,0,0,0,0,0,0,0,0,0,0,2
syn_aggregate_00087,33,2.0,3,3,3,3,3,3,3,3,3,0,0,0,0,0,0,0,0,0,4,4,4,4,4,3,4,3,3,3,3,4,4,4,4,4,4,4,4,3,3,3,3,3,3,3,3,3,3,3,3,1,1,1,1,0,1,0,2,2,1,4,4,4,4,4,4,4,4,4,4
syn_aggregate_00088,21,1.0,2,2,2,2,2,0,0,0,1,1,1,1,1,1,0,0,1,1,1,1,2,1,2,1,1,1,1,2,1,4,4,4,4,4,4,4,3,4,3,4,4,4,4,4,3,4,4,4,4,2,2,2,1,2,2,2,1,2,1,4,4,4,3,4,4,4,4,3,4
syn_aggregate_00089,22,1.0,3,3,2,3,1,2,1,0,0,2,2,1,1,2,1,1,1,1,2,3,3,3,3,2,3,3,2,3,2,4,4,4,4,4,4,4,4,4,4,3,3,3,3,3,3,2,2,2,2,0,1,0,1,0,1,1,0,0,1,3,4,4,3,4,4,4,4,4,3
syn_aggregate_00090,24,2.0,1,1,1,1,0,1,1,1,0,0,1,0,0,0,0,0,0,0,0,0,0,0,0,0,0,0,0,2,0,0,0,0,0,0,0,0,0,0,1,0,0,0,0,1,0,0,0,1,0,0,0,0,0,0,0,0,0,0,1,0,1,1,0,1,0,0,1,0,1
syn_aggregate_00091,42,2.0,2,2,1,2,0,1,0,0,0,0,0,0,0,0,0,0,0,0,3,0,1,0,0,0,0,0,0,0,0,0,1,1,1,1,1,1,0,0,0,0,0,0,0,0,0,0,0,0,4,1,1,1,0,0,0,0,0,0,0,0,1,1,0,1,0,0,1,0,0
syn_aggregate_00092,22,2.0,1,1,1,1,0,0,0,0,0,0,0,0,0,0,0,0,0,0,2,0,0,0,0,0,0,0,0,0,2,0,0,0,0,0,0,0,4,0,0,0,0,0,0,0,0,0,0,2,0,0,0,0,0,0,0,0,0,0,0,0,0,0,0,0,0,0,0,0,0
syn_aggregate_00093,21,1.0,2,2,0,1,0,0,0,0,0,0,0,0,0,0,0,1,0,0,0,0,0,1,0,0,0,0,1,1,0,0,0,0,0,0,0,0,0,0,4,0,0,0,0,1,0,0,0,1,0,0,1,0,0,0,0,0,0,0,0,0,1,1,0,1,0,0,1,0,0
syn_aggregate_00094,18,2.0,1,1,0,1,0,0,1,0,0,0,0,0,0,0,0,0,0,0,1,2,2,1,2,1,2,1,1,2,1,4,4,4,4,4,3,4,4,3,3,2,2,2,2,2,2,2,2,2,2,1,2,1,1,1,2,1,1,1,1,0,2,2,0,2,1,1,2,1,0
syn_aggregate_00095,37,2.0,3,3,2,3,3,3,3,2,0,2,2,2,1,2,1,1,2,3,3,3,3,4,3,3,4,3,2,3,2,4,4,4,4,4,4,4,4,4,4,4,4,4,4,4,4,4,3,4,4,2,2,1,2,1,1,1,1,2,2,4,4,4,4,4,4,4,4,4,4
syn_aggregate_00096,19,2.0,2,2,1,2,1,2,1,0,1,0,0,0,0,0,1,0,0,0,0,3,4,3,4,3,4,3,3,2,2,1,1,1,1,0,0,1,1,0,0,1,1,1,1,1,0,0,1,1,1,1,1,1,1,1,1,1,1,1,1,0,1,0,0,0,0,0,0,1,0
syn_aggregate_00097,20,2.0,2,2,2,2,1,2,2,1,0,1,1,1,0,1,1,0,0,0,0,4,3,4,4,3,4,3,4,3,4,3,3,3,3,2,2,3,2,2,3,4,4,4,4,4,4,4,4,3,4,0,0,0,0,0,0,0,0,0,4,1,3,2,2,3,2,2,2,1,1
syn_aggregate_00098,22,2.0,3,3,2,3,2,3,2,1,0,0,0,0,0,0,0,0,0,0,3,0,1,0,0,0,1,0,0,0,0,0,0,0,0,1,0,0,1,0,0,0,0,0,0,0,0,0,0,1,2,0,0,0,0,0,0,0,0,0,0,0,2,1,0,2,0,0,2,1,0
syn_aggregate_00099,20,2.0,3,3,2,3,2,3,3,2,1,1,2,1,1,1,1,2,1,1,2,4,4,3,4,3,4,3,3,3,2,3,3,3,2,2,2,3,2,1,1,2,2,2,3,2,2,1,2,2,3,1,2,1,1,1,2,1,1,1,2,3,4,4,3,4,4,4,4,4,4
syn_aggregate_00100,22,2.0,2,3,2,3,1,1,1,0,0,0,0,0,0,0,0,0,1,1,0,3,3,2,3,2,2,2,2,2,1,0,0,0,0,0,0,0,0,0,1,4,3,3,4,3,3,3,2,3,1,1,1,1,1,1,1,0,0,1,0,0,1,0,0,0,0,0,0,0,0
syn_aggregate_00101,30,2.0,1,1,0,0,0,0,0,0,0,0,0,0,0,0,0,0,0,0,3,3,3,3,3,3,3,3,3,3,2,0,2,2,1,1,0,1,2,1,1,2,2,2,3,2,2,1,2,2,3,0,0,0,0,0,0,0,0,3,0,0,2,2,0,2,1,1,1,1,0
syn_aggregate_00102,22,1.0,3,3,3,3,3,3,3,3,0,1,1,1,0,1,1,1,0,1,0,3,4,3,3,2,3,3,2,1,3,3,3,3,3,3,2,2,2,2,3,4,4,3,4,3,4,3,3,3,3,1,2,1,1,1,2,1,1,1,2,3,4,4,3,4,3,3,4,3,4
syn_aggregate_00103,18,2.0,0,0,0,0,0,0,0,0,0,0,0,0,0,0,0,0,0,0,0,4,4,4,4,4,4,4,4,3,3,0,0,0,0,0,0,0,0,0,4,4,3,4,4,3,3,2,3,3,3,0,0,0,0,0,0,0,0,0,1,1,3,2,1,2,2,2,2,2,2
syn_aggregate_00104,19,2.0,0,0,0,0,0,0,0,0,0,0,0,0,0,0,0,0,0,2,0,0,0,0,0,0,0,0,0,0,3,0,1,0,0,1,0,0,1,0,0,4,4,3,4,3,3,2,2,2,1,0,0,0,0,0,4,0,0,0,0,0,0,0,0,0,0,0,0,0,0
syn_aggregate_00105,21,2.0,1,1,1,1,0,0,0,0,0,0,0,0,0,0,0,0,1,0,0,1,2,1,1,1,2,1,1,1,1,2,3,3,2,2,2,2,2,2,1,1,1,0,1,0,1,0,0,0,0,0,0,0,0,0,0,0,0,0,4,0,1,0,0,0,0,0,0,0,0
syn_aggregate_00106,19,2.0,3,3,2,3,1,3,1,0,0,1,1,1,1,1,1,1,2,1,0,4,4,4,4,3,4,4,3,3,4,2,3,3,2,2,2,2,3,1,0,3,3,2,3,2,2,2,2,3,2,0,1,0,0,0,1,0,0,0,0,0,1,1,0,1,1,0,1,1,0
syn_aggregate_00107,19,2.0,3,3,3,3,3,3,3,2,0,1,2,1,1,1,1,0,1,1,1,1,1,0,1,1,0,0,0,0,2,0,1,1,0,1,0,1,1,0,0,1,1,1,2,1,1,1,1,1,2,0,0,0,0,0,0,0,1,0,3,2,4,4,2,4,3,3,3,3,2
syn_aggregate_00108,20,1.0,3,3,2,3,1,2,2,0,0,0,0,0,0,0,0,0,2,0,0,1,2,1,2,1,2,2,1,2,2,1,1,1,1,1,0,0,1,0,0,1,0,0,0,0,0,0,0,0,2,0,0,0,0,0,0,0,0,0,0,0,1,0,0,0,0,0,0,0,1
syn_aggregate_00109,37,2.0,1,1,1,1,0,0,0,0,0,0,0,0,0,2,0,0,0,0,0,1,2,1,1,1,1,1,1,1,1,0,2,0,0,0,0,0,0,0,0,0,0,0,0,0,1,0,0,0,0,0,0,0,0,0,0,0,0,0,0,0,0,0,0,0,0,0,0,2,0
syn_aggregate_00110,22,2.0,0,1,0,0,0,0,2,0,0,0,1,0,0,0,0,0,0,0,0,2,2,2,2,2,3,3,2,3,3,3,4,3,3,3,3,3,3,3,2,4,4,4,4,4,4,4,3,3,3,0,0,0,0,0,1,0,0,0,3,0,2,2,0,1,1,1,1,1,1
syn_aggregate_00111,24,2.0,3,3,2,3,2,2,2,2,1,2,2,2,1,2,2,1,2,1,2,4,4,4,4,4,4,4,4,3,4,4,4,4,4,4,4,4,4,3,3,3,3,2,3,2,2,3,2,2,2,0,1,0,0,0,0,0,0,0,0,0,3,3,1,3,2,1,2,2,4
syn_aggregate_00112,19,2.0,3,3,3,3,3,3,3,3,3,1,2,2,1,1,1,0,1,1,2,2,2,2,2,1,2,1,2,2,2,4,4,4,4,4,4,4,4,3,3,4,4,4,4,3,3,3,3,2,1,1,1,1,1,1,1,1,0,0,0,3,4,4,3,4,3,3,3,4,1
syn_aggregate_00113,19,2.0,1,1,1,1,0,0,0,1,0,1,0,0,1,0,1,0,1,0,0,0,0,0,0,0,0,0,0,2,0,3,4,4,3,3,3,3,4,3,2,3,3,3,3,3,3,3,3,3,3,0,0,0,0,0,0,0,0,0,1,4,4,4,4,4,4,4,4,4,4
syn_aggregate_00114,21,2.0,1,1,1,1,1,0,0,0,0,0,0,0,0,0,0,0,0,0,0,0,0,1,0,0,0,0,0,0,0,0,0,0,0,0,3,0,0,0,0,0,0,0,2,0,0,0,0,0,0,0,0,0,0,0,0,0,0,0,0,0,1,1,0,1,0,0,1,0,0
syn_aggregate_00115,19,1.0,3,3,2,2,1,2,1,0,1,0,1,0,0,0,0,0,0,0,0,3,3,2,3,2,2,2,2,2,3,3,4,4,4,4,3,4,3,3,3,3,2,2,3,2,1,1,2,1,2,0,0,0,0,0,0,0,0,0,4,1,3,2,1,3,2,1,2,2,3
syn_aggregate_00116,21,1.0,3,3,1,2,1,2,1,0,0,0,0,0,0,0,0,0,0,1,1,1,1,1,1,1,1,1,1,1,1,0,0,0,0,0,0,0,0,0,2,2,2,2,2,1,1,0,0,1,0,0,0,0,0,0,0,0,0,0,0,1,2,2,1,2,1,1,2,1,1
syn_aggregate_00117,22,2.0,3,3,2,2,2,2,1,1,2,1,1,1,1,1,1,1,0,1,1,4,4,4,4,4,4,4,3,3,3,3,4,4,4,3,4,3,3,3,1,4,3,3,4,3,3,2,3,3,2,1,1,1,1,1,2,1,1,1,1,1,3,2,1,2,2,2,2,2,2
syn_aggregate_00118,21,1.0,3,3,2,3,2,3,2,1,0,0,0,0,0,0,0,0,0,4,0,3,4,3,3,2,3,2,2,2,2,0,2,2,1,1,0,1,1,1,1,2,2,2,1,2,1,1,1,2,1,0,0,0,0,0,2,0,0,0,0,1,3,2,1,3,2,2,2,2,2
syn_aggregate_00119,19,2.0,2,2,2,2,1,1,1,1,0,0,0,0,0,0,0,0,0,0,3,3,3,2,2,2,2,1,1,3,2,3,4,3,3,3,4,4,3,2,3,3,3,2,3,2,2,2,2,2,2,1,1,1,1,1,1,0,0,1,1,3,4,4,3,4,3,3,4,3,2
syn_aggregate_00120,22,2.0,0,1,1,1,0,0,0,1,0,0,0,0,0,0,0,0,0,0,0,2,2,1,2,1,2,1,2,2,1,2,2,2,2,2,2,2,2,1,1,2,2,2,2,1,2,1,2,2,2,0,0,0,0,0,0,0,0,0,0,0,1,0,0,0,0,0,0,0,0
syn_aggregate_00121,22,2.0,0,0,0,0,0,0,0,0,0,0,0,0,0,0,0,0,0,0,0,0,0,0,0,0,0,0,0,0,0,0,1,0,0,1,0,0,1,0,0,1,1,1,1,1,0,0,1,0,0,0,1,0,0,0,0,0,0,0,0,0,0,1,0,0,0,0,0,0,0
syn_aggregate_00122,21,2.0,0,0,0,0,0,0,0,0,0,0,0,0,0,0,0,0,0,0,0,1,1,0,1,1,0,0,1,0,1,0,2,2,1,1,0,1,0,1,0,0,0,0,0,0,2,0,0,0,0,0,0,0,0,0,0,0,0,0,0,0,2,2,0,2,1,1,2,1,0
syn_aggregate_00123,47,2.0,0,0,1,1,0,0,1,0,0,0,0,0,0,0,0,0,0,0,3,2,2,1,2,2,2,1,1,1,1,2,2,2,2,2,2,2,1,2,1,0,0,0,1,0,0,0,0,0,0,0,0,0,0,0,0,0,0,0,1,0,1,1,0,1,0,0,1,1,0
syn_aggregate_00124,19,1.0,3,3,2,3,2,3,2,1,2,0,0,0,0,0,0,0,0,1,0,1,2,1,1,1,2,1,1,1,1,3,3,3,2,2,3,3,3,2,1,2,2,1,2,1,2,0,1,1,2,0,0,0,0,0,0,0,4,0,0,3,4,4,3,4,4,4,3,4,3
syn_aggregate_00125,19,2.0,3,3,2,2,1,2,1,0,0,0,0,0,0,0,0,0,0,3,0,4,4,4,4,4,4,4,4,4,4,2,3,3,2,2,3,2,3,3,2,4,4,4,4,3,3,3,3,3,3,1,1,1,1,1,1,1,0,0,0,3,4,4,3,4,4,3,4,4,4
syn_aggregate_00126,21,1.0,0,1,0,0,0,0,0,0,0,1,1,1,1,1,0,1,1,1,0,3,3,2,2,2,3,2,2,2,2,1,2,2,1,1,0,1,1,0,0,0,1,0,0,0,0,0,0,0,0,0,0,0,0,0,0,0,0,3,0,0,2,1,1,2,1,1,1,1,0
syn_aggregate_00127,21,2.0,2,2,1,1,1,1,0,0,1,0,0,0,1,0,0,0,0,0,0,1,2,1,2,1,2,1,0,0,0,1,1,0,0,1,1,0,0,0,0,4,4,4,4,4,3,3,3,3,2,1,1,1,0,1,1,1,0,0,0,1,4,3,2,3,3,2,3,2,3
syn_aggregate_00128,19,1.0,2,2,2,2,2,2,2,1,0,1,1,1,0,1,0,0,1,0,0,3,3,2,3,2,2,2,2,1,2,1,2,1,1,1,1,1,1,1,0,3,3,3,3,3,2,2,2,3,3,0,0,0,0,0,0,0,0,3,0,3,4,4,3,4,4,4,4,4,3
syn_aggregate_00129,19,1.0,1,1,1,0,0,0,0,0,0,0,0,0,1,1,0,0,0,0,0,2,2,2,1,1,2,1,2,2,2,0,0,0,0,1,0,0,0,0,0,0,0,0,0,0,0,0,0,0,1,0,0,0,0,0,0,0,0,0,4,1,3,2,1,3,1,1,2,2,3
syn_aggregate_00130,25,2.0,2,2,1,1,1,1,1,0,0,0,1,0,0,0,0,0,0,0,0,0,0,0,0,0,0,0,0,0,1,0,1,2,0,2,0,1,2,1,0,3,3,3,4,3,2,3,3,2,2,1,1,1,1,1,1,1,0,0,0,0,0,0,0,0,0,0,0,4,0
syn_aggregate_00131,20,1.0,3,3,2,3,2,1,1,0,0,0,1,0,0,0,1,0,1,0,0,2,3,2,3,2,2,3,2,2,1,4,4,4,4,4,4,4,4,3,3,0,0,0,0,0,0,0,0,0,0,0,0,0,0,0,0,0,0,0,1,4,4,4,4,4,3,4,4,4,3
syn_aggregate_00132,37,2.0,3,3,3,3,2,3,2,1,1,1,1,1,0,1,0,1,0,1,0,1,1,0,1,0,2,0,1,1,0,4,4,4,4,4,4,4,4,3,3,4,3,3,4,3,3,2,3,3,3,1,1,1,0,1,1,1,0,1,1,4,4,4,4,4,4,4,4,4,4
syn_aggregate_00133,22,2.0,2,2,1,2,1,1,1,0,0,1,1,1,0,1,1,0,1,1,0,0,0,0,0,0,0,0,0,0,0,0,0,0,0,0,0,0,0,0,1,0,0,0,0,0,0,0,0,2,0,0,0,0,0,0,0,0,0,0,0,1,3,3,1,3,2,2,2,2,3
syn_aggregate_00134,21,1.0,0,1,0,0,0,0,0,0,0,0,0,0,0,0,0,0,0,0,0,2,3,2,3,2,3,2,2,2,2,0,1,0,0,0,0,0,1,0,0,0,0,0,0,0,0,0,0,1,0,0,0,0,0,0,0,0,0,0,0,0,1,0,0,0,0,0,0,0,0
syn_aggregate_00135,20,1.0,3,3,3,3,3,3,3,2,2,1,1,1,0,0,0,0,0,0,0,4,4,4,4,3,3,3,4,3,3,4,4,4,3,4,4,3,4,3,3,1,0,0,1,0,0,0,0,0,0,0,0,0,0,0,0,0,0,1,2,3,4,3,3,3,3,2,3,2,2
syn_aggregate_00136,19,2.0,3,3,2,3,2,2,1,1,1,0,0,0,0,0,0,0,0,0,4,3,3,4,3,3,4,2,4,3,1,4,4,4,4,4,3,4,4,4,3,4,4,4,4,3,3,3,3,3,2,1,2,1,1,1,2,2,1,1,2,3,4,4,3,4,3,3,4,3,3
syn_aggregate_00137,19,2.0,3,3,2,3,2,3,2,1,0,0,1,0,0,0,0,0,0,0,3,4,4,4,4,4,4,4,4,3,4,3,4,3,4,3,3,4,3,2,2,4,3,4,4,3,4,3,3,3,3,0,0,0,0,0,0,0,0,0,0,3,4,4,3,4,3,3,3,3,2
syn_aggregate_00138,20,1.0,3,3,3,3,3,3,3,3,1,2,2,2,1,2,2,1,2,1,2,4,4,4,4,4,3,4,4,3,4,4,4,4,4,4,4,4,4,4,4,4,4,4,4,4,3,3,3,3,2,1,1,1,0,1,1,0,1,0,0,4,4,4,4,4,4,4,4,4,3
syn_aggregate_00139,18,2.0,2,2,1,1,1,1,0,0,0,0,1,0,0,0,0,0,0,0,0,2,1,1,2,1,1,1,1,1,2,0,1,1,1,1,1,1,1,1,0,3,3,3,3,3,3,3,3,2,2,0,0,0,0,0,0,0,0,0,0,0,2,1,0,2,1,0,1,1,1
syn_aggregate_00140,19,2.0,3,3,2,2,1,1,0,0,0,0,0,0,0,2,0,0,0,0,0,2,1,1,2,1,2,1,1,1,2,2,4,3,2,2,1,2,2,1,0,2,2,2,2,2,1,1,1,1,1,0,0,0,1,0,0,0,0,0,0,2,2,2,1,2,2,2,2,2,1
syn_aggregate_00141,19,2.0,2,3,2,2,1,2,1,0,1,0,0,0,0,0,0,0,0,0,3,0,0,0,0,0,0,1,1,1,0,0,1,1,0,0,0,1,0,0,0,3,2,3,3,2,2,2,2,2,2,0,0,0,0,1,0,1,0,1,0,2,4,4,2,4,3,3,4,3,2
syn_aggregate_00142,18,2.0,3,3,3,3,3,3,2,2,1,1,2,2,0,1,2,0,1,1,0,4,4,4,4,4,4,4,4,4,4,4,4,4,4,4,3,4,3,3,3,4,4,4,4,4,4,4,4,3,4,2,2,2,2,2,2,1,1,1,3,3,4,4,3,4,3,4,4,4,3
syn_aggregate_00143,50,2.0,2,1,1,1,0,1,0,0,0,0,0,0,0,0,0,0,0,0,0,0,0,0,0,0,0,0,0,0,2,1,2,2,1,2,1,2,1,1,2,1,0,0,1,0,0,0,0,0,0,0,0,1,0,0,0,0,0,0,0,0,0,0,0,0,0,1,0,0,0
syn_aggregate_00144,20,1.0,3,3,3,3,3,3,3,3,1,1,2,1,0,1,1,1,1,1,0,4,4,4,4,3,4,3,4,3,4,4,4,4,4,4,4,4,3,4,2,4,4,4,4,4,4,4,4,3,3,2,2,2,2,1,2,2,2,2,3,3,4,4,4,4,4,4,4,4,3
syn_aggregate_00145,27,2.0,2,2,1,2,1,1,1,0,0,0,0,0,0,0,0,0,0,0,1,0,0,0,0,0,0,0,0,0,4,1,2,1,1,1,1,1,2,1,1,2,2,2,2,1,1,1,1,1,3,0,1,0,0,0,0,0,0,0,0,1,2,2,1,2,1,2,2,2,1
syn_aggregate_00146,21,1.0,3,3,2,3,1,1,0,0,0,0,0,1,0,0,0,0,0,0,3,1,1,1,1,1,1,1,1,1,1,3,4,4,3,4,3,4,3,3,3,1,0,0,0,0,0,0,0,0,0,0,0,0,0,0,2,0,0,0,0,2,3,3,2,3,3,2,3,3,2
syn_aggregate_00147,41,1.0,2,2,1,2,0,1,0,0,0,0,0,0,0,0,0,0,0,0,3,4,4,3,4,4,3,4,3,3,4,0,0,0,0,0,0,0,4,0,0,0,0,0,0,0,0,4,0,0,0,0,0,0,0,0,0,0,0,0,3,0,1,0,0,0,0,0,0,0,0
syn_aggregate_00148,18,2.0,2,2,1,1,0,1,1,0,1,0,0,0,0,0,0,0,0,1,0,1,1,1,1,1,1,1,1,1,1,0,1,0,0,0,0,0,1,0,0,1,0,0,1,0,0,0,0,0,0,0,0,0,0,0,0,0,0,1,0,0,0,0,0,0,0,0,0,2,0
syn_aggregate_00149,18,2.0,3,3,2,2,1,2,1,1,0,0,0,0,0,0,0,0,0,0,1,4,4,4,4,3,4,4,3,3,3,3,3,3,3,3,2,3,2,3,2,2,1,1,2,1,0,0,0,1,1,1,2,1,1,1,2,1,0,0,1,1,2,2,1,3,1,1,2,2,2
syn_aggregate_00150,22,2.0,1,1,1,1,0,0,0,0,0,0,0,0,0,0,0,0,0,2,0,2,3,1,2,2,2,2,2,1,1,1,2,2,1,1,1,1,2,1,2,2,1,1,2,0,1,0,0,0,1,1,1,1,1,1,1,0,0,0,0,1,3,2,2,3,2,2,2,2,1
syn_aggregate_00151,39,2.0,3,3,3,3,2,3,3,2,3,1,2,1,1,1,1,1,1,1,1,4,4,4,4,3,3,3,3,3,2,3,4,4,3,3,3,3,4,3,2,4,4,4,4,3,4,4,4,3,3,1,2,1,1,1,2,2,1,0,0,1,3,2,1,2,2,2,3,2,3
syn_aggregate_00152,19,2.0,1,1,1,1,1,0,0,0,0,0,0,0,0,3,0,0,0,0,0,0,0,0,0,0,0,0,0,0,2,3,4,4,3,3,3,3,4,3,2,3,3,3,3,3,3,3,3,3,2,0,1,0,0,0,0,0,0,0,0,2,4,3,2,3,3,2,2,2,1
syn_aggregate_00153,36,2.0,0,0,0,0,0,0,0,0,0,0,0,0,0,0,0,0,0,0,1,4,4,4,4,4,4,4,4,4,4,1,2,1,1,1,0,1,1,1,0,0,0,0,0,1,0,0,0,0,0,1,1,1,1,1,1,1,1,1,1,2,3,2,2,3,2,2,2,1,2
syn_aggregate_00154,43,2.0,1,2,1,2,0,0,0,0,0,0,1,0,0,0,0,0,0,1,0,4,4,4,4,3,3,3,3,3,2,0,1,1,0,1,0,1,0,1,0,0,0,0,1,0,0,0,0,0,1,0,0,0,0,0,0,0,0,2,0,0,0,0,0,0,0,0,0,0,1
syn_aggregate_00155,19,2.0,3,3,3,3,3,3,3,2,1,4,3,3,3,2,3,2,2,2,1,3,3,3,3,2,4,3,2,3,1,4,4,4,4,3,4,4,3,4,1,4,4,4,4,3,4,4,4,3,4,2,2,2,3,2,3,2,2,2,2,3,4,4,3,4,4,4,4,3,3
syn_aggregate_00156,19,1.0,3,3,3,3,3,3,3,3,0,1,2,2,1,1,1,1,1,1,2,4,4,4,4,4,4,4,4,3,3,4,4,4,4,4,4,4,3,4,3,4,4,4,4,4,4,4,4,4,4,1,1,1,1,0,1,1,0,1,0,3,4,4,3,4,4,4,4,4,4
syn_aggregate_00157,18,2.0,2,2,1,1,1,1,1,0,0,0,0,0,0,0,0,0,0,0,2,1,1,1,1,1,0,1,0,1,1,2,3,2,2,2,2,2,2,2,2,2,2,2,2,2,2,2,2,2,2,0,0,0,0,0,0,0,0,0,4,0,0,0,0,1,0,0,0,0,3
syn_aggregate_00158,44,2.0,2,2,1,1,0,1,0,0,0,0,0,1,0,0,0,0,0,0,0,0,0,0,0,0,0,0,0,0,1,1,2,2,1,1,1,1,2,1,2,2,2,2,2,1,1,0,1,1,0,0,1,0,0,0,1,0,1,0,0,1,2,2,1,2,1,2,2,2,0
syn_aggregate_00159,18,2.0,2,2,2,2,0,0,0,0,0,0,0,0,0,0,0,1,0,1,0,0,0,0,1,0,0,0,0,0,0,1,2,2,1,1,1,2,1,1,0,2,1,1,2,0,0,0,0,0,0,1,1,1,1,1,0,1,0,1,1,0,2,2,0,2,1,1,2,2,2
syn_aggregate_00160,19,2.0,0,1,0,1,0,0,0,0,0,0,0,0,0,0,0,0,0,0,0,0,0,0,0,0,0,0,0,0,4,0,0,1,0,0,0,0,0,0,0,2,3,2,2,2,2,2,2,2,2,0,0,0,0,0,0,0,0,0,0,0,0,0,0,0,0,0,0,0,0
syn_aggregate_00161,50,2.0,0,1,1,0,0,0,0,0,0,0,1,0,0,0,0,0,0,1,0,4,4,4,4,3,3,3,4,3,3,0,0,0,1,0,0,0,0,0,0,2,1,2,2,1,1,1,1,2,2,0,0,0,0,0,0,1,0,0,0,0,1,1,0,1,0,0,1,1,0
syn_aggregate_00162,43,1.0,1,1,0,0,0,0,0,0,0,0,0,0,0,0,0,0,0,0,0,0,0,0,0,0,0,0,2,2,0,0,1,0,0,0,0,0,0,0,0,0,0,0,0,0,0,0,0,0,0,0,0,0,0,0,1,0,0,0,0,1,3,3,1,3,2,2,2,2,1
syn_aggregate_00163,20,2.0,3,3,3,3,2,3,2,1,1,0,0,0,0,0,0,0,0,0,3,4,4,3,3,3,4,3,2,3,3,2,3,3,2,2,2,2,2,1,1,3,3,3,3,2,4,3,2,3,2,0,0,0,0,0,0,0,0,0,4,0,2,2,0,2,1,1,1,1,0
syn_aggregate_00164,31,2.0,2,2,2,2,1,1,0,0,0,0,0,0,0,0,0,0,0,0,2,3,4,3,3,3,4,3,3,2,2,0,0,0,0,0,0,0,0,0,2,3,3,3,3,3,3,2,3,3,2,0,0,0,0,0,1,0,1,0,0,0,2,1,0,2,0,1,1,1,0
syn_aggregate_00165,21,2.0,1,2,1,1,1,1,0,0,0,0,0,0,0,0,0,0,0,0,1,0,0,0,0,0,0,0,0,0,4,0,0,0,0,0,0,0,0,0,1,1,1,0,1,1,0,1,0,0,0,0,0,0,0,0,0,0,0,0,0,0,1,0,0,0,0,0,0,0,0
syn_aggregate_00166,20,2.0,3,3,2,3,2,3,2,1,0,1,1,0,0,0,0,0,0,0,0,1,1,1,1,1,1,1,1,1,1,1,2,2,1,1,1,2,1,1,2,3,4,3,4,3,4,3,2,3,2,0,0,0,0,0,0,0,0,3,0,1,4,4,2,4,3,3,3,3,3
syn_aggregate_00167,51,2.0,2,2,1,1,0,0,1,0,0,0,1,0,0,0,0,0,0,0,0,3,3,2,3,2,3,2,2,3,3,2,3,3,2,2,2,2,2,2,1,3,3,3,3,2,2,2,2,2,2,0,0,0,0,0,1,0,0,0,0,0,0,1,0,0,0,0,0,0,0
syn_aggregate_00168,25,2.0,2,3,2,2,1,2,2,1,0,0,0,0,0,0,0,0,0,0,0,0,1,0,0,0,1,0,0,0,0,2,3,2,2,2,2,2,2,1,1,0,0,0,0,0,0,0,0,0,3,0,0,0,0,0,0,0,0,1,0,0,1,1,0,1,0,0,0,0,0
syn_aggregate_00169,19,1.0,3,3,2,3,2,3,1,1,1,1,1,1,0,1,1,1,0,0,0,3,3,3,3,2,4,3,2,3,2,2,3,3,2,2,3,3,3,2,2,3,3,2,3,2,2,2,2,2,1,0,1,1,0,0,0,1,0,0,2,4,4,4,4,4,3,3,4,4,4
syn_aggregate_00170,43,2.0,3,3,2,2,2,2,1,1,0,1,1,1,1,1,0,0,1,1,0,4,4,4,4,3,3,3,3,3,2,4,4,4,4,4,4,4,3,4,2,4,4,4,4,3,3,3,3,2,3,1,2,1,1,2,2,1,0,0,1,3,4,4,3,4,4,3,4,4,3
syn_aggregate_00171,27,2.0,1,1,1,1,0,1,0,0,0,0,0,0,0,0,0,0,0,0,2,0,0,0,0,0,0,0,0,0,3,0,1,1,1,1,1,1,1,1,0,4,4,4,4,3,4,4,3,4,3,0,1,0,0,0,0,1,0,0,1,0,0,0,0,0,0,0,0,4,0
syn_aggregate_00172,19,1.0,1,1,1,1,1,1,0,0,0,0,0,0,1,0,0,0,0,0,1,1,1,1,1,1,1,1,1,1,1,1,2,1,0,1,1,2,1,1,2,0,0,0,0,0,0,0,0,0,0,0,0,0,0,0,0,0,0,0,1,0,2,1,0,2,0,0,2,1,0
syn_aggregate_00173,26,2.0,2,2,2,2,1,2,2,1,0,0,1,0,0,0,0,0,0,0,0,4,4,4,4,4,4,4,3,4,3,4,4,4,4,4,4,4,4,4,4,4,4,4,4,3,4,3,4,3,4,2,3,2,3,2,3,3,2,2,2,3,4,4,3,4,4,3,4,4,3
syn_aggregate_00174,18,1.0,3,3,3,3,3,3,3,2,2,0,0,0,0,1,0,0,0,1,0,3,4,3,4,3,4,3,2,2,3,4,4,4,3,3,3,3,3,2,2,3,3,3,2,2,2,2,2,2,3,0,1,0,0,1,0,0,0,1,1,0,3,3,1,3,2,2,3,2,2
syn_aggregate_00175,19,2.0,3,3,2,3,1,2,1,0,1,0,0,0,0,0,0,0,0,0,2,4,4,4,4,4,4,4,4,4,4,3,4,4,4,3,3,3,3,3,2,2,1,1,2,1,1,0,0,1,3,0,1,0,0,0,0,0,1,0,0,2,4,4,3,4,3,3,4,4,3
syn_aggregate_00176,49,2.0,3,3,2,3,2,3,3,1,1,0,0,0,0,0,0,0,0,0,3,3,3,3,3,3,3,3,3,3,3,4,4,4,4,4,3,3,4,4,3,1,1,1,2,1,1,0,1,1,2,0,0,0,0,0,3,0,0,0,0,1,4,4,2,4,4,4,4,4,3
syn_aggregate_00177,22,1.0,0,0,0,0,0,0,0,0,0,0,0,0,0,0,0,0,0,0,0,0,0,0,0,0,0,0,0,0,0,0,0,0,0,0,0,0,0,0,0,0,0,0,0,0,0,0,0,0,0,0,0,0,0,0,0,0,0,0,3,0,1,0,0,0,0,0,0,0,0
syn_aggregate_00178,20,2.0,3,3,2,3,1,2,1,0,0,1,1,0,0,1,0,0,0,0,0,2,2,2,1,2,2,1,2,1,3,0,1,0,0,0,0,0,1,0,0,1,1,0,1,0,1,0,1,0,1,0,0,0,0,0,0,0,0,0,0,0,3,2,1,2,1,1,2,2,2
syn_aggregate_00179,21,2.0,2,2,1,1,1,1,1,0,0,0,0,0,0,0,0,0,0,0,4,4,4,4,4,3,4,4,4,4,3,3,3,3,3,3,2,3,3,2,2,4,4,4,4,3,4,4,3,3,4,0,0,1,0,0,0,0,0,0,0,1,3,3,2,2,2,2,2,2,2
syn_aggregate_00180,21,2.0,2,3,2,2,1,1,1,0,0,0,1,0,0,0,0,0,0,0,0,0,1,0,0,0,1,0,0,0,0,3,4,4,3,4,3,3,3,3,2,2,1,0,2,1,1,0,0,1,0,0,0,1,0,0,0,0,1,1,0,3,4,3,3,3,2,2,3,3,2
syn_aggregate_00181,19,1.0,0,1,0,0,0,0,0,0,0,0,0,0,0,0,0,0,0,0,0,0,2,1,1,2,2,1,1,2,1,1,2,2,1,1,2,2,2,1,1,2,3,2,3,1,2,1,2,2,2,0,0,0,0,0,0,0,0,1,0,0,0,0,0,0,0,0,0,2,0
syn_aggregate_00182,42,2.0,1,2,1,2,1,1,1,0,0,0,0,0,0,0,0,0,0,2,0,1,1,1,1,0,1,1,0,0,1,3,3,3,3,3,2,3,2,2,3,3,3,2,3,2,2,2,3,3,3,1,1,0,1,0,0,1,0,0,2,0,0,0,0,1,0,0,0,0,0
syn_aggregate_00183,23,2.0,1,0,0,0,0,0,0,0,0,0,0,0,0,0,0,0,0,0,0,0,0,0,0,0,1,0,0,0,0,0,0,0,0,0,0,0,0,0,0,0,0,0,0,0,0,0,0,0,0,0,0,0,0,0,0,0,0,0,0,0,0,0,0,1,0,0,0,0,0
syn_aggregate_00184,18,2.0,2,2,1,1,1,0,1,0,1,0,0,0,0,0,0,0,0,0,1,2,3,2,2,2,2,1,2,3,1,4,4,4,4,3,3,4,4,3,3,4,3,4,4,3,3,3,4,3,3,1,1,0,0,0,0,0,0,0,0,2,3,3,2,3,2,2,3,2,2
syn_aggregate_00185,42,1.0,1,1,1,1,0,1,0,0,0,1,2,2,0,1,2,1,1,1,2,0,0,0,0,0,0,0,0,0,1,0,0,0,0,0,0,0,0,0,4,0,0,0,2,0,0,0,0,0,0,0,1,0,0,0,0,0,0,0,0,1,2,2,1,2,1,1,1,1,1
syn_aggregate_00186,18,2.0,1,1,1,1,0,1,0,0,0,0,1,0,0,0,1,0,1,0,0,2,2,1,2,1,2,1,1,2,2,4,4,4,4,4,3,4,3,4,2,3,2,3,3,2,3,1,2,2,1,1,2,1,2,1,2,0,1,1,1,3,3,3,2,3,2,2,3,2,2
syn_aggregate_00187,19,1.0,1,1,0,1,0,0,1,0,0,0,0,0,0,0,0,0,0,0,0,1,0,0,1,1,1,0,1,0,1,0,0,0,0,0,0,0,0,0,4,0,0,0,1,0,0,0,0,0,0,0,0,0,0,0,0,0,0,0,1,0,1,1,0,1,0,0,2,1,0
syn_aggregate_00188,19,2.0,3,3,3,3,3,3,3,0,0,0,3,0,0,0,0,0,0,0,0,3,3,2,3,2,3,2,2,2,1,3,4,3,3,3,3,3,3,2,3,1,1,1,1,1,1,2,1,1,1,1,1,1,1,1,1,1,1,1,1,1,2,2,1,2,2,1,2,2,1
syn_aggregate_00189,48,2.0,0,0,0,0,0,0,0,0,0,0,0,0,0,0,0,0,0,0,0,0,0,0,0,0,2,0,0,0,0,2,2,2,1,2,2,2,1,1,2,1,0,0,1,0,0,0,0,0,0,0,0,0,0,0,0,0,0,0,0,0,0,0,0,0,0,0,1,0,0
syn_aggregate_00190,19,2.0,2,3,2,2,1,2,2,1,0,1,2,1,1,2,1,2,0,1,0,4,4,4,4,4,3,3,4,3,3,4,4,4,4,3,4,4,3,4,3,4,3,4,4,3,4,3,3,3,4,2,2,3,3,3,2,2,2,2,1,3,4,4,3,4,4,4,4,4,4
syn_aggregate_00191,19,2.0,3,3,2,3,2,3,3,2,2,0,0,0,0,0,0,0,0,0,4,1,2,1,1,1,1,1,1,1,2,0,1,0,0,0,0,0,0,0,0,3,3,3,3,2,2,2,2,2,2,0,0,0,0,0,0,0,0,0,2,0,3,2,1,3,2,2,3,2,2
syn_aggregate_00192,21,2.0,2,3,2,2,1,1,1,0,0,0,0,0,0,0,0,0,0,0,0,1,1,0,0,0,0,0,0,1,0,1,2,2,1,2,1,2,2,1,1,0,0,0,0,1,0,0,0,0,0,0,0,0,0,0,0,0,0,0,0,2,2,2,1,3,1,2,2,2,3
syn_aggregate_00193,22,2.0,1,1,0,1,0,0,0,0,0,0,0,0,0,0,0,0,0,2,0,2,2,1,2,1,2,1,1,1,3,4,4,4,4,4,3,3,3,3,3,1,0,0,1,0,0,0,0,0,0,0,0,0,0,0,0,0,0,1,1,4,4,4,3,4,3,3,4,3,1
syn_aggregate_00194,42,1.0,3,3,2,2,2,2,1,0,1,0,0,0,0,0,0,0,0,0,4,4,4,4,4,3,4,4,3,3,2,4,4,4,4,4,4,4,4,4,4,3,3,3,3,2,3,2,3,3,3,0,1,0,0,0,0,0,0,0,0,2,4,3,2,3,3,2,3,3,3
syn_aggregate_00195,18,1.0,1,1,1,1,0,0,0,0,0,0,1,0,0,0,0,0,0,1,0,3,3,2,3,2,2,2,2,2,2,0,0,0,0,0,0,0,0,0,0,1,1,1,1,1,1,0,0,1,1,0,0,0,0,0,0,0,0,0,2,3,3,3,2,4,2,2,3,2,1
syn_aggregate_00196,19,2.0,3,3,2,2,1,1,1,0,0,0,0,0,0,0,0,0,0,3,0,4,4,4,4,3,4,4,4,3,4,4,4,4,4,3,4,4,3,4,2,1,1,1,1,1,1,1,1,1,2,1,1,0,0,0,1,0,0,0,1,3,3,3,3,3,3,3,3,4,4
syn_aggregate_00197,,1.0,3,3,2,3,2,2,2,0,0,0,0,1,0,0,0,0,0,1,0,1,2,1,1,1,2,1,1,1,1,1,2,1,1,1,1,1,1,0,1,2,2,2,2,1,2,1,1,2,2,0,0,0,0,0,0,0,0,0,0,3,4,4,3,4,3,4,4,4,2
syn_aggregate_00198,21,2.0,2,3,2,3,1,2,2,1,0,0,0,0,0,0,0,0,0,0,1,4,4,4,4,4,4,4,4,4,4,4,4,4,4,4,4,4,4,3,4,1,1,1,1,0,1,1,0,1,1,0,0,0,0,0,0,0,0,0,3,2,3,3,2,3,2,2,3,2,2
syn_aggregate_00199,18,1.0,3,3,3,3,3,3,3,2,3,1,1,1,1,1,1,1,1,1,1,4,4,4,4,4,4,4,4,4,4,4,4,4,4,4,4,4,4,3,4,4,4,4,4,3,4,4,4,3,3,2,3,2,2,2,3,2,2,2,1,4,4,4,4,4,4,3,4,4,3
syn_aggregate_00200,19,2.0,3,2,2,2,2,1,1,1,0,0,0,0,0,0,0,0,0,0,3,1,1,1,1,2,1,2,1,1,0,2,3,3,2,3,2,2,3,2,2,4,3,3,4,2,3,3,2,2,2,0,1,0,0,0,0,0,0,0,0,0,0,0,0,0,0,0,0,0,3
syn_aggregate_00201,22,2.0,3,3,2,3,2,3,2,0,0,1,1,1,0,1,1,1,0,1,1,2,2,1,2,1,2,1,1,1,2,4,4,4,4,4,3,4,3,4,3,4,4,4,4,4,4,4,4,4,3,1,1,1,0,0,1,0,1,0,0,2,4,4,2,4,3,3,3,3,3
syn_aggregate_00202,21,1.0,0,0,1,1,1,0,1,0,0,0,0,0,0,0,2,0,0,0,0,2,3,2,2,1,2,2,3,2,2,3,3,3,2,3,2,2,3,2,3,3,3,3,3,2,4,4,2,2,3,0,0,0,0,0,0,0,0,0,0,0,2,1,0,1,0,0,1,0,0
syn_aggregate_00203,20,2.0,3,3,2,2,0,0,0,0,0,0,0,0,0,0,0,0,0,0,0,2,2,2,1,1,2,1,1,1,2,3,4,4,4,3,3,3,4,3,3,3,3,2,3,2,3,2,2,2,2,0,0,0,0,0,0,0,1,0,0,1,3,3,2,3,2,2,3,2,3
syn_aggregate_00204,19,1.0,3,3,2,3,2,3,2,1,0,0,1,1,0,1,1,1,1,0,0,4,4,4,4,4,4,4,4,4,4,4,4,4,4,3,3,3,3,4,3,4,4,4,4,4,4,4,4,3,4,0,0,0,0,0,4,0,0,0,0,4,4,4,4,4,4,4,4,4,4
syn_aggregate_00205,20,2.0,3,3,2,3,2,3,2,1,0,1,2,1,1,1,1,1,1,1,1,0,1,0,0,0,0,0,0,0,0,3,4,4,4,4,4,4,3,3,3,2,2,2,3,2,1,2,2,2,2,0,1,0,0,0,0,2,0,0,0,4,4,4,4,4,4,4,4,4,3
syn_aggregate_00206,51,2.0,2,2,1,1,1,1,0,0,0,0,0,0,0,0,0,1,0,0,0,2,2,1,2,1,2,1,1,1,1,4,4,4,4,4,4,4,4,4,3,2,1,1,2,1,1,1,1,0,0,1,2,1,1,1,1,2,1,1,2,1,3,2,1,2,1,1,2,2,1
syn_aggregate_00207,30,1.0,1,1,1,1,1,1,1,1,1,0,0,0,0,0,0,0,0,0,1,1,1,0,0,1,1,1,0,1,0,0,1,0,1,0,0,0,1,0,0,2,2,2,2,2,1,1,1,2,2,1,1,1,0,1,1,1,0,1,0,0,1,1,0,2,1,1,1,1,1
syn_aggregate_00208,18,2.0,2,2,1,1,1,1,1,0,0,0,0,0,0,0,0,0,0,0,4,1,1,0,1,0,1,0,0,0,0,0,0,0,0,0,0,0,0,0,0,2,2,2,2,1,1,1,1,1,1,0,0,0,0,0,0,0,0,0,0,0,1,2,0,1,1,0,2,1,0
syn_aggregate_00209,45,2.0,1,2,1,2,1,0,1,0,0,0,0,0,0,0,0,0,0,0,2,4,4,4,4,3,3,3,2,2,2,2,3,2,2,2,2,2,2,2,1,3,3,3,3,3,3,2,2,3,3,0,1,0,0,0,0,0,0,0,0,3,4,4,3,4,4,3,4,4,3
syn_aggregate_00210,41,2.0,2,2,1,2,1,1,1,0,0,1,1,1,0,1,1,2,2,1,1,4,4,4,4,4,4,4,3,3,3,4,4,4,4,4,4,3,3,3,3,4,4,4,4,3,3,3,3,3,3,1,1,2,1,1,1,1,1,2,1,4,4,4,3,4,3,4,4,4,3
syn_aggregate_00211,19,1.0,2,2,1,1,0,1,1,0,0,0,0,0,0,1,0,0,0,0,0,0,0,0,0,0,2,0,0,0,0,0,1,1,0,0,0,0,0,0,0,1,2,0,0,0,0,0,0,0,0,0,0,0,0,0,1,0,0,0,0,0,0,1,0,0,0,0,0,0,1
syn_aggregate_00212,37,2.0,3,2,1,2,1,2,1,1,1,0,0,0,0,0,0,0,0,2,0,4,4,4,4,4,4,4,3,4,4,1,2,1,1,2,1,2,1,1,2,3,2,3,3,2,2,2,2,3,2,0,0,0,0,0,0,0,0,4,0,0,2,2,0,2,1,1,1,1,2
syn_aggregate_00213,19,1.0,1,2,0,1,0,0,0,0,1,0,0,0,0,0,0,0,0,0,1,1,1,0,1,0,1,1,1,0,0,1,1,1,1,1,0,1,1,1,1,4,4,4,4,4,4,4,4,3,3,1,1,1,1,1,1,1,0,1,1,1,3,2,2,2,2,2,2,2,1
syn_aggregate_00214,22,2.0,3,3,3,3,2,2,1,1,0,0,1,1,0,1,1,0,0,0,0,0,0,0,0,0,0,0,0,0,0,0,1,1,0,1,1,1,1,1,0,4,4,4,4,3,4,3,4,3,2,0,0,0,0,0,0,0,0,0,3,4,4,4,4,4,4,4,4,3,3
syn_aggregate_00215,20,2.0,3,3,2,3,2,2,2,2,1,0,1,0,0,0,1,0,0,1,0,2,2,2,2,1,2,1,1,1,2,1,1,1,1,1,0,1,1,0,0,3,2,2,3,2,1,1,1,2,1,0,0,0,0,0,0,0,0,0,3,1,2,2,1,2,1,2,2,1,2
syn_aggregate_00216,41,2.0,3,3,2,3,2,2,2,1,1,1,1,1,1,1,0,0,1,1,1,4,4,4,4,4,4,4,4,4,4,3,3,3,3,4,3,3,4,2,2,4,4,4,4,4,4,4,4,3,3,2,2,1,1,1,2,2,1,1,2,4,4,4,3,4,4,3,4,4,3
syn_aggregate_00217,19,2.0,0,1,0,0,0,0,0,0,0,1,1,0,0,0,1,0,0,1,0,0,0,0,0,0,1,1,0,0,0,0,0,0,0,0,0,0,0,0,3,1,1,1,1,0,1,0,0,0,0,0,1,0,0,0,0,0,0,0,0,0,1,1,0,1,1,0,1,0,0
syn_aggregate_00218,21,1.0,3,3,3,3,2,3,2,2,0,0,0,0,1,0,0,1,0,0,0,3,3,2,3,3,4,3,2,2,1,0,0,1,0,0,0,0,0,0,0,2,1,1,1,1,1,1,1,1,1,0,0,1,0,0,0,0,0,1,1,4,4,4,4,4,3,4,4,3,3
syn_aggregate_00219,21,2.0,2,2,1,2,1,1,1,1,0,0,1,0,0,0,0,0,0,0,0,3,3,2,3,2,2,2,2,2,1,3,4,4,3,3,4,4,3,3,3,3,3,2,3,2,2,2,1,2,2,0,0,0,0,0,0,0,0,0,2,4,4,4,4,4,4,4,4,3,2
syn_aggregate_00220,19,2.0,2,3,2,2,1,2,1,1,0,0,0,0,0,0,0,0,0,4,0,4,4,4,4,4,4,4,4,4,4,2,2,3,2,2,2,2,2,2,2,2,2,2,2,2,2,2,2,0,0,1,2,1,1,1,1,1,1,1,1,0,1,0,0,1,0,0,0,0,0
syn_aggregate_00221,22,1.0,2,2,1,1,1,0,0,0,0,0,0,0,0,0,0,0,0,1,3,4,4,4,4,3,3,4,3,3,2,3,3,3,3,3,2,2,3,2,3,3,3,2,3,2,3,2,2,2,1,0,0,0,0,0,0,0,0,0,3,3,4,3,2,3,2,3,3,3,2
syn_aggregate_00222,20,1.0,0,1,0,0,0,0,0,0,0,0,1,0,0,0,0,0,0,0,0,2,2,1,2,1,2,1,1,1,2,2,3,2,3,3,2,2,2,2,2,2,1,1,2,1,1,1,1,0,1,0,0,0,0,0,0,0,0,0,2,1,2,2,1,2,1,1,2,2,2
syn_aggregate_00223,20,1.0,3,3,2,2,1,2,2,0,0,0,0,1,0,0,0,0,0,0,0,4,4,4,4,3,3,3,3,4,3,3,4,4,4,4,4,4,3,3,4,1,1,0,1,1,0,0,0,0,0,1,2,1,1,2,1,1,1,1,0,2,4,4,2,3,3,3,3,3,1
syn_aggregate_00224,21,1.0,2,2,1,1,1,1,1,0,0,0,0,1,0,0,0,0,0,0,0,4,4,3,4,2,3,3,3,3,3,4,4,4,4,4,4,3,4,3,3,3,3,3,3,3,3,2,2,3,2,0,0,0,0,0,0,0,0,0,0,3,4,4,3,4,4,3,4,4,3
syn_aggregate_00225,21,2.0,3,3,3,3,3,3,3,3,1,0,0,0,0,0,2,0,0,0,0,4,4,4,4,4,4,4,4,4,4,3,3,3,3,3,2,3,2,2,2,3,3,2,2,2,2,1,2,2,3,1,1,1,1,1,1,1,1,1,1,0,1,1,0,1,0,0,0,0,0
syn_aggregate_00226,19,1.0,3,3,3,3,2,3,3,2,0,1,1,1,1,1,0,0,0,1,0,2,2,2,2,2,2,2,2,2,2,0,1,0,0,0,0,0,1,0,0,4,4,4,4,3,3,3,3,3,3,1,1,1,0,1,0,2,0,0,0,1,3,2,1,3,2,2,2,2,1
syn_aggregate_00227,21,1.0,2,2,1,1,1,1,1,0,1,0,1,0,0,0,0,0,0,1,0,3,3,3,4,3,4,3,2,3,1,1,2,2,2,2,1,1,2,1,1,2,2,2,2,1,1,1,1,1,1,1,2,1,1,1,1,1,2,1,2,0,0,0,0,0,0,0,3,0,0
syn_aggregate_00228,18,2.0,3,3,2,3,2,2,2,1,1,4,4,4,3,3,2,3,3,3,3,4,4,4,4,4,4,4,4,4,4,4,4,4,4,4,3,4,4,4,4,4,4,4,4,4,4,4,4,3,4,1,2,2,1,1,1,1,1,1,2,4,4,4,4,4,4,4,4,4,4
syn_aggregate_00229,19,1.0,3,3,3,3,2,2,1,0,0,0,0,1,0,0,0,0,0,0,3,4,4,4,4,4,4,4,4,4,4,2,3,3,3,3,2,2,3,2,1,4,4,4,4,3,4,4,3,3,4,0,0,0,0,0,0,0,0,1,0,4,4,4,4,4,4,4,4,4,4
syn_aggregate_00230,34,2.0,3,3,2,3,2,3,2,0,1,0,0,0,0,0,0,4,0,0,0,0,0,0,0,0,0,0,0,0,2,2,3,2,2,2,2,2,1,1,2,1,0,0,1,0,0,0,0,0,0,0,0,0,0,0,0,0,0,0,0,0,2,2,1,2,1,1,2,2,2
syn_aggregate_00231,19,2.0,2,2,2,2,1,1,1,0,0,0,0,0,0,0,4,0,0,0,0,1,2,1,2,1,1,1,1,1,1,0,1,0,0,2,0,0,0,0,0,3,3,3,3,2,2,2,2,2,4,1,1,1,0,1,1,1,0,1,0,1,2,2,1,2,1,1,2,1,2
syn_aggregate_00232,20,1.0,3,3,2,3,1,1,0,0,0,0,1,0,0,0,0,0,0,0,0,1,2,1,1,1,2,1,1,1,1,1,2,1,1,1,1,1,1,1,1,3,2,2,3,1,2,1,1,2,2,0,0,0,0,0,1,1,1,0,0,2,4,4,2,4,3,3,3,3,1
syn_aggregate_00233,20,2.0,0,0,0,0,0,0,0,0,0,0,0,0,0,0,0,0,0,0,0,0,0,0,0,0,0,0,0,0,0,0,0,0,0,0,0,0,0,0,0,0,0,0,0,0,0,0,0,0,0,0,0,0,0,0,0,0,0,0,0,0,1,1,0,1,0,1,1,1,0
syn_aggregate_00234,18,2.0,3,3,3,3,3,3,3,3,1,1,2,1,1,1,1,1,1,1,1,0,1,0,0,0,0,0,0,0,0,2,3,3,2,2,2,2,2,1,1,4,4,4,4,3,4,4,4,4,4,0,1,0,0,1,0,1,0,0,0,4,4,4,4,4,3,3,3,3,3
syn_aggregate_00235,22,1.0,3,3,3,3,2,2,1,1,0,0,0,0,0,0,0,0,0,1,2,3,3,2,3,2,3,2,3,2,2,1,1,1,1,1,1,1,1,1,1,2,2,2,2,1,2,2,1,2,3,0,1,0,0,1,0,0,0,1,0,3,4,4,3,4,3,3,4,3,2
syn_aggregate_00236,19,1.0,1,2,1,1,0,0,0,0,0,0,0,0,0,0,0,0,0,0,1,0,0,0,0,0,0,0,0,0,2,0,1,0,0,0,1,1,0,0,0,1,0,0,1,1,0,0,0,0,0,0,0,0,0,0,0,0,0,0,2,0,0,0,0,2,0,0,0,0,0
syn_aggregate_00237,21,2.0,2,3,2,2,1,1,0,0,0,0,0,0,0,0,0,0,0,0,3,1,0,1,0,0,0,0,0,0,0,0,0,0,0,0,0,0,0,0,2,2,3,3,2,1,1,0,1,1,0,1,1,1,1,1,1,1,1,1,1,0,2,1,0,2,1,0,2,1,2
syn_aggregate_00238,22,2.0,2,2,2,2,1,1,1,0,0,0,0,0,0,0,0,0,0,0,0,0,0,0,0,0,0,0,0,0,0,0,1,1,0,1,2,1,1,0,0,2,2,2,2,2,2,1,1,2,1,1,1,1,1,0,0,1,0,1,0,0,0,0,0,1,0,0,0,0,0
syn_aggregate_00239,47,2.0,3,3,2,3,2,3,1,1,0,0,0,0,0,0,0,0,0,0,2,4,4,4,4,4,4,4,4,3,4,4,4,4,4,4,4,4,4,4,4,3,2,3,3,2,2,2,2,1,2,1,1,1,1,1,2,1,0,1,1,4,4,4,4,4,4,4,4,4,4
syn_aggregate_00240,45,1.0,3,2,3,3,2,2,1,0,0,0,0,0,0,0,0,0,0,0,0,3,3,3,3,2,3,2,2,2,3,2,2,2,2,2,2,2,2,2,2,2,1,1,2,1,1,0,1,1,0,1,1,1,1,0,1,0,0,0,1,2,4,3,2,3,2,2,3,3,3
syn_aggregate_00241,18,2.0,2,2,1,1,1,1,1,0,0,0,0,0,0,0,0,0,0,0,0,0,0,0,0,0,0,0,1,1,0,1,1,1,1,1,1,1,1,0,1,0,0,0,0,0,0,2,0,0,0,0,0,0,0,0,0,0,0,0,0,0,1,0,0,0,0,0,0,0,2
syn_aggregate_00242,18,2.0,2,2,1,2,1,1,0,0,0,0,0,0,0,0,0,0,0,0,2,0,1,0,0,0,1,0,0,0,0,3,3,3,3,3,2,2,3,2,2,0,0,0,0,0,0,0,0,0,0,0,0,0,0,0,0,0,0,0,4,0,1,0,0,0,0,0,0,0,1
syn_aggregate_00243,18,2.0,2,2,1,2,1,1,1,0,1,0,0,0,0,0,0,0,0,0,0,1,2,1,1,1,1,1,1,1,0,0,0,0,0,0,0,0,0,0,0,1,0,0,1,0,0,0,0,0,0,0,0,0,0,0,0,0,0,0,0,0,1,1,0,2,1,0,2,1,0
syn_aggregate_00244,20,1.0,1,2,1,1,0,1,1,1,1,1,1,1,0,1,0,0,1,0,0,4,4,4,4,4,4,4,4,4,3,3,3,3,3,3,2,2,2,2,3,4,3,3,4,3,3,2,3,2,2,0,0,0,0,0,1,1,0,0,0,1,3,2,1,2,1,1,2,2,2
syn_aggregate_00245,18,1.0,3,3,2,3,2,2,1,0,0,0,0,0,0,0,0,0,0,0,1,0,0,0,0,0,0,0,0,0,2,1,1,1,1,1,0,0,1,1,0,1,1,1,2,1,0,0,0,1,1,0,0,0,0,0,0,0,0,0,1,0,2,1,0,2,1,0,1,1,0
syn_aggregate_00246,45,2.0,2,3,2,3,2,2,3,2,2,0,0,0,0,0,2,0,0,0,0,2,2,1,2,2,2,1,1,2,2,0,1,1,0,0,0,0,0,0,0,3,3,3,3,3,3,2,2,3,2,0,0,0,1,0,1,1,0,0,1,0,1,1,0,1,0,0,1,1,0
syn_aggregate_00247,21,1.0,2,2,1,2,1,2,1,1,0,1,1,1,0,1,1,1,1,1,0,4,3,3,4,2,3,3,2,2,1,3,3,3,3,3,2,2,3,2,2,3,3,3,3,2,3,2,2,2,3,0,0,0,0,0,0,0,0,0,0,0,2,2,1,3,2,2,2,2,2
syn_aggregate_00248,20,2.0,3,3,2,3,1,2,1,1,1,0,0,0,0,0,0,0,0,0,0,1,1,1,1,1,2,1,1,1,1,0,0,0,0,0,0,0,0,0,3,0,0,0,1,0,0,0,0,0,0,0,0,0,0,0,0,0,0,0,1,0,1,0,0,1,0,0,0,0,0
syn_aggregate_00249,18,1.0,1,1,1,1,1,1,1,0,0,1,1,1,1,1,0,1,1,0,0,2,3,2,3,2,2,3,3,2,2,0,1,0,0,1,0,0,0,0,0,3,3,2,3,3,2,2,2,2,2,0,0,0,0,0,1,1,0,0,1,0,2,1,0,1,1,2,2,1,0
syn_aggregate_00250,19,2.0,3,3,3,3,2,3,2,1,0,0,0,0,0,0,0,0,0,4,0,3,3,2,3,2,2,2,2,2,2,2,3,2,3,2,2,2,2,2,2,4,3,3,4,3,3,2,2,2,2,1,1,1,0,0,1,1,0,0,1,2,4,3,2,4,3,2,3,3,3
syn_aggregate_00251,18,1.0,3,3,1,2,1,2,1,0,0,2,2,1,1,2,1,2,1,2,1,4,3,4,4,3,3,3,4,3,2,3,4,4,3,4,3,4,3,3,1,4,4,4,4,4,4,3,3,3,4,1,1,1,1,1,1,1,1,1,1,1,3,3,1,2,2,2,2,2,1
syn_aggregate_00252,44,2.0,2,2,1,1,1,1,0,0,0,0,0,0,0,1,0,0,0,0,0,0,0,0,0,0,0,0,0,0,0,2,2,2,2,2,2,2,2,1,2,0,0,0,0,1,0,0,0,1,1,0,0,1,0,0,0,0,1,0,0,0,2,2,0,2,1,0,2,2,0
syn_aggregate_00253,46,2.0,3,3,3,3,3,3,3,0,0,2,2,2,1,2,2,1,2,2,3,4,4,4,4,4,4,4,4,4,4,4,4,4,4,4,3,4,4,3,3,4,4,4,4,4,4,4,3,3,3,2,2,2,2,2,2,1,1,1,0,2,4,3,2,4,3,2,3,3,1
syn_aggregate_00254,22,2.0,3,3,3,3,2,2,2,1,1,3,4,3,3,3,2,3,3,4,2,4,4,4,4,4,4,4,4,3,4,4,4,4,4,4,4,4,4,3,4,3,3,3,3,3,2,2,2,2,1,2,3,3,2,2,3,2,2,2,2,3,4,4,4,4,4,4,4,4,4
syn_aggregate_00255,19,2.0,0,0,0,0,0,0,0,0,0,0,0,0,0,0,0,0,0,0,0,1,1,1,0,1,1,0,1,1,0,0,0,0,0,0,0,0,0,1,2,1,1,0,0,0,0,0,0,0,0,0,0,0,0,0,0,0,0,0,0,0,1,0,0,1,0,0,0,0,0
syn_aggregate_00256,19,2.0,3,3,3,3,3,3,2,2,1,0,0,0,0,0,0,0,0,0,4,1,2,1,2,1,1,1,1,2,1,4,4,4,4,4,3,3,4,3,3,4,4,4,4,3,4,3,3,4,2,1,1,1,1,1,1,1,1,1,1,3,4,4,3,4,4,4,4,4,3
syn_aggregate_00257,21,1.0,0,0,2,0,0,0,0,0,0,0,0,0,0,0,0,0,0,0,3,0,0,0,0,0,0,0,0,1,0,1,1,1,1,0,0,1,1,0,2,3,3,3,3,2,2,2,2,2,2,0,0,0,0,0,0,0,0,0,0,0,1,0,0,1,0,0,0,0,0
syn_aggregate_00258,19,2.0,0,1,0,0,0,0,0,0,0,0,0,0,0,0,0,1,0,0,0,2,2,2,2,1,2,1,1,1,3,1,1,1,1,1,1,1,1,1,2,2,1,1,2,1,0,1,1,1,1,0,0,0,0,0,0,1,0,0,1,0,1,0,0,1,0,0,0,0,0
syn_aggregate_00259,22,2.0,3,3,2,2,1,2,1,0,0,0,0,0,0,0,0,0,0,0,2,0,0,0,0,0,0,0,0,0,4,1,2,1,1,1,1,1,0,0,0,1,1,1,1,0,1,0,1,0,0,1,0,0,0,0,0,0,0,0,0,0,1,0,0,0,0,0,0,0,0
syn_aggregate_00260,22,2.0,1,2,1,2,1,1,1,0,0,0,0,0,0,0,0,0,0,0,4,3,3,3,2,2,3,2,1,2,1,0,1,1,1,1,1,1,1,1,0,4,4,4,4,4,4,4,4,3,3,0,0,0,0,0,0,0,0,0,4,0,1,1,0,1,0,0,1,0,0
syn_aggregate_00261,21,1.0,2,2,0,1,0,0,0,0,0,0,0,0,0,2,0,0,0,0,0,0,0,0,0,0,0,0,0,0,2,3,3,3,3,3,2,3,2,3,3,1,1,1,1,0,0,0,0,1,0,0,0,1,0,0,1,0,0,0,0,1,3,2,1,3,2,1,2,2,0
syn_aggregate_00262,19,2.0,3,3,3,3,2,3,3,2,2,1,2,2,0,1,1,1,1,1,1,1,0,0,1,0,1,1,0,0,0,1,2,2,2,2,1,2,2,1,1,4,3,4,4,3,4,4,3,4,3,0,0,0,0,0,0,0,0,0,0,0,2,2,0,2,1,1,1,1,1
syn_aggregate_00263,20,1.0,3,3,2,3,2,3,2,1,1,0,0,0,0,0,0,0,0,3,0,1,2,1,1,1,2,1,1,1,0,3,3,3,3,3,2,3,3,2,2,1,1,1,1,0,0,0,0,0,0,0,1,0,0,1,0,0,0,1,0,1,3,3,1,3,2,2,3,2,2
syn_aggregate_00264,19,1.0,0,0,0,1,1,1,0,0,0,1,1,1,0,1,0,1,0,1,0,3,3,3,3,2,4,4,3,2,2,0,1,0,0,0,0,0,0,0,0,2,1,1,1,1,1,1,0,0,0,0,0,0,0,0,0,0,0,0,3,1,3,2,1,3,2,1,2,2,3
syn_aggregate_00265,20,2.0,0,0,0,0,0,0,0,0,0,0,0,0,0,0,0,0,0,0,0,1,1,1,1,0,1,1,0,0,0,0,1,0,0,0,0,0,0,0,0,0,0,0,0,0,0,0,0,0,0,0,0,0,0,0,0,0,0,0,0,0,0,0,0,0,0,0,0,0,0
syn_aggregate_00266,19,2.0,1,1,1,1,1,0,0,0,0,0,0,0,0,0,0,0,1,2,0,2,2,2,1,1,2,1,1,1,1,3,3,3,3,3,2,3,3,2,2,1,0,1,1,0,1,0,0,0,2,1,2,1,1,1,2,1,1,0,1,2,4,3,2,4,3,2,3,3,2
syn_aggregate_00267,18,2.0,0,1,0,0,0,0,0,0,0,0,0,0,0,0,0,0,0,0,2,1,1,1,1,1,2,1,1,1,1,0,1,0,0,0,0,0,0,0,0,0,0,0,0,0,0,0,0,1,0,0,0,0,0,0,0,0,0,0,1,0,1,0,0,3,0,0,0,0,0
syn_aggregate_00268,21,2.0,1,1,0,0,0,0,0,0,0,0,1,0,0,0,0,0,0,0,0,3,3,3,3,2,3,3,2,2,2,3,3,3,3,3,2,3,3,2,3,4,4,4,4,3,4,4,3,3,3,1,2,1,1,1,2,1,1,1,1,1,2,2,1,2,2,1,2,2,1
syn_aggregate_00269,18,2.0,1,2,1,2,1,0,1,0,0,0,0,0,0,0,0,0,0,0,0,0,0,0,1,0,0,0,1,0,0,4,4,4,4,4,4,4,3,4,4,1,1,1,1,1,0,1,0,1,1,0,1,0,0,0,0,0,0,0,0,2,4,4,2,4,3,3,3,2,2
syn_aggregate_00270,49,2.0,1,1,1,2,1,0,0,0,0,1,1,1,0,0,0,0,0,0,0,3,3,2,2,2,2,2,3,2,2,2,3,3,3,3,3,2,2,2,2,2,1,1,2,1,1,0,1,1,1,0,0,0,0,0,0,0,0,0,4,0,2,1,1,2,0,0,1,0,0
syn_aggregate_00271,20,1.0,2,3,1,2,0,1,1,0,0,0,1,0,0,0,0,0,0,0,0,3,3,2,3,2,3,2,2,2,2,1,2,2,2,2,2,2,1,2,2,2,2,1,2,2,2,2,2,1,2,0,0,0,0,0,0,0,2,0,0,1,3,3,2,3,2,3,3,3,3
syn_aggregate_00272,19,2.0,2,2,1,2,0,0,0,0,0,0,0,0,0,0,0,0,0,0,0,0,0,1,0,0,0,0,1,0,0,2,3,3,2,2,2,3,2,2,1,1,1,0,1,1,0,0,0,1,0,1,1,0,0,0,0,0,0,0,0,0,1,1,0,1,0,0,1,0,0
syn_aggregate_00273,44,2.0,3,3,1,2,0,1,0,0,0,0,0,0,0,0,0,0,0,0,0,0,0,0,0,0,0,0,0,0,2,2,3,3,3,3,2,3,2,2,2,0,0,0,0,0,0,0,0,0,0,0,0,1,0,0,1,0,0,0,0,0,0,1,0,0,0,0,0,0,0
syn_aggregate_00274,42,1.0,3,3,3,3,3,3,3,2,0,0,0,0,0,0,0,0,0,0,3,3,3,2,2,2,2,2,2,2,1,3,4,4,3,3,3,3,3,4,2,3,4,3,4,3,3,3,3,2,2,0,0,3,0,0,0,0,0,0,0,1,3,3,2,3,2,2,2,2,2
syn_aggregate_00275,20,1.0,3,3,2,2,2,2,1,0,1,1,1,1,0,1,1,0,1,0,1,3,3,3,3,3,2,3,3,2,3,0,0,0,0,0,0,0,2,0,0,3,3,3,3,4,3,3,3,3,3,2,2,1,1,1,1,1,2,0,0,2,4,4,3,4,4,3,4,4,3
syn_aggregate_00276,21,1.0,2,2,1,2,1,2,1,0,0,1,1,1,1,0,0,0,1,1,0,4,4,4,4,4,4,4,3,4,3,2,3,2,2,2,2,2,2,1,1,3,3,2,3,2,2,2,2,1,2,0,0,0,0,0,0,0,0,0,3,3,4,4,3,4,4,4,4,4,4
syn_aggregate_00277,28,2.0,3,3,3,3,2,2,2,1,0,0,0,0,0,0,0,0,0,2,0,2,3,2,2,2,2,2,2,2,2,3,4,3,3,3,3,4,3,3,2,3,2,3,3,2,2,2,2,1,2,0,0,0,0,0,0,0,0,0,3,3,4,4,3,4,3,3,4,4,2
syn_aggregate_00278,19,2.0,3,3,2,3,2,3,0,0,0,0,0,0,0,0,0,0,0,0,0,4,4,4,4,4,4,4,4,4,3,4,4,4,4,4,4,4,3,4,4,4,4,4,4,4,4,4,4,4,4,1,2,2,1,2,1,2,1,1,0,3,4,4,3,4,4,4,4,4,3
syn_aggregate_00279,20,2.0,3,3,2,2,1,1,0,0,0,1,1,1,0,1,1,0,1,1,0,3,2,2,2,2,2,2,2,2,1,4,4,3,4,4,3,3,3,2,2,4,4,4,4,3,3,3,3,4,3,0,0,0,0,0,0,0,0,0,0,1,3,3,1,2,1,0,2,2,2
syn_aggregate_00280,24,2.0,1,1,0,1,0,1,1,0,0,0,0,1,0,0,0,0,0,0,0,0,0,0,0,0,0,0,0,0,3,0,1,0,1,0,0,1,0,0,0,1,1,1,1,1,1,1,0,1,0,0,0,0,0,0,0,0,2,0,0,0,1,1,0,1,0,0,1,0,0
syn_aggregate_00281,33,2.0,3,3,3,3,2,3,3,2,0,0,0,0,0,0,0,0,0,0,4,2,2,1,2,1,2,2,1,1,2,1,1,0,0,0,0,1,0,0,2,4,4,4,4,4,4,4,3,3,3,1,1,0,1,1,0,0,0,0,1,2,3,3,2,3,2,2,3,2,1
syn_aggregate_00282,37,1.0,3,3,2,3,2,3,2,0,0,0,0,0,0,0,0,0,0,0,0,0,0,0,1,0,0,0,0,0,0,1,2,2,1,2,1,2,1,1,2,2,1,1,1,1,1,1,1,1,1,0,0,0,0,0,0,0,0,0,0,2,3,2,1,3,2,2,3,2,1
syn_aggregate_00283,18,1.0,3,3,1,2,1,1,1,0,0,0,0,0,0,0,0,0,0,0,3,4,4,4,4,4,4,4,4,3,3,1,2,1,1,1,1,1,2,1,1,4,4,4,4,4,4,4,4,3,3,0,0,0,0,0,0,0,0,0,0,2,3,3,2,3,3,2,3,2,3
syn_aggregate_00284,18,2.0,1,1,1,0,1,0,0,0,0,0,0,0,0,0,1,0,0,0,0,0,0,0,0,0,0,0,0,0,4,0,0,0,0,0,0,0,0,1,1,3,2,2,3,2,2,2,1,2,3,0,0,0,0,0,0,0,0,0,3,0,0,0,0,0,0,0,0,0,1
syn_aggregate_00285,22,2.0,1,1,1,1,0,0,0,0,0,0,0,0,0,0,0,0,0,1,0,4,3,3,4,3,3,3,3,3,2,0,1,1,0,0,0,0,1,0,0,3,3,3,3,3,3,3,3,2,2,0,0,0,0,2,0,0,0,0,0,1,3,3,1,3,2,2,3,3,2
syn_aggregate_00286,24,2.0,1,1,0,0,0,0,0,0,0,0,1,0,0,0,0,1,0,0,0,0,1,0,0,0,0,0,0,0,0,0,1,1,1,1,0,1,1,1,0,0,0,1,0,0,0,0,0,0,0,0,0,0,0,0,0,0,0,0,0,0,1,1,0,1,0,0,0,0,0
syn_aggregate_00287,39,2.0,3,3,2,3,2,2,1,0,1,1,2,1,1,1,1,1,1,2,1,3,3,2,3,2,3,2,1,2,3,1,2,2,2,2,1,1,2,0,3,2,2,1,2,2,1,2,2,1,2,0,0,0,0,1,0,1,0,1,0,3,4,4,3,4,3,3,4,3,4
syn_aggregate_00288,19,1.0,3,3,3,3,3,3,3,2,3,0,0,1,0,0,0,0,0,0,0,3,3,3,3,3,2,2,2,2,2,4,4,4,4,4,4,4,4,4,3,2,2,2,2,2,2,1,1,2,1,0,0,0,0,0,0,0,0,4,0,2,4,4,2,3,2,2,3,3,3
syn_aggregate_00289,20,2.0,1,0,0,0,0,0,0,0,0,0,1,0,0,0,1,0,0,1,0,0,0,0,0,0,1,0,0,0,1,0,1,0,0,0,0,0,0,0,0,0,1,0,0,1,0,0,0,0,0,0,0,0,0,0,1,1,0,0,0,0,0,2,0,0,0,0,0,0,0
syn_aggregate_00290,45,2.0,3,3,3,3,3,3,2,1,1,0,0,0,0,0,0,0,0,0,0,0,0,0,0,0,0,0,0,0,0,1,2,1,1,1,0,1,2,1,1,0,0,0,0,0,0,0,0,0,0,0,0,0,0,0,0,0,0,0,0,0,1,1,0,1,0,0,1,0,0
syn_aggregate_00291,27,2.0,2,3,2,3,1,1,2,0,0,0,0,0,0,0,0,0,0,0,1,2,2,1,2,1,2,1,1,2,2,1,1,1,0,1,1,0,1,1,0,2,1,1,2,1,1,1,1,1,2,1,0,1,0,0,0,0,0,0,0,0,1,1,0,1,0,0,1,0,0
syn_aggregate_00292,18,2.0,1,1,1,1,1,1,1,1,0,1,1,1,1,1,1,1,1,1,1,4,4,4,3,3,4,4,4,4,3,3,4,4,3,3,4,4,3,3,1,4,4,4,4,4,3,4,3,4,3,2,3,2,2,2,2,2,2,1,2,3,4,4,3,4,4,4,4,4,4
syn_aggregate_00293,22,1.0,3,3,3,3,3,3,3,2,1,0,0,0,0,0,0,0,0,0,3,1,2,1,2,2,2,1,2,1,2,3,4,3,3,3,3,3,3,3,2,3,3,3,3,2,2,3,2,2,3,0,0,0,2,0,0,0,0,0,0,0,2,1,0,2,0,0,1,0,0
syn_aggregate_00294,19,2.0,2,3,1,2,1,1,1,0,0,0,0,0,0,0,0,0,0,0,0,3,3,2,3,2,3,2,2,2,3,0,1,0,0,1,0,0,0,1,0,1,1,0,1,0,0,0,0,0,0,0,0,0,0,0,0,0,0,0,0,0,0,0,0,0,0,0,0,0,1
syn_aggregate_00295,21,1.0,2,2,2,2,0,0,0,0,0,0,0,0,0,0,0,0,0,0,0,2,1,1,2,1,2,1,1,1,0,1,2,2,2,2,1,1,2,2,0,0,0,0,0,0,0,0,0,0,0,0,0,0,0,0,0,0,0,0,0,0,0,0,0,0,1,0,0,0,0
syn_aggregate_00296,21,2.0,3,3,2,3,2,3,2,0,0,0,0,4,0,0,0,0,0,0,0,2,2,2,2,1,2,2,1,2,1,4,4,4,4,3,4,3,4,3,3,4,4,4,4,4,3,4,3,4,3,1,1,1,0,1,1,0,1,1,1,0,0,0,0,0,0,0,0,0,2
syn_aggregate_00297,21,2.0,3,3,3,3,3,3,3,2,2,0,1,0,0,0,0,0,1,0,0,3,4,3,3,3,3,3,2,3,3,4,4,4,4,4,4,4,4,3,2,4,3,4,4,3,4,2,3,3,1,1,1,1,1,1,0,0,1,1,1,4,4,4,4,4,4,4,4,4,4
syn_aggregate_00298,22,2.0,3,3,3,3,3,3,3,0,0,0,0,0,0,0,2,0,0,0,0,4,4,4,4,4,4,4,3,4,3,3,3,3,3,3,3,3,3,3,3,4,4,4,4,3,4,3,4,3,3,0,0,0,0,0,0,0,0,0,0,1,2,2,1,2,1,1,2,1,2
syn_aggregate_00299,19,2.0,3,3,3,3,3,2,2,2,1,0,0,0,0,0,0,0,0,0,2,3,3,2,3,3,3,2,2,3,2,2,2,2,2,2,1,1,1,1,2,2,2,1,2,1,1,1,1,1,1,0,1,0,0,0,0,1,0,0,0,3,4,4,3,4,4,4,4,3,4
syn_aggregate_00300,19,2.0,3,3,2,2,2,3,1,0,0,0,0,0,0,0,0,0,0,3,0,4,4,3,4,3,3,3,3,3,2,3,3,3,3,3,3,3,2,2,1,2,2,2,2,2,2,1,2,1,2,0,0,0,0,0,0,0,0,0,3,3,4,4,4,4,3,4,4,4,2
syn_aggregate_00301,21,1.0,2,2,1,1,0,1,1,0,0,0,0,0,0,0,1,0,0,0,0,3,2,2,2,2,2,2,3,2,2,3,4,3,4,3,3,3,3,2,2,4,4,4,4,4,4,4,4,3,4,1,1,1,1,0,1,1,0,1,2,4,4,4,4,4,3,3,3,3,3
syn_aggregate_00302,22,1.0,0,0,0,0,0,0,0,0,0,0,0,0,0,0,0,0,0,0,0,0,0,0,0,0,0,0,1,0,0,0,0,1,0,0,0,0,0,0,0,3,3,3,3,3,3,2,2,3,3,0,0,0,0,0,1,0,0,0,0,0,1,0,0,0,0,0,0,0,0
syn_aggregate_00303,19,2.0,3,3,3,3,3,3,3,3,2,4,4,4,3,3,2,3,2,3,0,4,4,4,4,4,4,4,4,4,4,4,4,4,4,4,3,3,3,4,4,4,4,4,4,4,4,4,4,4,4,2,3,2,2,2,2,2,2,2,3,2,4,4,3,4,3,3,4,3,3
syn_aggregate_00304,19,2.0,1,0,0,0,0,0,0,0,0,1,1,1,0,1,1,1,0,1,0,4,4,3,4,3,4,3,3,3,2,0,0,0,0,0,4,0,0,0,0,3,2,2,3,2,2,1,2,2,2,0,0,0,0,0,0,0,0,4,0,1,2,2,1,2,1,1,2,1,0
syn_aggregate_00305,20,2.0,2,2,2,2,0,1,1,0,0,0,1,0,0,0,0,0,0,0,3,4,4,4,4,3,4,4,4,4,4,0,0,0,0,0,0,0,0,0,3,4,4,4,4,3,3,3,2,3,1,0,0,0,0,0,0,0,0,0,0,1,3,3,1,2,2,2,3,2,2
syn_aggregate_00306,19,2.0,3,3,3,3,3,3,3,3,3,1,1,1,0,1,1,1,0,1,0,4,4,4,4,4,4,4,3,4,4,4,4,4,4,4,4,4,4,4,4,4,4,4,4,4,3,4,4,4,1,1,1,1,1,1,1,1,0,1,0,4,4,4,4,4,4,4,4,4,4
syn_aggregate_00307,19,1.0,2,2,1,1,0,1,0,0,0,1,2,1,0,1,1,0,1,1,0,3,3,3,4,3,3,3,2,2,2,1,1,1,0,0,1,1,1,0,0,3,3,3,3,3,3,2,3,3,2,1,1,1,1,0,1,0,0,0,0,2,4,4,2,3,3,3,3,3,2
syn_aggregate_00308,20,2.0,3,3,2,3,2,3,2,2,0,0,0,0,0,0,0,0,0,0,0,4,4,4,3,3,3,3,4,4,1,2,2,2,2,1,1,2,2,2,0,2,1,1,2,1,1,1,1,1,1,0,0,0,0,0,0,0,0,0,0,0,0,0,0,0,0,0,0,0,2
syn_aggregate_00309,22,1.0,3,3,2,3,1,1,0,0,0,1,1,1,1,1,1,1,1,1,1,0,0,0,1,0,0,0,0,0,0,0,2,1,1,1,1,1,1,1,2,4,4,3,4,3,3,3,4,3,3,0,0,0,0,0,2,0,0,0,0,0,0,0,0,0,0,0,0,0,4
syn_aggregate_00310,21,2.0,3,3,3,3,3,2,3,3,3,3,3,3,2,2,2,2,2,1,0,4,4,4,4,4,4,4,3,4,4,4,4,4,4,4,4,4,4,4,3,4,4,4,4,4,3,3,4,4,3,2,3,2,2,2,3,2,1,1,2,4,4,4,4,4,4,4,4,4,4
syn_aggregate_00311,19,2.0,1,1,1,1,0,0,1,0,0,0,1,0,0,0,0,0,0,0,0,1,0,1,0,0,1,0,0,0,1,0,0,0,0,0,0,0,0,0,0,0,0,0,0,0,0,0,0,0,0,1,1,0,0,0,2,0,0,0,0,0,1,1,0,1,1,0,1,1,1
syn_aggregate_00312,22,2.0,0,0,1,1,0,0,1,0,0,0,0,0,0,0,0,0,0,0,0,0,0,0,0,0,0,0,0,0,0,0,0,0,0,0,0,0,0,0,0,0,1,0,0,0,0,0,0,0,0,0,0,0,0,0,0,0,0,0,1,0,0,0,0,0,0,0,3,0,0
syn_aggregate_00313,19,2.0,3,3,2,3,1,2,1,0,0,0,0,0,0,0,0,0,0,0,2,1,1,1,1,1,1,1,1,1,1,3,4,4,4,4,4,4,4,4,4,3,3,3,3,3,3,2,3,3,3,0,0,0,0,0,0,0,0,0,4,0,2,1,0,1,1,0,1,1,0
syn_aggregate_00314,19,2.0,3,3,3,3,3,3,3,2,2,1,1,1,0,1,0,0,1,1,0,4,4,3,4,3,3,3,3,2,0,4,4,4,4,4,4,4,4,3,2,4,4,4,4,4,4,4,4,4,4,1,1,1,0,1,1,1,0,2,1,1,4,3,2,4,3,3,3,3,3
syn_aggregate_00315,44,2.0,3,3,3,3,2,3,3,2,1,0,1,0,0,0,0,0,0,0,0,3,3,3,3,3,3,3,3,3,3,4,4,4,3,4,4,4,4,3,3,3,3,3,3,3,3,2,3,3,2,0,0,0,0,0,0,0,1,1,0,4,4,4,4,4,3,3,4,4,3
syn_aggregate_00316,20,2.0,1,1,1,1,0,0,0,0,0,0,2,0,0,0,0,0,0,0,0,1,1,0,0,0,1,0,0,0,0,0,1,1,0,1,0,1,0,1,0,2,1,0,2,1,0,0,0,0,0,0,0,0,0,0,0,0,0,0,0,0,1,1,0,1,0,0,1,0,0
syn_aggregate_00317,19,2.0,2,1,1,1,1,0,0,0,0,1,1,1,0,0,1,1,1,1,1,2,2,2,2,1,2,1,2,1,2,2,3,3,2,2,2,3,2,1,2,1,1,1,1,0,1,0,0,1,0,0,0,0,0,0,1,0,0,0,4,0,1,0,0,1,0,0,0,0,0
syn_aggregate_00318,21,2.0,3,3,3,3,2,3,2,0,0,0,0,1,0,0,0,0,0,0,0,2,1,1,2,1,1,1,1,1,2,4,4,4,4,4,4,4,4,4,3,4,4,4,4,3,4,4,3,3,2,2,3,2,2,2,2,2,2,2,2,3,4,3,2,4,3,3,3,3,2
syn_aggregate_00319,22,2.0,3,3,3,3,3,3,3,2,2,1,1,1,0,0,0,0,0,0,0,4,4,4,4,4,4,4,4,2,4,4,4,4,4,4,4,4,4,4,4,4,4,4,3,3,4,3,2,3,3,2,3,2,3,2,3,2,2,2,1,4,4,4,4,4,4,4,4,4,4
syn_aggregate_00320,19,2.0,0,1,0,1,0,0,1,0,1,0,0,0,0,0,0,0,0,0,0,0,1,0,0,0,0,0,0,0,0,4,4,4,4,4,4,4,3,3,3,0,0,0,0,0,0,0,0,0,3,0,0,0,0,0,0,0,0,0,1,3,4,4,3,4,4,4,4,4,3
syn_aggregate_00321,21,1.0,3,3,3,3,3,3,3,3,2,1,2,2,1,1,1,1,1,2,1,4,4,4,4,4,4,4,4,4,4,4,4,4,4,4,4,4,4,4,4,4,4,4,4,3,3,3,4,3,3,0,1,0,0,0,0,0,0,0,0,4,4,4,3,4,4,4,4,4,3
syn_aggregate_00322,50,2.0,1,1,1,1,1,0,0,0,0,0,0,0,0,0,0,1,0,0,0,3,3,3,3,3,3,2,2,2,2,1,2,2,1,1,1,2,1,0,2,2,2,1,1,1,1,1,0,1,1,0,0,0,0,0,1,0,0,0,1,0,1,1,0,2,1,1,1,1,0
syn_aggregate_00323,20,2.0,2,3,2,2,1,1,0,0,1,0,0,0,0,0,0,0,0,4,0,4,4,4,4,4,4,4,3,4,3,3,4,4,3,3,3,3,3,2,2,3,3,4,4,3,3,3,3,3,1,1,2,1,1,1,2,2,1,1,1,0,2,2,0,2,1,1,1,1,3
syn_aggregate_00324,20,2.0,1,1,1,1,0,0,0,0,0,0,0,0,0,0,0,0,0,0,2,1,2,1,1,1,2,1,1,1,2,0,1,1,0,0,0,1,1,0,0,3,3,3,3,2,2,2,2,2,3,1,1,1,0,1,1,1,1,1,2,3,4,4,3,4,3,3,4,3,2
syn_aggregate_00325,20,2.0,1,2,1,0,0,0,0,0,0,0,0,0,0,0,0,0,0,0,4,3,3,3,3,3,4,3,3,3,4,1,2,2,1,2,1,2,1,2,1,4,3,3,4,3,3,2,3,3,3,0,0,0,0,0,0,0,0,2,0,2,4,4,2,4,3,3,4,4,4
syn_aggregate_00326,20,2.0,2,2,2,2,1,1,0,0,0,0,0,0,0,0,0,0,0,0,4,0,0,0,0,0,0,0,0,1,0,4,4,4,4,4,4,4,4,4,4,4,4,4,4,3,4,4,4,4,3,2,2,2,1,2,2,1,1,1,2,2,4,4,3,4,3,3,4,4,4
syn_aggregate_00327,28,2.0,0,1,0,1,0,0,1,0,0,0,1,0,0,0,0,0,0,0,0,0,0,0,0,0,0,0,0,0,0,0,0,0,0,0,0,0,0,0,0,1,1,1,1,1,0,0,0,0,3,0,0,0,0,0,2,0,0,0,0,0,0,0,0,0,0,0,0,0,0
syn_aggregate_00328,19,2.0,3,3,2,3,2,3,3,2,2,1,1,1,0,1,0,0,0,1,0,4,4,3,4,4,3,3,3,3,2,3,4,4,3,3,4,3,4,3,3,2,1,1,2,1,0,0,1,0,1,0,0,0,0,0,0,0,0,4,0,1,3,4,2,3,3,2,3,3,1
syn_aggregate_00329,21,2.0,3,3,2,3,1,2,1,0,0,0,0,0,0,0,0,0,0,1,0,0,1,0,1,0,0,0,1,0,0,0,0,0,0,0,0,0,0,0,0,2,2,2,2,1,2,1,2,2,2,1,1,1,0,1,1,1,1,1,1,1,3,2,1,3,1,1,2,3,2
syn_aggregate_00330,21,2.0,3,3,3,3,3,3,3,3,3,0,0,0,0,0,0,0,0,0,3,4,4,3,4,3,3,3,2,2,2,2,3,3,2,2,2,3,3,2,2,3,3,3,3,3,3,2,2,3,3,0,1,0,0,0,0,0,0,0,0,2,3,3,2,3,3,3,3,2,3
syn_aggregate_00331,19,2.0,1,2,1,2,1,1,1,0,0,0,0,0,0,0,0,0,0,0,3,3,3,3,3,2,3,2,2,2,3,4,4,4,3,4,4,3,3,3,3,2,2,2,2,1,2,2,1,2,3,1,2,1,1,1,2,1,1,1,1,3,4,4,3,4,4,3,4,4,3
syn_aggregate_00332,51,2.0,3,3,2,3,2,3,2,2,2,0,0,0,0,0,0,0,0,3,0,2,2,2,2,2,2,2,2,2,2,2,3,3,2,3,2,2,2,2,1,4,3,3,3,2,2,3,2,3,2,0,0,0,0,0,0,3,0,0,0,4,4,4,4,4,4,4,4,3,4
syn_aggregate_00333,20,1.0,1,1,1,1,1,1,1,0,2,0,0,0,0,0,0,0,0,1,2,0,0,0,0,0,1,0,0,0,0,3,4,3,3,3,2,2,3,3,1,4,4,4,4,3,4,3,4,3,3,0,0,0,0,0,0,0,0,1,0,3,3,3,2,3,2,2,3,2,2
syn_aggregate_00334,20,1.0,2,2,2,2,1,1,0,0,0,0,0,0,0,0,0,0,0,0,0,0,0,0,0,0,2,0,0,0,0,1,2,2,1,1,1,1,1,1,1,1,0,0,1,0,0,0,0,0,0,0,0,0,0,0,0,0,0,0,0,1,3,3,1,2,2,2,2,2,4
syn_aggregate_00335,49,2.0,2,1,1,2,1,0,2,0,0,0,1,0,0,0,0,0,0,0,0,2,2,2,2,1,2,1,1,1,1,2,2,2,2,2,1,2,2,1,1,3,3,2,3,2,2,2,2,2,3,0,0,0,0,0,0,0,2,0,0,0,1,1,0,1,0,0,0,0,0
syn_aggregate_00336,20,1.0,2,3,2,2,1,2,1,0,0,0,1,1,0,0,0,0,0,0,1,2,2,1,1,1,2,2,1,1,1,0,0,0,0,0,1,0,0,0,0,2,1,1,2,1,0,0,0,0,0,0,0,0,0,0,0,0,0,0,3,1,2,2,1,2,2,2,2,1,2
syn_aggregate_00337,22,1.0,3,3,2,3,2,2,2,0,1,1,1,1,1,1,0,0,0,1,0,0,0,0,0,0,0,0,0,0,2,0,0,0,0,0,0,0,0,0,0,2,2,2,2,1,2,1,2,1,1,0,0,0,0,0,0,0,0,1,0,0,1,0,0,0,0,0,0,0,0
syn_aggregate_00338,27,2.0,3,3,3,3,2,2,1,0,1,1,2,1,0,1,1,1,1,1,1,4,4,4,4,4,4,4,3,3,4,3,4,4,4,4,3,3,3,3,1,2,1,1,2,1,1,0,1,0,2,0,1,0,0,0,0,0,1,0,0,4,4,4,4,4,4,4,3,4,4
syn_aggregate_00339,19,2.0,0,0,0,0,0,0,0,0,0,0,0,0,0,0,0,0,0,0,2,0,0,0,0,0,0,0,0,0,0,0,0,0,0,0,0,1,1,0,0,2,2,2,3,2,2,2,2,2,2,1,1,1,0,1,1,0,0,0,1,0,2,2,0,3,0,0,1,1,1
syn_aggregate_00340,28,2.0,3,3,2,3,2,3,3,1,1,1,1,1,1,1,1,1,0,0,0,3,3,3,2,2,3,3,2,3,2,4,4,4,4,4,4,4,3,4,2,4,3,3,4,3,3,3,2,4,3,2,2,2,2,2,2,2,1,2,2,4,4,4,4,4,4,4,4,3,3
syn_aggregate_00341,22,1.0,3,3,2,3,2,2,1,0,0,0,0,1,0,0,1,0,0,0,0,1,1,1,1,1,1,1,1,1,1,1,2,1,1,1,1,2,1,1,1,1,1,1,1,1,1,0,0,0,0,0,0,0,0,0,0,0,0,2,0,1,3,3,1,3,2,2,3,2,3
syn_aggregate_00342,18,2.0,3,3,2,3,1,1,1,0,0,2,2,3,1,2,2,2,2,1,1,1,1,0,1,1,1,0,1,0,0,2,3,3,2,3,3,2,2,2,2,3,3,3,3,2,2,2,2,3,3,1,1,1,1,0,1,0,0,1,0,2,4,4,2,4,3,3,3,3,2
syn_aggregate_00343,19,1.0,3,3,2,2,1,0,0,0,0,0,0,1,0,0,0,0,0,0,0,1,0,0,0,0,0,1,0,0,0,1,2,1,1,1,1,1,1,1,0,4,4,4,4,3,4,3,3,3,3,0,0,0,0,0,0,0,0,0,0,3,4,4,3,4,3,3,3,3,2
syn_aggregate_00344,19,2.0,3,3,2,2,1,2,1,0,0,0,0,0,0,0,0,0,0,0,4,4,4,4,4,3,4,4,4,4,4,1,2,2,1,1,1,1,2,1,0,4,4,4,4,4,3,4,4,4,2,0,0,0,0,1,0,0,0,1,0,3,4,4,3,4,4,4,3,4,4
syn_aggregate_00345,18,2.0,3,3,3,3,3,3,2,0,0,0,0,0,0,0,0,0,0,0,1,4,4,4,3,3,4,4,2,2,3,0,1,0,0,0,0,0,0,0,0,3,3,3,4,3,3,3,2,2,2,1,1,1,1,1,1,1,2,1,1,2,4,4,3,4,3,3,4,4,4
syn_aggregate_00346,22,2.0,2,2,0,2,0,1,2,0,0,0,0,0,0,0,0,0,0,0,2,2,2,1,2,1,2,1,2,2,2,0,0,0,0,0,0,0,0,0,3,2,2,1,2,1,1,0,1,1,1,0,1,1,0,0,0,0,1,0,0,0,2,2,1,2,1,1,1,2,2
syn_aggregate_00347,37,2.0,0,1,0,1,0,0,0,0,1,0,0,0,0,0,0,0,0,0,0,1,1,1,0,1,1,1,1,1,0,0,2,1,0,1,0,1,0,0,0,1,0,0,1,0,0,0,0,0,0,0,0,0,0,0,0,0,0,0,0,0,1,0,0,0,0,0,0,0,3
syn_aggregate_00348,30,1.0,2,3,2,2,1,1,1,0,0,0,0,0,0,0,0,0,0,4,0,2,2,2,3,2,2,2,2,1,3,3,3,4,3,3,3,3,3,2,2,3,3,2,3,2,3,2,2,2,3,2,2,2,1,1,2,2,1,1,2,1,4,4,2,4,3,3,3,2,1
syn_aggregate_00349,31,1.0,0,0,0,1,0,0,0,0,0,0,0,0,0,0,0,0,0,0,0,0,0,0,0,0,0,0,0,0,0,0,0,0,0,1,0,0,0,0,1,0,0,0,0,1,0,0,0,0,0,0,0,0,0,0,0,0,0,0,0,0,0,0,0,0,0,0,0,0,0
syn_aggregate_00350,19,2.0,0,1,0,1,0,0,1,0,0,0,1,0,0,0,0,0,0,0,0,0,0,0,0,0,0,0,2,0,0,1,1,1,1,1,1,1,1,1,0,1,1,0,0,0,0,0,0,0,0,0,0,0,0,0,1,0,0,0,0,0,1,1,0,1,0,0,0,0,0
syn_aggregate_00351,47,2.0,0,0,1,1,1,0,1,0,0,0,0,0,0,0,0,0,0,0,1,0,0,0,0,0,1,0,0,0,0,4,4,4,4,4,4,3,4,3,4,3,3,3,3,3,3,3,3,3,2,1,1,1,1,1,1,1,0,1,1,3,4,4,3,4,4,4,3,4,4
syn_aggregate_00352,20,1.0,0,2,0,0,0,0,0,0,0,0,0,0,0,0,0,0,0,0,0,1,1,2,2,1,2,1,1,1,2,3,3,3,3,3,3,2,2,2,2,2,1,1,2,1,1,1,0,1,3,1,2,1,1,2,0,1,1,1,0,0,1,1,0,1,0,0,1,1,0
syn_aggregate_00353,19,2.0,0,0,0,0,0,0,0,0,0,0,0,0,0,0,0,0,0,1,0,0,0,0,0,0,0,0,0,0,0,0,0,0,0,0,0,0,0,1,0,0,0,0,1,0,0,0,0,0,0,0,0,0,0,0,0,0,0,0,0,0,0,0,0,0,0,0,0,0,0
syn_aggregate_00354,22,2.0,1,1,0,1,0,0,1,0,0,1,1,1,0,1,1,0,0,1,0,0,1,0,0,1,0,0,1,0,0,3,4,4,3,3,3,3,4,3,2,4,4,4,4,3,4,3,4,3,3,0,0,0,0,0,0,0,0,0,3,2,4,3,2,3,2,2,3,3,2
syn_aggregate_00355,22,2.0,3,3,3,3,3,3,3,3,1,0,0,0,0,0,0,0,0,0,3,0,1,0,1,2,2,1,1,2,2,4,4,4,4,4,4,4,4,4,3,2,2,2,2,2,1,1,2,2,2,0,0,0,0,0,0,0,0,0,2,0,2,2,1,2,1,1,2,2,1
syn_aggregate_00356,20,1.0,3,3,3,3,3,3,3,2,3,3,4,3,3,3,4,3,2,2,3,4,4,4,4,3,4,4,4,4,3,4,4,4,4,4,4,4,4,3,4,4,4,4,4,4,4,4,4,3,4,1,2,1,1,1,1,1,1,1,1,3,4,4,3,4,3,3,4,4,2
syn_aggregate_00357,21,2.0,0,2,0,0,0,0,0,0,0,0,0,0,0,0,0,0,0,0,2,3,4,3,4,3,3,3,3,3,3,1,1,1,1,1,1,1,1,1,0,0,0,0,1,0,0,0,0,0,0,0,1,0,0,0,0,0,0,0,0,0,2,2,0,2,1,1,2,1,1
syn_aggregate_00358,21,1.0,3,3,2,2,1,1,1,0,0,0,0,0,0,0,0,1,0,0,0,1,1,1,1,1,1,1,0,1,1,3,4,4,4,4,3,3,3,3,2,2,2,1,2,1,2,1,1,1,1,0,0,0,0,0,0,0,3,0,0,3,4,4,3,4,3,3,4,3,3
syn_aggregate_00359,19,2.0,1,0,0,0,0,0,0,0,0,0,0,0,0,0,0,0,0,0,2,1,1,1,1,1,1,2,1,1,1,0,0,0,0,0,0,0,4,0,0,1,1,0,1,0,1,0,1,0,0,0,1,0,0,0,1,0,0,0,1,0,1,1,0,1,0,0,1,1,0
syn_aggregate_00360,21,2.0,2,3,2,2,2,0,2,0,0,1,1,1,1,1,1,1,1,1,1,4,4,4,4,4,3,3,3,2,2,1,2,2,1,2,1,2,1,1,1,2,2,2,2,1,2,2,1,1,2,0,0,0,0,0,0,0,0,0,0,3,4,4,3,3,3,3,3,3,0
syn_aggregate_00361,27,2.0,1,1,0,1,1,0,0,0,0,0,0,0,0,0,0,0,0,0,1,1,1,1,1,1,0,0,0,0,0,1,3,2,1,2,2,2,2,1,0,2,1,2,2,1,1,1,1,0,0,0,0,0,0,0,0,0,0,2,0,0,1,0,0,2,0,0,0,0,0
syn_aggregate_00362,21,1.0,2,2,1,2,1,0,1,0,0,0,1,0,0,0,1,0,0,0,0,1,2,1,2,0,1,0,1,1,2,2,3,3,2,2,1,2,3,2,1,1,0,0,0,0,0,0,0,0,0,0,0,0,0,0,0,0,0,0,4,0,0,0,0,0,0,0,0,0,3
syn_aggregate_00363,22,2.0,1,2,1,1,0,0,1,0,1,0,0,0,0,0,0,0,0,0,1,3,3,2,2,2,2,2,2,2,3,1,1,1,0,1,0,0,1,0,0,2,2,1,1,1,1,1,1,1,0,0,0,1,0,1,0,0,1,0,0,2,3,3,2,3,2,2,3,2,1
syn_aggregate_00364,18,1.0,0,1,0,0,0,0,0,0,0,0,0,0,0,0,0,0,0,1,0,2,2,2,2,1,2,2,1,1,2,0,1,1,0,1,1,0,1,0,0,0,0,0,0,0,0,0,0,0,2,0,0,0,0,0,0,0,0,0,1,0,1,0,0,0,0,0,0,0,0
syn_aggregate_00365,19,2.0,3,3,2,2,2,2,2,2,0,0,0,0,0,0,0,0,0,0,4,3,3,3,3,3,3,3,2,2,3,3,3,3,2,3,2,2,2,2,3,0,0,0,0,0,0,0,0,1,0,1,2,1,1,1,2,1,0,1,2,0,1,0,0,1,0,0,1,0,0
syn_aggregate_00366,25,2.0,3,3,2,3,2,2,2,0,0,0,0,0,0,0,0,1,0,0,0,3,2,2,3,1,3,2,2,2,4,4,4,4,4,4,3,3,3,3,3,2,2,2,2,1,1,1,1,0,1,0,0,0,0,0,1,0,0,0,0,1,2,2,1,2,1,1,2,1,2
syn_aggregate_00367,19,2.0,3,2,2,2,1,2,2,1,1,1,1,1,0,1,1,0,1,0,1,4,4,3,4,3,4,2,3,2,2,4,4,4,4,4,4,4,4,4,3,2,2,1,2,1,1,0,0,0,0,0,0,0,0,0,0,0,0,0,0,1,3,3,1,3,2,2,2,2,1
syn_aggregate_00368,21,2.0,3,3,3,3,3,3,3,2,2,0,0,0,0,0,0,0,0,0,2,3,3,3,3,2,3,3,3,3,2,3,4,4,3,3,3,3,3,2,2,4,3,3,4,2,3,2,2,3,1,0,0,0,0,0,0,0,0,0,2,3,4,4,3,4,3,3,4,4,3
syn_aggregate_00369,20,2.0,2,2,1,1,1,1,0,0,0,0,0,0,0,0,0,0,0,1,0,4,4,4,4,4,4,4,4,3,3,3,4,3,3,3,3,3,3,2,1,1,1,0,1,0,1,0,1,0,1,0,0,0,0,0,1,0,0,1,0,3,4,4,3,4,4,4,4,4,3
syn_aggregate_00370,21,2.0,1,1,1,0,0,0,0,0,0,0,0,0,0,0,0,0,0,0,2,2,3,2,3,2,2,2,2,2,2,0,0,0,0,1,0,1,0,1,0,0,0,0,0,0,0,0,0,0,0,0,0,0,0,0,0,0,0,0,0,1,2,2,1,2,2,1,2,2,2
syn_aggregate_00371,21,2.0,2,2,2,2,1,1,1,0,0,1,2,1,1,2,1,1,0,1,0,1,1,0,1,1,1,1,1,1,1,1,2,2,1,2,1,2,1,2,2,4,4,3,4,3,3,3,2,2,2,0,0,0,0,0,0,0,0,0,2,1,2,2,1,2,1,1,1,1,0
syn_aggregate_00372,20,1.0,3,1,1,3,1,1,0,0,1,0,1,0,0,0,0,0,0,0,1,0,0,0,0,0,0,0,0,0,2,2,3,3,2,2,2,2,2,2,2,3,3,3,4,3,3,2,3,3,3,0,0,0,0,0,0,0,0,0,3,0,1,1,0,1,0,0,0,0,0
syn_aggregate_00373,20,2.0,3,3,3,3,3,3,3,3,2,1,2,2,1,2,1,0,1,2,2,4,4,4,4,4,4,4,4,4,4,3,4,3,3,3,4,3,3,3,3,4,3,3,4,2,3,2,2,2,2,1,1,1,1,0,1,1,0,0,0,1,3,3,2,3,2,2,3,2,2
syn_aggregate_00374,19,2.0,1,2,1,1,1,1,1,1,0,0,0,0,0,0,0,0,0,0,0,4,4,3,4,3,4,3,3,3,2,1,1,1,0,1,0,1,1,0,0,1,1,1,1,1,0,1,0,0,0,0,0,0,0,0,1,0,0,0,0,0,1,0,0,1,0,0,0,1,0
syn_aggregate_00375,22,1.0,3,3,3,3,3,3,3,3,2,4,3,4,3,3,4,3,3,3,4,4,4,4,4,4,4,4,4,4,4,4,4,4,4,4,4,4,4,4,4,4,4,4,4,4,4,4,4,4,4,3,3,4,3,3,4,4,3,3,3,4,4,4,4,4,4,4,4,4,4
syn_aggregate_00376,18,2.0,1,1,0,0,0,0,0,0,0,0,0,0,0,0,0,0,0,0,0,0,0,0,0,0,0,0,0,0,0,0,0,0,0,0,0,0,0,2,0,0,0,0,0,0,0,1,0,0,0,0,0,0,0,0,0,0,0,0,0,0,2,2,0,2,1,1,2,1,1
syn_aggregate_00377,37,2.0,3,3,2,3,2,3,3,2,0,1,2,2,1,1,1,0,1,1,0,3,3,3,3,3,2,2,3,3,2,3,4,3,3,3,3,3,3,2,3,1,1,1,1,0,0,0,0,0,2,0,0,0,0,0,0,0,0,0,0,4,4,4,4,4,3,4,4,4,4
syn_aggregate_00378,19,2.0,3,3,1,2,1,2,2,0,0,1,1,1,1,1,1,1,1,1,1,3,2,3,3,2,3,2,2,2,3,1,2,2,1,2,1,2,2,1,2,3,3,3,3,2,2,2,2,2,2,1,1,1,1,1,1,1,1,0,0,4,4,4,4,4,4,3,4,4,4
syn_aggregate_00379,20,2.0,1,1,1,1,0,0,0,0,0,0,0,0,0,0,0,0,0,1,4,4,4,4,4,4,4,4,3,3,4,0,0,0,0,0,0,0,0,0,0,3,2,2,3,1,1,1,2,1,2,0,0,0,0,0,0,0,0,2,0,0,2,1,0,2,1,0,1,1,0
syn_aggregate_00380,18,2.0,3,3,2,2,1,1,0,0,0,0,0,0,0,0,0,0,0,0,0,4,4,4,4,3,4,3,3,3,0,2,2,3,2,2,2,2,2,1,3,2,1,0,1,0,0,0,0,0,1,1,1,1,1,1,0,1,1,1,0,2,3,3,2,3,2,2,3,2,1
syn_aggregate_00381,48,2.0,1,0,0,0,0,0,0,0,0,0,0,0,0,0,0,0,0,0,3,0,0,0,0,0,0,0,0,0,3,0,0,0,0,0,0,0,0,0,0,1,0,0,1,0,0,0,0,0,0,0,0,0,0,0,0,0,0,0,0,0,1,0,0,1,0,0,0,0,0
syn_aggregate_00382,18,1.0,1,1,0,0,0,0,0,0,0,0,0,0,0,0,0,0,0,0,4,0,0,0,0,0,0,0,0,0,3,0,1,0,0,0,0,0,0,0,1,1,1,1,1,1,1,1,1,1,1,1,1,1,1,1,1,1,1,1,1,0,1,0,0,0,0,0,0,0,0
syn_aggregate_00383,29,2.0,3,3,2,3,1,1,0,0,0,1,1,1,0,0,0,0,1,1,1,2,2,2,1,2,2,2,2,3,2,0,1,0,0,0,1,0,0,0,0,0,1,0,0,1,0,0,0,0,0,0,0,0,0,0,0,0,0,0,0,0,0,0,0,2,0,0,0,0,0
syn_aggregate_00384,46,2.0,1,1,0,1,0,0,0,0,0,0,0,0,0,0,0,0,1,1,0,0,1,0,0,0,0,0,0,0,0,2,3,3,2,2,2,2,2,1,1,0,0,0,0,0,0,0,0,0,0,0,0,0,0,0,0,0,0,0,2,0,1,0,0,0,0,0,2,0,0
syn_aggregate_00385,18,1.0,0,2,0,0,0,0,0,0,0,0,0,0,0,0,0,0,0,0,0,0,0,0,0,0,0,0,0,0,0,0,0,0,0,0,0,0,0,0,0,0,0,0,0,0,1,0,0,0,1,0,0,0,0,0,0,0,0,0,0,0,0,0,0,0,0,0,0,0,0
syn_aggregate_00386,18,1.0,3,2,2,2,1,2,1,0,0,0,0,0,0,0,0,0,0,3,0,2,3,2,1,1,2,2,2,3,1,0,2,1,0,1,1,1,1,1,0,2,2,1,2,2,2,1,2,2,1,0,0,0,0,0,0,0,0,0,1,0,1,1,0,1,0,0,1,0,0
syn_aggregate_00387,19,2.0,3,3,2,3,2,3,3,2,2,2,3,2,2,2,1,2,2,2,2,4,4,4,4,4,4,4,3,4,3,3,4,4,4,4,4,4,4,3,2,4,4,4,4,4,4,4,4,3,4,4,4,4,3,3,3,3,3,2,2,4,4,4,3,4,4,3,4,3,3
syn_aggregate_00388,22,2.0,3,3,3,3,3,3,3,3,0,0,0,0,0,0,0,0,0,0,2,0,0,0,0,0,0,0,0,0,1,1,2,2,1,2,1,2,1,2,1,1,0,0,1,0,0,0,0,0,0,0,0,0,0,0,0,0,0,0,0,1,3,3,1,2,2,2,3,2,2
syn_aggregate_00389,21,1.0,1,1,1,1,1,0,0,0,0,0,0,0,0,0,0,0,0,0,1,3,3,2,3,2,3,2,2,2,2,0,1,0,0,0,0,0,1,0,0,1,0,0,1,0,0,0,1,1,0,0,0,0,0,0,1,0,0,0,1,0,1,0,0,0,0,0,0,0,0
syn_aggregate_00390,20,2.0,2,3,2,2,1,1,0,0,0,0,0,0,0,0,0,0,0,0,0,1,1,1,1,1,1,1,1,1,0,1,1,1,1,1,1,1,1,1,2,2,2,1,2,2,1,1,1,1,2,1,1,1,0,1,1,1,0,1,0,4,4,4,4,4,3,4,4,4,4
syn_aggregate_00391,47,2.0,1,1,0,0,1,0,0,0,0,0,0,1,0,0,0,0,0,0,0,0,0,0,0,1,0,0,0,1,1,0,2,1,1,1,1,1,2,1,1,2,2,2,2,2,1,1,1,1,3,0,0,0,0,0,0,0,0,0,1,0,1,0,0,0,0,0,1,0,0
syn_aggregate_00392,22,2.0,3,3,2,3,2,3,2,1,1,0,1,0,0,1,0,0,0,1,0,1,2,1,1,1,1,1,1,1,1,2,3,3,2,2,2,3,3,2,1,2,2,2,2,2,2,2,2,2,2,0,0,0,0,1,0,0,0,0,2,0,3,3,1,2,2,1,2,1,0
syn_aggregate_00393,22,1.0,3,3,2,2,2,2,1,0,0,0,0,0,0,0,0,0,1,1,1,4,4,4,4,4,4,3,3,3,4,2,3,3,3,3,2,2,2,2,1,4,4,4,4,4,4,4,4,4,2,0,2,2,0,1,1,1,1,1,2,3,4,4,3,4,4,4,4,4,2
syn_aggregate_00394,22,1.0,3,3,0,2,0,2,0,0,0,0,0,0,0,0,0,0,0,0,3,4,4,4,4,4,4,4,3,4,4,0,1,2,1,2,2,1,1,1,1,2,2,2,2,1,2,1,2,2,2,0,0,0,0,0,2,0,0,0,0,3,4,4,3,4,3,3,4,4,4
syn_aggregate_00395,19,2.0,0,2,0,0,0,0,0,0,0,0,0,0,0,0,0,0,0,0,0,0,0,0,0,0,0,0,0,0,2,0,0,0,0,0,0,0,0,0,0,4,3,3,4,3,3,3,3,2,2,0,0,0,0,0,0,0,0,0,2,0,1,1,0,1,0,0,1,0,0
syn_aggregate_00396,35,1.0,3,3,3,3,3,3,3,2,0,0,0,0,0,0,0,0,0,0,1,0,0,0,0,0,0,0,0,0,1,1,2,2,1,2,1,1,1,0,1,2,2,2,2,2,1,2,1,2,1,0,2,0,0,0,0,0,0,0,0,1,4,3,1,3,2,2,3,2,4
syn_aggregate_00397,19,2.0,3,3,3,3,3,3,3,3,1,1,1,1,0,1,0,0,1,1,2,4,4,4,4,4,4,4,4,4,4,4,4,4,4,4,4,4,4,4,3,4,4,4,4,4,4,3,3,4,3,1,2,1,1,1,1,1,1,1,1,1,2,2,1,2,2,1,2,2,1
syn_aggregate_00398,31,2.0,3,3,2,3,1,2,1,0,0,0,0,0,0,0,0,0,1,0,0,4,4,4,4,4,4,3,3,3,3,4,4,4,4,4,4,4,4,4,4,2,2,2,2,2,1,2,1,2,2,0,0,0,0,0,0,0,0,0,1,1,3,3,1,3,2,2,2,3,2
syn_aggregate_00399,,1.0,1,2,1,1,1,0,0,0,1,0,0,0,0,0,3,0,0,0,0,2,2,2,2,2,2,2,3,2,2,2,3,2,2,3,2,2,3,2,2,4,3,3,4,3,3,3,3,3,3,2,2,2,2,2,3,2,3,2,2,4,4,4,3,4,4,3,4,4,3
syn_aggregate_00400,19,2.0,0,1,0,0,0,0,2,0,0,0,0,0,0,0,0,0,0,0,0,0,0,0,0,0,0,0,0,0,0,0,0,0,0,0,0,0,0,1,0,1,0,0,1,0,0,0,0,0,0,0,0,0,0,0,0,0,0,0,0,0,0,1,0,0,0,0,0,0,0
syn_aggregate_00401,21,2.0,3,3,1,3,1,2,1,0,1,0,0,0,1,0,0,0,0,1,0,3,4,3,3,3,4,3,3,3,3,1,2,2,2,2,2,2,2,1,1,1,1,1,1,1,1,0,0,0,0,0,0,0,0,0,0,0,0,1,0,0,0,0,0,0,0,0,0,0,0
syn_aggregate_00402,20,2.0,3,3,2,2,1,1,1,0,2,0,0,0,0,0,0,0,0,4,0,2,3,2,2,2,3,2,2,2,2,4,4,4,3,4,3,3,4,3,2,0,0,0,0,0,0,0,0,0,0,0,0,0,0,0,3,0,0,0,0,1,4,4,2,4,3,3,3,3,2
syn_aggregate_00403,27,2.0,3,3,3,3,2,2,2,1,0,1,2,1,0,1,1,0,1,2,1,4,3,3,4,3,3,3,2,3,3,3,4,3,3,3,3,3,2,3,2,0,0,0,0,0,0,0,0,3,0,0,0,0,0,0,0,0,0,2,0,3,4,4,3,4,4,3,4,4,2
syn_aggregate_00404,19,2.0,0,2,0,0,0,0,0,0,0,1,1,1,1,1,1,1,0,0,1,0,0,1,0,0,0,0,0,0,0,1,3,3,2,2,2,2,2,1,2,3,3,3,3,3,3,3,3,3,3,1,1,1,0,0,1,0,1,1,1,0,0,0,0,1,0,0,0,0,0
syn_aggregate_00405,22,2.0,3,3,3,3,2,3,3,2,1,0,0,0,0,0,0,0,0,0,0,3,3,3,3,3,2,2,2,2,2,4,4,4,4,4,4,4,3,4,2,4,4,4,4,3,4,3,3,3,2,0,0,0,0,0,0,0,0,0,4,4,4,4,3,4,4,4,4,4,3
syn_aggregate_00406,19,2.0,3,3,3,3,2,3,2,2,1,0,0,0,0,1,0,0,1,0,0,1,2,1,2,1,2,1,1,2,2,3,3,3,2,2,3,3,2,2,2,4,4,4,4,4,3,4,3,4,3,0,1,1,0,1,1,1,0,0,0,4,4,4,4,4,3,4,4,4,3
syn_aggregate_00407,34,2.0,1,1,1,1,1,0,1,0,0,0,0,0,0,0,0,0,0,0,3,3,3,3,3,3,3,3,3,3,3,0,2,1,1,1,0,1,1,1,0,1,1,0,1,0,1,0,0,0,1,0,0,0,0,0,0,0,1,0,0,0,0,0,0,0,0,0,0,0,1
syn_aggregate_00408,51,2.0,0,1,0,0,0,0,0,0,0,0,0,0,0,0,0,0,0,0,0,0,0,0,0,0,0,0,0,1,3,0,0,0,0,0,0,0,0,0,0,0,0,0,0,0,0,0,0,0,0,0,0,0,0,0,0,0,0,0,0,0,0,0,0,0,0,0,0,0,0
syn_aggregate_00409,21,2.0,1,0,0,0,0,0,0,0,0,0,0,0,0,0,0,0,0,0,0,0,0,0,0,0,0,0,0,0,2,1,2,1,1,1,1,1,2,1,1,1,1,1,1,0,0,0,0,0,0,0,0,0,0,0,0,0,0,0,2,0,1,0,0,0,0,0,0,0,0
syn_aggregate_00410,20,2.0,3,3,2,2,2,2,1,0,2,0,0,0,0,0,0,0,0,0,0,0,0,0,0,0,0,0,0,4,0,2,3,3,2,2,2,2,3,2,1,0,0,0,0,0,0,0,0,0,4,0,0,1,0,0,0,0,0,0,0,0,2,1,0,2,1,1,2,1,0
syn_aggregate_00411,48,1.0,1,1,1,1,0,0,0,0,0,0,0,1,0,0,0,0,0,0,0,3,3,2,3,2,3,2,3,2,3,2,3,3,2,2,2,2,3,2,3,1,0,0,1,0,0,0,0,0,0,0,1,0,0,0,4,0,0,0,0,1,4,3,2,3,2,2,3,3,2
syn_aggregate_00412,43,1.0,1,0,0,0,0,0,0,0,0,0,0,0,0,0,0,0,0,1,0,1,2,0,1,1,2,1,1,0,0,0,0,0,0,0,0,0,0,0,0,2,1,1,1,1,1,0,1,1,1,0,0,0,0,0,0,0,0,1,0,0,0,0,0,0,0,0,0,0,4
syn_aggregate_00413,21,2.0,3,3,3,3,3,3,3,0,0,2,2,2,1,2,2,1,2,2,1,4,4,4,4,4,4,3,4,4,3,2,2,2,2,2,2,2,2,1,2,4,4,4,4,3,4,3,4,4,3,0,0,0,0,0,3,0,0,0,0,0,2,2,1,2,1,1,2,2,2
syn_aggregate_00414,18,1.0,1,1,0,1,0,0,1,0,0,1,1,1,0,1,1,0,0,0,0,0,1,0,0,0,0,0,1,0,0,1,1,0,0,0,0,0,0,0,0,1,0,0,0,0,0,0,0,0,0,1,1,1,1,0,1,1,0,1,1,1,1,1,1,1,0,0,1,0,0
syn_aggregate_00415,20,2.0,1,1,0,0,1,0,0,0,0,0,0,0,0,0,0,0,0,0,0,0,0,0,0,0,0,0,0,4,0,2,2,2,2,2,1,2,2,2,1,0,0,0,0,3,0,0,0,0,0,0,0,0,0,0,1,1,0,0,0,0,1,1,0,1,1,0,1,1,0
syn_aggregate_00416,18,2.0,0,1,0,1,0,0,1,0,0,0,0,0,0,0,0,0,0,0,0,2,3,2,2,2,3,2,2,3,2,0,1,1,0,1,1,1,1,0,0,2,1,1,2,2,1,1,1,1,1,0,0,0,0,0,0,0,0,0,0,0,1,0,0,1,0,0,0,0,0
syn_aggregate_00417,20,2.0,0,0,1,1,0,0,1,0,0,0,1,0,0,1,0,0,0,0,0,1,1,1,1,1,1,1,1,1,1,0,1,0,0,0,0,1,0,0,0,2,3,2,3,2,2,2,2,2,2,0,0,0,0,0,1,0,0,0,0,1,3,3,2,3,3,2,2,3,2
syn_aggregate_00418,19,1.0,2,2,1,1,0,0,0,0,0,0,0,0,0,0,0,0,0,0,0,2,2,1,2,2,1,1,2,1,2,0,0,1,0,0,0,0,0,1,0,1,1,0,1,1,0,0,1,0,0,0,0,0,0,0,0,0,0,0,4,0,1,1,0,1,0,0,0,0,0
syn_aggregate_00419,40,2.0,3,3,2,3,2,2,1,0,0,1,1,1,0,0,0,0,0,0,0,0,0,0,0,0,0,0,0,0,4,1,2,2,1,2,1,2,2,1,1,4,3,3,4,3,3,2,2,4,1,0,0,0,0,0,0,0,0,0,1,2,4,3,2,3,2,2,3,2,2
syn_aggregate_00420,18,1.0,3,3,2,3,2,2,1,0,1,2,3,2,1,2,1,1,2,1,1,4,4,3,4,4,3,4,4,3,4,2,3,2,2,2,2,2,2,1,0,2,2,2,3,2,2,1,2,2,3,0,1,0,0,0,0,1,0,1,0,0,1,0,0,0,0,0,0,0,0
syn_aggregate_00421,22,2.0,2,1,2,2,1,1,1,1,0,0,0,0,0,0,0,0,0,0,4,4,4,4,3,4,4,3,4,3,4,4,4,4,4,4,3,3,4,4,2,3,3,3,3,2,2,2,2,2,2,0,0,0,0,0,0,0,0,0,4,2,4,3,2,3,2,2,3,3,3
syn_aggregate_00422,20,2.0,1,2,1,1,0,1,1,0,0,0,0,0,0,0,0,0,0,1,1,3,3,3,3,2,2,2,2,2,1,1,2,1,1,2,1,2,1,1,1,3,2,2,3,2,2,1,2,3,1,0,0,0,0,0,0,0,0,0,2,1,3,3,1,3,2,2,3,2,2
syn_aggregate_00423,20,2.0,1,2,1,1,1,0,0,0,1,0,0,0,0,0,0,0,1,1,0,1,1,1,2,1,1,1,1,1,0,0,2,0,0,1,0,0,1,0,0,2,1,1,2,1,1,1,0,1,1,0,0,0,0,0,0,0,0,0,4,0,1,1,0,1,0,0,0,0,0
syn_aggregate_00424,22,2.0,1,2,1,2,1,1,1,0,0,0,0,0,0,0,0,0,0,0,0,4,4,4,4,3,4,4,3,3,3,3,4,4,3,3,3,3,3,3,3,3,2,2,3,3,2,2,1,2,0,1,1,1,1,0,1,0,1,0,0,1,3,2,1,2,2,2,3,2,1
syn_aggregate_00425,19,1.0,2,3,2,2,2,2,2,1,0,0,1,0,0,1,0,0,0,0,0,4,4,4,4,4,4,4,4,3,3,2,2,2,2,2,1,1,2,1,2,2,3,2,3,2,2,2,1,2,2,0,0,0,0,0,0,0,2,0,0,3,4,4,3,4,3,3,3,4,2
syn_aggregate_00426,22,2.0,2,3,2,2,1,1,1,0,0,0,0,0,0,0,0,0,2,0,0,1,1,1,1,1,1,0,1,0,1,1,2,2,1,2,1,2,2,1,1,2,2,2,2,1,2,1,2,1,2,0,0,0,0,1,0,0,0,0,0,0,1,0,0,0,0,0,0,0,0
syn_aggregate_00427,46,2.0,3,3,3,3,2,3,1,0,0,0,0,1,0,0,0,0,0,0,1,4,4,4,4,4,4,4,4,4,4,1,2,1,1,1,0,1,1,1,1,1,2,1,2,1,1,1,1,1,1,0,0,0,0,0,0,0,0,4,0,1,3,3,1,2,2,2,2,2,2
syn_aggregate_00428,19,2.0,3,3,3,3,3,3,3,2,3,3,3,3,2,3,2,2,3,3,4,1,1,1,1,1,1,0,0,0,0,2,3,3,2,2,2,3,2,2,2,3,3,3,3,3,3,2,3,3,4,1,2,2,1,1,2,2,1,1,2,3,4,4,3,4,3,3,4,4,3
syn_aggregate_00429,19,1.0,3,3,2,3,2,3,3,2,1,0,0,1,0,0,0,0,0,0,0,4,4,4,4,3,4,4,3,3,2,4,4,4,4,4,4,4,4,3,4,3,3,3,3,2,2,2,2,2,1,2,2,1,1,1,1,1,1,1,1,1,3,3,1,3,2,2,2,2,1
syn_aggregate_00430,35,1.0,0,0,0,0,0,0,0,0,0,0,0,0,0,0,0,0,0,1,0,0,0,0,0,0,0,0,0,0,2,1,2,1,1,1,1,1,0,1,0,2,0,0,0,0,0,0,0,0,0,0,0,0,0,0,0,0,0,0,0,2,2,2,1,2,2,1,2,2,3
syn_aggregate_00431,20,2.0,0,1,0,0,0,0,0,0,0,0,0,0,0,0,0,0,0,0,0,0,0,0,0,0,0,0,0,0,4,1,2,1,1,1,1,1,1,1,1,0,0,0,0,0,0,0,0,0,0,0,0,0,0,0,0,0,0,0,2,1,3,2,1,2,2,2,2,1,2
syn_aggregate_00432,22,2.0,3,3,3,3,2,3,3,1,2,1,2,2,1,1,1,0,1,1,0,4,4,4,4,4,4,4,4,4,4,4,4,4,4,4,4,4,4,3,3,4,4,4,4,3,4,3,4,4,4,2,3,2,2,2,3,2,2,2,2,2,4,3,2,4,2,3,3,2,2
syn_aggregate_00433,19,2.0,1,1,1,1,0,0,0,0,0,1,1,1,0,0,0,0,0,0,0,0,0,1,0,0,0,0,0,0,0,1,1,1,0,0,1,1,1,0,0,0,0,0,1,0,0,0,0,0,0,0,0,0,0,0,0,0,0,0,0,0,0,0,0,0,0,0,0,0,0
syn_aggregate_00434,21,2.0,1,1,0,1,0,0,1,0,2,0,0,0,0,0,0,0,0,0,1,4,4,3,4,3,4,3,3,3,3,2,3,3,3,2,2,2,3,1,1,1,0,0,1,0,0,0,0,1,0,0,0,0,0,0,0,0,0,0,0,2,4,4,3,4,4,3,4,3,2
syn_aggregate_00435,19,2.0,2,2,1,2,1,0,1,0,0,1,1,1,0,1,1,0,0,0,0,4,4,4,4,4,3,4,3,4,3,2,3,3,2,3,2,2,2,2,1,2,1,1,2,0,1,0,0,1,0,2,2,2,2,1,2,2,2,1,1,0,1,1,0,1,1,0,1,0,0
syn_aggregate_00436,19,1.0,0,0,0,0,0,0,0,0,0,0,0,0,0,0,0,0,0,0,1,4,4,3,3,3,3,3,3,3,3,1,1,1,1,0,1,1,1,1,1,1,1,0,1,0,1,0,0,1,1,0,0,0,0,0,0,0,0,0,0,1,3,3,1,3,2,2,3,2,1
syn_aggregate_00437,18,2.0,3,3,3,3,3,3,3,3,1,1,2,1,1,2,1,1,1,1,0,4,4,4,4,4,4,4,4,3,4,3,4,4,3,3,4,3,3,3,2,4,4,4,4,3,3,3,3,3,1,2,2,2,1,2,2,2,1,2,2,3,4,4,3,4,3,3,4,3,2
syn_aggregate_00438,45,2.0,1,1,1,0,0,0,0,0,0,0,0,0,0,0,0,0,0,0,2,3,3,3,3,2,2,2,2,2,2,0,1,0,0,0,0,0,0,0,0,3,2,2,3,2,2,1,2,1,2,0,0,0,0,0,0,1,0,0,0,0,0,0,0,0,0,0,0,3,0
syn_aggregate_00439,19,2.0,3,3,2,3,1,2,1,0,0,0,0,0,0,0,0,0,0,2,0,3,3,3,3,4,4,3,3,3,3,0,1,1,0,1,1,0,1,0,0,2,2,1,2,1,2,1,1,2,1,0,0,0,0,0,0,0,1,1,1,2,3,3,2,3,2,2,3,2,3
syn_aggregate_00440,26,2.0,1,1,1,1,1,1,1,0,0,0,0,0,0,0,0,0,0,0,1,3,3,3,3,3,3,3,3,3,3,0,2,1,1,1,1,1,1,1,1,1,0,0,0,0,0,0,0,0,0,0,0,0,0,1,0,0,0,0,0,0,2,2,0,1,1,1,1,1,0
syn_aggregate_00441,20,2.0,2,2,1,2,1,1,0,0,0,1,2,1,1,1,1,0,1,1,1,2,3,2,2,1,2,1,1,1,2,2,2,2,2,1,2,1,2,1,1,2,2,1,2,1,1,0,1,1,1,0,0,0,0,0,0,0,0,0,0,0,2,1,0,1,1,0,1,1,0
syn_aggregate_00442,18,2.0,2,3,2,2,1,2,2,0,0,0,1,0,0,0,0,0,0,0,0,3,3,3,3,2,3,3,2,2,2,1,2,2,1,2,1,1,2,2,2,3,3,3,4,3,2,2,2,2,2,0,0,0,0,0,0,1,0,0,1,1,3,2,1,2,2,1,2,2,3
syn_aggregate_00443,44,2.0,1,2,1,1,0,1,1,0,0,0,0,0,0,0,0,0,0,3,0,2,2,2,2,1,2,1,1,1,2,1,1,1,0,1,0,1,1,0,0,0,0,1,0,1,0,0,0,1,0,0,0,0,0,0,0,0,0,2,0,0,1,1,0,1,0,0,2,0,0
syn_aggregate_00444,22,2.0,3,3,2,3,2,2,1,0,0,0,0,0,0,0,0,0,0,0,0,0,0,0,0,0,0,0,0,0,4,1,1,1,1,1,0,1,0,1,0,2,2,2,2,1,1,1,1,2,1,0,0,0,0,0,1,1,0,0,0,1,3,2,1,2,2,1,2,2,2
syn_aggregate_00445,18,2.0,1,1,1,1,0,0,0,0,0,0,1,0,0,0,0,0,0,1,0,0,0,0,0,0,0,0,0,0,4,0,0,0,0,0,0,0,0,0,0,2,2,2,2,1,1,1,1,1,1,0,0,0,0,0,0,0,0,0,4,0,0,0,0,0,0,0,0,1,0
syn_aggregate_00446,22,2.0,3,3,3,3,2,3,1,0,0,0,0,0,0,0,0,0,1,0,0,0,0,0,0,0,0,1,0,0,0,0,1,1,0,1,0,1,1,1,0,3,3,2,3,2,2,2,2,2,2,0,0,0,0,0,0,0,0,0,4,0,2,2,0,2,1,1,1,1,0
syn_aggregate_00447,19,2.0,3,3,3,3,3,3,2,2,2,1,2,2,1,1,1,1,1,1,0,4,4,4,4,4,4,4,3,3,4,3,4,4,4,3,3,3,4,3,3,4,3,3,4,3,3,4,3,3,1,0,0,0,0,0,0,0,0,0,4,3,4,4,3,4,3,4,4,3,3
syn_aggregate_00448,20,2.0,3,3,2,3,2,3,2,1,0,0,1,0,0,0,0,0,1,0,0,4,4,4,4,4,4,4,3,3,3,3,4,4,4,3,4,4,3,2,1,4,4,4,4,4,3,3,3,3,2,0,0,0,0,0,0,0,0,0,0,1,3,2,1,3,2,2,2,2,3
syn_aggregate_00449,23,2.0,2,2,1,1,1,0,1,0,0,0,0,0,0,0,0,0,0,0,2,3,3,3,4,3,4,3,3,3,0,3,3,3,3,3,3,3,3,2,2,4,3,3,4,3,2,2,3,2,2,0,0,0,0,0,0,0,0,3,0,3,4,4,3,4,3,3,4,4,3
syn_aggregate_00450,44,1.0,3,3,2,3,2,2,2,1,0,0,0,0,0,0,0,0,0,0,4,0,0,0,0,0,0,0,0,0,1,0,0,0,0,0,0,0,0,0,0,0,0,0,0,0,0,0,0,0,2,0,1,0,0,0,0,0,0,0,1,0,2,2,0,2,1,0,1,1,0
syn_aggregate_00451,21,1.0,1,1,0,1,0,0,1,0,0,0,0,1,0,0,0,0,0,0,2,1,1,1,1,1,1,1,1,1,1,2,3,3,2,3,2,2,2,3,2,4,4,3,4,3,3,3,3,3,4,0,0,0,0,0,1,0,0,0,0,0,1,1,0,1,1,1,1,0,0
syn_aggregate_00452,46,2.0,1,1,1,2,1,1,0,0,0,0,0,0,0,0,0,0,0,1,1,0,0,0,0,0,0,0,1,0,0,3,4,4,3,3,4,3,3,3,1,1,0,0,1,0,0,0,0,0,0,0,0,0,4,0,0,0,0,0,0,1,3,2,1,3,2,1,2,2,2
syn_aggregate_00453,28,2.0,2,2,2,2,1,2,2,1,1,0,0,0,0,0,0,0,0,0,1,3,4,3,4,3,3,3,3,3,3,1,1,1,0,0,0,0,1,1,1,0,0,1,1,1,0,0,0,0,1,0,1,0,0,0,0,0,0,0,0,0,1,0,0,1,0,0,0,0,0
syn_aggregate_00454,24,2.0,3,3,2,3,1,2,1,0,1,1,1,2,1,1,1,1,1,2,1,4,4,4,4,4,4,4,4,4,3,3,4,3,4,4,3,3,3,2,1,3,3,3,3,2,3,3,3,2,3,1,2,2,1,1,1,1,1,1,2,3,4,4,3,4,3,3,4,4,2
syn_aggregate_00455,20,2.0,3,3,2,2,1,2,1,0,1,0,1,0,0,0,0,0,0,0,0,0,0,1,0,0,0,0,0,0,0,3,3,3,2,2,2,3,2,1,1,3,2,3,3,2,2,1,2,2,1,1,1,1,1,1,1,1,1,1,1,0,0,0,0,1,0,0,0,0,0
syn_aggregate_00456,20,2.0,3,3,2,3,1,3,0,0,0,0,1,0,0,0,0,0,0,0,0,3,2,2,3,2,2,1,2,1,2,2,3,2,2,2,2,2,3,2,2,4,3,3,4,3,3,2,4,3,2,0,0,0,0,0,0,0,0,0,0,1,4,4,2,4,3,3,3,3,4
syn_aggregate_00457,19,1.0,1,1,0,0,0,0,0,0,0,0,1,0,0,0,0,0,0,0,0,1,2,1,2,1,1,1,2,1,0,0,0,0,0,0,0,0,0,0,1,1,1,1,1,0,0,0,0,0,0,0,1,0,0,0,0,0,1,0,2,0,0,0,0,0,0,0,0,0,3
syn_aggregate_00458,19,1.0,3,3,2,2,2,2,0,0,0,0,0,0,0,0,1,0,0,1,0,4,4,4,4,3,4,4,4,3,4,3,4,4,3,3,3,3,3,2,3,3,3,3,3,2,2,2,2,3,3,1,1,1,0,0,1,0,0,0,0,1,3,3,1,3,2,2,3,2,2
syn_aggregate_00459,34,2.0,2,2,1,2,1,2,1,0,0,0,0,0,0,0,0,0,0,2,0,4,4,4,4,4,3,3,3,3,4,2,3,3,2,2,2,2,2,2,2,3,3,3,3,2,3,2,2,2,2,0,0,0,0,0,0,1,0,0,0,3,4,4,3,4,3,3,3,3,2
syn_aggregate_00460,19,1.0,3,3,2,3,1,2,1,0,0,0,0,0,0,0,0,0,0,0,0,3,3,3,3,2,3,2,3,3,3,4,4,4,4,4,3,3,4,4,3,0,0,0,0,0,0,0,0,0,2,0,0,0,0,0,0,0,0,0,0,1,3,3,2,3,2,2,2,2,2
syn_aggregate_00461,20,1.0,3,3,3,3,3,3,3,3,3,1,1,1,0,0,0,0,0,0,0,4,3,3,4,3,3,3,3,2,2,3,4,4,3,3,3,4,3,4,2,4,3,3,4,3,3,3,3,3,3,1,1,1,1,1,1,1,1,0,0,1,3,2,2,3,2,2,2,2,1
syn_aggregate_00462,19,2.0,2,2,1,1,1,0,1,0,1,0,1,0,0,0,0,0,0,1,0,4,4,3,4,3,4,3,3,3,2,1,2,2,1,2,1,2,1,1,2,4,4,4,4,4,4,4,4,4,2,0,0,0,0,0,0,0,0,0,4,0,2,2,0,1,1,1,2,1,0
syn_aggregate_00463,22,2.0,3,3,2,3,2,3,2,1,1,1,1,1,0,1,1,0,0,1,0,0,0,0,0,0,0,0,1,0,0,1,2,2,1,1,2,2,1,1,1,3,3,2,3,2,2,2,1,2,2,0,0,0,0,0,0,0,1,0,0,0,1,1,0,1,0,0,1,0,0
syn_aggregate_00464,22,2.0,3,3,3,3,3,3,3,3,3,0,1,0,0,0,1,0,0,0,0,4,4,4,4,4,4,3,4,3,4,4,4,4,4,4,4,4,4,4,3,4,4,4,4,4,4,4,4,3,3,1,1,1,0,1,1,0,1,0,0,4,4,4,3,4,3,3,4,4,2
syn_aggregate_00465,20,2.0,2,3,2,2,1,2,1,0,0,0,0,1,0,1,0,0,0,1,1,2,2,2,2,2,2,1,2,2,2,4,4,4,4,4,3,4,3,4,3,4,3,4,4,2,3,3,3,3,2,1,1,1,1,1,1,1,1,0,1,1,3,3,1,2,2,2,2,2,1
syn_aggregate_00466,19,1.0,3,3,2,3,1,2,0,0,0,0,0,0,0,0,4,0,0,0,0,3,3,2,3,2,2,2,2,3,2,2,3,2,2,2,1,2,2,1,2,1,1,0,1,0,0,0,0,1,0,0,0,0,0,0,1,1,0,0,0,1,3,3,1,3,2,2,2,2,2
syn_aggregate_00467,20,2.0,0,1,0,1,0,0,0,0,0,0,0,0,0,0,0,0,0,0,0,3,3,3,3,2,3,3,2,1,3,2,2,2,2,2,1,1,1,1,1,2,2,2,2,1,1,1,1,1,2,0,1,0,0,1,0,1,0,1,0,0,1,1,0,2,0,0,0,1,0
syn_aggregate_00468,22,2.0,3,3,3,3,2,2,2,1,1,2,2,2,1,2,2,1,2,1,2,3,3,2,2,2,3,2,2,2,1,3,4,4,4,4,4,4,3,3,4,3,3,3,4,3,3,3,2,3,3,1,2,2,1,1,2,1,1,1,1,4,4,4,4,4,4,4,4,4,4
syn_aggregate_00469,19,1.0,3,3,2,3,2,3,2,2,2,1,2,1,1,1,2,1,1,1,1,2,2,2,2,2,2,2,2,2,2,2,3,3,2,2,2,3,2,2,1,4,4,4,4,3,4,4,4,4,4,0,0,0,0,0,1,0,0,0,0,2,3,3,2,3,2,2,3,2,3
syn_aggregate_00470,22,1.0,0,0,0,0,0,0,0,0,0,0,0,0,0,0,0,0,0,0,0,0,0,0,0,0,0,0,1,0,0,0,0,0,0,0,0,0,0,0,3,0,0,0,0,0,0,0,0,0,0,0,0,0,0,0,0,0,0,0,0,0,0,0,0,0,0,0,1,0,0
syn_aggregate_00471,32,2.0,2,2,1,1,0,0,1,0,0,2,2,2,1,2,1,1,0,0,1,2,2,2,2,3,3,2,2,2,1,0,1,1,0,0,0,1,1,0,0,4,4,3,4,3,3,3,3,3,4,0,0,0,0,0,0,0,1,0,0,0,2,2,0,1,1,1,1,1,1
syn_aggregate_00472,20,2.0,1,2,1,1,1,1,1,0,0,0,0,0,0,0,0,0,0,0,4,3,3,3,4,3,4,3,3,3,3,4,4,4,4,4,3,3,3,3,3,2,1,1,1,1,1,0,1,1,0,0,0,0,0,0,1,0,0,0,2,1,3,3,1,3,1,1,2,2,1
syn_aggregate_00473,30,1.0,2,2,1,2,1,1,0,1,0,0,1,0,0,1,0,0,0,1,0,1,1,1,0,1,1,0,1,0,2,1,2,1,1,1,1,2,1,1,1,2,2,2,2,2,1,1,2,2,1,0,0,0,0,0,1,0,0,0,0,0,0,0,0,0,0,0,0,0,4
syn_aggregate_00474,22,2.0,0,0,0,0,0,0,0,0,0,0,0,0,0,0,0,0,0,0,0,3,3,2,3,2,3,3,3,2,2,1,2,2,1,1,0,1,2,1,2,3,3,3,3,3,3,3,3,2,2,0,0,0,0,0,0,0,0,0,4,0,1,1,0,1,0,0,0,0,0
syn_aggregate_00475,20,2.0,1,0,0,0,0,0,0,0,0,0,0,2,0,0,0,0,0,0,0,3,3,3,3,3,3,3,3,3,3,0,1,1,0,0,0,1,0,0,0,1,1,1,1,1,0,0,0,1,0,0,0,0,0,0,1,0,0,0,0,0,1,0,0,0,0,0,0,0,0
syn_aggregate_00476,21,2.0,3,3,3,3,1,2,1,0,0,0,0,0,0,0,0,0,0,0,1,4,4,4,4,3,4,4,4,4,2,2,2,2,2,1,2,1,1,1,2,4,4,4,4,3,4,3,3,3,3,1,1,1,0,1,1,0,1,1,1,4,4,4,4,4,3,3,4,3,4
syn_aggregate_00477,21,2.0,3,3,2,3,0,0,0,0,0,0,0,0,0,0,0,0,0,0,1,2,2,2,2,1,2,2,1,1,2,2,3,2,2,3,1,2,2,1,1,4,4,4,4,4,4,4,3,4,2,1,2,1,1,1,1,0,1,1,2,1,4,3,2,3,2,2,3,3,2
syn_aggregate_00478,19,2.0,2,2,1,2,1,0,1,0,0,0,0,1,0,0,0,0,0,0,0,2,2,2,2,2,2,2,1,1,1,2,2,2,2,2,2,2,2,2,2,3,3,3,3,2,2,1,2,1,1,0,0,0,0,0,0,0,0,0,0,0,1,1,0,1,0,1,1,1,0
syn_aggregate_00479,19,1.0,3,3,2,3,2,3,2,1,1,1,2,1,1,1,1,1,1,1,1,4,4,4,4,4,4,4,4,4,4,3,4,4,3,4,4,3,4,3,2,4,4,4,3,3,3,2,2,3,2,0,0,0,0,0,0,0,0,0,4,4,4,4,4,4,4,3,4,4,3
syn_aggregate_00480,22,2.0,0,1,0,1,0,0,0,0,0,1,2,2,0,1,1,1,0,2,1,3,3,2,3,2,2,2,2,2,1,1,2,2,1,2,2,2,1,1,1,2,2,2,2,2,1,1,1,1,1,0,0,0,0,0,1,1,0,0,0,1,3,3,1,3,2,2,3,2,4
syn_aggregate_00481,50,1.0,3,3,2,3,2,2,1,0,0,1,1,1,0,1,1,0,1,2,0,4,4,3,4,4,3,2,3,3,3,4,4,4,4,4,4,4,4,4,2,4,4,3,4,3,3,3,3,3,2,2,2,2,1,2,2,3,2,1,2,3,4,4,3,4,4,4,4,4,3
syn_aggregate_00482,20,2.0,3,3,3,3,2,3,2,2,1,0,1,0,0,0,0,0,0,0,0,2,2,2,1,1,2,1,1,1,2,1,2,1,2,1,2,1,2,1,2,4,4,4,3,3,4,3,3,3,4,0,0,0,0,0,0,0,1,0,0,2,4,3,2,3,3,2,3,3,1
syn_aggregate_00483,22,1.0,2,2,1,1,1,1,1,0,0,0,1,0,0,0,0,0,1,0,0,1,1,0,1,0,1,0,0,0,1,3,4,4,4,3,3,4,4,2,3,3,3,2,3,2,2,2,2,2,1,0,0,0,0,0,0,0,0,0,1,3,3,3,3,4,3,3,3,2,3
syn_aggregate_00484,19,1.0,1,2,1,1,0,0,0,0,1,1,2,2,1,1,1,1,1,1,1,3,3,2,4,4,3,2,3,2,3,0,0,1,0,0,0,0,0,0,0,2,2,2,2,1,2,2,1,2,2,0,0,0,0,0,0,0,0,0,0,0,0,0,0,1,0,0,0,0,0
syn_aggregate_00485,27,1.0,3,3,2,3,2,3,2,1,0,0,0,0,0,0,0,0,0,0,3,0,0,0,1,0,0,0,0,0,0,0,0,0,0,0,0,1,0,0,0,4,3,3,4,2,3,3,2,2,4,0,0,0,0,0,0,0,0,0,3,2,4,4,1,3,3,3,3,3,3
syn_aggregate_00486,21,1.0,3,3,3,3,3,3,2,1,2,1,1,1,1,1,0,0,0,1,0,0,0,0,0,0,0,0,0,0,2,3,3,3,3,3,2,3,3,2,2,3,3,3,3,3,3,3,3,3,2,2,3,2,2,2,2,2,2,2,2,2,4,4,3,4,3,3,4,3,4
syn_aggregate_00487,42,2.0,1,1,1,1,0,0,0,0,0,0,0,0,0,0,0,0,0,0,0,0,0,0,0,0,0,0,0,2,0,0,0,0,0,0,0,0,0,0,0,0,0,0,0,0,0,0,0,0,1,0,0,0,0,0,0,0,0,0,0,0,1,0,0,0,0,0,0,0,0
syn_aggregate_00488,19,2.0,3,3,3,3,3,2,2,1,0,1,1,1,1,1,1,1,1,1,1,3,3,3,4,4,4,3,3,2,3,3,4,4,3,3,3,3,3,3,3,2,2,1,3,1,2,1,2,2,2,1,1,2,1,1,1,0,3,2,1,0,1,1,0,1,1,0,1,1,0
syn_aggregate_00489,18,1.0,1,0,0,0,0,0,0,0,0,0,1,0,0,0,0,0,0,0,0,0,0,0,0,0,1,0,0,0,0,1,1,0,0,0,0,0,1,0,1,1,1,1,1,1,1,1,1,1,1,0,0,1,0,0,0,0,0,0,0,1,3,3,2,3,2,2,3,2,2
syn_aggregate_00490,22,2.0,2,2,2,2,1,2,1,0,0,0,0,0,0,0,0,0,0,0,0,1,1,1,1,0,1,1,1,1,0,1,2,2,1,1,1,1,1,1,1,1,1,0,1,0,0,0,0,0,1,0,0,0,0,0,0,0,0,0,3,0,2,1,0,1,1,0,1,0,2
syn_aggregate_00491,22,1.0,3,3,3,3,3,3,3,2,3,1,1,1,0,1,0,0,0,0,0,1,2,1,1,1,1,1,2,1,1,2,3,3,2,3,2,3,3,2,2,4,4,4,4,4,4,4,4,3,4,0,0,0,0,0,0,0,0,0,3,1,3,3,2,3,2,2,2,2,2
syn_aggregate_00492,18,2.0,3,3,3,3,2,3,3,2,1,0,0,1,0,0,0,0,0,0,0,2,3,2,2,2,2,2,1,2,2,4,4,4,4,4,4,3,4,4,3,3,3,3,3,3,3,3,4,3,2,1,1,1,1,0,1,0,1,0,1,3,4,4,3,4,3,4,4,3,2
syn_aggregate_00493,20,2.0,3,3,2,3,2,2,2,1,0,0,0,0,0,0,0,0,0,0,0,1,1,0,1,1,1,0,1,1,1,2,3,3,2,2,1,2,3,1,2,0,0,0,0,0,0,0,0,2,0,0,0,1,0,0,1,0,0,0,0,3,4,4,3,4,3,3,4,4,3
syn_aggregate_00494,21,1.0,1,1,0,0,0,0,0,0,0,0,0,0,0,0,0,0,3,0,0,3,3,3,3,3,3,2,3,2,3,4,4,4,4,4,4,4,4,3,4,4,4,4,4,3,3,3,3,3,2,2,2,2,1,2,2,2,1,1,2,4,4,4,3,4,4,4,4,3,4
syn_aggregate_00495,31,2.0,2,3,2,3,1,1,0,0,1,0,1,0,0,0,0,0,0,0,0,2,2,2,2,2,2,1,1,3,2,4,4,4,4,4,3,4,4,3,3,4,3,4,4,3,4,3,3,4,2,1,2,1,1,1,2,1,1,1,2,3,4,4,3,4,4,3,4,4,3
syn_aggregate_00496,21,2.0,1,2,0,1,1,1,0,0,0,1,1,0,0,0,0,0,0,0,0,0,0,0,0,0,0,0,0,0,3,1,2,2,1,1,1,2,1,1,0,1,1,0,1,0,0,0,0,0,0,0,0,0,0,0,0,0,0,0,0,0,1,0,0,0,0,0,1,0,0
syn_aggregate_00497,25,2.0,3,3,2,3,2,3,0,0,0,0,0,0,0,0,1,0,0,0,0,2,3,2,2,2,2,1,2,2,1,3,4,4,3,3,4,3,4,3,1,4,4,4,4,3,3,3,3,4,3,1,1,0,0,0,1,1,0,0,1,1,2,2,1,2,1,1,2,2,3
syn_aggregate_00498,19,2.0,3,3,3,3,3,3,3,3,3,0,0,0,0,0,0,0,0,3,0,3,3,3,3,3,3,3,3,3,2,4,4,4,4,4,4,4,3,3,3,4,3,4,4,3,3,3,3,4,4,0,0,0,0,0,0,0,0,0,0,1,2,2,1,2,2,2,2,2,1
syn_aggregate_00499,37,1.0,3,3,2,2,1,2,2,1,2,0,0,0,0,0,0,0,0,4,0,2,3,2,3,2,2,3,2,1,3,3,3,3,3,2,2,3,2,2,2,3,3,3,3,3,2,2,2,2,3,0,0,0,0,0,0,0,0,0,1,3,4,4,3,4,4,4,4,4,3
syn_aggregate_00500,46,2.0,3,3,3,3,3,3,2,2,0,0,0,0,0,0,0,0,0,0,3,1,1,1,1,1,1,1,1,0,0,4,4,4,4,3,4,4,3,3,2,3,3,2,2,1,2,2,1,2,2,0,1,0,0,0,0,1,0,0,0,0,1,1,0,0,0,0,0,0,0
syn_aggregate_00501,22,2.0,3,3,3,3,3,3,2,2,1,1,1,1,1,1,1,1,1,1,1,4,4,4,4,4,4,4,4,3,4,4,4,4,4,4,3,3,3,3,3,4,3,3,4,3,3,2,3,2,4,1,2,2,1,1,1,2,0,1,0,4,4,4,4,4,4,4,4,4,3
syn_aggregate_00502,24,1.0,3,3,2,3,2,3,2,0,0,0,0,0,0,0,2,0,0,0,0,0,0,0,0,0,0,0,0,1,0,0,0,0,0,0,0,0,0,0,0,0,0,0,1,0,0,0,0,1,0,0,0,0,0,0,0,0,0,0,2,0,0,0,0,0,4,0,0,0,0
syn_aggregate_00503,40,2.0,3,3,3,3,3,3,3,3,1,0,0,0,0,0,0,0,0,0,0,2,3,1,2,2,3,2,1,2,2,3,4,3,3,3,3,2,3,3,3,0,0,0,0,0,0,0,0,1,2,0,0,0,0,0,0,0,0,0,2,0,0,0,0,0,0,0,0,0,3
syn_aggregate_00504,43,1.0,2,2,2,2,1,1,1,0,0,0,0,0,0,0,0,0,0,0,0,2,3,2,3,2,3,2,2,2,2,0,1,1,0,1,0,1,1,0,0,3,3,2,3,2,2,2,1,2,2,0,0,0,0,0,0,0,0,2,0,1,3,3,1,3,2,1,2,2,1
syn_aggregate_00505,20,2.0,3,3,3,3,3,3,2,3,2,1,1,1,0,1,1,0,0,1,0,3,3,2,3,2,2,2,2,1,2,2,3,3,2,2,3,2,2,1,2,0,0,0,0,0,0,0,0,4,0,1,2,1,0,1,1,2,0,1,4,2,4,3,2,4,2,3,3,3,2
syn_aggregate_00506,22,2.0,2,2,0,0,0,0,0,0,0,1,1,1,0,1,1,0,1,1,0,0,0,0,0,0,1,0,0,0,0,0,2,1,1,1,1,1,2,1,1,2,2,2,2,2,2,2,2,1,2,0,1,0,0,0,1,0,0,0,0,1,3,2,1,3,2,1,2,2,2
syn_aggregate_00507,19,2.0,1,1,0,1,0,1,1,0,0,0,0,0,0,0,0,0,0,0,0,0,0,0,0,0,0,0,0,0,0,0,0,0,0,0,0,0,0,3,0,3,3,3,3,2,3,2,2,2,2,0,0,0,0,0,0,0,0,0,3,0,0,1,0,0,0,0,0,0,2
syn_aggregate_00508,21,2.0,3,3,2,3,2,3,2,0,1,0,0,0,0,0,0,2,0,0,0,0,0,0,0,0,0,0,0,0,3,4,4,4,4,4,4,4,4,4,3,2,2,1,2,1,1,1,0,1,1,1,1,1,1,1,0,0,0,1,0,2,3,3,2,4,2,3,3,3,3
syn_aggregate_00509,48,2.0,2,2,1,1,1,1,0,0,0,0,1,0,0,0,0,0,0,0,0,3,3,3,3,2,3,3,2,2,2,2,3,3,2,2,2,2,3,2,1,4,4,4,3,3,3,3,3,3,3,0,0,0,0,0,0,0,0,0,4,3,4,4,3,4,3,4,4,3,3
syn_aggregate_00510,19,2.0,3,3,3,3,3,3,3,3,0,0,0,0,0,0,1,0,0,0,0,2,3,2,2,2,3,2,2,2,2,1,2,2,2,2,2,2,2,1,1,4,4,4,4,3,4,4,3,3,3,0,0,0,0,0,0,0,0,2,0,3,4,4,2,3,3,2,3,3,1
syn_aggregate_00511,19,2.0,0,2,0,0,0,0,0,0,0,0,0,0,0,0,0,0,0,0,0,2,2,2,1,1,2,2,1,1,1,0,0,0,1,0,0,0,0,0,0,1,1,1,1,1,1,1,1,1,1,0,1,0,0,0,0,0,1,0,0,0,1,0,0,0,0,0,0,1,0
syn_aggregate_00512,22,2.0,1,1,0,1,1,0,0,0,0,0,0,0,0,0,0,0,0,1,0,0,0,0,0,0,0,0,0,0,0,1,2,2,2,2,1,2,2,1,1,0,0,0,0,0,0,0,0,0,0,0,0,0,0,1,0,0,0,1,0,0,1,0,0,0,0,0,1,0,0
syn_aggregate_00513,18,1.0,2,2,1,1,1,1,0,0,0,1,1,1,0,1,0,0,0,1,0,2,2,2,2,2,2,2,2,1,2,0,0,0,1,0,0,0,0,0,0,4,4,4,4,4,3,4,4,4,4,1,1,1,0,1,1,1,0,1,3,1,4,3,1,3,2,2,3,2,3
syn_aggregate_00514,21,2.0,3,3,2,3,2,2,2,0,0,0,0,0,0,0,0,0,0,0,3,0,0,0,0,0,0,1,0,0,0,1,1,1,1,1,1,1,1,1,0,2,1,1,1,1,0,2,1,1,1,0,0,0,0,0,0,0,0,0,2,1,2,2,1,2,1,1,2,2,1
syn_aggregate_00515,22,1.0,1,0,1,0,0,0,0,0,0,0,0,0,0,0,0,0,0,0,1,2,3,2,2,2,3,2,1,2,2,1,2,1,1,1,0,0,1,0,0,4,4,4,4,4,4,4,4,4,3,0,0,0,0,0,0,0,0,2,0,0,3,2,1,2,3,3,2,3,1
syn_aggregate_00516,21,2.0,0,2,0,0,0,0,0,0,0,0,0,1,0,0,0,0,0,0,0,1,1,1,1,1,1,1,1,1,1,4,4,4,4,3,3,3,3,3,3,1,1,1,1,0,2,1,0,1,1,0,0,0,0,0,0,0,0,0,3,0,2,2,0,2,1,1,2,2,2
syn_aggregate_00517,18,2.0,0,1,0,1,0,0,1,0,2,0,0,0,0,0,0,0,0,0,0,1,2,1,1,1,1,1,1,1,2,0,1,0,0,0,0,1,0,0,0,2,1,1,2,0,1,0,0,1,0,0,0,0,0,0,1,0,0,0,0,1,2,2,1,2,1,1,2,2,1
syn_aggregate_00518,36,2.0,3,3,3,3,2,3,2,2,3,0,1,0,0,0,0,0,1,0,1,2,3,2,2,2,2,2,2,2,2,2,3,3,2,2,2,2,3,2,3,4,4,3,4,3,4,3,2,2,3,2,2,2,1,2,2,1,2,2,0,2,4,3,2,4,3,2,3,3,1
syn_aggregate_00519,18,1.0,3,3,3,3,2,3,2,0,0,1,1,1,0,1,0,0,1,0,0,3,4,3,4,3,4,3,3,3,2,3,4,4,4,4,4,3,4,3,3,3,3,2,3,2,2,1,2,2,3,0,0,0,0,0,0,0,0,0,4,0,0,1,0,0,0,0,0,0,0
syn_aggregate_00520,19,2.0,2,3,2,3,2,2,1,0,0,0,0,0,0,0,0,0,0,0,1,3,3,2,2,2,3,2,1,2,2,0,1,1,1,1,1,1,1,0,0,2,2,2,2,2,1,1,1,1,2,0,1,0,0,0,1,0,0,0,0,1,3,2,1,3,2,2,3,2,2
syn_aggregate_00521,19,2.0,3,3,1,3,1,2,1,0,0,0,0,0,0,0,0,0,0,0,0,1,1,0,1,0,1,0,1,1,0,0,1,0,0,0,1,0,1,0,0,2,2,2,2,2,2,2,2,2,2,0,0,0,0,0,0,0,0,1,0,3,4,3,2,4,3,3,3,4,2
syn_aggregate_00522,42,2.0,2,3,2,3,2,2,2,1,0,1,1,1,1,1,1,1,1,1,1,1,1,1,1,1,1,0,1,1,1,4,4,4,4,4,3,3,3,3,2,2,2,1,2,1,1,1,1,1,1,1,1,1,0,1,1,0,0,1,1,0,2,1,0,2,0,0,1,0,0
syn_aggregate_00523,50,2.0,3,3,3,3,2,3,3,2,3,1,2,1,0,1,2,0,1,1,0,2,1,1,1,1,1,1,1,1,0,4,4,4,4,3,3,3,3,4,3,4,4,4,4,3,4,3,4,3,3,1,1,1,0,0,1,1,0,0,0,3,4,4,3,4,4,4,4,4,4
syn_aggregate_00524,19,1.0,1,2,0,1,0,0,0,0,0,0,0,1,0,0,0,0,0,0,0,0,0,0,0,0,1,0,0,0,0,3,3,3,3,3,3,3,3,3,2,3,3,3,3,2,2,1,2,2,1,0,0,0,0,0,0,0,0,0,3,0,1,1,0,1,0,0,1,1,1
syn_aggregate_00525,18,2.0,3,3,2,3,2,3,2,1,0,1,2,2,0,1,0,0,1,1,0,4,4,4,4,4,4,4,4,4,2,3,3,3,2,2,2,2,3,2,2,4,4,4,4,4,3,3,3,3,3,3,3,2,3,2,2,2,2,2,3,3,4,4,3,4,3,4,4,4,3
syn_aggregate_00526,24,2.0,2,2,1,1,1,1,1,0,0,0,1,0,0,0,0,0,0,0,0,0,0,0,0,0,0,0,0,2,0,1,1,1,1,1,0,0,1,0,0,0,0,0,0,0,0,0,0,3,0,0,0,0,0,0,0,0,0,0,2,0,1,0,0,2,0,0,0,0,0
syn_aggregate_00527,22,2.0,3,3,2,2,1,2,1,0,1,0,0,0,0,0,0,0,0,0,1,3,3,3,3,3,3,3,2,2,2,2,3,3,2,2,2,2,1,1,0,3,3,3,3,3,3,4,2,3,3,0,0,0,0,0,0,0,0,0,4,1,3,3,2,3,2,1,2,2,3
syn_aggregate_00528,33,2.0,1,1,0,0,1,0,0,0,0,0,0,0,0,0,0,0,0,0,2,2,2,1,3,2,2,3,2,2,3,0,1,0,0,0,0,0,1,0,0,2,1,1,2,1,0,0,0,1,2,0,1,0,0,0,0,0,0,0,0,0,0,0,0,0,0,0,0,0,0
syn_aggregate_00529,,2.0,3,3,3,3,2,3,2,1,2,0,0,0,0,0,0,0,0,4,0,4,4,4,4,3,4,3,3,3,3,2,3,3,2,2,2,2,3,2,1,2,1,1,2,1,2,1,0,1,1,0,0,0,0,0,0,0,0,0,4,3,4,4,3,4,4,4,4,3,2
syn_aggregate_00530,38,2.0,3,3,2,3,2,3,1,0,0,1,1,1,0,1,0,0,1,0,0,1,1,1,1,1,1,1,1,1,1,1,1,1,1,1,1,0,1,0,2,2,1,1,2,1,1,0,0,0,0,0,0,0,0,0,0,0,0,0,2,3,4,4,3,4,3,3,4,3,3
syn_aggregate_00531,22,1.0,3,3,2,2,1,0,0,0,0,1,1,1,1,1,1,1,2,1,1,4,4,4,4,4,4,4,4,3,3,2,3,3,2,2,2,2,3,1,1,3,3,2,3,2,2,2,2,2,2,3,3,3,2,3,3,3,2,2,3,0,1,0,0,0,0,0,0,0,1
syn_aggregate_00532,22,2.0,1,1,1,1,0,1,0,0,0,0,0,0,0,0,0,0,0,0,0,2,2,2,1,2,1,1,2,1,2,0,0,0,0,0,0,0,3,0,0,0,0,0,0,0,0,0,0,0,0,0,0,0,0,0,0,0,0,0,0,0,1,1,0,1,0,0,1,0,0
syn_aggregate_00533,19,2.0,2,2,1,1,0,1,0,0,0,0,0,1,0,0,0,0,0,3,0,3,3,3,3,2,3,3,3,3,2,3,4,4,3,4,3,3,4,3,1,4,4,4,4,3,3,2,2,3,2,2,2,2,2,2,3,2,2,2,2,1,3,3,1,3,2,2,3,2,2
syn_aggregate_00534,22,2.0,1,0,0,1,0,0,0,0,0,0,0,1,0,0,0,0,0,0,0,1,1,1,1,1,0,0,0,1,0,0,0,0,0,0,0,0,0,0,0,3,2,2,3,2,3,2,2,1,3,0,0,0,0,0,0,1,0,0,0,0,1,0,0,1,0,0,1,0,0
syn_aggregate_00535,38,1.0,3,3,2,3,2,3,1,1,0,0,0,0,0,0,0,0,0,0,4,2,2,1,1,1,1,1,1,1,1,3,4,3,3,3,3,3,3,2,3,0,0,0,0,0,1,1,1,0,0,0,0,0,0,0,1,0,0,0,0,0,2,2,1,2,0,0,2,1,1
syn_aggregate_00536,24,1.0,3,3,2,3,1,2,2,1,0,0,0,0,0,0,0,0,0,0,3,4,4,4,4,4,3,3,3,3,3,3,3,3,3,3,2,3,3,3,3,4,4,4,4,3,3,3,3,3,4,1,2,1,1,1,2,1,1,1,1,3,4,4,3,4,2,2,3,2,2
syn_aggregate_00537,19,2.0,1,2,1,2,1,1,1,0,0,0,0,0,0,0,0,0,0,0,0,2,2,1,2,1,1,1,0,1,1,0,1,1,0,1,0,1,1,1,0,4,4,4,4,4,3,3,3,3,2,0,0,1,0,1,0,0,0,0,0,2,4,3,2,4,2,2,2,3,2
syn_aggregate_00538,19,1.0,1,2,0,1,0,1,1,0,0,0,0,0,0,0,0,0,0,0,0,0,0,0,0,0,1,0,0,0,0,1,1,1,1,1,0,0,1,2,0,0,0,0,0,0,0,0,0,0,0,1,0,0,0,0,0,0,0,0,1,0,0,0,0,0,0,0,0,0,4
syn_aggregate_00539,19,1.0,0,0,0,0,0,0,0,0,0,0,1,0,0,0,0,0,0,0,0,0,1,0,0,0,0,0,0,0,0,0,0,0,0,0,0,0,0,0,0,1,1,1,2,0,1,0,0,0,0,0,0,0,0,0,0,0,0,0,0,0,1,1,0,1,0,0,0,0,0
syn_aggregate_00540,22,2.0,3,3,3,3,3,3,3,3,2,0,0,1,0,1,0,0,0,1,1,3,3,2,3,3,3,2,2,3,2,4,3,3,4,4,3,3,4,4,3,4,4,4,4,3,3,3,3,4,3,1,1,1,1,1,1,1,1,1,1,4,4,4,4,4,4,4,4,4,4
syn_aggregate_00541,18,2.0,2,2,1,1,0,1,0,0,0,0,1,0,0,0,0,0,0,2,0,4,4,4,4,3,4,4,3,3,3,2,2,2,2,2,2,2,2,1,1,2,2,2,2,1,2,2,1,2,3,0,0,0,0,0,0,0,0,0,0,0,1,0,0,0,0,0,0,0,2
syn_aggregate_00542,21,1.0,3,3,2,3,2,3,2,0,1,1,2,1,1,1,1,1,1,1,0,2,2,1,2,1,2,2,1,2,2,4,4,4,4,4,4,4,4,4,4,4,4,4,4,3,4,3,4,3,1,0,2,2,1,1,1,1,1,1,1,4,4,4,3,4,3,4,4,4,3
syn_aggregate_00543,22,2.0,3,3,2,2,2,2,2,1,1,0,0,0,0,0,0,0,0,4,0,3,3,3,3,3,3,3,3,3,3,3,4,4,4,4,4,4,3,3,3,1,2,1,2,1,2,1,2,1,2,1,1,1,1,1,1,1,1,0,0,0,2,2,1,2,1,1,1,1,3
syn_aggregate_00544,21,2.0,2,2,1,2,0,1,0,0,0,0,1,0,0,0,0,0,0,1,0,0,1,0,0,0,0,0,0,0,0,0,2,1,1,1,1,1,1,0,0,0,0,0,0,0,0,0,0,0,0,0,0,0,0,0,0,0,0,0,0,0,1,1,0,1,1,0,1,0,0
syn_aggregate_00545,27,2.0,0,0,0,0,0,0,0,0,0,0,0,0,0,0,0,0,0,0,0,0,0,0,0,0,0,1,0,2,0,0,0,0,0,0,0,0,0,0,0,0,0,0,0,0,0,0,0,0,0,0,0,0,0,0,0,0,0,0,0,0,0,0,0,0,0,0,0,0,0
syn_aggregate_00546,21,2.0,3,3,2,2,2,2,1,0,0,0,0,1,0,0,0,0,0,0,0,4,4,4,4,4,3,3,3,3,2,2,3,2,3,3,2,2,3,2,2,3,2,2,3,2,2,1,2,2,3,0,0,0,0,0,0,0,0,1,1,4,4,4,4,4,4,4,3,3,4
syn_aggregate_00547,51,2.0,3,2,2,2,1,1,2,0,1,1,2,2,1,1,1,0,1,1,1,4,4,4,4,4,4,4,4,4,4,3,4,4,4,4,3,3,3,3,2,4,4,4,4,3,4,3,3,4,4,0,0,0,0,0,0,0,4,0,0,4,4,4,4,4,3,3,3,3,4
syn_aggregate_00548,20,1.0,3,3,2,3,1,2,2,0,0,0,0,0,0,0,0,0,0,2,0,0,0,0,0,0,0,0,0,0,2,1,1,1,1,1,1,1,1,1,1,2,2,1,2,2,1,1,1,1,0,0,1,0,0,0,0,0,0,0,0,0,1,1,0,1,0,0,1,1,0
syn_aggregate_00549,49,2.0,3,3,2,3,2,2,1,0,0,0,0,1,0,0,0,0,0,0,0,0,0,0,0,0,0,0,0,0,3,0,0,0,0,0,0,0,0,0,1,2,2,1,1,1,1,0,1,1,0,0,0,0,0,0,0,0,0,0,0,0,1,0,0,0,0,0,0,0,0
syn_aggregate_00550,46,1.0,3,3,3,3,2,2,3,1,1,0,0,0,0,0,0,0,0,0,0,0,0,0,0,1,0,0,0,0,0,1,2,1,1,2,1,1,1,1,1,2,1,1,2,1,1,0,0,0,0,0,0,0,0,0,0,0,0,0,1,0,1,1,0,1,0,0,1,0,0
syn_aggregate_00551,19,2.0,3,3,2,3,2,2,1,0,1,2,3,2,2,3,2,1,2,2,2,4,4,4,4,4,4,3,4,4,4,3,4,4,3,4,4,4,3,3,2,4,4,4,4,3,3,3,3,3,1,1,1,1,1,1,1,1,1,1,1,4,4,4,4,4,3,4,4,4,4
syn_aggregate_00552,22,2.0,3,3,2,3,2,2,0,0,0,0,0,0,0,0,0,0,0,1,0,1,1,0,1,1,1,1,0,1,1,3,4,3,3,2,3,3,3,2,4,1,1,0,1,0,0,1,0,1,0,0,0,0,0,0,0,0,0,0,2,1,3,2,1,2,2,1,2,1,1
syn_aggregate_00553,19,1.0,2,2,2,2,1,1,1,0,0,0,0,0,0,0,0,0,0,0,1,0,0,0,0,0,0,0,1,0,0,0,0,0,0,0,0,0,0,0,1,1,0,0,1,0,0,0,0,0,0,0,0,0,0,0,0,0,0,0,0,1,2,1,0,1,1,1,1,1,0
syn_aggregate_00554,21,2.0,3,3,3,3,2,3,3,2,0,2,2,2,1,2,1,1,1,2,2,3,3,3,3,3,3,3,3,3,2,3,3,3,3,2,2,3,3,3,2,4,4,4,4,4,3,4,4,4,4,0,0,0,0,0,0,0,0,4,0,4,4,4,3,4,3,4,4,4,2
syn_aggregate_00555,20,2.0,1,2,1,2,1,1,0,0,0,0,0,0,0,0,0,0,0,0,0,0,0,0,0,0,0,0,0,0,3,0,1,0,0,0,0,0,0,0,0,0,0,0,0,0,0,0,0,0,1,0,0,0,0,0,2,2,0,0,0,1,3,2,1,2,2,2,2,3,2
syn_aggregate_00556,26,2.0,3,3,3,3,3,3,3,3,3,1,2,1,0,1,1,1,1,2,1,0,1,0,0,0,0,0,0,0,0,3,3,3,2,3,3,3,2,2,3,4,4,3,4,3,3,3,2,3,0,1,2,1,1,1,2,1,1,1,1,3,4,4,3,4,4,4,3,4,4
syn_aggregate_00557,33,2.0,1,1,0,1,0,0,1,0,0,0,0,0,0,0,0,0,0,0,1,4,4,3,4,3,3,3,3,2,3,2,2,2,2,1,1,2,1,1,2,0,0,0,0,0,0,0,2,0,0,0,0,0,0,0,0,0,0,0,0,4,4,4,3,4,4,3,4,3,3
syn_aggregate_00558,43,1.0,0,0,0,0,0,0,0,0,0,0,0,1,0,0,0,0,0,0,0,1,1,1,1,0,1,0,1,1,1,0,0,0,0,0,0,0,0,0,0,1,1,0,1,1,0,0,0,0,0,2,0,0,0,0,0,0,0,0,0,0,1,0,0,0,0,0,0,0,1
syn_aggregate_00559,19,1.0,3,3,2,3,2,3,1,1,0,3,3,3,3,3,2,3,2,2,3,4,4,4,4,4,4,4,4,4,4,4,4,4,4,4,4,4,4,4,4,4,4,4,4,4,4,4,4,3,3,2,2,2,2,2,3,2,2,2,2,1,3,3,2,3,2,2,2,2,2
syn_aggregate_00560,20,1.0,3,3,2,3,2,2,1,0,0,0,1,0,0,0,0,0,0,0,0,2,2,2,2,2,2,2,2,2,2,1,1,1,1,1,1,2,1,2,0,2,1,1,2,1,0,0,0,1,1,0,0,0,0,0,1,0,0,0,1,2,4,3,2,3,2,2,3,2,3
syn_aggregate_00561,18,2.0,3,3,3,3,3,3,3,2,1,1,1,1,0,0,0,0,0,0,0,0,0,0,1,0,0,0,0,2,0,4,4,4,4,4,3,3,4,3,3,4,4,4,4,4,3,4,4,4,4,1,1,1,1,1,0,0,1,1,1,1,3,3,2,3,2,2,2,1,2
syn_aggregate_00562,18,1.0,3,3,2,3,2,3,1,0,0,0,0,0,0,0,0,0,0,0,2,3,3,2,3,2,3,2,2,2,3,3,4,4,3,3,3,4,3,3,3,3,3,3,4,3,2,2,3,2,3,0,1,0,0,0,0,0,0,0,0,2,4,3,2,4,2,3,3,3,2
syn_aggregate_00563,18,1.0,2,2,2,2,1,2,1,0,1,1,1,2,0,1,0,1,1,1,0,4,4,4,4,4,4,4,4,4,3,0,2,1,0,1,0,1,1,0,0,3,3,2,3,2,2,2,1,2,0,1,1,1,1,1,1,1,0,1,0,0,2,1,0,1,1,0,1,1,0
syn_aggregate_00564,18,1.0,3,3,2,3,1,2,2,1,0,0,1,0,0,0,1,0,0,1,0,3,3,4,4,3,4,4,3,3,4,1,2,2,1,2,2,2,2,1,2,3,3,3,3,3,3,2,1,3,4,0,1,0,0,0,0,1,0,0,0,3,4,4,3,4,4,3,4,4,3
syn_aggregate_00565,20,2.0,1,2,1,1,1,1,1,0,1,0,1,1,0,1,1,0,0,0,0,2,3,2,2,2,2,2,2,2,2,1,2,2,1,1,1,1,2,1,1,0,0,0,0,1,0,0,0,0,0,1,1,1,1,1,0,1,0,1,1,0,1,1,0,1,0,0,1,1,0
syn_aggregate_00566,18,2.0,0,0,0,0,0,0,0,0,0,0,0,0,0,0,0,0,0,0,0,1,1,0,1,0,1,0,0,0,0,0,0,0,0,0,0,0,0,0,0,0,0,0,1,0,0,0,0,0,0,0,0,0,0,0,0,0,0,0,0,0,0,0,0,0,0,0,0,0,0
syn_aggregate_00567,18,2.0,1,2,1,1,0,1,0,0,0,0,0,0,0,0,0,0,0,0,1,2,2,1,2,1,2,1,2,2,2,2,1,2,1,1,2,1,1,1,1,1,0,0,0,0,0,0,0,0,0,0,0,0,0,0,0,0,0,4,0,4,4,4,4,4,4,4,4,4,2
syn_aggregate_00568,51,1.0,0,0,0,0,0,0,0,0,0,0,0,0,0,0,1,0,0,0,0,0,0,0,0,0,0,0,0,0,0,2,2,2,2,2,2,2,2,2,2,0,0,0,0,0,0,0,0,0,0,0,0,0,0,0,0,0,0,0,1,0,1,1,0,0,0,0,0,1,0
syn_aggregate_00569,19,2.0,1,1,0,1,0,0,0,0,0,0,0,0,0,0,0,0,0,0,4,0,0,0,0,0,0,0,0,0,2,2,3,3,2,2,2,3,2,2,1,2,3,2,3,2,2,1,2,2,2,0,0,0,0,0,1,0,0,0,0,0,1,0,0,2,0,0,0,0,0
syn_aggregate_00570,22,2.0,3,3,2,3,2,3,2,2,0,0,0,1,0,0,0,0,0,0,0,4,4,4,4,4,4,3,4,4,3,4,4,4,4,4,3,4,4,4,3,4,4,3,4,3,3,3,3,4,2,0,1,0,0,0,0,0,0,0,0,1,2,2,1,2,1,1,2,1,1
syn_aggregate_00571,20,1.0,3,3,3,3,3,3,2,1,1,0,0,0,0,0,0,0,0,0,3,4,4,4,4,4,4,4,4,4,3,4,4,4,4,4,4,4,4,3,3,3,3,4,4,3,3,3,2,2,3,1,1,1,0,0,0,0,0,0,0,2,4,3,3,4,3,3,3,3,3
syn_aggregate_00572,19,1.0,2,2,2,2,1,2,1,0,1,0,1,0,0,0,0,1,0,0,2,2,2,2,2,2,2,1,2,2,2,2,3,3,3,2,3,2,2,2,3,4,3,4,3,2,3,2,3,3,3,0,0,0,0,0,0,0,0,0,1,0,2,2,1,2,1,2,2,2,2
syn_aggregate_00573,18,1.0,3,3,2,3,2,3,1,0,1,0,0,0,0,0,0,0,0,0,0,3,4,3,3,3,4,3,3,3,3,2,2,3,2,2,1,2,3,2,2,2,1,1,2,1,1,0,1,2,1,0,1,0,0,0,0,0,0,0,0,1,4,4,2,3,3,2,3,3,3
syn_aggregate_00574,51,2.0,1,1,1,0,0,0,0,0,0,0,0,0,0,0,0,0,0,0,0,0,0,0,0,0,0,1,0,0,0,0,0,0,0,0,0,0,0,0,0,1,0,0,0,0,0,0,0,0,0,0,0,0,0,0,0,0,0,0,0,0,0,0,0,0,0,0,0,0,0
syn_aggregate_00575,47,2.0,3,3,3,3,3,3,3,3,1,0,0,0,0,0,0,0,0,0,2,3,3,2,3,2,3,2,3,2,3,2,2,2,2,2,2,2,2,2,0,2,2,1,2,1,1,1,1,1,1,0,1,0,0,2,0,0,0,0,0,0,2,1,0,2,0,0,1,1,0
syn_aggregate_00576,22,2.0,1,1,1,1,1,0,0,0,0,0,0,0,0,0,0,0,0,0,0,0,0,1,0,0,0,0,0,0,0,0,1,1,0,1,0,0,0,0,0,0,0,0,0,0,0,0,0,0,1,0,0,0,0,0,0,0,0,0,0,0,1,1,0,1,0,0,0,0,0
syn_aggregate_00577,22,2.0,1,1,1,0,0,0,0,0,0,0,0,0,0,0,0,0,0,0,1,0,0,0,0,0,0,0,0,0,0,1,2,2,1,1,0,1,1,0,0,0,0,0,0,0,0,0,0,0,0,0,0,0,0,0,0,0,0,0,0,0,0,0,0,1,0,0,0,0,0
syn_aggregate_00578,44,2.0,3,3,1,2,1,2,0,0,1,0,0,0,0,0,0,0,0,0,1,3,3,2,3,2,2,2,2,2,3,1,2,2,1,2,2,2,2,2,2,4,4,4,4,3,4,3,4,3,4,1,1,1,1,1,1,1,1,1,1,3,4,4,3,4,3,3,3,3,2
syn_aggregate_00579,37,2.0,3,3,3,3,3,3,3,2,0,0,0,0,0,0,0,0,0,0,0,3,3,2,3,2,3,3,2,3,3,2,3,3,2,2,3,3,2,2,2,3,3,3,3,2,2,3,2,3,3,0,0,0,0,1,0,0,0,0,0,3,4,4,3,4,3,3,4,3,2
syn_aggregate_00580,51,2.0,2,2,0,1,0,0,0,0,0,0,1,0,0,0,0,1,0,0,2,3,3,2,2,1,3,2,2,2,1,3,3,3,2,3,3,2,2,3,2,4,4,4,4,4,3,4,4,4,4,0,0,0,0,0,0,0,0,0,4,0,2,1,0,1,1,1,1,1,0
syn_aggregate_00581,19,1.0,1,1,1,2,1,1,1,0,1,0,1,0,0,0,0,0,0,0,0,1,2,1,1,1,1,1,0,0,0,0,2,1,1,1,2,2,1,1,1,3,3,2,3,2,2,2,2,2,2,0,0,1,0,0,0,0,0,1,0,0,2,1,0,2,1,1,1,1,1
syn_aggregate_00582,44,2.0,1,2,0,0,0,0,0,0,0,0,0,0,0,0,0,0,0,2,0,0,0,0,0,0,0,0,0,0,0,1,1,2,1,1,2,0,1,1,0,1,0,0,1,0,0,0,0,0,1,0,0,0,0,0,0,0,0,0,0,0,1,1,0,1,0,0,0,0,0
syn_aggregate_00583,21,1.0,3,3,2,3,2,1,1,0,1,0,0,0,0,0,0,0,0,3,0,2,3,2,2,2,2,2,2,2,1,3,3,3,4,3,3,3,3,2,2,3,4,3,3,3,3,3,3,3,3,0,1,0,0,0,0,0,0,0,0,3,4,4,3,4,3,3,4,3,2
syn_aggregate_00584,46,2.0,3,3,1,2,1,1,1,0,0,0,0,0,0,0,0,0,0,0,3,0,1,0,0,0,0,0,0,2,0,0,0,0,0,0,0,0,0,0,0,0,0,0,1,1,0,0,0,0,0,0,0,0,1,0,0,0,0,1,1,0,1,1,0,1,0,0,1,0,0
syn_aggregate_00585,18,1.0,3,3,3,3,2,3,2,1,0,4,4,4,3,3,3,2,4,4,1,2,3,2,2,2,3,2,2,2,1,3,4,3,3,3,3,3,4,2,3,4,4,4,4,4,4,4,3,3,3,1,1,1,1,0,2,1,1,0,1,3,4,4,3,4,4,4,4,4,4
syn_aggregate_00586,48,2.0,3,3,2,3,2,3,2,1,0,0,1,1,0,1,0,0,1,1,0,4,4,4,4,4,3,3,3,4,3,4,4,4,4,4,4,4,4,3,2,4,4,4,4,4,4,4,4,4,4,2,3,2,3,2,2,2,2,2,3,3,4,4,3,4,3,3,3,3,2
syn_aggregate_00587,22,1.0,2,2,1,2,1,0,1,0,0,0,0,0,0,0,0,0,2,0,0,3,3,3,3,3,3,3,2,3,2,0,2,1,1,1,0,0,0,0,0,2,2,1,2,1,2,1,1,1,1,0,0,0,0,0,0,0,1,0,0,0,2,2,1,2,1,1,2,1,3
syn_aggregate_00588,25,2.0,0,0,0,0,0,0,0,0,0,0,0,0,0,0,0,0,0,0,0,0,0,0,0,0,0,0,0,0,0,0,0,0,0,0,0,0,1,0,0,0,0,0,0,0,0,0,1,1,0,0,0,0,0,0,0,0,0,0,2,0,0,0,0,0,0,0,0,0,0
syn_aggregate_00589,18,2.0,3,3,2,3,2,3,3,2,3,3,3,2,2,2,2,2,1,2,1,3,3,2,3,2,2,2,2,2,2,3,4,4,3,4,4,3,4,3,2,3,3,3,3,2,3,2,2,2,3,0,0,0,0,0,0,0,0,1,2,0,2,2,0,2,1,1,2,1,1
syn_aggregate_00590,20,2.0,3,3,3,3,2,3,1,1,2,2,2,2,2,2,2,2,1,2,2,4,4,4,4,4,4,4,3,3,3,2,2,2,2,2,2,2,1,1,3,4,4,4,4,3,3,4,4,4,4,2,2,2,2,2,1,1,2,2,1,2,3,3,2,3,3,3,3,2,3
syn_aggregate_00591,48,2.0,0,1,0,1,0,1,0,0,0,1,1,1,0,1,1,0,1,0,0,1,1,0,0,0,0,0,1,0,2,1,3,2,2,2,1,2,2,2,1,0,0,0,0,0,0,0,0,0,0,0,0,1,0,0,0,0,1,0,0,0,0,0,0,0,0,0,0,0,0
syn_aggregate_00592,20,2.0,2,2,2,2,1,2,1,1,0,0,0,0,0,0,0,0,0,2,0,2,2,2,2,2,1,1,2,2,2,3,4,4,3,3,3,4,3,4,2,3,3,2,3,2,2,1,2,2,2,1,1,1,1,1,0,0,0,1,0,0,1,1,0,1,0,0,2,1,0
syn_aggregate_00593,42,2.0,0,1,0,1,0,0,1,0,1,1,2,2,0,1,0,0,1,3,0,3,3,3,3,3,2,2,2,2,3,3,3,3,3,3,3,2,2,3,2,4,4,4,4,3,4,4,4,3,3,0,0,0,0,0,0,0,0,0,2,3,4,4,3,4,4,4,4,4,4
syn_aggregate_00594,18,1.0,1,1,0,1,0,0,1,0,0,0,0,0,0,0,0,0,0,0,1,2,2,1,2,1,1,1,1,1,3,0,0,2,0,0,0,0,0,0,0,1,1,1,1,1,0,0,0,0,0,0,0,0,0,0,0,0,0,0,1,0,0,0,0,0,0,0,1,2,0
syn_aggregate_00595,19,2.0,3,3,3,3,2,3,2,1,0,0,0,0,0,0,0,0,0,1,0,0,0,0,0,1,0,0,0,0,0,3,4,4,3,3,2,3,2,2,4,1,0,0,0,0,0,1,0,0,0,0,0,0,0,0,0,0,0,0,0,0,1,1,1,1,1,0,1,1,1
syn_aggregate_00596,19,1.0,0,1,0,0,0,0,0,0,0,0,0,0,0,0,0,0,0,1,0,0,0,0,0,0,0,0,0,0,0,1,1,1,1,1,1,0,1,1,0,2,1,1,2,1,1,1,1,1,1,0,0,0,0,0,0,0,0,0,2,0,1,0,0,0,0,0,0,0,0
syn_aggregate_00597,19,1.0,0,0,0,0,0,0,0,0,0,0,1,0,0,0,0,0,0,0,0,0,0,1,0,0,0,0,0,0,0,0,0,0,0,0,0,0,1,0,0,3,3,3,3,2,2,2,2,2,2,0,0,0,0,2,0,0,0,0,0,0,0,0,0,0,0,0,0,0,0
syn_aggregate_00598,18,2.0,3,3,2,3,2,3,2,1,0,0,0,0,0,0,0,0,0,1,0,2,3,2,1,2,3,2,2,2,2,3,4,4,3,4,4,4,4,3,1,2,1,1,2,1,1,1,1,1,1,0,1,0,0,0,0,0,0,0,0,3,4,4,3,4,4,4,4,3,4
syn_aggregate_00599,22,2.0,3,3,3,3,3,3,3,2,3,0,1,0,0,1,0,0,1,0,0,2,3,2,3,2,3,2,2,2,3,4,4,4,4,4,4,4,4,4,3,4,4,4,4,4,3,3,3,3,3,1,1,0,1,0,1,1,0,0,1,3,4,4,3,4,4,4,4,3,3
syn_aggregate_00600,21,2.0,1,2,1,2,0,0,0,0,0,0,0,0,0,0,0,0,0,0,4,4,4,4,4,4,4,4,3,3,3,2,3,3,3,3,3,3,3,2,3,4,4,4,4,3,4,4,3,4,3,0,1,0,1,0,1,0,1,0,1,0,1,1,0,0,0,0,0,0,2
syn_aggregate_00601,18,2.0,0,2,0,0,0,0,0,0,0,0,0,0,0,0,0,0,0,0,3,0,1,0,0,0,0,0,0,0,0,0,1,1,0,1,0,1,1,0,1,1,0,0,0,0,0,0,0,0,0,0,0,0,0,0,0,0,0,1,0,0,1,1,0,1,0,0,1,0,0
syn_aggregate_00602,19,1.0,3,3,3,3,2,3,2,0,0,0,0,0,0,0,0,1,0,0,0,4,3,3,4,3,4,3,3,2,3,4,4,4,4,4,3,4,3,4,2,4,4,4,4,4,4,4,3,3,4,1,2,2,1,1,2,1,1,1,3,3,4,4,3,4,4,4,4,4,3
syn_aggregate_00603,20,1.0,0,1,0,0,0,0,0,0,0,1,2,2,1,1,1,1,1,2,1,4,4,4,4,4,3,4,3,4,3,1,2,1,1,2,1,1,2,1,1,1,0,0,0,0,0,0,0,0,0,0,0,1,0,0,0,1,0,0,2,1,4,3,1,3,2,2,3,2,3
syn_aggregate_00604,18,1.0,3,3,2,2,2,2,0,0,0,0,0,0,0,0,0,0,0,0,0,1,2,1,1,1,2,1,1,1,0,2,2,2,1,2,2,2,2,1,3,0,0,0,0,0,0,0,0,4,0,0,0,0,0,0,0,1,2,0,0,0,2,1,0,2,1,1,2,1,0
syn_aggregate_00605,38,2.0,1,2,1,2,0,1,1,0,0,0,0,0,0,0,0,0,0,0,0,0,0,0,0,0,1,0,0,0,0,0,1,0,0,0,0,1,0,0,0,1,1,0,1,0,0,0,0,1,0,0,0,0,0,0,0,0,0,0,2,0,2,1,0,1,0,0,1,2,1
syn_aggregate_00606,42,2.0,1,2,1,1,1,1,1,0,0,0,0,0,0,0,0,0,0,0,4,2,2,2,1,2,2,1,2,2,2,0,0,0,0,0,0,0,0,0,3,4,4,4,4,3,3,3,3,3,2,0,0,0,0,0,1,0,0,0,2,1,2,2,1,2,2,1,2,2,1
syn_aggregate_00607,19,2.0,3,3,3,3,3,3,3,2,2,0,0,0,1,0,1,0,0,0,0,4,4,4,4,4,4,3,4,4,4,4,4,4,4,4,4,4,4,3,4,4,4,4,4,3,4,3,4,3,3,0,0,0,0,0,0,0,0,4,0,3,4,4,3,4,3,3,3,3,2
syn_aggregate_00608,50,2.0,2,2,1,1,1,1,0,0,0,0,0,0,0,0,0,0,0,0,0,0,1,0,1,0,1,0,1,0,1,2,2,2,2,2,2,1,2,2,1,3,3,3,3,2,2,2,2,1,1,0,0,0,0,0,1,0,0,0,0,2,3,3,2,3,1,1,2,2,2
syn_aggregate_00609,18,2.0,0,2,0,0,0,0,0,0,0,0,0,0,0,0,0,0,0,0,0,2,2,2,2,1,2,1,1,2,2,0,2,1,1,1,1,1,1,1,0,1,1,1,1,1,1,0,0,1,1,0,1,0,0,0,0,1,0,0,0,0,1,1,0,0,0,0,0,0,0
syn_aggregate_00610,25,2.0,2,2,1,2,1,1,2,0,1,0,0,0,0,0,0,0,0,0,0,3,3,3,3,2,2,2,2,2,2,0,1,1,0,1,1,1,1,1,0,2,2,1,2,1,2,1,1,1,2,0,0,0,0,0,0,0,0,0,2,2,3,3,2,3,2,2,3,2,2
syn_aggregate_00611,21,2.0,3,3,2,3,2,2,2,1,1,0,1,0,0,0,0,0,0,0,3,2,2,1,2,1,1,1,1,1,2,0,1,0,0,0,0,2,0,0,1,1,1,1,1,1,0,0,0,0,0,0,0,0,0,0,0,0,0,0,2,1,3,3,1,3,2,2,3,2,1
syn_aggregate_00612,27,1.0,2,2,1,2,1,0,1,0,0,0,0,2,0,0,0,0,0,0,0,0,1,0,0,0,0,0,0,0,0,1,2,2,1,1,1,1,1,1,1,2,2,1,2,1,0,0,0,1,0,0,0,0,0,0,0,0,0,0,0,0,0,1,0,0,0,0,0,0,0
syn_aggregate_00613,20,2.0,3,3,3,3,3,2,2,1,1,0,0,0,0,0,0,0,0,0,0,1,2,1,2,1,1,1,1,1,2,0,2,2,1,1,1,1,1,1,1,1,1,0,1,0,1,0,0,1,0,0,0,0,0,0,0,0,0,0,2,1,3,3,1,3,2,2,3,2,2
syn_aggregate_00614,20,2.0,3,3,1,2,1,0,0,0,0,0,0,0,0,0,0,0,0,1,0,1,2,1,2,1,2,1,1,1,2,2,2,2,2,2,2,1,2,1,3,2,2,2,2,2,1,1,1,1,1,0,0,0,0,0,0,0,2,0,0,0,2,2,0,2,1,1,2,2,0
syn_aggregate_00615,19,2.0,3,3,3,3,3,3,3,3,3,0,1,0,0,0,0,0,0,0,0,2,3,2,2,2,3,2,1,2,1,4,4,4,4,3,4,4,3,4,4,3,3,2,3,2,2,2,2,3,2,0,0,0,0,0,0,0,0,0,2,1,3,3,2,3,2,2,2,2,2
syn_aggregate_00616,19,2.0,1,1,0,1,0,0,0,0,0,0,2,0,0,0,0,0,0,0,0,2,2,2,2,2,2,2,1,1,2,1,2,1,1,1,1,2,1,2,1,0,0,0,0,0,0,0,0,0,0,0,0,0,0,0,0,0,0,3,0,0,1,0,0,2,0,0,0,0,0
syn_aggregate_00617,31,2.0,3,3,2,3,2,2,2,1,1,0,0,0,0,0,0,0,0,0,2,0,0,0,0,0,0,0,0,0,0,0,1,1,0,1,0,1,0,0,0,2,2,2,2,2,1,1,1,1,2,0,1,0,0,0,0,0,0,0,0,1,1,1,0,2,0,0,1,1,0
syn_aggregate_00618,20,2.0,2,2,2,2,1,1,1,0,0,0,0,0,0,0,0,0,0,0,0,3,3,2,3,3,2,2,2,2,2,3,4,4,3,3,3,3,3,3,3,3,3,2,3,2,2,2,2,2,1,0,0,0,0,0,0,0,0,0,3,1,2,2,1,2,2,1,2,1,2
syn_aggregate_00619,45,2.0,2,2,1,1,1,1,1,0,0,0,0,0,0,0,0,0,0,0,0,0,0,0,0,0,0,0,0,0,0,1,2,1,1,1,1,1,1,0,0,0,0,0,0,0,0,0,0,2,0,0,1,0,0,0,0,1,0,0,0,0,2,1,0,1,0,0,1,1,0
syn_aggregate_00620,20,2.0,1,1,0,1,0,0,0,0,0,0,0,0,0,0,0,0,0,0,1,3,3,3,3,3,2,2,3,2,2,1,2,2,1,1,2,0,1,1,0,0,0,1,0,0,0,0,0,2,0,0,2,0,0,0,0,0,0,0,0,3,4,4,3,4,3,3,3,3,3
syn_aggregate_00621,29,2.0,0,0,0,0,0,0,0,0,0,0,0,0,0,0,0,0,0,0,0,0,0,0,0,0,0,0,0,0,1,0,0,0,0,0,0,0,0,0,4,0,0,0,0,0,0,0,0,0,0,0,0,0,0,0,0,0,0,0,0,0,0,0,0,0,0,0,0,0,0
syn_aggregate_00622,18,1.0,3,3,3,3,3,3,3,3,2,1,2,1,1,2,1,0,2,1,2,4,4,4,4,4,4,4,4,3,2,4,4,4,4,4,4,3,4,4,4,4,4,4,4,3,4,3,3,3,4,1,1,1,1,1,1,1,0,0,1,4,4,4,3,4,4,3,4,4,4
syn_aggregate_00623,47,2.0,1,1,0,1,0,0,0,0,0,0,0,0,0,0,0,0,0,0,2,2,1,1,2,2,1,1,1,1,1,4,4,4,4,4,4,4,4,4,0,4,3,4,3,3,3,3,3,4,3,1,1,1,1,1,1,0,0,0,0,0,2,2,0,2,1,1,1,1,0
syn_aggregate_00624,19,1.0,1,1,1,1,0,0,0,0,0,0,1,1,0,1,0,0,0,0,0,2,2,1,2,2,2,2,1,1,1,4,4,4,4,4,4,4,3,3,3,4,4,4,4,3,4,3,3,3,3,1,1,1,0,0,0,1,0,0,0,2,4,4,3,4,3,3,3,3,2
syn_aggregate_00625,41,2.0,1,2,1,2,1,0,1,0,0,0,0,0,0,1,0,0,0,0,0,2,2,2,2,2,1,2,1,2,3,3,3,3,3,3,3,3,2,3,3,3,2,2,3,2,2,2,1,3,1,1,1,1,0,1,1,1,0,1,1,2,3,2,2,3,2,1,2,1,1
syn_aggregate_00626,19,2.0,3,3,2,3,2,2,1,0,0,0,0,0,0,0,0,0,0,3,0,1,1,1,2,1,1,2,1,1,1,2,3,3,2,2,2,2,2,2,1,2,1,1,2,1,1,0,1,1,1,0,0,0,0,0,0,0,0,1,0,1,4,3,2,4,2,2,3,3,2
syn_aggregate_00627,18,1.0,1,1,1,1,1,0,0,0,0,0,0,0,0,0,0,0,0,0,3,2,2,2,2,2,2,2,1,2,2,1,2,2,1,2,2,1,1,2,1,2,1,1,2,1,1,1,0,1,1,0,0,0,0,0,0,0,0,3,0,1,4,4,2,4,4,3,4,3,4
syn_aggregate_00628,19,2.0,2,2,1,2,1,1,1,0,0,0,0,0,0,0,0,0,1,0,0,3,3,2,3,2,3,2,2,2,1,1,2,1,1,2,0,1,2,0,0,3,3,3,3,2,2,2,2,2,2,0,0,0,0,0,0,0,3,0,0,0,1,0,0,1,0,0,0,0,0
syn_aggregate_00629,22,2.0,1,1,0,1,0,0,0,0,0,0,0,0,0,0,0,0,0,0,0,2,2,1,2,1,2,1,1,1,2,0,1,1,0,1,0,1,1,0,1,2,1,1,2,0,1,0,0,0,1,0,0,0,0,0,0,0,0,0,2,1,3,2,1,2,1,1,2,2,0
syn_aggregate_00630,21,1.0,0,0,0,0,0,0,0,0,0,0,0,0,0,0,0,0,0,0,0,1,1,1,1,1,0,0,0,0,1,3,4,4,3,4,3,3,4,3,2,0,0,0,0,0,0,0,0,0,0,0,0,0,0,0,0,0,0,1,0,0,2,0,0,0,0,0,0,0,0
syn_aggregate_00631,19,2.0,3,3,3,3,2,2,0,0,0,1,1,1,1,1,1,0,0,0,0,3,4,3,3,3,4,3,3,3,3,3,4,4,3,3,4,3,4,3,2,4,3,4,4,3,3,3,3,3,2,0,0,0,0,0,1,1,0,1,1,0,2,1,0,2,0,0,0,0,0
syn_aggregate_00632,19,2.0,3,3,3,3,2,3,3,1,1,0,0,1,0,0,0,0,0,0,0,0,0,0,0,0,0,0,0,1,2,2,3,2,2,2,1,2,2,1,2,2,2,1,2,1,1,0,1,1,2,1,2,1,1,0,1,1,1,1,3,0,2,2,1,2,1,1,2,1,0
syn_aggregate_00633,22,1.0,2,2,1,1,1,1,0,0,0,0,1,0,0,0,0,0,0,1,0,0,0,1,0,1,0,0,0,0,0,0,0,0,0,0,0,0,0,0,1,0,0,0,0,0,0,0,0,0,0,0,0,0,0,0,0,0,0,0,2,0,0,0,0,2,0,0,0,0,0
syn_aggregate_00634,19,1.0,2,3,2,2,1,2,1,0,0,1,1,0,0,0,0,0,0,0,0,3,3,3,3,3,2,2,2,3,3,4,4,4,4,4,3,4,3,4,3,4,4,4,4,3,3,3,3,4,2,0,0,0,0,0,0,0,0,0,4,1,2,1,1,2,1,1,1,2,3
syn_aggregate_00635,19,2.0,2,2,1,2,1,1,1,0,0,2,3,3,2,3,2,2,2,2,1,4,4,4,4,4,4,4,4,4,4,1,1,2,1,1,1,1,1,1,1,4,4,4,4,4,4,4,3,3,3,1,2,2,1,1,1,2,1,0,2,3,4,4,3,4,4,4,4,3,3
syn_aggregate_00636,19,1.0,1,1,1,1,1,0,0,0,0,0,0,0,0,0,0,0,0,0,4,2,3,2,2,2,3,2,2,2,2,2,3,3,2,2,2,2,2,2,1,2,2,2,2,1,2,1,1,1,1,0,0,0,0,0,0,0,0,0,0,1,2,2,1,2,1,1,2,1,2
syn_aggregate_00637,18,2.0,1,2,1,1,0,0,1,0,0,0,0,0,0,0,0,0,0,2,0,2,2,1,2,1,2,1,1,1,2,0,0,0,0,0,1,0,0,0,0,3,2,2,3,2,2,1,2,1,2,0,0,0,0,0,0,4,0,0,0,3,4,4,3,4,4,4,4,3,4
syn_aggregate_00638,20,2.0,3,3,2,3,2,2,1,0,0,1,2,2,1,1,1,1,1,1,1,4,4,4,4,4,4,3,3,4,3,3,4,4,4,3,4,3,4,3,2,2,2,2,2,1,1,1,1,1,1,1,1,1,1,1,0,0,0,0,1,3,4,4,3,4,3,3,3,3,3
syn_aggregate_00639,18,1.0,1,0,0,0,0,0,0,0,0,0,0,0,0,0,1,0,0,0,0,0,0,0,0,0,0,0,0,0,4,0,0,0,0,0,0,0,0,0,1,0,0,0,0,0,0,0,0,0,0,0,0,0,0,0,0,0,0,0,0,0,0,0,0,4,0,0,0,0,0
syn_aggregate_00640,21,1.0,3,3,2,2,1,2,2,0,1,0,1,0,0,0,0,0,0,0,0,4,4,4,4,4,4,3,3,4,2,4,4,4,4,4,4,3,4,3,3,2,1,1,2,1,1,1,0,1,1,0,0,0,0,0,0,0,0,0,2,1,2,2,1,2,2,2,2,1,3
syn_aggregate_00641,39,2.0,2,2,1,1,1,1,1,0,0,2,2,2,1,2,1,1,2,1,2,4,4,4,4,4,4,4,4,3,3,3,3,3,3,2,2,3,2,2,2,4,4,4,4,3,3,4,4,4,4,1,1,1,1,1,0,1,1,0,2,0,1,1,0,1,0,0,1,0,0
syn_aggregate_00642,19,2.0,2,2,1,1,0,0,0,0,0,1,1,1,1,1,0,0,1,0,0,0,0,0,0,0,0,0,0,0,2,0,1,1,0,1,0,0,1,0,2,2,2,1,1,1,0,0,0,1,1,0,0,0,0,1,0,0,0,0,0,0,0,1,0,0,0,0,0,0,0
syn_aggregate_00643,44,1.0,0,1,0,0,0,0,0,0,0,0,0,0,0,0,0,0,0,0,0,1,1,0,1,0,1,0,0,1,0,0,1,1,0,1,0,1,0,1,0,0,0,0,0,0,0,0,0,0,0,0,0,0,0,0,0,0,0,0,0,0,2,2,0,0,0,0,0,0,0
syn_aggregate_00644,27,2.0,3,3,3,3,3,3,2,2,2,1,2,2,1,2,1,1,1,1,1,3,3,2,3,2,3,2,2,3,2,2,3,3,2,2,2,3,3,2,2,3,4,3,3,3,3,2,3,3,3,1,2,1,1,1,2,1,1,1,1,2,4,3,2,4,3,3,3,3,2
syn_aggregate_00645,26,1.0,3,3,2,3,2,2,2,0,1,0,0,0,0,0,0,0,0,0,4,4,4,4,4,4,4,4,4,3,3,3,3,3,3,3,3,3,2,3,2,4,4,4,4,4,4,3,4,3,4,0,0,1,0,0,0,1,0,0,1,1,3,2,1,2,2,1,2,2,3
syn_aggregate_00646,21,1.0,3,3,2,3,2,2,1,1,0,0,0,0,0,0,0,0,0,0,2,1,1,1,1,0,1,0,0,0,0,3,4,4,4,4,3,3,4,4,2,4,4,4,4,4,4,4,3,4,3,0,0,0,0,0,1,0,0,0,1,3,3,3,3,3,3,3,3,3,2
syn_aggregate_00647,22,2.0,1,2,2,2,1,2,1,0,0,1,1,2,0,1,1,1,1,1,1,1,1,1,1,1,1,1,2,2,1,2,3,2,2,2,1,2,2,2,1,4,4,4,4,4,4,4,4,3,4,2,2,2,1,2,2,2,2,1,2,0,2,1,0,2,1,1,2,1,1
syn_aggregate_00648,22,2.0,3,3,3,3,3,3,2,1,1,1,2,1,1,1,1,2,1,1,2,1,2,1,2,2,2,2,1,2,1,0,1,1,1,1,0,1,0,0,0,4,4,4,4,4,4,4,4,3,4,0,0,1,0,0,0,0,0,0,0,1,3,2,1,2,2,2,2,2,2
syn_aggregate_00649,22,1.0,1,0,0,0,0,0,0,0,0,0,0,0,0,0,0,0,0,0,0,1,2,0,0,0,1,0,0,0,2,0,1,1,0,1,0,1,1,0,1,1,0,0,0,0,0,0,0,0,0,0,1,0,0,0,0,0,1,1,0,0,0,0,0,0,0,0,0,0,0
syn_aggregate_00650,18,2.0,2,2,1,1,0,1,1,0,0,0,0,0,0,0,1,0,0,0,1,0,0,0,0,0,0,0,0,1,0,1,2,2,1,1,1,2,1,1,0,0,0,1,0,0,0,0,0,0,0,0,0,0,0,1,0,1,0,0,0,1,1,1,0,1,0,0,1,0,0
syn_aggregate_00651,19,1.0,3,3,2,2,1,2,0,0,0,0,0,0,0,0,0,0,0,0,0,4,4,4,4,4,4,3,3,3,3,3,4,3,3,3,3,3,2,3,1,2,1,1,2,1,0,0,0,1,0,0,0,0,0,0,0,0,0,1,0,3,4,4,3,4,3,3,4,4,3
syn_aggregate_00652,20,2.0,1,0,0,0,0,0,0,0,0,0,0,0,0,0,0,0,0,0,0,0,0,0,0,0,0,0,0,0,0,3,4,4,3,3,2,2,3,2,1,0,0,0,0,0,0,0,0,0,0,0,0,0,0,0,0,0,0,0,1,0,0,0,0,0,0,0,0,0,1
syn_aggregate_00653,20,2.0,3,3,2,3,2,3,2,1,1,1,1,1,0,1,0,0,0,1,0,0,0,0,0,0,0,0,0,2,0,0,0,0,0,0,0,0,0,0,2,0,1,0,0,0,0,0,0,0,0,0,0,0,0,0,0,0,0,0,2,1,3,2,1,3,2,2,2,2,1
syn_aggregate_00654,24,1.0,1,2,1,0,0,0,0,0,0,0,0,0,0,0,0,0,0,0,0,1,1,0,1,1,1,1,0,1,0,0,1,0,0,0,0,0,0,0,0,1,1,0,1,0,0,0,0,0,0,0,0,0,0,0,0,0,0,1,0,0,2,1,0,1,1,1,1,1,0
syn_aggregate_00655,48,1.0,3,3,2,3,2,1,1,0,1,2,2,2,1,2,2,1,2,1,2,3,4,3,3,2,3,3,2,2,2,1,1,1,0,1,1,1,1,0,1,2,2,2,3,2,2,1,2,2,3,0,0,0,0,0,0,0,0,0,2,2,4,4,2,4,2,2,3,3,1
syn_aggregate_00656,19,2.0,3,3,3,3,3,3,3,2,2,1,1,1,0,1,1,0,1,1,1,2,2,2,2,2,2,2,3,3,2,3,4,4,3,3,3,4,3,2,2,0,0,0,0,0,0,0,0,0,4,0,1,0,0,0,0,0,0,0,0,1,3,3,1,3,2,2,2,2,1
syn_aggregate_00657,22,2.0,3,3,2,3,1,3,3,0,0,0,0,0,0,0,0,0,0,0,3,1,1,1,1,1,0,0,0,0,0,0,0,0,0,0,0,0,0,0,1,3,3,3,3,2,2,2,2,2,2,0,0,0,0,0,1,2,0,0,0,1,3,3,1,3,2,2,3,3,1
syn_aggregate_00658,20,2.0,2,2,2,2,1,2,1,0,1,0,0,0,0,0,0,0,0,0,0,0,0,0,1,0,0,0,0,1,0,1,2,2,2,2,1,2,2,1,2,1,1,1,2,1,1,0,0,0,0,0,0,0,0,0,0,0,0,0,0,0,0,0,0,0,0,0,0,0,0
syn_aggregate_00659,22,2.0,3,3,2,3,2,3,2,1,0,1,2,1,1,1,1,0,1,2,1,4,4,4,4,3,4,3,3,3,3,1,2,2,1,2,1,1,1,0,0,4,3,3,4,3,4,2,3,3,2,0,0,0,0,0,3,0,0,0,0,1,2,2,1,2,2,1,2,2,2
syn_aggregate_00660,20,2.0,3,3,2,3,2,2,1,0,0,0,1,0,0,0,0,0,0,0,0,2,2,2,2,1,1,1,1,2,2,2,3,2,3,2,3,2,2,2,1,4,4,4,4,4,4,4,3,4,3,0,1,0,0,0,0,0,0,1,0,0,0,0,0,0,0,0,0,0,2
syn_aggregate_00661,22,1.0,3,3,2,2,2,2,1,1,0,0,0,0,0,0,0,0,0,0,2,4,4,3,4,3,4,3,3,3,2,3,4,4,3,3,3,4,3,3,0,3,3,2,3,2,2,2,2,1,3,1,1,1,0,0,1,0,0,0,0,0,2,2,0,2,0,0,0,0,0
syn_aggregate_00662,19,2.0,2,2,1,1,1,1,0,0,0,2,2,2,1,2,1,1,1,2,0,4,4,4,3,4,4,3,4,3,4,3,4,4,3,3,4,4,3,3,3,3,3,3,3,3,4,3,3,3,3,0,0,0,0,0,0,0,0,0,4,4,4,4,3,4,4,3,4,4,3
syn_aggregate_00663,36,2.0,3,3,2,3,2,3,2,2,2,1,2,1,0,1,2,0,2,2,2,4,4,4,4,4,4,4,4,4,4,4,4,4,4,4,4,3,4,4,4,4,3,3,4,2,3,3,3,3,2,1,1,0,1,1,1,1,1,1,2,0,3,3,1,3,2,2,3,2,0
syn_aggregate_00664,22,1.0,0,1,0,1,0,0,0,0,0,0,0,0,0,0,0,0,0,0,2,2,2,1,2,2,2,2,1,2,2,2,3,3,2,2,3,2,2,2,1,1,1,0,1,1,0,0,1,0,0,1,1,1,1,1,2,1,1,0,2,0,2,1,0,2,1,1,2,1,1
syn_aggregate_00665,21,2.0,3,3,2,3,2,3,3,2,3,0,0,0,0,0,0,0,0,0,0,4,4,4,4,4,4,4,4,4,3,0,1,1,0,1,1,1,1,1,0,2,1,1,2,1,1,0,1,1,0,0,0,0,0,0,0,0,0,0,0,1,3,2,1,3,2,2,2,3,2
syn_aggregate_00666,19,2.0,2,2,1,1,1,0,1,0,0,0,1,1,0,0,0,0,0,0,0,3,3,3,4,3,3,3,3,3,2,1,1,1,1,0,1,0,1,0,0,1,2,0,1,1,1,0,0,1,0,0,0,0,0,0,0,0,0,0,4,1,3,2,2,3,2,2,2,2,2
syn_aggregate_00667,20,1.0,2,3,2,2,1,1,1,0,1,2,2,2,1,2,3,2,2,2,2,4,4,4,4,4,4,4,4,4,4,4,4,4,4,4,4,4,4,4,4,4,4,4,4,4,4,4,4,3,3,3,3,3,3,3,3,3,3,3,4,3,4,4,4,4,4,3,4,3,3
syn_aggregate_00668,18,1.0,0,0,1,1,0,0,0,0,0,0,1,0,0,0,0,0,0,0,0,4,4,4,4,4,4,3,3,3,1,2,3,3,2,2,2,2,2,2,1,2,1,1,2,1,1,0,0,1,0,0,0,0,0,0,0,0,0,0,0,1,2,2,1,2,1,1,2,2,2
syn_aggregate_00669,19,1.0,1,1,1,0,0,0,0,0,0,0,0,0,0,0,1,0,0,0,1,0,1,0,0,0,0,0,0,0,0,0,0,0,0,0,0,0,0,0,0,2,1,1,2,0,0,0,0,0,0,0,0,0,1,0,0,0,0,0,0,0,1,0,0,2,0,0,0,0,0
syn_aggregate_00670,27,2.0,3,3,2,3,2,3,1,1,0,0,0,1,0,0,0,0,0,0,0,2,2,1,2,2,2,1,2,2,2,0,0,0,0,0,0,0,0,2,0,4,4,4,3,3,3,2,3,3,3,0,0,1,0,0,0,0,0,2,0,1,3,3,1,3,2,2,3,2,2
syn_aggregate_00671,19,2.0,3,3,2,3,2,1,1,0,0,1,1,1,1,1,0,1,1,1,1,2,3,2,2,2,2,2,1,2,2,0,0,0,0,0,0,0,0,0,0,1,1,1,1,1,1,1,1,1,1,1,2,1,1,1,2,2,0,1,1,0,3,2,1,2,2,2,3,3,3
syn_aggregate_00672,21,2.0,3,3,3,3,2,3,3,2,0,0,0,0,0,0,0,0,0,0,0,3,3,3,3,2,3,3,3,2,2,4,4,4,4,4,3,4,4,4,4,3,3,3,3,2,2,2,2,2,2,0,0,0,0,0,0,0,0,0,0,2,4,4,2,4,3,3,4,3,3
syn_aggregate_00673,51,2.0,1,1,1,1,0,1,0,0,0,0,0,0,0,0,0,0,0,0,4,0,0,0,0,0,0,0,0,0,3,1,2,1,1,2,1,1,1,1,1,3,3,2,3,2,2,2,2,2,2,0,0,0,0,0,0,0,0,0,3,0,1,0,0,0,0,0,1,0,0
syn_aggregate_00674,21,2.0,3,3,2,3,2,3,2,2,2,1,2,2,1,1,1,0,2,2,2,2,2,1,2,2,2,2,1,2,2,4,4,4,4,4,4,4,4,3,3,4,3,3,4,3,3,3,3,2,2,1,1,0,0,0,0,0,0,1,0,0,1,0,0,1,0,0,1,0,0
syn_aggregate_00675,20,2.0,3,3,3,3,3,3,3,3,3,0,1,1,0,0,0,0,0,0,0,4,4,4,4,4,4,4,4,4,4,4,4,4,4,4,3,3,3,3,3,4,4,4,4,4,4,4,4,4,4,2,2,2,2,2,1,1,1,1,1,1,3,3,1,3,2,2,2,2,1
syn_aggregate_00676,33,2.0,2,2,1,2,1,2,2,0,0,0,0,0,0,0,0,0,0,0,1,0,1,0,0,0,0,0,0,0,0,1,2,2,1,1,1,1,2,1,1,1,1,1,1,0,1,0,0,1,0,0,0,0,0,0,0,0,0,1,0,0,2,2,1,2,2,1,2,2,3
syn_aggregate_00677,18,2.0,1,1,1,1,0,0,0,0,0,0,0,0,0,0,0,0,0,0,0,2,2,2,1,2,2,2,2,1,2,0,1,0,1,0,0,1,0,0,0,0,0,0,0,0,0,0,0,3,0,0,0,1,0,0,0,0,1,0,0,0,0,0,0,0,0,0,0,0,0
syn_aggregate_00678,44,1.0,3,3,2,3,2,2,2,1,0,0,1,1,0,0,0,0,0,0,0,0,1,0,0,0,0,0,0,0,0,4,4,4,4,4,3,4,4,3,3,1,1,1,2,1,1,1,1,1,1,2,2,1,1,2,2,1,1,1,2,1,4,4,2,4,2,2,3,3,1
syn_aggregate_00679,21,2.0,3,3,3,3,3,3,3,3,1,2,3,2,2,2,2,2,2,2,2,4,4,4,4,4,4,4,4,4,4,4,4,4,4,4,4,4,4,4,4,4,4,4,4,4,4,4,4,4,4,2,2,2,2,1,2,2,2,1,2,0,3,3,0,3,2,2,3,2,1
syn_aggregate_00680,21,1.0,2,2,1,2,1,1,1,1,1,0,0,0,0,0,1,0,0,0,0,3,4,3,4,3,4,4,3,3,2,4,4,4,4,4,4,4,4,4,4,4,4,4,3,3,4,3,4,3,2,1,1,1,1,1,1,1,1,2,2,3,4,4,3,4,3,4,4,4,3
syn_aggregate_00681,20,2.0,0,1,0,1,0,0,1,0,2,0,0,1,0,0,0,0,0,0,0,0,0,0,0,0,0,0,0,0,0,0,1,0,0,0,0,0,0,0,0,1,1,1,2,0,0,0,0,0,0,0,0,0,0,0,0,0,0,2,0,0,2,1,0,1,1,0,2,1,0
syn_aggregate_00682,18,2.0,3,3,3,3,3,3,3,3,3,1,1,1,0,0,1,0,0,1,1,4,4,4,4,4,3,4,3,4,3,4,4,4,4,4,4,4,4,4,4,4,4,4,4,4,4,4,4,4,4,2,2,2,2,2,2,2,2,2,2,2,4,4,3,4,4,4,3,4,2
syn_aggregate_00683,18,1.0,2,2,2,2,1,1,1,0,1,0,0,0,0,0,0,0,1,1,2,4,4,4,4,4,4,4,3,3,2,0,0,0,0,0,0,0,0,4,0,4,4,4,4,4,4,4,4,4,4,0,1,0,0,0,0,0,0,0,0,3,4,4,3,4,2,2,3,3,2
syn_aggregate_00684,19,2.0,1,1,1,1,1,1,1,0,0,0,1,0,0,0,0,0,0,0,0,2,2,2,2,1,2,2,1,2,1,3,4,4,3,4,3,3,3,3,2,4,4,4,4,4,3,3,3,4,1,0,0,0,0,0,0,0,3,1,0,0,3,3,1,3,2,2,2,2,2
syn_aggregate_00685,32,1.0,0,1,0,0,0,0,1,0,0,0,0,0,0,0,0,0,0,0,0,2,2,1,2,2,2,1,1,1,2,0,1,1,1,1,0,1,0,0,0,1,1,1,1,1,0,0,0,0,0,0,0,0,0,0,0,0,0,0,0,0,3,3,2,2,1,1,2,2,2
syn_aggregate_00686,22,2.0,3,3,3,3,2,3,3,2,3,1,1,1,1,1,0,0,0,0,0,0,0,0,0,0,0,0,0,0,1,3,3,3,3,3,3,3,2,2,2,0,0,0,0,0,0,0,0,0,4,0,0,0,0,0,0,0,0,0,3,0,3,3,0,3,2,2,2,2,1
syn_aggregate_00687,,2.0,3,3,1,2,1,1,0,0,0,0,0,0,0,0,0,0,0,0,2,2,3,2,3,2,3,2,2,2,2,2,2,2,1,2,1,1,2,1,1,3,2,2,2,1,1,2,2,1,1,0,0,0,0,0,0,0,0,0,2,0,1,1,0,1,0,0,1,0,0
syn_aggregate_00688,22,2.0,2,3,2,2,1,2,1,0,0,0,1,0,0,0,0,0,0,0,0,0,0,0,0,0,0,0,0,0,0,1,2,2,1,2,2,2,2,1,2,3,3,3,3,3,3,2,2,3,3,0,1,0,0,1,0,1,0,0,0,2,3,3,2,3,2,2,2,2,2
syn_aggregate_00689,22,2.0,3,3,2,2,2,2,1,1,1,1,1,1,0,1,1,0,0,1,0,1,2,1,1,1,1,1,2,1,2,1,2,2,1,2,1,1,1,1,1,4,4,4,4,3,4,3,3,4,2,1,1,1,1,1,1,1,1,0,1,0,1,0,0,0,0,0,0,0,0
syn_aggregate_00690,20,1.0,1,1,0,1,0,0,1,0,0,0,0,0,0,0,0,0,0,0,0,0,1,0,1,0,1,0,0,2,1,0,1,0,0,0,0,0,0,0,0,2,2,1,2,2,2,2,1,2,3,0,0,0,0,0,0,0,0,1,2,0,1,0,0,0,0,0,0,0,0
syn_aggregate_00691,22,1.0,1,1,1,1,1,0,1,0,0,0,0,0,0,0,0,0,0,1,0,3,3,3,3,3,3,3,2,2,2,3,4,4,3,3,3,3,3,2,2,3,3,2,3,2,3,2,2,3,2,0,0,0,0,0,0,3,0,0,0,0,3,2,1,2,1,1,2,2,1
syn_aggregate_00692,20,2.0,1,1,1,0,0,0,0,0,0,0,0,0,0,0,0,0,0,0,0,0,0,0,0,0,0,0,0,1,0,0,1,0,0,0,0,0,0,0,0,0,0,0,0,0,4,0,0,0,0,0,0,0,0,0,0,0,0,0,0,0,1,0,0,1,0,0,0,0,0
syn_aggregate_00693,39,1.0,3,3,3,3,2,2,2,1,0,0,1,0,0,0,0,0,0,0,0,4,4,4,4,4,4,4,4,4,4,4,4,4,4,4,4,4,4,4,4,3,3,3,3,3,3,3,3,3,2,0,0,0,0,0,1,2,0,0,0,3,4,4,3,4,4,4,4,4,3
syn_aggregate_00694,50,1.0,0,1,0,0,0,0,0,0,0,0,0,0,0,0,0,0,0,0,0,1,1,1,1,1,1,1,1,1,1,0,1,0,0,0,0,0,0,0,0,0,0,0,1,0,0,0,0,1,1,0,0,0,0,0,0,0,0,0,0,0,0,0,0,0,0,0,0,0,2
syn_aggregate_00695,22,1.0,1,1,1,1,0,0,0,0,0,0,1,0,0,0,0,0,0,1,0,3,3,2,3,2,2,2,2,2,1,2,2,2,2,1,1,1,2,1,2,3,2,3,3,2,2,2,1,2,2,0,0,0,0,0,0,0,0,0,0,0,1,1,0,1,1,0,1,1,0
syn_aggregate_00696,20,1.0,3,3,3,3,2,3,2,2,1,0,0,0,0,0,0,0,0,0,3,4,4,4,4,4,4,4,4,4,4,3,4,4,4,3,4,4,4,3,2,4,4,4,4,4,4,4,4,3,4,1,1,1,1,1,1,1,1,1,1,0,2,2,0,2,0,0,1,1,0
syn_aggregate_00697,18,2.0,2,3,2,2,1,2,2,0,0,0,0,0,0,0,0,0,0,2,0,1,2,1,1,1,2,1,1,1,1,2,2,2,1,2,2,2,1,1,1,2,1,1,2,1,1,1,2,1,1,0,0,0,0,0,0,0,0,0,0,0,2,1,0,1,1,0,1,1,1
syn_aggregate_00698,27,2.0,3,3,2,3,2,2,2,1,1,1,2,1,0,2,1,0,1,1,1,4,4,4,4,4,4,4,4,4,4,4,4,4,4,4,4,4,4,3,4,4,4,4,4,4,4,4,3,4,4,1,1,1,1,1,2,1,1,1,1,3,4,4,3,4,4,3,4,4,4
syn_aggregate_00699,20,2.0,3,3,2,3,1,2,2,1,0,0,0,0,0,0,0,0,0,0,4,3,3,3,3,2,2,2,2,2,1,1,2,1,1,2,0,1,2,1,1,1,1,0,1,0,1,0,0,1,0,2,2,2,1,1,1,1,1,1,0,0,2,1,0,2,0,0,1,1,0
syn_aggregate_00700,21,2.0,3,3,2,3,2,2,1,0,0,1,1,1,0,1,0,0,1,0,0,4,4,4,4,4,4,4,3,3,3,4,4,4,4,4,4,4,4,3,4,4,4,4,4,4,4,3,4,4,4,1,2,1,1,1,2,1,1,1,2,2,4,4,3,4,3,3,4,4,3
syn_aggregate_00701,40,1.0,2,2,1,1,1,1,0,0,0,0,1,0,0,0,1,0,0,1,0,3,3,3,3,3,3,3,3,3,3,4,4,4,4,4,4,4,4,3,2,3,3,2,3,2,2,2,2,2,1,0,0,0,0,0,0,0,0,0,0,1,3,3,1,3,2,2,3,3,3
syn_aggregate_00702,18,2.0,2,2,1,1,1,1,1,0,0,0,0,0,0,0,0,0,0,0,4,4,4,4,4,4,3,4,4,3,4,3,3,3,3,3,3,3,2,2,2,2,2,2,3,2,2,2,2,1,2,0,0,0,0,0,0,1,0,0,2,1,3,3,2,3,3,2,3,3,2
syn_aggregate_00703,21,2.0,2,2,1,1,0,0,0,0,1,1,2,1,1,1,1,0,1,1,2,2,2,1,1,1,2,1,1,1,1,2,3,3,2,3,2,2,2,1,1,4,4,4,4,3,4,3,3,4,3,2,2,2,2,1,1,1,2,1,2,1,3,2,2,3,2,2,3,2,1
syn_aggregate_00704,29,2.0,2,3,2,2,2,2,1,0,0,0,0,0,0,0,0,0,0,4,0,1,1,1,1,1,0,1,1,0,0,0,0,0,0,0,0,0,0,3,0,1,1,0,2,1,0,0,0,1,0,0,0,0,0,0,0,0,0,0,0,0,0,0,0,0,0,0,0,0,0
syn_aggregate_00705,36,1.0,1,2,1,2,0,1,0,0,1,0,0,0,0,0,0,0,0,0,2,1,1,1,1,0,0,1,0,0,0,2,3,2,2,2,2,2,1,1,1,4,4,4,4,3,4,4,3,4,4,1,2,1,1,1,2,1,1,1,1,0,1,1,0,1,1,0,1,1,0
syn_aggregate_00706,19,1.0,1,1,1,0,0,0,0,0,0,0,0,0,0,0,0,0,0,0,0,2,2,1,2,2,2,1,1,1,2,2,3,2,2,2,2,2,2,1,0,0,0,0,0,0,0,0,0,0,0,0,0,0,0,0,0,0,0,0,0,0,1,0,0,1,0,0,0,0,0
syn_aggregate_00707,18,1.0,3,3,3,3,3,3,2,2,3,1,1,1,0,1,0,1,0,0,0,4,4,4,4,4,4,4,4,4,4,3,4,4,3,3,3,3,3,3,1,0,0,0,0,1,0,0,1,0,0,0,0,0,0,0,0,0,0,0,3,0,2,2,1,2,2,1,2,2,1
syn_aggregate_00708,18,2.0,1,2,1,1,1,1,0,0,0,0,0,0,0,0,0,0,0,0,0,1,1,0,1,0,1,1,0,1,0,0,1,0,0,0,0,0,0,0,0,1,1,1,1,0,0,1,0,0,1,0,0,1,0,0,0,0,0,0,0,0,1,0,0,0,0,0,0,0,0
syn_aggregate_00709,22,2.0,3,3,2,3,2,3,2,0,0,0,0,0,0,0,0,0,0,0,3,2,2,2,2,2,2,2,1,2,2,4,4,4,4,4,4,3,4,3,4,2,1,1,2,1,1,0,1,1,0,1,1,1,1,1,1,1,1,1,1,3,4,4,4,4,3,4,4,4,4
syn_aggregate_00710,19,2.0,2,2,1,2,1,1,1,0,0,0,0,0,0,0,0,0,0,0,2,1,1,1,1,1,1,1,1,1,1,4,4,4,3,3,3,3,3,3,4,2,1,1,2,1,0,0,1,0,1,0,0,0,0,0,0,0,0,0,1,0,2,1,0,1,0,0,1,1,0
syn_aggregate_00711,20,2.0,2,2,2,2,1,2,0,0,0,0,0,0,0,0,0,0,0,2,0,3,3,2,3,3,3,2,3,2,2,4,4,4,4,4,3,4,3,4,3,1,1,1,1,1,0,0,0,0,0,1,2,1,1,1,1,2,1,1,1,2,3,2,1,2,2,1,2,2,2
syn_aggregate_00712,37,2.0,1,1,1,1,0,0,0,0,0,0,0,0,0,0,0,0,0,0,4,4,4,4,4,4,4,4,4,3,3,3,3,3,3,4,4,4,3,3,1,1,0,0,1,0,0,0,0,0,0,0,0,0,0,1,0,0,2,0,0,1,4,4,2,4,2,2,3,3,1
syn_aggregate_00713,19,2.0,3,3,2,3,2,2,2,1,1,1,1,1,0,1,0,0,0,1,0,3,3,3,3,3,2,2,2,2,3,1,0,0,0,0,0,0,0,0,3,2,2,2,2,1,1,2,1,2,1,1,1,0,0,0,1,1,0,0,1,0,2,2,0,2,1,0,1,1,0
syn_aggregate_00714,19,1.0,3,3,2,3,2,3,2,2,0,0,0,0,0,0,0,0,0,1,0,0,0,0,0,0,0,0,0,0,3,1,1,1,1,1,0,1,1,0,0,4,4,4,4,4,4,4,3,3,3,0,0,0,0,0,0,0,0,1,1,0,1,0,0,0,0,0,0,0,0
syn_aggregate_00715,19,1.0,1,1,0,0,0,0,0,0,0,0,0,0,0,0,0,0,0,2,0,3,3,4,4,3,4,3,3,3,3,1,2,2,2,2,1,2,2,1,1,2,2,1,2,1,2,1,2,1,1,0,0,0,0,0,1,1,1,0,0,0,1,1,0,1,0,0,1,0,0
syn_aggregate_00716,21,1.0,2,2,1,1,0,0,1,0,0,0,1,0,0,0,1,0,0,0,0,1,2,1,2,1,1,1,1,2,2,0,2,1,1,1,0,1,1,0,0,1,2,1,1,1,1,0,1,2,1,0,1,0,0,0,0,0,1,0,0,0,1,0,0,1,0,0,0,0,0
syn_aggregate_00717,40,2.0,3,3,3,3,2,3,3,1,1,1,2,1,1,1,2,1,1,1,2,3,3,3,3,3,3,2,2,2,2,3,4,3,3,3,4,3,2,2,3,4,4,4,4,4,4,4,3,3,3,3,3,3,2,2,3,3,1,2,2,4,4,4,4,4,4,4,4,4,4
syn_aggregate_00718,27,2.0,2,2,2,2,1,1,0,0,0,0,0,0,0,0,0,0,0,0,2,0,0,1,0,0,1,0,0,1,0,0,0,0,0,0,0,0,0,0,0,2,1,1,2,1,1,1,1,1,0,0,0,0,0,0,0,0,0,0,0,0,0,0,0,0,0,0,0,0,2
syn_aggregate_00719,39,2.0,0,1,0,1,0,0,0,0,0,0,0,0,0,0,0,0,0,0,0,0,0,0,0,0,0,0,0,0,1,0,1,0,0,0,0,0,0,0,0,0,0,0,0,0,0,0,0,0,0,0,0,0,0,0,1,0,0,0,0,0,1,1,0,1,0,0,1,0,0
syn_aggregate_00720,19,2.0,3,3,2,3,2,2,2,0,0,0,1,0,0,0,0,0,1,0,0,1,1,1,1,1,1,1,2,1,1,0,1,0,0,0,0,0,0,0,0,2,1,1,1,1,1,1,1,2,0,0,0,0,0,0,0,0,0,0,1,0,1,1,0,1,0,0,1,0,0
syn_aggregate_00721,37,2.0,3,3,2,3,2,2,0,2,0,1,1,1,1,1,1,1,1,1,1,2,3,2,2,2,2,1,2,2,2,2,3,2,2,2,2,2,2,1,1,3,3,2,3,2,2,2,1,2,3,0,1,1,0,1,1,1,0,1,0,0,1,1,0,1,0,0,1,1,0
syn_aggregate_00722,21,2.0,3,3,2,3,2,2,0,1,1,0,1,0,0,0,0,0,0,0,0,0,0,0,0,0,0,0,0,0,3,4,4,4,4,3,3,4,4,3,3,3,3,3,3,2,3,2,2,3,2,1,2,2,1,1,1,2,1,1,2,1,3,3,1,3,2,2,2,2,2
syn_aggregate_00723,20,2.0,3,3,2,3,1,3,1,1,0,1,2,1,0,1,0,2,1,1,0,2,2,2,2,1,2,2,2,2,2,1,2,2,2,2,1,2,2,1,2,2,2,2,2,1,1,1,1,1,2,1,2,1,1,1,1,1,0,1,1,3,4,3,2,4,3,3,3,2,3
syn_aggregate_00724,21,1.0,3,3,3,3,3,3,3,3,2,1,2,1,0,2,1,0,1,1,1,3,3,3,3,2,2,2,2,2,1,4,4,4,4,4,3,4,4,3,2,4,3,3,4,3,3,2,3,2,1,1,1,1,1,0,1,1,1,1,1,2,3,3,2,3,3,2,3,2,3
syn_aggregate_00725,35,1.0,2,2,1,1,1,1,0,0,0,1,1,1,0,1,0,1,1,1,1,0,1,0,0,0,0,0,1,0,0,4,4,4,4,4,4,4,4,3,4,3,3,3,3,2,2,2,2,1,1,0,1,0,0,0,1,0,0,0,0,0,2,1,0,1,1,0,1,1,0
syn_aggregate_00726,41,2.0,1,1,1,1,0,0,1,0,0,0,0,0,0,0,0,0,0,0,2,1,1,1,1,1,0,0,0,0,0,4,4,4,4,4,4,4,4,4,2,4,4,4,4,4,4,4,4,4,4,0,0,0,0,0,2,0,0,0,0,0,1,1,0,1,0,0,0,0,0
syn_aggregate_00727,21,2.0,3,3,2,2,2,1,1,0,1,1,2,1,1,1,1,1,1,2,1,3,4,3,4,4,4,4,3,3,2,3,4,3,3,3,2,3,2,3,2,4,4,4,4,4,4,4,3,4,3,0,0,0,0,0,0,0,0,0,4,0,1,1,0,2,1,0,1,1,0
syn_aggregate_00728,23,1.0,1,1,1,0,0,0,1,0,0,0,1,0,0,0,0,0,0,1,0,2,3,2,3,2,3,2,2,2,2,0,0,0,0,0,0,0,0,1,3,3,2,2,3,2,2,1,2,3,2,0,0,0,0,0,0,1,1,0,0,0,0,0,0,0,0,0,0,0,0
syn_aggregate_00729,30,2.0,2,2,1,1,0,1,1,0,0,0,0,0,0,0,0,0,0,0,1,2,3,2,3,2,2,1,2,2,3,0,0,0,0,0,0,0,0,0,0,4,4,4,4,4,3,4,3,4,3,0,0,0,0,0,0,0,0,3,0,1,3,2,1,2,1,1,2,2,2
syn_aggregate_00730,25,2.0,3,3,3,3,3,3,3,3,3,4,4,4,4,3,4,3,3,3,3,2,2,2,2,1,2,1,2,2,1,4,4,4,4,4,4,3,4,4,4,4,4,4,4,4,4,3,4,3,3,1,2,1,1,1,2,1,1,1,1,4,4,4,4,4,4,4,4,4,4
syn_aggregate_00731,21,1.0,0,0,0,1,0,0,1,0,2,0,0,0,0,0,0,0,0,0,0,3,3,3,3,3,4,3,2,3,2,1,2,2,1,2,1,1,1,0,1,1,1,0,1,0,0,0,0,0,0,0,0,0,0,0,1,0,0,0,0,0,0,0,0,0,0,0,0,0,2
syn_aggregate_00732,20,2.0,1,2,1,2,0,0,0,0,0,0,0,0,0,0,0,0,0,0,1,3,3,3,4,3,3,2,3,3,2,2,2,2,2,2,2,2,2,2,1,1,1,1,1,1,1,1,1,1,2,1,1,1,1,1,1,1,1,1,1,4,4,4,3,4,4,3,3,3,3
syn_aggregate_00733,20,2.0,0,2,0,0,0,0,0,0,0,0,0,0,0,0,0,0,0,0,1,2,2,2,2,1,2,2,2,1,2,1,2,1,0,1,1,1,1,0,0,1,1,1,2,1,1,1,1,1,1,1,0,1,0,1,1,0,1,1,1,0,2,1,0,1,0,0,1,1,0
syn_aggregate_00734,22,2.0,2,2,1,1,1,0,1,0,0,0,0,0,0,0,0,0,0,0,4,1,2,1,2,1,1,1,2,1,2,1,2,2,1,1,1,1,1,0,0,3,3,3,3,3,2,2,2,3,2,0,1,1,0,0,1,1,0,0,0,0,1,0,0,0,0,0,0,0,0
syn_aggregate_00735,22,2.0,3,3,3,3,3,3,3,3,3,1,2,1,1,1,1,0,2,1,0,4,4,4,4,4,4,4,3,3,3,4,4,4,3,4,3,4,4,3,4,3,3,2,3,2,2,2,2,2,2,0,0,0,0,0,0,0,0,0,4,3,4,4,3,4,4,4,4,4,2
syn_aggregate_00736,22,2.0,2,2,1,1,1,0,0,0,1,0,0,0,0,0,0,1,0,1,1,3,4,3,3,3,3,3,3,3,2,1,2,1,1,1,1,1,2,1,1,4,4,4,4,4,4,4,4,3,3,0,0,0,0,0,2,0,0,0,0,0,2,2,0,1,0,0,1,1,0
syn_aggregate_00737,22,1.0,2,3,1,2,0,2,1,0,0,0,0,0,0,0,0,0,0,0,0,1,1,0,1,0,1,0,1,0,1,1,2,2,1,2,1,2,1,1,1,4,4,4,4,3,4,3,4,3,3,1,1,1,1,0,1,1,0,0,0,2,3,3,2,3,2,2,2,1,1
syn_aggregate_00738,22,2.0,2,2,2,2,1,1,0,0,0,0,0,0,0,0,0,0,3,0,0,2,3,2,2,2,3,2,2,2,2,3,4,4,3,3,3,3,4,3,3,4,4,4,4,4,4,3,4,3,3,0,0,0,0,0,0,0,0,0,4,1,3,2,1,2,2,2,3,2,3
syn_aggregate_00739,19,2.0,3,3,3,3,3,3,3,3,2,2,3,3,2,3,2,2,2,2,1,3,3,3,2,2,3,3,2,2,3,4,4,4,4,4,4,4,4,3,4,3,3,3,3,2,3,3,2,2,3,1,1,2,1,1,1,0,1,1,1,3,4,4,3,4,3,3,3,3,1
syn_aggregate_00740,19,2.0,2,2,1,2,1,1,1,0,0,0,0,0,0,0,0,0,0,2,0,3,4,4,4,3,2,3,3,3,2,3,4,4,3,3,3,3,3,4,4,3,3,4,3,2,3,3,2,3,2,0,0,0,0,0,0,0,0,3,0,0,2,2,0,2,1,1,2,1,2
syn_aggregate_00741,20,2.0,2,2,2,2,1,1,1,1,1,0,1,0,0,0,0,0,0,0,0,4,4,4,4,4,4,3,4,4,3,4,4,4,4,4,4,3,4,3,3,4,3,3,3,3,3,2,2,2,1,1,1,1,1,0,1,1,0,1,1,3,4,3,2,3,3,2,3,3,2
syn_aggregate_00742,22,1.0,3,3,3,3,2,2,2,1,0,0,1,1,0,1,0,1,1,0,1,1,1,1,1,0,0,0,1,0,1,3,3,3,2,2,2,3,3,2,2,2,1,0,2,0,0,0,0,1,2,0,0,1,0,0,0,0,0,0,3,3,4,4,3,4,3,3,4,3,2
syn_aggregate_00743,51,1.0,3,3,3,3,3,3,2,2,1,0,0,0,0,0,0,0,0,0,1,2,2,2,2,1,2,1,2,2,3,4,4,4,4,4,4,4,4,4,3,3,3,2,3,2,2,2,2,2,2,1,2,1,1,1,1,1,1,1,1,0,1,1,0,1,0,0,0,0,0
syn_aggregate_00744,18,2.0,3,3,3,3,2,2,2,1,1,0,1,0,0,0,0,0,0,0,2,4,4,4,4,3,3,3,3,2,1,2,2,2,2,2,1,1,1,1,2,1,1,0,1,1,1,0,0,1,0,0,0,0,0,0,0,0,0,0,0,4,4,4,4,4,3,3,4,4,2
syn_aggregate_00745,21,2.0,2,3,2,2,1,2,1,0,0,0,1,1,0,0,0,0,0,0,0,4,4,4,4,4,4,3,4,3,3,2,3,3,2,2,2,2,3,2,2,2,1,1,2,1,1,1,0,1,1,1,0,0,0,0,2,1,0,0,0,0,0,0,0,1,0,0,0,0,0
syn_aggregate_00746,18,2.0,3,3,2,2,1,1,0,0,0,1,1,2,0,0,0,0,0,1,1,3,3,2,3,2,2,2,2,2,1,3,4,4,3,3,3,3,3,2,3,1,1,0,1,1,0,0,0,1,0,0,0,0,0,0,4,0,0,0,0,3,4,4,4,4,3,3,3,3,2
syn_aggregate_00747,28,2.0,3,3,3,3,3,3,3,2,2,0,0,0,0,4,0,0,0,0,0,4,4,4,4,4,4,4,3,4,4,4,4,4,4,4,3,4,4,3,3,3,3,3,4,3,3,3,3,3,2,1,1,1,1,1,2,2,0,0,0,4,4,4,4,4,4,4,4,4,4
syn_aggregate_00748,20,2.0,3,3,3,3,3,3,3,2,3,2,2,2,2,2,1,2,2,2,2,3,3,2,3,2,3,2,2,2,2,4,4,4,4,4,3,4,3,4,2,4,4,4,4,3,3,3,3,3,2,0,1,0,0,0,0,0,0,0,3,1,3,2,1,2,2,1,2,1,2
syn_aggregate_00749,19,2.0,2,2,1,2,1,0,1,0,0,0,1,1,1,1,0,0,0,0,0,0,0,0,0,0,0,0,0,0,1,2,3,3,2,2,2,2,2,1,1,2,2,1,2,1,2,1,2,2,1,0,0,0,0,0,1,0,0,0,0,0,1,1,0,1,0,0,1,0,4
syn_aggregate_00750,19,1.0,2,2,2,2,1,1,0,0,0,0,0,0,0,0,0,0,0,0,0,3,3,2,3,2,3,2,2,2,3,3,3,3,2,2,3,3,2,2,2,0,0,0,0,0,0,0,0,2,0,0,0,0,0,0,0,0,0,0,0,2,4,4,2,4,2,3,4,3,2
syn_aggregate_00751,21,2.0,3,3,3,3,2,2,2,1,0,0,1,0,0,1,0,0,0,1,0,4,4,4,4,4,4,4,4,4,3,4,4,4,4,4,4,4,4,4,3,4,4,4,4,4,4,4,4,4,3,1,1,1,1,1,1,1,1,1,1,4,4,4,4,4,4,4,4,3,3
syn_aggregate_00752,19,2.0,3,3,3,3,3,3,3,3,3,1,2,2,1,1,1,1,1,1,1,4,4,4,4,4,4,4,4,4,4,4,4,4,4,4,4,4,4,3,3,4,4,4,4,4,4,4,4,4,4,2,3,2,2,2,3,3,2,2,3,3,4,4,3,4,4,4,4,4,3
syn_aggregate_00753,19,2.0,2,2,1,1,1,1,1,0,0,0,0,0,0,0,0,0,0,0,1,1,1,1,0,1,1,1,0,1,1,4,4,4,4,4,4,4,4,4,4,1,1,1,1,1,1,0,0,1,1,0,0,0,0,0,0,0,0,0,1,0,1,1,0,1,0,0,1,1,0
syn_aggregate_00754,20,1.0,1,1,1,1,0,0,1,0,0,0,0,0,0,0,0,0,0,0,0,0,1,0,1,0,0,0,0,0,0,0,1,0,0,0,0,0,0,0,0,0,0,0,0,0,0,0,0,0,0,0,0,0,0,0,0,0,0,0,0,0,0,0,0,0,0,0,0,0,0
syn_aggregate_00755,19,1.0,3,3,3,3,3,3,3,2,2,1,1,1,1,1,0,0,0,0,0,4,4,4,4,4,4,4,4,4,3,4,4,4,4,4,4,4,4,4,4,3,3,2,3,2,3,2,2,3,2,1,1,1,0,0,1,1,0,1,2,3,4,4,3,4,3,2,3,3,2
syn_aggregate_00756,50,2.0,1,1,1,0,0,0,0,0,0,0,0,0,0,0,0,0,0,0,0,3,4,3,4,3,4,3,3,3,2,0,0,0,0,0,0,0,0,3,0,0,0,0,0,0,0,0,0,0,0,0,0,0,0,0,0,0,0,0,0,0,0,1,0,0,0,0,1,1,0
syn_aggregate_00757,19,1.0,2,2,1,1,0,1,0,0,0,0,0,0,0,0,0,0,0,0,0,4,4,4,4,4,4,4,4,3,3,2,3,3,3,3,2,3,3,2,2,0,0,0,0,0,0,0,0,0,4,1,1,1,0,1,1,1,0,1,0,4,4,4,3,4,4,3,4,3,3
syn_aggregate_00758,20,2.0,1,1,1,1,1,0,0,0,0,0,0,0,0,0,0,0,0,0,0,0,0,0,0,0,0,0,0,0,3,0,0,0,0,0,0,0,0,0,0,1,0,0,1,0,0,0,0,0,0,0,0,0,0,0,1,1,1,1,0,0,2,2,0,1,0,0,2,1,0
syn_aggregate_00759,19,1.0,3,3,2,3,2,1,1,0,0,1,1,1,0,0,0,0,0,1,0,0,0,0,0,0,0,0,0,0,4,3,4,4,4,4,3,3,3,2,2,1,1,0,1,1,0,0,0,0,0,1,1,0,1,0,1,0,1,0,0,0,2,1,0,1,1,1,1,0,0
syn_aggregate_00760,26,2.0,3,3,2,2,1,2,2,1,0,2,3,2,2,3,2,2,2,2,1,4,4,4,3,3,4,4,3,3,3,4,4,4,4,4,4,4,4,3,3,4,4,4,4,4,4,4,4,4,3,1,2,1,1,1,1,1,0,2,1,4,4,4,4,4,4,4,4,4,4
syn_aggregate_00761,19,1.0,2,2,1,1,0,1,0,0,0,1,2,1,1,1,2,0,1,1,0,4,4,4,4,3,4,3,4,3,2,2,3,3,2,2,2,3,3,2,2,1,0,1,1,0,0,0,0,0,3,0,0,0,0,0,0,0,0,0,0,1,2,2,1,2,1,1,2,2,1
syn_aggregate_00762,18,2.0,2,2,1,1,0,1,0,0,0,0,0,0,0,0,0,0,0,0,0,0,0,0,0,0,0,0,0,0,0,0,0,0,0,0,0,0,0,0,0,0,0,0,0,0,0,0,0,0,0,0,0,0,0,0,0,0,0,0,0,0,0,0,0,0,0,0,1,0,2
syn_aggregate_00763,19,2.0,3,3,3,3,3,3,2,3,3,1,1,1,1,1,1,1,1,2,0,4,4,3,4,3,4,3,3,4,3,3,4,4,4,4,4,4,4,4,3,3,3,3,3,2,2,2,3,2,3,1,1,1,0,1,1,2,0,0,0,0,1,1,0,1,1,0,1,1,0
syn_aggregate_00764,46,2.0,3,3,2,2,1,1,1,1,0,0,0,0,0,0,0,0,0,1,0,3,3,3,3,3,2,3,3,2,3,4,4,4,4,4,4,4,4,4,4,2,1,1,2,1,1,0,0,1,1,1,0,0,1,0,0,0,0,0,0,3,4,3,2,3,3,2,3,3,3
syn_aggregate_00765,26,2.0,3,3,2,3,2,2,0,0,0,0,1,0,0,0,0,0,0,0,0,3,4,3,3,3,3,3,3,3,4,1,2,1,0,1,1,1,2,1,1,3,4,3,4,3,3,2,3,3,2,0,0,0,0,0,0,0,0,0,2,0,2,1,0,2,1,1,2,1,2
syn_aggregate_00766,30,2.0,2,2,2,1,1,1,1,0,1,0,1,1,0,1,1,1,0,0,0,2,2,1,3,2,2,2,1,1,1,3,4,4,4,3,3,4,3,3,2,4,4,4,4,4,4,4,4,4,4,0,0,0,0,0,0,0,0,0,4,0,3,2,0,3,1,1,2,1,2
syn_aggregate_00767,32,1.0,2,2,1,1,1,1,1,0,1,2,2,1,1,1,1,1,1,1,1,2,2,2,1,1,2,2,1,2,0,3,4,3,3,4,3,3,3,3,3,1,0,0,1,0,0,0,0,0,0,0,0,0,0,2,0,0,0,0,0,0,0,0,0,3,0,0,0,0,0
syn_aggregate_00768,22,2.0,1,0,0,0,0,0,0,0,0,0,0,1,0,0,0,1,0,1,0,2,3,2,2,2,2,2,2,2,3,1,2,2,2,2,2,2,2,1,2,0,0,0,0,0,3,0,0,0,0,0,0,0,0,0,0,0,1,0,2,1,3,2,1,2,2,1,2,1,2
syn_aggregate_00769,29,2.0,3,3,2,3,2,3,2,1,0,0,0,0,0,0,0,2,0,0,0,2,2,2,1,2,2,2,2,1,2,1,1,1,0,1,1,1,1,1,1,1,0,0,0,1,0,0,0,1,0,0,1,0,0,0,0,0,0,0,1,0,0,0,0,0,0,0,0,0,0
syn_aggregate_00770,20,2.0,2,2,1,2,0,0,0,0,0,0,0,0,0,0,0,0,0,0,4,2,2,1,1,2,2,1,1,2,1,0,1,0,0,0,0,0,0,0,0,3,3,2,3,2,2,1,3,2,2,0,0,1,0,0,0,0,0,0,0,1,4,3,2,4,2,2,3,1,3
syn_aggregate_00771,42,2.0,2,3,2,2,1,2,1,0,0,0,0,0,0,0,0,0,0,0,0,0,0,0,0,0,0,0,0,0,0,1,0,0,0,0,0,0,0,0,0,0,1,0,0,1,0,0,0,0,0,0,0,0,0,0,0,0,0,0,0,0,1,1,0,1,0,0,0,0,0
syn_aggregate_00772,22,1.0,3,3,3,3,2,3,2,3,0,0,0,0,0,0,0,0,0,3,0,3,3,2,2,2,2,2,2,2,2,1,2,2,1,2,1,2,1,1,2,3,3,3,3,2,2,2,3,2,3,2,2,2,2,1,2,2,2,2,2,4,4,4,4,4,3,3,3,4,3
syn_aggregate_00773,21,1.0,3,3,2,2,1,2,1,0,1,0,0,0,0,0,0,0,0,0,1,2,2,2,2,2,1,1,2,2,3,0,0,0,0,0,0,0,0,0,0,0,0,0,0,0,0,0,0,0,0,0,0,0,0,0,0,0,0,0,1,0,0,0,0,0,0,0,0,0,0
syn_aggregate_00774,18,1.0,0,1,1,0,0,0,0,0,0,0,0,0,0,0,0,0,0,0,0,3,3,2,3,2,2,2,2,2,2,2,3,3,3,2,2,3,3,2,2,3,3,3,3,3,2,2,2,2,3,1,2,1,1,1,1,1,1,1,0,1,2,2,1,2,1,1,1,2,0
syn_aggregate_00775,20,2.0,2,2,1,2,1,2,1,1,1,0,0,0,0,0,0,0,0,0,0,4,4,4,4,4,4,4,4,3,3,4,4,4,4,4,4,4,4,4,4,4,4,4,4,4,4,4,4,3,3,1,1,0,1,0,0,1,0,1,1,4,4,4,4,4,4,4,4,4,4
syn_aggregate_00776,19,2.0,1,2,1,1,0,0,0,0,0,0,0,0,0,0,0,0,0,4,0,0,0,0,0,0,0,0,0,0,3,0,0,0,0,0,0,0,0,0,0,0,0,0,0,0,0,0,0,2,0,0,0,0,0,0,0,1,0,0,0,0,1,1,0,1,0,0,0,1,0
syn_aggregate_00777,41,2.0,3,3,3,3,3,3,3,3,2,0,0,0,0,0,0,0,0,0,2,4,4,4,4,3,4,3,3,3,2,1,1,1,1,0,1,1,1,1,0,1,1,1,1,1,0,0,0,0,1,0,0,0,0,0,0,0,0,4,0,4,4,4,4,4,4,3,4,4,4
syn_aggregate_00778,22,2.0,3,3,3,3,3,3,3,3,3,1,1,1,1,1,1,1,2,2,2,4,4,4,4,4,4,4,4,4,4,4,4,4,4,4,4,4,4,3,3,4,4,4,4,3,4,4,4,4,4,1,1,1,1,1,2,1,1,1,1,4,4,4,4,4,4,4,4,4,4
syn_aggregate_00779,22,2.0,1,1,1,0,0,0,0,0,0,0,0,1,0,0,0,0,0,0,1,0,0,0,0,0,0,0,0,0,4,0,0,0,1,0,0,0,0,1,0,1,1,0,1,0,1,0,1,1,1,0,0,0,0,0,0,0,0,0,0,0,1,0,0,0,0,0,0,0,0
syn_aggregate_00780,18,2.0,3,3,3,3,3,3,3,2,3,1,1,1,0,1,0,1,0,1,0,4,4,4,4,4,3,4,4,3,3,4,4,4,4,4,3,3,4,3,3,4,4,4,4,4,4,4,4,3,4,0,1,1,0,0,1,0,0,1,1,4,4,4,4,4,3,4,4,4,4
syn_aggregate_00781,20,2.0,3,3,3,3,3,3,3,3,3,1,2,1,1,2,1,0,1,1,1,2,3,2,2,2,2,2,2,2,2,4,4,4,4,4,4,4,4,3,3,4,4,4,4,4,4,4,4,4,4,2,3,2,2,2,3,2,2,1,3,4,4,4,4,4,4,4,4,4,4
syn_aggregate_00782,20,2.0,2,2,2,2,2,0,0,0,0,0,0,0,0,0,1,0,0,1,0,0,0,0,0,0,0,0,0,0,0,0,0,0,0,0,0,0,0,0,0,2,1,1,2,1,0,0,0,1,0,1,1,1,1,1,1,1,1,0,0,0,2,1,0,1,0,0,1,1,0
syn_aggregate_00783,21,2.0,1,1,1,1,0,1,0,0,0,0,1,1,0,1,0,0,0,0,0,2,2,1,2,2,2,1,2,1,2,0,1,1,0,0,0,1,0,1,0,1,1,0,1,1,0,0,0,0,0,0,0,1,0,0,0,0,0,0,0,0,2,2,1,2,1,1,2,2,4
syn_aggregate_00784,24,1.0,1,0,0,0,0,0,0,0,0,0,1,0,0,0,0,0,0,0,0,4,4,4,4,4,4,4,3,4,3,0,2,1,1,1,1,1,1,1,1,3,2,2,3,2,2,1,2,1,2,0,0,0,0,0,0,0,0,3,0,0,2,1,0,1,0,0,1,0,0
syn_aggregate_00785,33,2.0,2,3,2,2,1,2,1,1,1,1,1,1,0,1,1,1,1,1,0,3,3,2,3,2,3,3,2,2,3,2,3,3,2,2,2,2,3,2,1,4,4,4,4,3,4,4,4,3,3,0,0,0,0,0,0,0,0,4,0,0,3,2,0,2,1,1,2,1,1
syn_aggregate_00786,21,2.0,2,2,1,2,1,1,1,0,0,0,0,0,0,1,0,1,0,0,1,0,1,0,0,0,1,0,0,0,0,1,2,2,2,2,1,2,2,1,1,2,1,1,2,1,1,1,0,1,1,0,0,0,0,0,0,0,0,0,3,1,3,3,2,3,2,1,2,3,1
syn_aggregate_00787,18,2.0,3,3,3,3,3,3,2,3,3,0,0,0,0,0,0,0,0,1,2,3,4,3,4,3,4,3,2,3,2,2,3,3,2,3,2,2,2,2,3,2,2,2,2,2,2,1,2,2,2,0,0,0,0,0,0,0,0,1,0,3,4,4,3,4,3,3,4,3,3
syn_aggregate_00788,20,2.0,1,1,0,1,0,0,1,0,2,0,0,1,0,0,0,0,0,1,0,1,1,0,1,1,1,0,1,0,0,0,2,1,1,2,0,1,1,1,2,2,3,2,2,1,2,2,2,3,2,1,1,1,1,2,2,1,1,1,3,1,3,3,1,3,2,2,3,2,3
syn_aggregate_00789,19,2.0,0,1,0,1,0,0,1,0,0,0,0,0,0,1,0,0,0,0,0,0,0,0,0,0,0,0,0,3,0,0,1,0,0,0,0,0,0,0,0,0,0,0,0,0,0,0,0,1,2,1,1,0,0,0,0,0,0,0,0,0,0,0,0,0,0,0,0,0,0
syn_aggregate_00790,20,2.0,3,3,3,3,3,3,3,3,3,1,2,1,0,1,1,0,1,1,0,4,4,4,4,4,3,4,4,4,4,4,4,4,4,4,4,4,4,4,4,4,4,4,4,4,4,4,4,4,4,1,1,1,1,1,1,1,1,1,1,4,4,4,4,4,4,4,3,4,3
syn_aggregate_00791,19,2.0,3,3,2,3,1,2,1,0,1,1,2,1,1,2,1,1,1,1,1,4,4,4,4,4,4,4,3,3,4,2,3,2,2,2,2,2,2,2,2,4,4,4,4,4,4,3,3,3,3,0,1,0,0,1,0,0,0,0,2,1,4,4,2,4,2,2,3,3,3
syn_aggregate_00792,18,2.0,1,1,1,1,0,0,0,0,0,0,0,0,0,0,0,0,0,0,2,0,1,0,0,0,0,0,0,1,0,1,2,2,1,2,2,2,2,1,2,0,0,0,0,0,0,2,0,0,0,0,0,0,0,0,0,0,0,1,1,1,3,3,1,2,2,2,2,2,2
syn_aggregate_00793,21,2.0,3,3,2,3,1,1,1,0,0,1,1,1,0,1,0,0,1,0,0,2,3,2,3,2,3,2,2,2,3,1,1,1,1,1,0,1,1,0,0,2,2,2,2,2,2,1,1,2,2,0,0,0,0,0,4,0,0,0,0,0,0,0,0,0,0,0,0,0,3
syn_aggregate_00794,20,2.0,1,1,1,1,1,1,0,0,0,0,1,0,0,0,0,0,1,0,0,3,3,3,3,3,3,3,3,3,3,2,2,2,2,2,1,2,1,2,1,2,2,2,2,2,1,1,1,1,2,0,0,0,0,0,0,0,0,0,0,1,2,2,0,2,1,1,2,1,2
syn_aggregate_00795,20,2.0,2,2,1,1,1,1,1,0,0,0,0,0,0,0,0,0,0,0,4,4,4,4,4,4,4,4,3,4,3,2,3,3,2,3,2,2,2,1,0,4,4,4,4,4,4,4,4,3,4,0,1,0,0,0,0,1,0,0,0,4,4,4,4,4,4,4,4,3,3
syn_aggregate_00796,21,2.0,3,3,2,2,1,2,0,0,1,0,1,0,0,0,0,0,0,0,0,4,4,3,4,3,4,3,3,4,3,0,1,1,0,1,0,1,1,1,0,3,3,3,3,3,3,2,2,3,2,0,0,0,0,0,0,0,0,4,0,2,4,4,3,4,3,3,4,3,4
syn_aggregate_00797,18,2.0,3,3,3,3,2,3,2,2,1,1,1,1,1,0,0,0,0,1,0,3,3,2,3,2,3,2,2,2,3,3,3,3,3,3,2,3,2,2,2,4,4,4,4,3,4,4,4,3,4,0,0,0,0,2,0,0,0,0,0,3,4,4,3,4,3,3,4,3,3
syn_aggregate_00798,21,2.0,0,1,0,0,0,0,0,0,0,0,0,0,0,0,0,0,0,1,0,0,1,0,0,0,0,0,0,0,0,0,0,0,0,0,0,0,0,0,0,2,2,1,1,1,1,2,2,1,1,0,0,0,0,0,0,0,0,0,2,0,0,0,0,0,0,0,0,0,1
syn_aggregate_00799,32,1.0,2,1,1,1,1,0,1,0,0,0,0,0,0,0,2,0,0,0,0,4,4,3,4,3,3,3,2,2,2,3,4,4,3,3,3,3,3,3,3,4,4,4,4,4,4,3,3,4,4,2,2,2,2,2,3,2,2,2,2,4,4,4,4,4,3,4,4,4,2
syn_aggregate_00800,21,2.0,2,2,1,1,1,1,1,0,0,0,0,0,0,0,0,0,0,0,0,4,4,4,4,4,4,3,3,3,4,2,3,2,2,2,2,2,2,2,1,1,1,0,1,0,0,0,0,0,0,0,0,0,0,0,0,0,0,0,2,0,1,1,0,1,1,0,1,1,0
syn_aggregate_00801,18,1.0,2,2,2,2,1,2,0,0,0,1,1,1,1,1,1,1,1,1,1,4,4,4,4,4,4,4,3,3,3,3,4,4,3,4,4,4,4,3,2,2,2,2,2,2,2,1,1,2,1,1,1,1,1,0,1,1,0,0,0,0,2,2,1,2,1,2,1,1,1
syn_aggregate_00802,21,1.0,2,3,2,3,1,2,1,0,0,0,0,0,0,0,0,0,0,0,0,0,1,0,0,0,1,0,1,0,0,2,2,2,2,2,1,1,1,1,1,0,0,0,0,0,0,0,0,0,1,1,1,1,1,1,1,1,1,1,1,0,0,0,0,0,0,0,0,0,4
syn_aggregate_00803,22,2.0,1,1,1,1,0,0,0,0,0,0,0,0,0,0,0,0,0,0,0,2,2,1,2,1,2,1,2,1,2,0,0,0,0,0,0,0,2,0,0,1,0,0,1,0,0,0,0,0,0,0,0,0,0,0,0,0,0,0,0,0,2,1,0,1,1,1,1,1,0
syn_aggregate_00804,19,2.0,3,3,2,3,2,3,2,0,0,1,2,2,1,1,1,1,1,1,1,4,4,3,4,4,4,4,3,3,2,4,4,4,4,4,4,4,4,3,3,4,4,4,3,3,4,3,3,3,2,1,2,1,1,1,2,1,0,1,2,4,4,4,4,4,4,4,4,4,3
syn_aggregate_00805,19,2.0,3,3,3,3,3,3,3,3,2,0,0,1,0,0,0,0,0,0,0,0,0,0,0,0,0,0,0,0,1,0,0,0,0,0,0,0,4,0,0,1,1,1,1,1,1,1,1,0,0,1,1,1,1,1,0,0,0,0,0,3,4,4,3,4,4,4,4,4,4
syn_aggregate_00806,30,2.0,3,3,2,3,2,2,1,1,0,1,1,1,0,0,0,0,0,0,0,2,3,2,2,2,2,3,2,2,1,2,3,2,2,2,1,2,2,1,2,0,0,0,0,0,0,0,0,4,0,0,1,0,0,0,1,0,0,0,0,1,3,2,0,2,2,0,2,2,2
syn_aggregate_00807,21,1.0,3,3,2,3,2,3,2,0,0,0,0,0,0,0,0,0,0,1,0,1,1,1,1,1,1,1,1,1,1,0,0,0,0,0,0,0,0,0,4,2,1,1,2,1,0,0,0,0,0,0,0,0,0,0,0,0,0,0,0,1,2,2,1,2,1,1,2,1,2
syn_aggregate_00808,20,2.0,3,3,2,3,2,3,2,1,1,0,0,0,0,0,0,0,0,0,0,0,0,0,0,0,0,0,0,0,0,1,2,1,1,1,0,1,1,0,0,0,0,0,0,0,0,0,0,0,0,0,0,0,0,0,0,0,0,0,0,0,3,3,1,3,2,2,2,2,2
syn_aggregate_00809,19,2.0,3,3,3,3,2,2,2,2,1,0,1,0,0,1,0,0,0,1,0,2,2,1,2,2,2,2,1,2,1,1,1,2,0,0,1,0,1,1,2,4,4,4,4,4,4,4,4,3,3,0,0,0,0,0,0,0,0,2,0,0,1,1,0,1,0,0,1,0,0
syn_aggregate_00810,21,2.0,3,3,3,3,3,3,1,1,1,1,1,1,0,1,1,0,1,1,0,2,2,2,2,2,2,1,2,2,1,2,3,3,2,3,2,2,3,2,2,4,3,3,4,2,3,3,3,2,1,1,1,1,1,1,1,0,1,0,1,4,4,4,4,4,4,4,4,3,4
syn_aggregate_00811,21,2.0,3,3,2,2,2,1,1,0,1,0,0,1,0,0,0,0,0,0,0,2,3,2,2,2,2,3,2,2,1,3,4,4,3,3,4,3,3,3,3,2,2,2,2,1,2,1,2,2,2,1,1,1,1,1,2,2,1,1,1,0,1,0,0,1,0,0,1,0,0
syn_aggregate_00812,22,2.0,2,2,1,2,1,1,1,0,0,1,2,1,1,1,2,0,1,1,2,2,2,2,2,2,2,2,2,2,2,3,4,4,3,4,4,4,4,4,2,3,3,2,3,2,2,1,2,1,1,0,0,1,0,0,0,0,0,0,0,3,4,4,3,4,4,3,4,4,2
syn_aggregate_00813,49,2.0,3,3,2,3,2,1,0,1,0,1,1,1,1,1,1,0,1,0,0,4,4,4,4,3,3,3,3,3,1,1,2,1,2,1,2,1,1,1,2,3,3,2,3,2,2,2,2,2,2,0,0,0,0,0,1,0,1,0,0,1,4,3,2,4,3,3,3,2,3
syn_aggregate_00814,18,1.0,2,3,2,2,0,1,1,0,0,1,1,1,0,1,1,0,1,1,1,3,3,2,3,2,2,2,2,2,2,4,4,4,4,3,4,4,3,4,3,4,3,3,4,3,3,3,2,3,2,1,2,1,1,1,2,1,1,1,1,0,2,2,0,2,1,1,2,1,1
syn_aggregate_00815,19,2.0,3,3,2,2,1,2,1,0,0,0,1,0,0,0,0,0,0,0,0,4,4,4,4,4,4,3,3,3,3,3,4,4,3,4,3,4,4,3,2,1,1,0,1,1,0,0,1,0,1,0,0,0,0,0,0,0,0,0,4,0,2,1,0,2,0,1,2,1,1
syn_aggregate_00816,20,1.0,3,3,1,2,1,2,1,0,1,0,0,0,0,0,2,0,0,0,0,4,4,4,4,4,4,3,4,4,3,0,0,0,0,0,0,0,0,0,1,4,4,4,4,4,4,4,4,4,3,0,0,0,0,0,0,0,0,0,0,0,2,1,0,1,1,1,2,1,0
syn_aggregate_00817,19,2.0,2,2,1,2,0,0,1,0,0,0,0,0,0,0,0,0,0,0,0,0,0,0,0,0,0,0,0,0,0,0,1,1,0,1,0,0,1,0,1,1,0,0,1,0,0,0,0,1,0,0,0,0,0,0,0,0,0,0,0,1,2,2,1,2,1,1,2,2,2
syn_aggregate_00818,19,2.0,1,1,1,1,0,0,0,0,0,0,0,0,0,0,0,0,2,0,0,1,1,1,1,1,1,0,0,0,0,0,0,0,0,0,0,0,0,0,4,2,2,2,2,2,2,2,2,2,2,0,0,0,0,0,0,0,0,0,3,2,4,4,1,4,3,3,4,3,4
syn_aggregate_00819,49,2.0,2,3,2,2,1,1,0,0,0,0,0,0,0,0,0,0,0,0,0,0,0,0,0,0,0,1,0,1,0,0,2,1,1,1,0,1,1,1,0,2,1,1,1,1,1,2,1,1,1,0,0,0,0,0,0,0,0,0,2,0,1,0,0,0,0,0,1,0,0
syn_aggregate_00820,22,2.0,2,2,2,2,1,2,2,0,1,2,2,2,1,2,1,1,2,2,1,4,4,4,3,3,4,3,3,3,3,2,2,2,2,2,1,2,2,1,1,3,2,2,3,2,2,1,2,1,2,1,2,1,0,1,1,1,0,1,1,2,4,4,2,4,3,2,3,4,3
syn_aggregate_00821,42,2.0,2,2,2,2,1,1,1,0,0,0,0,0,0,0,0,0,2,0,0,3,3,3,3,3,3,3,3,2,2,2,2,2,2,2,1,2,2,2,2,2,2,2,2,2,1,2,2,1,3,0,1,0,0,0,0,0,0,0,1,1,4,4,2,3,3,2,3,3,0
syn_aggregate_00822,18,2.0,3,3,2,2,1,2,2,0,0,0,1,0,0,0,0,0,0,2,1,3,3,3,2,2,3,2,2,2,1,2,3,2,2,3,1,2,2,3,1,0,0,0,0,0,0,0,0,0,1,0,0,1,0,0,0,0,1,0,0,1,1,1,0,1,0,0,1,1,1
syn_aggregate_00823,19,2.0,3,3,2,3,2,2,1,0,0,0,0,0,0,0,0,0,1,0,0,0,0,0,0,0,0,0,0,0,0,2,2,2,1,2,2,2,2,1,2,4,4,4,4,3,4,3,3,4,3,0,1,0,0,0,0,0,3,0,0,3,4,4,3,4,4,3,4,3,3
syn_aggregate_00824,19,1.0,2,2,1,2,1,1,1,1,1,0,0,0,0,0,0,0,2,0,0,0,1,0,0,0,0,0,0,0,0,0,1,0,1,1,0,1,0,1,0,4,4,4,4,3,3,3,3,3,2,0,0,0,0,0,1,0,0,0,0,2,3,3,2,3,2,2,3,3,1
syn_aggregate_00825,19,2.0,3,3,2,3,2,2,1,0,0,0,0,0,0,0,0,0,0,0,4,0,1,0,0,1,0,0,0,0,0,4,4,4,4,3,4,4,3,3,1,4,4,4,4,4,3,4,4,4,3,2,2,1,2,1,1,1,1,1,0,2,4,3,2,3,3,2,3,3,2
syn_aggregate_00826,19,1.0,2,2,1,2,0,1,1,0,0,0,0,0,0,0,0,0,0,0,4,0,0,0,1,0,0,0,0,0,0,1,2,1,1,1,1,1,2,1,1,0,1,0,0,0,1,0,0,1,1,1,2,1,1,0,1,1,1,1,1,0,1,1,0,1,0,0,1,1,0
syn_aggregate_00827,24,2.0,1,1,1,1,1,0,0,0,0,0,0,0,0,0,0,0,0,0,2,2,2,1,2,2,2,2,2,1,2,2,3,2,2,2,2,2,2,2,2,2,1,1,2,1,1,1,1,1,1,1,1,1,1,1,2,2,1,1,1,2,3,3,2,3,2,2,2,2,3
syn_aggregate_00828,19,2.0,3,3,2,2,1,1,1,0,1,0,1,0,0,0,0,0,0,1,0,0,1,0,0,1,0,0,0,0,0,3,4,4,3,3,3,3,4,3,2,2,1,1,2,1,1,1,1,1,1,0,0,0,0,0,0,0,0,0,0,1,4,4,2,4,3,2,3,3,1
syn_aggregate_00829,18,2.0,1,0,0,0,0,0,0,0,0,0,0,0,0,0,0,0,0,0,4,3,3,3,3,3,3,2,3,3,4,0,1,1,0,1,0,1,1,0,0,2,1,1,2,0,2,0,0,1,0,0,0,0,0,0,1,1,0,0,0,0,1,0,0,1,0,0,1,0,0
syn_aggregate_00830,22,2.0,1,2,1,1,1,0,0,0,0,0,0,0,0,0,0,4,0,0,0,4,4,4,4,4,4,4,3,3,4,4,4,4,4,4,3,3,4,4,4,3,3,2,3,2,2,2,2,2,1,0,0,0,0,0,0,0,0,0,0,1,2,2,1,2,1,1,2,2,2
syn_aggregate_00831,22,2.0,3,3,3,3,3,3,3,2,1,1,1,1,1,1,1,2,1,1,1,4,4,3,4,4,4,3,4,3,3,4,4,4,4,4,4,3,4,3,3,1,1,1,1,1,1,1,1,1,1,0,0,0,0,0,0,0,0,2,2,0,2,2,0,2,1,2,2,1,1
syn_aggregate_00832,21,2.0,3,3,3,3,3,3,3,3,2,1,2,1,1,1,1,0,1,1,1,4,4,4,4,3,4,4,3,3,2,3,4,4,3,4,3,4,3,4,2,1,1,1,1,0,0,1,1,1,1,0,0,1,0,0,0,0,0,0,0,4,4,4,3,4,4,3,4,4,3
syn_aggregate_00833,21,2.0,3,3,2,2,0,0,0,0,0,0,0,0,0,0,0,0,1,2,0,0,0,0,0,0,0,0,0,0,1,1,2,2,1,2,1,1,2,1,1,2,3,2,2,1,2,2,2,3,2,0,1,0,0,0,0,0,0,1,0,1,3,3,2,3,2,2,3,2,1
syn_aggregate_00834,19,1.0,3,3,2,2,1,2,2,0,1,0,0,0,0,0,0,0,0,0,4,1,1,1,1,1,1,1,0,0,0,4,4,4,4,4,4,4,4,4,3,4,4,4,4,3,4,3,3,3,3,0,0,0,0,0,0,0,0,0,0,4,4,4,3,4,3,4,3,3,4
syn_aggregate_00835,19,2.0,3,3,2,2,1,2,2,1,1,1,2,1,1,1,2,0,1,1,1,2,2,1,2,1,2,1,1,1,0,2,3,3,3,3,3,3,2,2,2,4,3,4,4,3,3,3,3,2,2,0,0,0,0,0,0,3,0,0,0,4,4,3,4,4,4,3,4,4,2
syn_aggregate_00836,26,1.0,0,0,0,0,0,0,0,0,0,0,0,0,0,0,0,0,0,3,0,4,4,4,4,3,3,3,3,3,2,2,2,2,1,2,1,1,2,1,3,3,3,3,4,3,2,1,2,2,1,0,0,0,0,0,0,0,0,0,1,1,2,2,1,2,2,2,2,2,2
syn_aggregate_00837,35,2.0,2,2,1,1,0,1,1,0,1,0,0,0,0,0,0,0,0,0,2,1,1,0,1,1,1,0,0,0,1,2,3,3,2,3,2,2,2,2,2,3,3,3,3,2,2,2,2,2,2,0,0,0,0,0,0,0,0,0,1,0,2,1,0,1,0,0,0,1,0
syn_aggregate_00838,22,2.0,3,3,3,3,2,1,1,0,1,1,1,1,1,1,1,1,1,1,1,1,1,1,1,1,2,0,1,1,0,0,1,1,1,1,1,1,1,0,0,3,3,3,3,2,2,2,2,3,2,0,0,0,0,0,0,0,0,0,3,0,3,3,1,3,2,1,2,2,3
syn_aggregate_00839,35,2.0,3,3,3,3,2,3,2,2,0,0,0,0,0,0,0,0,4,0,0,3,4,3,4,3,4,3,3,2,1,3,4,4,3,3,3,3,2,2,3,2,1,1,2,1,0,0,1,1,0,1,1,1,0,0,1,1,0,0,0,1,3,3,1,3,2,2,3,3,1
syn_aggregate_00840,20,1.0,3,3,2,2,1,1,1,0,0,0,0,0,0,0,0,0,0,3,0,3,4,3,4,3,4,3,3,3,2,3,3,3,3,3,3,2,3,3,2,4,4,4,3,3,4,3,3,3,2,0,1,1,0,0,0,0,0,0,0,2,4,4,2,4,4,4,4,4,3
syn_aggregate_00841,30,2.0,1,1,1,1,1,0,0,0,0,1,1,1,1,1,0,1,1,0,0,3,2,2,3,2,3,2,2,2,2,4,4,4,4,4,4,4,4,3,4,1,1,1,2,0,1,0,1,1,1,0,0,0,0,0,0,0,1,2,0,1,4,4,3,4,3,3,4,4,4
syn_aggregate_00842,22,2.0,3,3,3,3,3,0,0,0,0,0,1,0,0,0,0,0,0,0,0,3,3,2,3,2,3,3,2,2,3,3,4,4,3,3,3,4,3,3,3,3,3,3,3,2,3,3,2,3,3,0,0,0,0,0,0,0,2,0,0,3,4,4,3,4,4,4,4,4,4
syn_aggregate_00843,19,2.0,3,3,2,3,1,2,1,0,0,2,3,3,2,2,2,1,2,2,1,0,1,0,1,0,1,1,0,1,0,3,4,3,3,3,3,3,3,4,3,4,3,4,3,3,3,3,2,3,3,0,1,0,0,0,0,0,0,0,0,1,3,2,1,3,1,2,2,1,2
syn_aggregate_00844,20,2.0,3,3,2,3,1,2,2,1,0,1,1,1,0,1,0,0,0,1,0,1,2,1,1,1,1,1,0,2,1,4,4,4,4,4,4,4,4,3,3,3,3,3,4,3,3,2,3,3,4,0,0,0,0,0,1,1,0,0,0,0,2,2,0,2,1,1,2,1,0
syn_aggregate_00845,22,1.0,3,3,3,3,3,3,2,1,1,1,2,1,1,1,1,0,2,1,0,4,4,4,4,4,4,4,4,3,3,4,4,4,4,4,3,3,4,3,2,4,4,4,4,3,3,3,3,4,4,2,2,1,2,1,2,2,1,1,2,3,4,4,4,4,4,4,4,3,4
syn_aggregate_00846,38,2.0,3,3,3,3,3,3,0,1,0,0,0,0,0,0,0,0,0,0,2,0,0,0,1,1,0,0,1,1,0,3,3,3,3,3,3,3,3,2,3,2,2,2,2,2,1,1,2,2,1,0,1,0,0,0,0,0,1,0,0,1,3,2,1,2,1,1,2,2,2
syn_aggregate_00847,43,2.0,3,3,2,3,2,2,2,0,1,0,0,0,0,0,0,0,0,0,3,3,3,2,3,2,3,2,2,2,3,2,2,2,2,1,1,1,2,1,2,4,4,4,4,4,4,3,4,3,4,0,0,0,0,0,0,0,0,1,1,0,2,1,0,2,1,0,2,1,0
syn_aggregate_00848,19,2.0,3,3,2,2,1,2,2,1,0,0,0,0,0,0,0,0,2,0,0,4,4,4,4,4,3,3,3,3,3,4,4,4,3,4,4,4,3,4,2,3,3,3,3,2,3,2,3,2,3,1,2,1,1,1,2,1,1,0,1,4,4,4,4,4,4,3,4,3,3
syn_aggregate_00849,19,2.0,1,2,1,2,0,0,0,0,0,0,0,0,0,0,0,0,0,0,0,1,1,0,1,1,1,1,1,1,1,1,1,1,0,1,0,1,1,0,0,0,0,0,0,0,0,0,0,2,0,0,0,0,0,0,0,0,0,0,0,0,2,1,0,1,0,0,1,2,1
syn_aggregate_00850,31,2.0,3,3,3,3,2,3,3,2,1,1,2,1,0,1,1,0,0,1,0,4,4,4,4,4,3,4,4,4,4,2,2,2,2,1,1,1,1,1,1,4,3,3,4,3,3,2,2,3,1,2,2,1,1,1,1,1,1,1,1,3,4,4,3,3,2,3,2,2,0
syn_aggregate_00851,20,1.0,3,2,1,2,0,1,1,0,0,0,0,0,0,0,0,0,0,0,1,3,4,3,3,3,3,2,3,2,3,2,3,3,2,2,2,2,3,2,3,4,4,4,4,3,4,4,3,4,3,1,1,1,1,1,1,1,1,1,1,1,3,2,1,2,1,1,2,3,2
syn_aggregate_00852,19,1.0,3,3,1,2,0,1,1,0,0,0,0,0,0,1,0,0,0,0,0,4,4,4,4,4,4,3,4,4,3,2,2,2,2,2,1,2,2,2,2,0,1,0,0,0,0,0,0,0,0,0,0,0,0,0,0,0,0,0,0,4,4,4,4,4,4,4,4,4,3
syn_aggregate_00853,19,2.0,1,1,0,0,0,0,0,0,0,0,0,0,0,0,2,0,0,0,0,3,3,3,4,3,3,3,3,2,1,0,0,0,0,0,0,0,0,0,1,1,1,0,1,0,1,1,1,1,1,0,0,0,0,0,0,0,0,0,0,0,0,0,0,0,0,0,0,1,0
syn_aggregate_00854,21,2.0,2,2,1,1,0,1,1,0,1,1,1,1,1,1,1,0,0,0,0,0,0,0,0,0,0,0,0,0,2,1,2,2,1,2,1,1,1,1,0,3,2,2,3,2,2,2,2,2,2,0,0,0,0,0,0,1,0,1,1,1,3,2,1,2,1,2,2,2,2
syn_aggregate_00855,21,2.0,2,2,1,1,1,1,1,0,0,0,0,0,0,0,0,0,0,0,4,2,2,1,1,1,2,1,1,2,1,2,3,2,2,2,2,2,1,2,2,2,1,1,2,1,1,1,1,1,2,1,1,1,0,0,1,1,0,1,1,0,2,2,0,2,1,0,1,1,1
syn_aggregate_00856,20,2.0,3,3,3,3,3,3,3,2,3,0,0,0,0,0,0,0,0,0,3,2,2,2,2,2,2,2,1,1,1,1,2,1,1,1,1,1,1,0,1,4,4,4,4,4,3,4,3,4,3,1,2,1,1,1,2,1,1,0,0,2,4,3,1,4,3,3,4,3,2
syn_aggregate_00857,21,2.0,1,1,1,1,0,0,0,0,0,0,0,0,0,0,0,0,0,0,2,2,2,2,1,1,2,1,1,1,1,0,0,0,0,0,0,0,0,0,0,2,1,1,2,1,2,1,1,1,1,0,0,0,0,0,0,0,0,0,2,0,0,0,0,0,0,0,0,0,0
syn_aggregate_00858,19,2.0,3,3,3,3,2,2,1,0,0,0,0,0,0,0,0,0,0,0,0,1,1,1,1,1,2,1,1,1,1,3,3,3,3,3,3,3,2,2,1,3,3,2,2,2,3,1,3,2,1,1,1,1,1,0,1,1,0,1,1,0,1,1,0,1,0,0,1,0,0
syn_aggregate_00859,22,2.0,3,3,2,3,1,2,1,0,0,0,0,0,0,0,0,0,0,0,0,4,4,3,4,3,4,3,3,3,0,0,0,0,0,0,0,0,0,0,0,3,2,2,3,2,2,1,2,2,1,0,0,0,0,0,0,0,0,0,0,0,1,0,0,1,0,0,0,0,0
syn_aggregate_00860,20,1.0,2,3,3,3,1,2,1,0,1,0,0,0,0,0,0,0,0,2,0,1,1,1,1,1,1,0,0,1,1,2,3,3,3,2,2,2,2,2,1,4,4,4,4,3,4,3,4,3,3,0,0,0,0,0,0,0,0,0,1,1,3,2,1,2,1,1,2,2,2
syn_aggregate_00861,45,2.0,1,1,0,1,0,0,0,0,0,0,0,0,0,0,0,0,0,0,0,4,4,3,4,3,4,3,3,3,3,0,1,0,0,1,0,0,0,1,0,2,1,1,2,1,1,1,1,1,1,0,0,0,0,0,0,0,0,0,0,0,1,0,0,0,0,0,0,0,1
syn_aggregate_00862,20,2.0,3,3,2,3,1,2,2,1,1,0,1,0,0,0,0,0,0,0,2,3,3,3,3,3,3,3,2,2,3,2,3,3,2,3,2,3,3,2,1,1,1,1,1,1,0,0,0,0,0,0,0,0,0,0,0,0,0,0,2,2,4,4,2,3,3,3,3,2,3
syn_aggregate_00863,22,2.0,3,3,1,2,1,2,0,0,0,1,1,1,1,1,0,0,0,0,0,4,4,4,4,3,4,4,3,4,2,3,3,3,3,3,3,3,3,3,2,4,4,4,4,4,3,4,4,4,4,1,1,1,1,1,1,1,1,1,1,2,3,3,2,3,2,2,2,2,1
syn_aggregate_00864,18,1.0,2,2,1,2,1,1,0,0,0,1,1,1,0,1,0,0,1,1,0,4,4,4,4,4,3,3,4,3,4,2,3,3,3,3,2,3,2,2,3,4,3,3,3,3,3,3,3,3,2,2,2,2,2,1,2,2,2,1,3,1,3,3,1,3,2,2,3,2,3
syn_aggregate_00865,20,2.0,2,2,1,1,0,1,0,0,0,0,0,0,0,0,0,0,0,0,3,4,4,4,4,3,4,4,3,4,3,4,4,4,4,4,4,4,4,4,4,3,3,3,3,3,2,3,3,2,3,0,0,0,0,0,0,0,0,0,3,0,1,0,0,1,0,0,1,0,0
syn_aggregate_00866,22,2.0,3,3,3,3,3,3,3,3,3,1,1,1,0,1,1,1,1,0,3,3,3,3,3,3,3,3,3,2,3,1,1,1,1,1,0,0,1,1,1,1,0,0,0,0,0,0,0,0,0,0,0,0,0,0,0,0,0,0,0,3,4,4,3,4,4,3,4,3,3
syn_aggregate_00867,31,1.0,1,1,0,1,0,0,0,0,0,0,0,0,0,0,0,0,0,0,1,0,0,0,0,2,0,0,0,0,0,2,2,2,2,2,2,2,2,2,2,2,2,1,2,2,1,1,1,1,1,1,1,1,0,0,1,1,0,1,1,0,2,1,0,1,1,0,1,1,1
syn_aggregate_00868,25,1.0,1,1,1,1,1,0,0,0,0,0,0,0,0,0,1,0,1,1,0,1,2,1,1,1,1,1,1,1,1,3,3,3,3,3,3,3,3,3,2,1,1,1,1,1,1,0,0,0,0,0,0,0,0,0,0,0,0,0,2,0,1,0,0,1,0,0,0,1,1
syn_aggregate_00869,49,2.0,1,1,0,1,0,0,1,0,0,0,0,0,0,0,0,0,0,0,1,4,4,4,4,3,4,3,4,3,4,0,0,1,0,0,0,1,0,0,0,0,0,0,1,0,0,0,0,0,0,0,0,0,0,0,0,0,0,0,0,0,0,0,0,0,0,0,0,0,4
syn_aggregate_00870,20,2.0,3,3,2,3,3,3,3,2,1,1,1,2,1,1,1,1,1,1,1,4,4,4,4,4,4,4,4,3,3,4,4,4,4,4,4,4,4,3,4,4,4,4,4,4,4,4,3,4,3,0,0,0,0,0,0,0,0,0,2,4,4,4,4,4,4,4,4,3,3
syn_aggregate_00871,18,2.0,3,3,3,3,1,2,2,1,0,0,1,0,0,0,0,0,0,0,0,3,3,2,3,3,3,3,2,3,2,1,3,2,2,2,1,1,1,1,1,1,0,0,1,0,0,0,0,1,0,0,0,0,0,0,0,0,1,0,0,3,4,4,3,4,3,3,3,3,3
syn_aggregate_00872,20,1.0,3,3,3,3,2,2,1,1,1,0,0,0,0,0,0,0,0,0,0,4,4,4,4,3,4,3,3,4,2,2,2,2,2,2,1,2,2,1,1,2,2,2,2,1,2,2,1,2,2,1,2,1,1,1,1,2,1,0,0,1,3,3,1,3,2,2,2,2,1
syn_aggregate_00873,46,1.0,3,2,2,2,1,2,1,1,0,0,1,1,0,1,0,0,0,0,0,4,4,4,4,4,4,4,4,3,3,3,4,4,3,3,3,3,3,3,3,4,4,4,4,3,4,3,3,3,3,1,1,1,1,1,1,1,1,1,1,1,3,3,1,3,2,2,2,2,2
syn_aggregate_00874,36,2.0,1,1,1,1,1,0,0,0,0,0,0,0,0,0,0,0,0,0,3,1,1,0,1,1,1,1,1,0,1,0,2,1,1,1,0,1,1,0,0,0,0,0,0,0,0,0,0,0,3,0,0,0,0,0,0,0,0,0,0,1,3,3,1,3,2,2,3,2,3
syn_aggregate_00875,29,2.0,2,2,1,2,1,1,1,0,1,1,1,0,0,0,0,0,0,0,0,3,3,3,3,3,3,2,3,3,2,4,4,4,3,4,4,4,3,3,3,4,4,4,4,4,4,3,4,4,3,0,0,0,0,0,0,0,0,0,1,4,4,4,4,4,4,4,4,4,3
syn_aggregate_00876,21,2.0,3,3,2,2,2,2,2,1,1,0,0,0,0,0,0,0,0,0,1,4,4,4,4,4,4,4,4,4,4,4,4,4,4,4,4,4,4,3,4,4,4,4,4,3,4,4,3,4,3,2,3,2,2,2,3,2,2,2,2,3,4,4,3,4,4,4,4,4,2
syn_aggregate_00877,22,2.0,2,2,1,2,1,2,1,1,0,0,0,1,0,0,0,0,0,1,0,2,3,2,2,2,2,2,2,2,2,2,3,3,2,2,2,2,3,2,2,4,4,4,4,3,3,3,3,4,2,2,1,1,2,1,0,1,1,1,1,1,2,2,1,3,2,1,2,2,3
syn_aggregate_00878,18,2.0,1,1,1,1,0,0,0,0,0,0,0,0,0,0,0,0,3,0,0,0,0,0,0,0,0,0,0,0,3,1,1,1,0,1,0,1,1,0,0,2,1,1,1,1,1,0,1,0,1,0,0,0,0,0,0,0,0,0,0,0,1,0,0,1,0,0,0,0,0
syn_aggregate_00879,21,1.0,2,2,2,2,1,2,1,0,1,0,0,0,0,0,0,0,0,0,2,2,2,1,2,1,2,2,1,1,2,2,3,3,2,3,2,3,2,3,2,1,0,0,1,0,0,0,0,0,0,0,0,0,0,0,0,0,0,0,1,0,1,1,0,1,0,0,1,0,0
syn_aggregate_00880,20,2.0,0,0,0,0,0,0,0,0,0,0,0,0,0,0,0,0,0,3,0,1,2,0,1,1,1,1,0,1,2,3,4,3,3,3,3,3,3,2,2,2,2,2,2,2,1,1,2,2,2,1,1,1,0,0,1,0,1,0,0,2,4,4,2,4,3,3,4,4,4
syn_aggregate_00881,18,1.0,2,3,2,2,1,2,1,0,0,0,0,0,0,0,0,0,0,0,2,1,1,1,1,1,0,0,1,1,1,3,3,4,4,4,3,4,3,3,2,1,1,1,1,1,1,1,0,1,1,0,0,0,0,0,0,0,0,0,4,0,2,1,0,2,0,1,1,2,1
syn_aggregate_00882,18,2.0,3,3,3,3,3,3,3,3,3,1,2,1,0,1,2,1,1,1,1,3,3,4,4,3,4,4,3,2,0,4,4,4,4,4,4,4,4,3,3,4,4,4,4,3,4,3,4,4,4,0,1,0,0,0,1,0,1,0,2,3,4,4,4,4,4,4,4,4,4
syn_aggregate_00883,21,1.0,3,3,2,3,1,3,2,0,0,0,0,0,0,0,0,0,0,1,0,3,3,3,3,3,3,3,2,3,2,0,0,0,0,0,0,0,0,2,0,1,1,0,1,0,0,0,0,0,0,0,0,0,0,0,0,0,0,0,0,2,4,4,2,4,2,2,4,2,0
syn_aggregate_00884,19,1.0,0,0,0,0,0,0,0,0,0,0,0,0,0,0,0,0,0,0,0,0,0,0,0,0,0,0,0,0,0,0,0,0,0,0,0,0,0,0,0,0,0,0,0,0,0,0,0,0,0,0,0,0,0,0,0,0,0,0,0,0,0,0,0,0,0,0,0,0,0
syn_aggregate_00885,19,1.0,3,3,2,2,2,1,1,1,1,0,0,0,0,0,0,0,0,4,0,3,3,3,3,2,3,2,2,2,2,1,1,1,1,1,0,0,0,0,0,2,2,2,2,1,2,1,2,2,2,0,0,0,0,0,0,0,0,0,1,0,0,1,0,0,0,0,0,2,0
syn_aggregate_00886,20,2.0,1,1,0,0,0,0,0,0,0,0,0,1,0,0,0,0,0,0,0,1,1,0,1,0,1,0,1,0,0,0,0,0,0,0,0,0,0,0,0,0,0,0,0,0,0,0,0,1,0,0,0,0,0,0,0,0,0,0,0,0,1,0,0,0,0,0,0,0,0
syn_aggregate_00887,40,2.0,3,3,2,2,1,1,1,0,0,0,0,0,0,0,0,0,0,0,2,1,1,1,1,1,0,0,0,0,1,0,0,0,0,0,0,0,0,0,2,3,2,2,3,2,2,2,2,2,2,0,0,0,0,0,0,0,2,0,0,0,0,0,0,0,0,0,0,0,0
syn_aggregate_00888,19,1.0,3,3,3,3,3,3,3,3,1,1,2,1,1,2,2,1,2,1,1,4,4,4,4,4,4,4,4,4,4,4,4,4,4,4,4,4,4,4,3,4,4,4,4,4,4,4,3,4,4,2,3,2,2,2,2,2,1,1,3,4,4,4,3,4,3,3,4,4,3
syn_aggregate_00889,19,2.0,3,3,2,3,2,2,1,1,1,1,2,2,1,2,1,0,1,1,0,4,4,4,4,4,4,4,4,4,4,4,4,4,4,4,4,4,4,3,4,3,2,2,3,2,2,2,2,3,2,0,1,1,1,0,1,1,1,1,1,2,4,4,2,4,3,3,4,3,4
syn_aggregate_00890,22,2.0,2,3,2,3,0,1,0,0,0,0,0,0,0,0,0,0,0,0,3,3,3,3,4,3,3,3,4,3,3,3,4,3,3,3,3,3,3,2,3,3,3,2,3,2,2,2,2,2,2,2,2,1,1,1,0,1,0,0,0,3,4,4,3,4,4,4,4,4,4
syn_aggregate_00891,19,1.0,1,1,0,1,0,0,0,0,0,0,0,0,0,0,1,0,0,0,0,1,1,1,1,1,1,0,0,1,0,0,0,0,0,0,0,0,0,0,0,2,1,1,2,1,1,1,1,1,1,0,0,0,0,0,0,0,0,0,0,0,0,0,0,0,1,0,0,0,0
syn_aggregate_00892,20,2.0,3,3,2,2,2,1,1,1,1,0,0,0,0,0,0,0,0,0,3,3,3,2,3,2,2,2,2,2,3,3,4,3,3,4,3,4,3,4,2,2,1,1,2,2,1,0,0,0,1,0,0,0,0,0,0,0,3,0,0,0,2,2,0,2,1,0,1,1,0
syn_aggregate_00893,20,1.0,3,3,3,3,2,3,2,2,2,3,4,3,3,3,3,2,3,2,3,4,4,4,4,4,4,4,4,3,4,0,1,1,0,0,0,1,0,0,0,4,4,4,4,4,4,4,3,4,4,1,1,0,1,1,1,1,0,0,1,4,4,4,4,4,3,3,4,3,4
syn_aggregate_00894,19,1.0,3,3,2,2,1,1,0,0,0,0,0,0,0,0,0,0,0,0,3,2,2,1,2,1,2,1,1,1,1,1,1,1,1,1,1,1,1,0,0,4,4,4,4,3,4,3,3,3,2,0,0,0,0,0,1,0,0,1,0,0,2,1,0,1,0,0,1,1,0
syn_aggregate_00895,19,1.0,1,1,0,0,0,0,0,0,0,1,1,1,0,1,0,0,0,1,0,4,4,3,4,3,3,3,2,4,3,4,4,4,4,4,3,4,3,3,3,4,4,4,4,4,4,3,4,4,3,2,2,3,2,2,2,2,3,2,2,4,4,4,4,4,4,4,4,4,3
syn_aggregate_00896,20,2.0,3,3,2,3,2,3,2,1,0,1,1,1,0,1,1,0,1,0,0,4,4,4,4,4,4,4,4,4,4,4,4,4,3,3,3,3,3,2,2,2,2,1,2,1,2,1,1,1,2,0,0,0,0,0,1,0,0,0,0,4,4,4,4,4,4,4,3,4,4
syn_aggregate_00897,20,2.0,0,1,0,0,0,0,0,0,0,0,0,0,0,0,0,0,2,0,0,0,0,1,0,0,0,0,0,0,0,3,4,4,3,3,3,3,3,2,2,2,2,1,2,1,0,0,0,0,1,0,0,0,0,0,0,0,0,0,3,0,0,0,0,0,0,0,0,0,2
syn_aggregate_00898,19,1.0,3,3,3,3,3,3,3,2,1,2,2,2,2,2,2,1,2,2,2,4,4,4,4,4,4,3,4,4,4,4,4,4,4,4,4,4,4,4,4,4,4,4,4,4,4,4,4,4,4,2,2,2,2,2,2,2,1,1,2,4,4,4,4,4,4,4,4,4,4
syn_aggregate_00899,19,2.0,3,3,3,3,3,3,3,3,2,0,4,0,0,0,0,0,0,0,0,1,1,1,1,1,2,1,1,1,1,3,3,3,3,3,3,2,3,3,3,4,4,4,4,3,4,4,4,3,3,1,1,1,0,0,0,1,0,0,2,2,4,3,2,4,2,2,3,2,1
syn_aggregate_00900,22,2.0,3,3,3,3,2,3,3,3,3,0,1,1,0,1,0,0,0,1,0,4,4,4,4,4,4,4,4,4,4,4,4,4,4,4,4,4,4,4,4,4,4,4,4,3,4,4,3,4,2,2,2,2,2,1,2,1,1,1,2,3,4,4,3,4,3,3,3,3,2
syn_aggregate_00901,29,2.0,2,3,2,2,2,2,1,0,1,0,0,0,0,0,0,0,0,0,0,2,2,1,2,2,1,2,2,1,1,4,4,4,4,4,4,4,3,3,3,0,0,0,0,0,0,0,0,0,3,0,1,1,0,1,1,1,0,1,0,0,1,1,0,1,0,0,1,0,0
syn_aggregate_00902,31,1.0,2,2,2,2,1,1,1,1,0,0,1,1,0,0,0,0,0,1,0,4,4,4,4,3,4,4,3,3,3,0,0,0,0,0,0,0,0,0,3,4,4,4,4,4,4,4,4,4,4,1,1,0,0,0,0,0,0,0,0,2,4,4,2,4,4,4,4,3,2
syn_aggregate_00903,28,2.0,3,3,3,3,2,3,2,1,0,1,1,1,1,1,1,1,1,1,1,4,4,4,4,4,4,4,3,3,3,2,3,2,2,2,2,2,2,2,1,4,4,4,4,3,4,3,4,3,3,0,1,0,0,0,1,0,0,0,0,1,2,2,1,2,2,2,2,1,3
syn_aggregate_00904,22,2.0,3,3,3,3,2,3,2,2,3,1,1,1,0,0,1,0,1,0,0,4,4,4,4,4,4,3,4,4,3,2,3,3,2,3,2,2,3,1,1,4,4,4,4,4,4,4,4,3,4,1,2,1,1,1,1,1,1,1,1,3,4,4,3,4,4,3,4,4,3
syn_aggregate_00905,20,2.0,0,0,0,0,0,0,0,0,0,0,1,0,0,0,0,0,0,0,0,0,0,1,1,0,0,0,0,1,0,0,0,1,0,0,0,0,0,0,0,0,0,0,0,0,0,0,0,0,2,0,0,0,0,0,0,0,0,0,0,0,0,0,0,0,0,0,0,0,0
syn_aggregate_00906,22,2.0,3,3,3,3,2,3,3,2,1,0,0,0,0,0,1,0,1,0,0,2,3,2,2,2,2,2,1,2,1,1,2,2,1,2,1,2,1,1,2,2,2,2,2,2,2,1,2,2,2,0,0,0,0,0,0,0,0,0,4,4,4,4,4,4,4,4,4,4,2
syn_aggregate_00907,21,2.0,0,1,1,1,0,0,0,0,0,0,0,0,0,0,0,0,0,0,1,0,0,0,0,0,0,0,0,0,2,0,2,1,1,1,0,0,0,0,0,0,1,0,1,0,0,0,0,0,0,0,0,0,0,0,0,0,0,0,0,0,0,0,0,0,0,0,0,0,1
syn_aggregate_00908,42,2.0,3,3,3,3,2,3,3,2,1,0,0,0,0,0,0,0,0,0,4,3,3,2,3,2,3,2,2,2,3,3,4,4,3,4,3,4,3,3,3,4,4,4,4,4,3,4,4,3,4,0,1,0,1,0,1,0,1,0,0,3,4,4,3,4,4,4,4,4,3
syn_aggregate_00909,20,2.0,3,3,2,2,2,2,2,0,0,0,1,0,0,0,0,1,0,1,0,3,3,3,3,3,3,3,2,3,3,2,3,3,2,2,2,2,2,2,3,4,3,3,4,3,3,2,2,2,0,1,2,1,1,1,2,1,0,1,1,2,3,3,2,2,2,2,2,2,1
syn_aggregate_00910,19,2.0,3,3,3,3,3,3,3,2,3,1,2,1,1,1,1,1,1,1,1,4,4,4,4,4,4,4,4,3,4,4,4,4,4,4,4,4,4,3,4,4,4,4,4,4,4,4,4,4,4,2,2,1,1,1,2,1,1,1,2,4,4,4,4,4,4,4,4,4,4
syn_aggregate_00911,30,2.0,2,3,1,2,1,1,1,0,0,1,2,1,1,1,0,0,1,1,1,2,2,2,2,2,1,2,2,2,1,3,4,3,3,3,3,3,3,3,3,3,3,3,3,3,2,3,3,4,2,2,3,3,2,2,3,2,2,2,2,3,4,4,3,4,4,3,4,4,3
syn_aggregate_00912,19,2.0,2,2,1,2,0,0,1,0,0,0,0,0,0,0,0,0,0,0,0,0,0,0,0,0,0,0,0,1,0,0,0,0,0,0,0,0,0,0,2,2,2,1,2,1,1,1,1,2,0,0,0,0,1,0,0,0,0,0,0,0,1,0,0,0,0,0,0,0,0
syn_aggregate_00913,20,2.0,2,2,1,2,1,1,1,2,1,0,1,0,0,0,0,0,0,0,0,0,0,0,0,0,0,0,0,0,0,1,2,2,1,1,1,2,0,0,0,3,3,2,3,2,2,2,2,2,2,0,0,0,0,0,0,0,1,2,0,0,1,0,0,0,0,0,0,0,0
syn_aggregate_00914,31,2.0,1,1,1,2,1,0,0,0,0,0,0,0,0,0,0,0,0,2,0,3,3,3,2,2,3,2,3,2,2,4,4,4,4,4,4,4,3,4,3,4,4,4,4,4,4,3,3,4,4,1,2,1,0,1,1,1,1,1,1,2,4,4,2,4,4,3,3,3,1
syn_aggregate_00915,20,2.0,0,0,0,0,0,0,0,0,0,0,0,0,0,0,0,0,0,0,0,0,0,0,0,0,0,0,0,0,1,0,0,0,0,0,0,0,0,0,0,2,1,1,2,0,1,0,0,0,0,0,0,0,0,0,0,0,0,0,0,0,1,0,0,0,0,0,0,0,0
syn_aggregate_00916,22,2.0,3,3,3,3,2,3,3,2,3,0,0,0,0,0,0,4,0,0,0,4,4,4,4,3,4,3,3,3,3,3,4,3,3,3,2,3,3,2,2,4,4,4,4,3,4,4,3,3,3,0,0,0,0,0,0,0,0,0,1,1,1,1,0,1,0,0,1,1,0
syn_aggregate_00917,39,2.0,3,3,2,3,2,2,2,1,0,0,1,0,0,0,0,0,0,0,0,3,3,3,3,3,2,3,3,2,2,4,4,4,4,3,3,4,4,3,3,4,4,4,4,4,4,4,4,4,4,2,2,2,1,1,2,1,1,1,1,4,4,4,4,4,4,4,4,4,4
syn_aggregate_00918,21,2.0,3,3,2,3,2,3,2,0,0,0,0,0,0,0,1,1,0,0,0,0,0,0,0,0,2,0,0,0,0,2,3,2,2,2,2,2,2,1,2,4,4,4,4,4,4,4,4,3,4,0,0,0,0,0,0,0,0,0,2,0,1,1,0,1,0,0,1,0,0
syn_aggregate_00919,29,2.0,3,3,2,3,2,2,2,1,1,0,0,0,0,0,0,0,0,0,4,4,4,4,3,4,4,4,4,3,3,3,4,4,3,3,4,3,3,3,2,2,2,2,2,1,1,1,1,0,1,1,1,0,1,1,1,0,1,1,0,0,3,3,1,3,1,1,2,2,0
syn_aggregate_00920,21,1.0,1,2,1,1,1,0,0,0,0,0,0,0,0,0,0,0,0,0,1,4,4,4,4,4,4,3,4,3,4,3,4,4,3,3,3,3,4,3,2,4,4,4,4,3,4,3,3,3,3,1,1,1,0,1,0,1,1,0,0,3,4,4,3,4,4,3,4,4,4
syn_aggregate_00921,20,2.0,1,1,1,1,1,0,0,0,0,1,1,1,0,1,0,0,0,0,0,0,0,0,0,0,0,0,0,0,0,1,3,2,2,2,1,2,1,1,1,2,0,0,1,0,0,0,0,1,0,0,0,0,0,0,0,0,0,0,0,0,0,0,0,1,0,0,0,0,0
syn_aggregate_00922,20,2.0,0,0,0,0,0,0,0,0,0,0,1,0,0,0,0,0,0,0,0,0,0,0,0,0,0,0,0,0,0,0,1,0,0,0,0,0,0,0,0,0,0,0,0,0,1,1,1,0,0,0,0,0,0,0,0,0,0,0,0,0,1,1,0,1,0,1,1,2,1
syn_aggregate_00923,19,2.0,3,3,2,3,2,2,2,1,0,3,4,3,3,3,2,3,3,2,2,4,4,4,3,3,4,3,3,3,2,3,4,4,3,3,4,3,3,3,3,4,4,4,4,3,4,4,3,4,3,2,2,2,1,2,2,2,2,2,2,4,4,4,4,4,3,3,4,4,3
syn_aggregate_00924,22,2.0,3,3,2,2,1,0,0,0,0,0,0,0,0,0,3,0,0,0,0,2,2,2,2,1,2,2,1,1,2,0,0,0,0,1,0,0,0,0,0,4,3,4,4,3,3,3,3,3,3,0,0,0,0,0,0,0,0,0,4,0,0,0,0,0,0,0,0,0,0
syn_aggregate_00925,18,1.0,2,2,1,1,1,1,0,1,0,0,1,0,0,0,0,0,0,0,0,3,3,3,3,3,4,2,3,2,2,0,0,0,0,0,0,0,0,0,3,3,3,3,3,2,3,2,3,3,2,0,0,0,0,0,0,0,0,1,0,0,2,0,0,0,0,0,0,0,0
syn_aggregate_00926,38,1.0,2,2,1,2,1,0,0,0,0,0,0,0,0,0,0,0,0,0,1,0,0,0,0,0,2,0,0,0,0,3,4,3,3,3,3,3,4,3,3,4,4,3,4,3,3,3,3,4,2,0,0,0,0,1,0,0,0,0,0,1,4,3,2,3,3,2,3,3,3
syn_aggregate_00927,20,1.0,3,3,3,3,2,3,2,1,1,0,1,0,0,0,0,0,0,0,0,0,0,0,0,0,0,0,0,0,3,0,1,1,1,1,0,0,0,0,0,1,1,1,1,1,1,0,1,1,0,1,0,0,0,0,0,0,0,0,0,0,3,2,1,3,1,1,2,1,1
syn_aggregate_00928,20,2.0,0,1,0,0,0,1,1,0,0,1,1,1,0,1,1,0,1,1,0,2,2,1,2,2,2,2,1,2,1,0,2,1,1,1,1,1,1,0,0,1,1,1,1,2,1,0,1,1,1,0,0,0,0,0,0,0,0,0,0,2,3,3,2,3,2,2,2,3,3
syn_aggregate_00929,19,2.0,0,1,0,0,0,0,0,0,0,0,0,0,0,0,0,0,0,0,0,1,1,1,1,0,1,0,1,0,0,0,1,1,1,1,1,0,1,0,0,3,3,3,3,3,3,3,3,2,3,0,1,0,0,0,0,0,0,0,0,0,3,2,1,3,1,1,2,2,1
syn_aggregate_00930,18,2.0,3,3,3,3,2,3,2,0,0,0,0,0,0,0,1,0,0,1,0,2,3,2,3,2,2,2,2,2,1,3,3,3,3,2,2,3,2,2,3,2,1,1,2,1,1,1,0,1,2,1,1,1,1,1,1,1,0,0,0,3,4,4,3,4,3,3,4,4,4
syn_aggregate_00931,21,2.0,1,1,1,1,0,0,0,0,0,1,1,1,0,1,0,1,0,1,0,4,4,3,4,3,4,3,4,3,3,2,3,2,2,2,2,1,2,1,2,4,4,4,4,3,3,3,2,3,2,1,1,1,1,1,2,1,1,1,1,2,4,3,2,3,2,2,3,3,3
syn_aggregate_00932,20,2.0,3,3,2,3,2,2,1,1,0,2,3,3,2,2,2,2,2,2,1,4,4,4,4,3,3,3,3,3,3,2,3,3,2,2,2,2,2,1,0,4,4,4,4,3,3,3,3,2,1,1,1,1,1,0,0,0,1,0,1,4,4,4,4,4,4,4,4,4,3
syn_aggregate_00933,22,2.0,2,2,1,2,1,0,0,0,1,0,0,0,0,0,0,0,0,1,0,2,2,1,2,2,1,1,1,1,1,3,3,3,3,2,2,2,2,2,3,3,2,2,3,2,2,1,2,2,1,0,0,1,0,0,1,0,0,0,0,0,2,2,0,2,2,1,2,3,1
syn_aggregate_00934,44,1.0,3,3,3,3,3,3,3,3,3,0,0,0,0,0,0,0,0,0,0,0,1,1,0,1,1,0,2,0,0,4,4,4,3,4,4,3,4,4,3,4,4,4,4,3,4,3,4,3,4,0,0,0,0,0,0,0,0,4,0,4,4,4,4,4,4,4,4,4,4
syn_aggregate_00935,30,2.0,0,2,0,0,0,0,0,0,0,0,0,0,0,0,0,0,0,2,0,0,0,0,0,0,0,0,0,0,0,0,0,0,0,0,0,0,0,1,0,2,2,1,2,1,1,1,1,1,1,1,2,1,1,1,1,0,1,0,0,0,0,0,0,0,0,0,0,0,0
syn_aggregate_00936,19,2.0,0,1,0,1,0,0,0,0,0,0,0,0,0,0,0,0,1,0,0,3,3,3,4,3,3,3,3,3,3,1,2,2,1,1,1,2,1,1,3,1,1,1,1,1,2,0,1,1,1,1,1,0,1,0,1,0,0,0,0,0,0,0,0,0,0,0,0,0,4
syn_aggregate_00937,21,1.0,3,3,3,3,2,3,1,1,0,0,0,0,0,0,2,0,0,0,0,0,0,0,0,0,0,0,0,0,0,0,0,0,0,0,2,0,0,0,0,1,2,2,1,1,1,1,1,1,2,0,0,0,0,0,0,0,0,0,0,0,1,0,0,0,0,0,0,0,0
syn_aggregate_00938,19,1.0,3,3,3,3,3,3,3,3,3,2,2,2,2,2,2,1,2,1,3,4,4,4,4,4,4,4,4,4,4,4,4,4,4,4,4,4,4,3,4,4,4,4,4,4,4,3,3,3,3,0,2,0,1,1,1,0,0,0,1,3,4,4,3,4,4,4,4,4,4
syn_aggregate_00939,47,1.0,1,1,1,1,1,0,0,0,0,0,1,0,0,1,0,0,1,0,0,0,0,0,0,0,0,0,0,0,3,0,0,0,0,0,0,0,0,0,0,2,2,2,2,1,2,1,1,2,1,1,2,2,1,2,1,1,1,2,1,0,1,1,0,1,0,0,1,0,0
syn_aggregate_00940,21,2.0,3,3,3,3,2,3,3,1,1,1,1,1,1,1,1,1,1,0,0,2,3,2,3,2,2,2,2,1,2,1,3,2,2,2,2,3,2,1,2,3,3,2,3,2,2,2,2,2,2,1,1,1,1,1,1,1,0,0,1,1,3,3,1,2,2,2,3,2,1
syn_aggregate_00941,19,1.0,0,1,0,1,0,0,1,0,2,1,1,1,0,1,1,1,1,1,2,4,4,4,4,3,4,4,3,3,4,3,4,4,4,4,4,4,4,3,2,4,4,4,4,3,4,3,4,4,2,0,0,0,0,0,1,0,0,0,1,4,4,4,4,4,4,4,3,3,3
syn_aggregate_00942,20,2.0,2,3,2,2,1,2,1,0,0,0,1,0,0,0,0,0,0,0,0,1,1,1,1,1,1,1,1,1,1,2,3,2,2,2,2,3,2,1,2,1,1,0,1,0,0,0,0,1,2,0,1,1,0,1,1,1,0,1,0,1,2,2,0,3,1,2,1,2,2
syn_aggregate_00943,32,2.0,3,3,3,3,3,3,3,3,3,1,2,1,1,1,1,1,1,1,1,1,1,0,2,1,2,1,0,2,2,4,4,4,4,4,4,4,4,3,4,4,4,4,4,3,3,3,3,4,3,1,1,1,1,1,1,1,1,2,0,3,4,4,3,4,4,4,4,4,4
syn_aggregate_00944,22,2.0,3,3,3,3,3,3,3,2,3,0,1,1,0,1,1,0,1,1,1,4,4,4,4,4,4,4,3,4,4,2,3,3,2,2,3,3,3,2,2,4,4,4,4,4,4,3,4,4,3,1,2,2,1,1,2,1,1,1,2,4,4,4,4,4,4,4,4,4,4
syn_aggregate_00945,20,2.0,0,2,0,0,0,0,0,0,0,0,0,0,0,0,0,0,3,0,0,2,2,2,2,1,2,2,2,2,2,3,3,3,3,2,2,2,3,2,2,2,2,2,2,1,2,1,1,1,1,0,0,0,0,0,0,0,0,0,1,0,1,1,0,1,0,0,1,0,0
syn_aggregate_00946,31,1.0,1,1,1,1,0,0,0,0,0,2,2,2,1,2,2,1,2,2,1,1,1,0,1,1,1,1,0,1,1,3,4,3,3,3,2,2,2,2,2,4,4,4,4,4,4,4,4,4,3,1,2,1,0,1,1,1,1,1,1,4,4,4,4,4,4,4,4,3,4
syn_aggregate_00947,22,1.0,0,0,0,0,0,0,0,0,0,0,0,0,0,0,0,0,0,0,0,4,4,4,4,3,4,3,4,3,4,1,1,1,1,1,1,0,1,1,0,1,1,1,1,0,1,0,1,1,0,0,0,0,0,0,0,0,0,0,0,0,0,1,0,1,0,0,0,0,0
syn_aggregate_00948,45,1.0,2,2,2,2,1,1,0,0,0,0,0,0,0,0,0,0,0,0,1,4,3,4,3,3,4,3,2,3,2,2,3,3,2,2,2,2,2,1,2,1,1,0,1,0,0,0,0,0,0,0,1,1,0,1,1,1,0,1,1,0,1,0,0,0,0,0,0,3,0
syn_aggregate_00949,20,1.0,3,2,2,1,1,0,1,0,0,1,1,1,0,1,1,1,1,1,0,4,4,4,4,3,4,3,3,3,4,2,2,2,2,2,2,2,2,1,2,4,4,4,4,4,4,4,4,4,2,2,2,1,1,1,1,1,0,0,1,2,4,4,2,3,2,2,3,3,3
syn_aggregate_00950,20,2.0,3,3,3,3,3,3,3,2,3,1,2,2,1,1,1,1,1,2,1,4,4,4,4,4,4,4,4,3,4,4,4,4,4,4,4,4,4,4,3,4,4,4,4,3,4,3,3,4,2,1,2,1,2,0,1,2,1,0,0,4,4,4,4,4,4,4,4,4,4
syn_aggregate_00951,19,2.0,3,2,2,2,1,2,1,0,0,0,0,0,0,1,0,0,0,0,0,4,4,4,4,4,4,3,4,3,3,1,2,2,2,2,1,1,2,1,2,1,1,1,1,1,0,0,0,0,0,1,2,2,1,1,2,1,1,1,1,3,4,3,3,4,3,2,3,2,2
syn_aggregate_00952,19,2.0,0,1,0,0,0,0,0,0,0,0,0,0,0,0,0,0,0,1,0,0,0,1,0,0,0,0,0,0,0,0,1,1,0,1,0,1,1,0,0,1,0,0,0,0,0,0,0,0,0,0,0,0,0,0,0,0,0,0,0,0,1,1,0,1,0,0,0,0,0
syn_aggregate_00953,35,2.0,3,3,2,3,2,2,2,1,1,1,1,1,1,1,1,1,1,1,1,4,4,4,4,4,4,3,4,3,3,0,1,0,0,0,0,0,0,0,1,2,2,2,2,2,1,1,1,1,2,1,1,1,0,0,0,0,0,0,0,0,0,0,0,0,0,0,0,0,1
syn_aggregate_00954,23,2.0,1,0,0,0,0,0,0,0,0,0,0,0,0,0,0,0,0,0,0,1,2,1,1,1,2,1,1,2,2,0,0,0,0,0,0,0,0,0,0,0,0,0,0,0,0,0,0,0,2,0,0,0,0,0,0,0,0,0,0,0,0,0,0,0,0,0,0,0,0
syn_aggregate_00955,19,2.0,3,3,3,3,2,3,0,0,0,1,2,2,1,1,1,0,1,0,0,3,3,2,3,2,3,2,3,2,3,4,4,4,3,4,3,4,4,3,2,4,4,4,4,4,4,4,4,4,4,2,2,2,1,2,2,1,2,1,1,4,4,4,4,4,4,4,4,3,4
syn_aggregate_00956,39,1.0,2,3,2,2,1,0,2,0,0,1,1,1,0,1,1,0,1,1,0,3,3,2,3,3,3,2,2,2,3,0,0,0,0,0,2,0,0,0,0,3,3,3,3,2,3,2,2,2,3,0,0,0,0,0,2,0,0,0,0,0,2,1,0,1,0,0,1,1,0
syn_aggregate_00957,32,2.0,3,3,2,2,1,1,0,0,0,0,0,0,0,0,0,0,0,0,3,0,0,0,0,0,0,0,0,0,0,3,4,4,4,4,3,3,3,3,3,0,0,0,0,0,1,0,0,0,1,0,0,0,0,1,0,0,0,0,0,0,2,2,1,2,2,1,2,1,2
syn_aggregate_00958,21,2.0,3,3,3,3,3,2,1,1,0,1,2,1,1,1,1,1,1,2,1,3,3,3,2,2,3,3,2,2,3,0,1,1,0,1,0,1,1,0,0,2,2,2,2,2,1,1,1,1,1,1,1,1,1,1,0,0,0,0,0,1,3,2,1,2,2,1,2,2,1
syn_aggregate_00959,47,1.0,3,3,3,3,2,2,2,1,0,0,0,0,0,0,0,0,0,0,4,3,3,3,4,3,3,2,2,2,2,2,3,2,1,2,1,2,2,1,1,4,3,4,4,3,3,3,3,2,2,0,0,0,0,0,0,0,0,0,3,4,4,4,4,4,4,4,4,3,3
syn_aggregate_00960,51,1.0,3,3,2,3,2,3,2,0,0,1,1,1,0,1,1,0,1,0,0,1,1,1,1,1,1,1,1,1,1,1,2,2,1,2,1,2,1,1,1,3,3,3,3,2,3,2,3,2,2,0,1,0,0,0,1,0,0,0,0,2,4,4,2,4,3,3,3,4,1
syn_aggregate_00961,19,2.0,3,2,2,2,1,0,0,0,0,0,1,0,0,0,0,0,0,0,0,1,1,1,1,1,1,1,0,0,0,1,1,1,1,1,1,1,1,1,1,2,2,1,2,1,2,1,1,1,1,0,0,0,0,0,0,0,0,0,0,0,0,0,0,0,0,0,0,0,0
syn_aggregate_00962,22,1.0,2,3,2,3,1,2,1,1,0,0,1,0,0,0,0,0,0,0,2,0,0,0,0,0,1,0,0,0,0,4,4,4,3,3,3,3,2,2,2,0,0,0,1,0,0,0,0,0,0,0,0,0,0,0,0,0,0,0,1,1,2,2,1,2,2,2,2,1,2
syn_aggregate_00963,21,2.0,3,3,1,2,1,0,0,0,0,0,0,0,0,0,0,0,0,3,0,4,4,4,4,4,4,4,4,3,3,1,1,1,1,1,1,1,1,1,1,3,2,2,3,2,2,2,2,2,2,0,1,0,0,0,0,0,0,0,0,4,4,4,4,4,3,3,4,3,4
syn_aggregate_00964,22,2.0,3,3,3,3,2,3,2,2,1,0,1,0,0,0,0,0,0,0,3,1,1,1,1,1,1,1,0,1,0,4,4,4,4,3,3,4,3,3,3,4,4,3,4,3,3,3,3,4,3,2,3,2,1,2,2,2,2,1,2,2,4,3,2,3,3,2,3,2,3
syn_aggregate_00965,22,1.0,3,3,2,3,2,3,2,2,0,0,0,0,0,0,0,0,0,0,4,0,0,0,0,0,0,0,0,0,3,3,4,4,3,3,4,3,3,3,3,1,1,1,1,0,0,0,0,0,0,0,0,0,0,0,0,0,0,0,4,0,1,1,0,1,0,0,1,1,0
syn_aggregate_00966,40,2.0,3,2,1,1,1,1,1,1,0,1,2,2,0,1,1,0,1,1,2,3,3,3,3,3,3,3,2,2,3,2,2,2,2,2,1,1,2,1,1,1,1,1,1,0,0,1,1,0,0,1,1,1,1,1,2,2,1,1,1,2,3,3,2,3,2,3,3,3,3
syn_aggregate_00967,21,1.0,1,1,1,0,0,0,0,0,0,0,0,0,0,0,0,0,0,0,0,0,0,0,0,0,0,0,0,0,0,0,1,1,0,0,0,0,1,0,0,0,0,0,1,0,0,0,0,0,0,0,0,0,0,0,0,0,0,0,0,0,2,1,0,1,1,1,2,0,0
syn_aggregate_00968,18,2.0,2,3,2,2,1,1,1,0,1,0,1,0,0,1,0,0,0,0,0,3,3,3,3,3,3,3,3,3,3,2,3,3,3,3,3,3,3,2,2,3,2,2,3,2,2,2,2,2,2,0,0,0,0,0,0,0,0,0,0,2,3,3,2,3,2,2,2,2,1
syn_aggregate_00969,45,2.0,3,3,2,3,1,3,1,0,0,0,0,0,0,0,0,0,0,0,2,1,1,0,1,1,1,0,1,1,0,3,4,4,3,3,4,4,3,3,3,4,4,4,4,3,4,3,3,3,3,1,1,1,0,0,1,1,0,0,1,2,3,3,2,3,3,3,3,2,2
syn_aggregate_00970,19,2.0,2,3,2,3,2,2,1,0,0,0,1,0,0,0,0,0,0,0,1,1,2,1,1,1,2,1,1,1,0,0,0,0,0,0,0,0,0,0,3,3,3,3,3,2,3,2,2,3,2,0,0,0,0,2,0,0,0,0,0,2,4,4,3,4,3,3,3,3,3
syn_aggregate_00971,23,2.0,1,1,1,1,1,0,0,0,0,0,0,0,0,0,0,0,0,0,0,0,0,0,0,0,0,0,1,0,0,1,2,2,2,1,2,2,1,0,2,1,1,1,1,1,0,0,0,0,1,0,0,0,0,0,0,0,0,0,1,0,2,2,1,2,1,1,2,2,2
syn_aggregate_00972,21,2.0,3,3,3,3,2,3,3,2,0,0,0,0,0,0,0,0,0,0,4,3,3,3,3,3,3,3,4,3,2,3,4,4,4,4,3,3,3,4,3,3,2,2,2,1,2,1,2,2,3,1,2,1,1,1,1,1,1,1,1,2,4,4,2,4,3,3,3,3,3
syn_aggregate_00973,19,2.0,3,3,3,3,3,3,3,3,3,0,0,0,0,0,0,0,0,2,0,4,4,4,4,4,4,3,3,3,4,4,4,3,4,4,4,3,3,3,3,4,3,3,4,3,3,2,3,3,2,0,0,0,1,0,0,0,0,0,0,4,4,4,3,4,4,4,4,3,3
syn_aggregate_00974,18,1.0,0,1,0,0,0,0,0,0,0,0,0,0,0,0,0,0,0,0,4,2,2,1,1,2,2,1,2,1,2,0,1,1,0,0,0,0,0,0,0,0,0,0,0,0,0,0,0,2,0,0,0,0,0,0,0,0,0,4,0,0,1,0,0,1,0,0,0,0,0
syn_aggregate_00975,18,2.0,1,1,0,0,0,0,0,0,0,0,0,0,0,0,0,0,0,1,2,0,0,0,0,0,0,0,0,4,0,0,1,0,0,0,0,0,0,0,0,4,4,4,4,3,4,3,3,4,2,1,1,1,0,1,1,1,0,1,1,3,4,4,3,4,4,3,4,3,2
syn_aggregate_00976,22,1.0,2,2,1,1,0,0,0,0,0,0,0,0,0,0,0,0,0,0,2,1,1,1,1,0,1,0,1,0,0,1,2,2,1,2,1,1,2,1,1,2,1,1,2,1,0,0,1,1,1,0,0,0,0,0,0,0,0,0,0,0,0,0,0,0,0,0,0,0,0
syn_aggregate_00977,22,2.0,3,3,3,3,3,3,3,3,2,0,1,1,0,0,1,0,0,2,0,0,0,0,0,4,0,0,0,0,0,4,4,4,4,4,4,4,4,3,3,4,3,3,4,3,3,2,2,2,2,1,1,1,0,1,1,0,0,0,1,0,1,1,0,1,0,1,1,0,0
syn_aggregate_00978,22,1.0,3,3,3,3,2,3,1,1,0,1,2,1,0,1,0,0,1,1,0,4,4,4,4,4,4,4,4,4,4,4,4,4,4,4,4,4,3,4,4,2,2,2,2,1,1,1,1,1,1,0,0,0,0,0,0,0,0,0,0,4,4,4,3,4,4,4,4,3,2
syn_aggregate_00979,19,2.0,3,3,2,3,2,3,2,1,0,1,1,1,0,1,0,0,0,0,0,1,2,1,1,1,2,1,1,1,1,4,4,4,4,4,4,4,4,4,3,4,4,4,4,3,4,4,4,4,3,1,2,2,1,1,2,1,1,1,1,3,4,4,3,4,3,3,4,3,3
syn_aggregate_00980,21,1.0,3,3,3,3,3,3,0,3,3,0,1,0,0,0,0,0,0,0,0,3,2,2,3,2,3,2,2,2,2,1,3,2,2,2,2,2,2,2,2,4,3,4,4,3,3,3,3,3,2,0,0,0,0,0,0,0,0,0,1,0,1,1,0,1,0,0,0,0,0
syn_aggregate_00981,21,2.0,3,3,2,3,2,3,2,2,2,1,1,1,0,0,0,0,0,0,0,1,1,0,1,0,1,0,0,0,0,2,3,3,2,2,2,2,2,1,1,3,3,2,3,2,2,2,1,2,2,0,0,0,0,0,1,0,0,0,0,1,3,3,1,3,2,2,2,2,3
syn_aggregate_00982,20,1.0,2,3,2,2,1,2,1,0,1,0,0,0,0,0,0,0,0,0,3,3,3,3,3,2,4,3,3,3,2,3,4,4,4,3,4,4,4,3,3,4,4,4,4,4,3,3,4,3,3,0,0,0,0,0,4,0,0,0,0,4,4,4,3,4,4,3,4,3,4
syn_aggregate_00983,20,2.0,3,3,3,3,3,3,2,2,0,0,0,0,0,0,0,0,0,0,2,3,4,3,4,3,4,3,3,3,3,0,0,2,0,0,0,0,0,0,0,4,4,4,4,4,3,4,3,4,4,0,0,0,0,0,0,0,0,3,0,1,3,2,1,3,2,3,2,2,2
syn_aggregate_00984,22,2.0,3,3,3,3,2,3,2,2,1,0,0,0,0,0,0,0,0,0,0,3,3,3,3,3,3,3,3,3,2,3,3,3,3,4,3,3,3,2,3,3,4,4,4,3,3,3,2,2,3,1,1,1,0,1,1,1,0,0,0,4,4,4,3,4,4,4,4,3,3
syn_aggregate_00985,27,2.0,1,1,1,1,1,1,0,0,0,0,0,0,0,0,0,0,0,0,0,0,0,0,0,0,0,1,0,0,0,3,3,3,2,2,3,2,3,2,2,1,1,1,1,0,1,0,1,1,1,0,0,0,0,0,0,0,0,0,2,0,1,0,0,1,0,0,0,1,0
syn_aggregate_00986,38,1.0,2,3,2,3,2,1,1,0,0,0,0,0,0,0,1,0,0,0,0,2,3,2,3,2,2,2,2,2,2,2,3,3,2,2,1,2,2,2,2,2,2,1,2,1,1,1,1,1,1,0,1,0,0,0,0,1,0,1,0,3,4,4,3,4,3,3,4,4,3
syn_aggregate_00987,22,1.0,3,3,1,1,1,1,1,0,1,0,0,0,0,0,0,0,0,3,0,4,4,4,3,3,3,3,3,3,2,3,4,4,3,3,3,3,3,3,2,4,4,4,4,3,4,4,4,4,4,0,1,0,1,0,1,0,1,0,1,2,4,3,2,3,3,3,3,3,1
syn_aggregate_00988,35,2.0,3,3,2,3,2,2,2,1,2,1,0,0,0,0,0,1,0,0,1,4,4,4,4,3,4,3,3,4,1,4,4,4,4,4,4,4,4,4,4,3,3,3,3,2,3,2,3,3,3,1,1,1,0,0,1,1,1,1,1,3,4,4,3,4,3,3,4,4,4
syn_aggregate_00989,21,2.0,2,3,1,2,1,2,1,0,0,0,0,0,0,0,0,0,0,0,3,3,2,2,2,2,3,2,2,2,1,4,4,4,4,4,4,4,3,4,4,4,4,4,4,4,4,4,3,4,3,0,0,0,0,0,0,0,3,0,0,0,2,2,0,1,1,1,1,2,0
syn_aggregate_00990,18,2.0,3,3,1,2,1,1,1,0,1,2,3,2,2,2,1,1,3,3,1,2,3,2,2,2,3,2,1,2,2,4,4,4,4,4,3,3,4,3,2,3,3,3,4,3,2,3,3,3,3,1,1,1,1,1,1,1,1,1,1,2,3,3,2,3,2,2,2,2,1
syn_aggregate_00991,19,2.0,3,3,3,3,3,3,3,2,2,1,2,1,1,1,1,1,1,1,1,3,3,2,2,1,3,2,2,2,1,1,2,2,1,1,2,2,1,1,2,3,3,3,3,2,3,2,2,2,2,1,2,1,1,2,2,1,1,1,3,0,2,1,0,1,1,1,1,1,0
syn_aggregate_00992,22,2.0,3,3,3,3,2,3,2,2,1,0,0,0,0,0,0,0,0,0,0,1,1,2,2,1,1,1,1,1,2,1,2,1,1,2,1,1,1,1,1,2,1,1,2,1,1,1,1,2,1,0,0,0,0,0,0,0,0,0,1,1,3,3,2,3,2,2,3,3,3
syn_aggregate_00993,22,2.0,3,3,3,3,2,3,3,2,3,1,1,1,0,1,0,1,0,1,1,4,4,4,4,4,4,4,4,4,4,4,4,4,4,4,3,3,4,3,3,2,2,2,2,1,2,1,2,2,2,1,1,1,1,1,1,1,1,1,1,3,4,4,3,4,4,4,4,4,3
syn_aggregate_00994,22,2.0,1,1,1,1,1,0,0,0,0,0,0,0,0,0,0,2,0,0,0,2,2,1,2,1,2,1,1,1,2,1,2,2,1,1,1,2,1,1,1,0,0,0,0,0,0,0,0,0,0,0,0,0,0,0,0,0,0,1,0,0,1,0,0,0,0,0,1,0,0
syn_aggregate_00995,22,1.0,1,2,1,2,1,1,1,0,0,1,2,1,1,1,0,2,1,1,2,4,4,4,4,4,4,4,4,4,2,1,3,2,2,2,2,2,2,2,2,4,4,4,4,4,3,3,3,4,4,0,1,0,0,0,0,0,0,0,3,1,3,2,1,2,2,2,3,2,2
syn_aggregate_00996,26,1.0,3,3,3,3,2,3,2,0,0,2,2,2,1,1,1,1,1,1,0,4,4,4,4,4,4,4,4,4,4,2,2,2,2,2,2,2,2,2,0,4,3,3,4,3,4,3,2,3,3,2,2,1,1,2,1,2,1,1,2,3,4,4,3,4,3,3,4,4,3
syn_aggregate_00997,19,1.0,3,3,2,2,1,2,1,0,0,0,1,0,0,1,0,0,0,1,0,3,2,3,3,2,2,2,2,2,3,3,4,4,4,3,3,3,3,3,2,4,4,4,4,3,3,3,3,3,3,0,0,0,0,0,0,0,0,0,0,3,4,3,3,4,3,2,3,3,1
syn_aggregate_00998,18,2.0,3,3,2,2,2,2,1,0,0,1,1,1,0,1,1,0,1,1,0,0,0,0,0,0,0,0,0,0,4,0,1,1,0,1,0,1,1,0,0,0,0,0,0,1,0,0,0,0,0,0,0,0,0,0,0,0,0,0,0,0,2,1,0,2,0,0,1,1,0
syn_aggregate_00999,20,2.0,3,3,2,3,1,2,1,0,0,1,1,1,1,1,1,1,0,0,0,0,0,0,0,0,0,0,0,3,0,1,2,1,1,1,1,1,1,1,1,1,2,1,1,1,1,1,1,1,0,0,1,0,0,0,0,0,0,0,0,0,0,0,0,0,0,0,0,0,0
syn_aggregate_01000,50,2.0,3,3,3,3,3,2,2,2,3,1,2,1,1,1,1,1,1,1,0,2,2,1,2,2,2,1,2,1,2,2,3,3,2,2,2,2,2,2,1,2,2,2,2,1,1,1,1,2,2,1,2,1,1,1,2,1,0,0,0,0,2,1,0,1,0,0,2,1,0
syn_aggregate_01001,20,1.0,3,3,2,3,2,2,1,0,1,0,0,0,0,0,1,0,0,2,0,2,2,2,2,2,1,1,2,3,2,1,1,1,1,1,0,0,0,0,0,2,2,1,2,1,2,1,1,1,2,0,1,0,0,0,0,0,0,1,0,0,2,2,0,2,1,0,2,1,0
syn_aggregate_01002,18,1.0,3,3,3,3,2,3,2,2,2,0,1,0,0,0,0,0,0,0,0,2,3,2,2,2,3,2,2,1,2,3,4,4,3,3,4,4,4,2,1,3,3,3,3,3,2,2,2,3,2,1,2,1,1,1,2,1,1,1,1,1,3,3,1,3,2,1,2,2,2
syn_aggregate_01003,18,2.0,1,1,1,2,1,0,0,0,0,0,0,0,0,0,0,0,0,0,1,1,2,1,1,1,2,1,1,2,2,1,2,2,1,2,1,1,2,1,1,4,4,4,4,3,4,3,3,3,2,0,1,0,0,1,0,0,1,0,0,3,4,4,3,4,4,4,4,3,3
syn_aggregate_01004,39,2.0,3,3,2,3,2,3,2,2,3,2,2,2,1,2,1,1,1,2,1,2,2,2,1,1,2,1,2,1,2,3,3,3,3,3,3,3,3,2,3,2,2,2,3,2,2,2,2,2,3,0,1,0,0,0,0,0,1,0,0,0,2,1,0,2,0,0,1,1,0
syn_aggregate_01005,21,2.0,1,1,1,1,0,0,0,0,0,0,1,0,0,0,0,0,0,0,0,1,2,0,1,0,1,1,1,1,1,1,1,1,1,1,1,1,1,1,1,2,2,2,2,2,1,1,1,1,2,0,0,0,0,0,0,0,0,0,0,0,0,1,0,0,0,0,0,0,0
syn_aggregate_01006,22,2.0,3,3,2,3,2,2,1,0,0,0,0,0,0,0,0,0,0,1,0,4,4,4,4,4,4,4,4,4,4,3,4,4,3,3,3,3,3,3,3,1,1,1,1,0,1,0,0,1,1,1,1,1,0,1,1,1,1,1,0,2,4,4,2,4,3,3,3,3,3
syn_aggregate_01007,21,2.0,3,2,1,1,0,1,0,0,1,0,0,0,0,0,0,0,0,0,0,1,1,1,1,1,1,1,1,1,1,0,1,1,0,1,0,1,1,0,0,1,1,1,1,1,1,1,2,1,1,0,1,0,0,0,0,0,0,0,0,1,2,2,1,2,2,1,2,2,1
syn_aggregate_01008,32,2.0,1,1,1,1,0,1,1,0,1,0,0,0,0,0,0,0,0,0,0,3,3,3,3,2,3,3,3,3,3,2,3,3,2,3,2,2,3,2,1,1,1,1,1,1,1,1,1,1,1,0,0,0,0,0,0,0,0,0,4,0,2,1,0,2,0,0,2,0,0
syn_aggregate_01009,28,1.0,3,3,3,3,3,3,3,3,3,1,2,2,1,1,1,1,1,2,1,4,4,4,4,4,4,3,3,3,3,4,4,4,4,4,4,4,3,4,4,4,4,4,4,4,4,4,4,4,4,1,1,1,1,1,0,0,0,1,0,3,4,4,3,4,4,4,4,3,4
syn_aggregate_01010,45,2.0,1,1,0,0,0,0,0,0,0,0,0,0,0,0,0,0,0,0,0,0,0,0,0,0,0,0,0,2,0,0,0,0,0,0,0,0,0,0,0,0,0,0,0,0,0,0,0,3,0,0,0,0,0,0,0,0,0,1,0,0,1,0,0,1,0,0,1,0,0
syn_aggregate_01011,20,1.0,3,3,3,3,2,3,3,3,3,0,0,0,0,0,0,0,4,0,0,2,2,2,2,2,1,2,2,2,2,4,4,4,4,4,4,4,4,4,4,4,4,4,4,4,4,4,4,3,3,1,2,1,1,2,0,2,0,2,2,4,4,4,4,4,4,4,4,4,4
syn_aggregate_01012,22,1.0,1,0,0,1,0,0,1,0,0,0,0,0,0,0,0,0,0,0,0,0,0,0,0,0,0,0,0,2,0,0,0,0,0,0,0,0,0,0,0,0,0,0,0,0,1,0,0,0,0,0,0,0,0,0,0,0,0,0,0,0,1,0,0,1,0,0,0,0,0
syn_aggregate_01013,44,2.0,1,1,0,0,0,0,0,0,0,0,0,0,0,1,0,0,0,0,0,3,3,3,3,3,3,3,4,4,4,1,3,2,2,2,2,2,1,2,2,3,2,2,3,2,3,2,2,2,3,1,1,0,0,0,0,0,0,0,0,1,3,3,1,3,2,2,2,2,1
syn_aggregate_01014,20,1.0,0,0,0,0,0,0,0,0,0,0,0,0,0,0,0,0,0,0,0,0,0,0,0,0,0,0,0,0,2,0,0,0,0,0,1,0,0,0,0,0,0,0,0,0,0,0,0,0,0,0,0,0,0,0,2,0,0,0,0,0,2,2,0,2,1,1,1,1,0
syn_aggregate_01015,20,2.0,3,3,2,3,2,2,2,0,0,1,1,1,0,1,1,1,0,1,0,0,0,0,0,1,0,0,0,1,0,0,2,1,1,1,0,1,0,0,0,0,0,0,0,0,0,0,0,0,3,0,0,0,0,0,0,0,0,0,0,0,1,0,0,1,0,0,0,0,0
syn_aggregate_01016,25,2.0,3,3,3,3,3,3,3,2,3,1,2,2,1,1,1,1,1,1,1,4,4,4,4,4,4,4,4,3,3,4,4,4,4,4,4,4,3,4,4,4,4,4,4,3,4,4,3,3,4,0,0,0,0,0,0,0,0,0,2,2,3,3,2,3,2,2,3,2,3
syn_aggregate_01017,21,1.0,3,3,3,3,3,3,3,3,1,1,2,2,0,2,1,1,1,1,0,4,4,4,4,4,4,3,4,4,4,4,4,4,4,4,4,4,4,3,4,4,4,4,4,4,4,4,4,4,4,2,2,2,2,2,3,3,2,2,2,4,4,4,4,4,4,4,4,4,4
syn_aggregate_01018,20,2.0,3,3,3,3,2,2,2,2,0,0,0,0,0,0,0,0,0,1,0,2,2,2,2,1,2,2,1,1,2,2,3,2,2,2,2,2,3,2,1,0,0,0,0,0,0,0,0,2,0,0,0,0,0,0,0,0,0,0,3,2,3,3,2,3,3,3,3,3,2
syn_aggregate_01019,20,2.0,3,3,3,3,3,3,3,1,2,2,3,2,2,3,1,2,2,2,2,4,4,4,4,3,4,4,2,4,3,4,4,4,4,4,4,4,4,3,4,4,4,4,4,4,3,4,4,4,3,2,3,3,2,2,2,2,2,2,2,3,4,4,3,4,3,3,4,3,3
syn_aggregate_01020,19,1.0,2,3,2,2,1,1,1,0,1,0,0,0,0,0,0,0,0,0,1,3,3,2,3,2,2,2,2,3,2,4,4,4,4,4,4,4,3,4,3,2,2,2,2,2,1,2,2,2,2,0,0,0,0,0,0,0,0,0,0,0,1,1,0,1,0,0,1,0,0
syn_aggregate_01021,18,2.0,2,2,1,1,1,1,1,0,0,0,1,0,0,1,0,0,0,1,0,1,2,0,1,1,2,0,1,1,2,4,4,4,4,4,3,3,3,3,2,0,0,0,1,0,0,0,0,0,0,0,0,0,0,0,0,0,0,0,3,0,0,0,0,0,0,0,0,0,4
syn_aggregate_01022,19,2.0,2,2,2,2,1,1,1,0,0,0,0,1,0,0,0,0,0,0,0,4,4,4,4,4,3,4,4,4,3,1,2,1,1,1,1,1,1,1,0,1,0,0,1,0,0,0,0,0,0,0,0,0,0,0,0,0,0,0,0,2,4,4,2,4,3,3,3,3,2
syn_aggregate_01023,21,2.0,3,3,3,3,3,3,3,3,1,2,2,2,1,2,2,1,2,1,2,4,4,4,4,4,4,4,3,3,4,3,4,4,3,4,4,4,3,3,2,2,2,2,2,1,2,1,1,2,3,1,2,1,1,1,1,1,1,1,1,4,4,4,3,4,4,3,4,4,2
syn_aggregate_01024,19,2.0,3,3,3,3,2,3,3,2,1,1,1,1,0,1,0,0,1,1,1,0,0,0,0,0,0,0,0,2,2,1,2,1,1,1,1,1,1,1,1,1,1,1,2,1,1,1,1,0,1,0,0,0,0,0,0,0,0,3,0,4,4,4,4,4,3,4,4,4,4
syn_aggregate_01025,18,1.0,2,2,2,2,1,1,0,0,0,0,0,0,0,0,1,0,0,0,0,4,3,4,3,3,3,3,3,3,3,2,2,2,2,2,2,2,2,2,2,3,2,2,3,2,2,1,2,2,3,0,0,0,0,0,0,0,0,0,0,1,4,3,2,3,3,3,3,3,2
syn_aggregate_01026,21,2.0,3,3,3,3,3,3,3,2,0,0,0,0,0,0,0,0,0,2,0,4,4,3,4,3,3,3,2,3,3,3,3,3,3,3,2,2,3,3,3,4,4,4,4,3,4,4,3,3,4,1,1,1,1,0,1,0,0,0,0,4,4,4,4,4,3,4,4,4,4
syn_aggregate_01027,32,2.0,3,3,3,3,3,3,3,3,3,1,2,1,1,1,0,0,1,0,0,4,4,4,4,4,3,3,4,4,4,3,4,4,4,4,3,3,3,3,2,3,2,2,3,2,2,1,1,1,4,1,2,1,1,1,1,1,1,1,1,4,4,4,4,4,4,3,4,4,4
syn_aggregate_01028,41,2.0,0,3,0,0,0,0,0,0,0,0,0,0,0,0,0,0,0,0,2,1,2,1,2,2,2,1,2,0,3,1,2,2,2,2,1,1,2,1,2,1,1,1,1,1,0,0,0,1,1,0,0,0,0,0,1,0,0,0,0,0,1,0,0,0,0,0,0,0,0
syn_aggregate_01029,19,2.0,2,2,2,2,1,2,2,0,0,0,0,1,0,0,0,0,0,0,0,4,4,4,4,4,4,4,3,4,3,1,2,1,1,1,1,1,1,1,1,4,4,4,4,3,4,4,4,4,4,0,0,1,0,0,0,0,0,0,0,3,4,4,3,4,3,3,3,3,1
syn_aggregate_01030,26,2.0,3,3,3,3,3,3,3,3,3,0,1,0,0,0,0,0,0,0,0,4,4,4,4,4,4,4,4,4,3,1,1,1,1,1,1,1,1,1,1,3,2,2,3,1,2,2,2,2,2,0,0,0,0,0,0,0,0,0,3,3,4,4,4,4,4,4,4,3,3
syn_aggregate_01031,35,2.0,3,3,2,2,1,2,1,0,0,0,0,2,0,0,0,0,0,0,1,1,1,1,1,0,1,1,0,1,1,0,0,1,0,0,0,0,1,0,0,1,1,0,1,0,0,0,0,0,0,0,1,0,0,0,0,0,0,0,0,0,1,1,0,1,0,0,0,0,0
syn_aggregate_01032,22,2.0,1,1,1,1,1,1,0,0,0,0,0,1,0,0,0,0,0,0,0,3,3,4,4,3,4,3,2,3,2,1,2,1,1,1,1,1,1,1,2,1,0,0,1,0,0,0,0,0,0,0,0,0,0,0,0,0,0,0,0,0,1,0,0,0,0,1,0,0,0
syn_aggregate_01033,20,1.0,2,2,1,1,1,0,0,0,0,0,0,0,0,0,0,0,0,0,0,0,0,0,0,0,0,0,0,0,0,1,1,1,0,0,0,0,0,0,0,1,0,0,1,0,0,0,0,0,0,0,0,0,0,0,0,0,0,0,0,0,0,0,0,0,0,0,0,3,0
syn_aggregate_01034,38,1.0,3,2,2,3,1,1,1,0,0,0,1,0,0,0,0,0,0,0,0,1,2,1,1,1,1,1,1,1,1,2,3,2,2,2,2,2,2,2,2,1,1,0,1,0,0,0,0,0,0,0,0,0,0,0,1,0,0,0,0,0,0,0,0,0,0,0,0,0,2
syn_aggregate_01035,18,2.0,1,2,1,1,0,1,1,0,0,0,0,1,0,0,0,0,0,0,0,0,0,0,0,0,1,0,0,0,0,0,1,0,0,0,0,0,0,0,0,1,1,0,1,0,0,0,0,0,0,1,2,1,1,1,1,1,1,1,2,0,0,0,0,0,0,0,0,0,0
syn_aggregate_01036,18,2.0,3,3,3,3,2,2,1,1,0,0,0,0,0,0,0,2,0,0,0,3,3,3,3,3,3,3,3,3,3,2,3,3,2,2,2,3,2,2,2,4,4,4,4,4,4,4,4,3,3,1,2,1,1,1,1,1,1,1,2,3,4,4,3,4,3,3,3,4,2
syn_aggregate_01037,35,1.0,2,2,0,2,0,1,1,1,0,0,0,1,0,0,0,0,1,0,0,2,3,2,3,2,2,2,2,2,3,3,4,4,3,3,3,3,3,2,2,4,4,4,4,3,4,3,4,3,4,0,0,0,0,0,0,0,0,0,4,1,3,3,1,2,2,1,2,3,1
syn_aggregate_01038,19,1.0,2,2,1,2,1,1,0,0,0,0,1,1,0,0,0,0,0,0,0,3,3,3,3,3,3,2,3,2,3,3,4,4,3,3,4,4,2,2,2,3,2,2,3,2,2,1,2,1,3,0,0,1,0,0,0,0,0,0,0,0,2,2,0,2,0,0,2,1,1
syn_aggregate_01039,41,2.0,3,1,0,0,0,0,0,0,0,0,0,0,0,0,0,0,0,3,0,1,2,1,2,1,2,1,1,0,1,3,4,4,3,3,4,3,3,3,3,1,1,1,1,1,1,1,1,1,1,1,1,1,1,1,1,0,0,0,0,3,4,4,3,4,4,4,4,4,2
syn_aggregate_01040,49,2.0,3,3,3,3,2,2,2,1,0,0,1,0,0,0,0,1,0,1,0,4,3,3,4,3,4,3,2,2,2,3,4,4,3,3,3,3,4,3,2,1,1,1,1,1,1,0,0,1,0,0,0,0,0,0,0,0,0,1,1,0,0,1,0,0,0,0,2,0,0
syn_aggregate_01041,40,2.0,1,2,1,1,1,1,0,0,0,0,0,1,0,0,0,0,0,1,0,1,1,1,1,1,0,0,0,0,0,1,2,1,1,1,1,1,1,1,1,2,2,2,2,2,2,2,3,2,2,0,0,0,1,1,0,0,0,0,0,0,1,1,0,1,0,0,0,0,0
syn_aggregate_01042,22,2.0,2,2,1,1,1,0,1,0,0,0,0,0,0,1,0,0,0,0,1,3,3,3,3,3,3,2,2,2,2,0,0,1,0,0,0,0,0,0,0,2,2,2,2,1,2,1,1,2,2,0,0,0,0,1,0,0,0,1,0,0,1,0,0,0,0,0,0,0,0
syn_aggregate_01043,21,2.0,1,1,0,1,0,0,0,0,0,0,0,0,0,0,0,0,0,0,0,0,1,0,0,0,0,0,0,0,0,0,2,2,1,2,1,1,1,1,0,2,2,1,1,1,1,0,1,0,3,0,0,0,0,0,0,0,0,0,3,1,2,3,2,3,1,1,2,2,1
syn_aggregate_01044,22,1.0,1,1,0,2,0,0,1,0,0,0,0,0,0,0,0,0,0,0,0,0,0,0,0,0,0,0,0,0,3,0,0,0,0,0,0,0,0,0,0,0,0,0,0,1,0,0,0,0,0,0,0,0,0,0,0,0,0,0,0,0,0,0,0,3,0,0,0,0,0
syn_aggregate_01045,19,2.0,2,2,1,1,1,0,1,0,0,0,0,0,0,0,0,0,0,0,3,4,4,3,4,3,4,3,3,2,2,3,4,3,3,4,3,3,3,3,3,0,0,0,0,0,0,0,0,0,0,0,0,0,0,0,0,0,0,4,0,0,0,0,0,0,0,0,0,0,0
syn_aggregate_01046,20,2.0,0,0,0,0,0,0,0,0,0,0,0,1,0,0,0,0,0,0,0,3,3,2,3,2,3,2,2,2,2,2,2,2,2,2,1,2,2,1,1,1,1,0,1,1,1,0,0,1,0,0,0,0,0,0,3,3,0,0,0,0,0,0,0,1,0,0,0,1,0
syn_aggregate_01047,50,2.0,3,3,3,3,3,3,2,2,2,0,0,0,0,0,0,1,1,1,0,4,4,4,4,4,4,4,4,3,3,3,4,4,3,4,3,3,4,3,1,3,2,2,3,2,2,2,2,2,3,0,0,0,0,0,0,0,0,0,4,2,3,3,2,3,2,2,3,3,2
syn_aggregate_01048,21,2.0,3,2,1,2,1,2,1,0,0,0,1,1,0,0,0,0,0,0,0,1,1,0,1,1,1,0,1,0,1,0,1,1,0,1,0,0,1,1,1,0,0,0,0,0,0,0,0,1,0,0,0,0,0,0,0,0,0,0,3,0,2,1,0,2,0,1,2,1,0
syn_aggregate_01049,18,1.0,3,3,2,3,1,1,1,0,0,0,0,0,0,0,1,0,0,0,0,4,4,4,4,4,4,4,4,3,4,2,3,3,2,2,2,3,2,2,1,3,3,3,3,2,3,3,2,3,3,0,1,0,0,1,0,0,1,0,2,2,4,4,2,4,3,3,3,4,2
syn_aggregate_01050,18,2.0,2,2,2,2,1,0,0,0,0,1,1,1,0,1,0,0,1,1,0,2,2,2,2,1,2,2,1,2,2,2,3,3,3,3,2,2,3,2,3,3,2,2,3,1,2,1,2,2,3,0,0,0,0,0,0,0,0,0,0,4,4,4,4,4,4,4,4,4,4
syn_aggregate_01051,47,2.0,2,2,1,1,1,1,1,0,0,0,1,0,0,0,0,0,0,1,0,0,0,0,0,0,0,0,0,1,0,2,3,2,2,2,1,1,2,1,1,4,4,4,4,3,4,3,3,3,3,1,1,1,1,1,2,2,1,1,0,2,4,3,2,3,3,2,3,3,3
syn_aggregate_01052,20,1.0,3,3,2,3,2,2,0,0,0,0,1,1,0,1,0,0,0,1,0,4,4,4,3,3,4,3,4,3,2,2,3,4,3,3,3,3,3,3,3,1,1,1,1,1,0,0,0,0,0,0,0,0,0,0,0,0,0,2,0,0,2,2,1,2,1,1,2,1,1
syn_aggregate_01053,22,2.0,3,3,3,3,3,3,3,3,3,1,2,1,1,1,1,0,2,2,1,2,3,2,2,2,3,2,2,2,3,3,4,4,4,4,4,4,4,3,3,3,3,3,3,2,2,2,1,1,0,0,1,1,0,0,1,1,0,0,2,2,3,3,2,3,2,2,3,3,3
syn_aggregate_01054,21,2.0,0,0,0,2,0,0,0,0,0,0,0,1,0,0,0,0,0,0,0,2,2,1,2,1,2,1,2,1,1,1,2,1,1,1,0,1,1,0,0,1,1,1,1,1,0,0,1,1,3,0,1,0,0,0,1,0,0,1,0,0,1,0,0,0,0,0,0,0,0
syn_aggregate_01055,19,1.0,1,1,0,0,0,0,0,0,0,0,0,0,0,0,0,0,0,0,0,0,0,0,0,0,0,0,0,0,0,0,0,0,0,0,0,0,0,0,0,0,0,0,0,0,0,0,0,0,0,0,0,0,0,0,0,0,0,0,2,0,0,0,0,0,0,0,0,0,0
syn_aggregate_01056,19,1.0,2,2,2,2,2,0,0,0,0,0,0,1,0,0,0,0,0,1,0,0,1,1,0,1,1,0,1,2,0,0,1,2,1,2,0,1,1,0,0,3,3,3,3,2,3,2,3,3,2,0,0,0,0,0,0,0,0,0,2,1,4,4,1,4,3,3,4,2,2
syn_aggregate_01057,18,1.0,3,3,2,3,2,3,3,0,0,0,0,0,0,0,0,0,0,0,2,4,4,4,4,4,4,4,4,3,4,1,2,2,2,2,1,2,1,2,2,2,2,1,2,0,1,1,0,1,1,0,0,0,0,0,0,0,0,0,4,1,4,3,2,3,3,2,2,3,2
syn_aggregate_01058,45,1.0,3,3,3,3,2,3,3,3,2,1,1,1,1,1,0,0,0,0,0,4,4,3,4,3,4,3,3,2,3,4,4,4,4,4,4,3,4,4,3,4,4,4,4,3,4,4,4,4,4,0,1,1,0,1,1,1,1,0,1,1,3,3,1,2,1,0,2,2,0
syn_aggregate_01059,18,2.0,3,3,2,3,2,2,1,0,1,1,1,1,0,0,0,0,1,0,2,4,4,4,4,4,4,4,3,3,4,3,4,4,4,4,3,3,3,1,3,3,3,2,3,2,2,2,2,2,1,1,2,1,1,2,1,1,1,1,1,3,4,4,3,4,4,4,4,4,4
syn_aggregate_01060,22,2.0,3,3,3,3,2,2,0,1,1,2,3,2,2,2,2,2,2,2,2,3,3,2,2,2,2,2,3,2,2,2,3,2,2,2,2,2,2,2,3,2,2,2,2,1,0,0,0,1,1,0,0,0,0,0,0,0,0,0,2,1,2,1,0,2,0,0,0,2,0
syn_aggregate_01061,41,2.0,2,2,2,2,1,1,1,0,0,0,0,0,0,0,0,0,0,0,0,2,2,1,2,2,2,1,2,2,2,0,1,0,1,0,0,0,0,0,0,3,3,3,3,2,3,2,2,2,3,0,0,0,0,0,0,2,0,0,0,0,2,1,0,2,1,1,1,0,0
syn_aggregate_01062,20,2.0,3,3,2,3,1,2,1,0,1,0,1,0,0,0,0,0,0,0,0,4,4,3,4,3,4,3,3,4,2,4,4,4,4,4,4,4,4,4,2,2,2,1,2,1,0,0,1,1,0,0,0,0,0,0,0,1,0,0,0,3,4,4,3,4,4,4,4,3,3
syn_aggregate_01063,21,2.0,1,0,0,0,0,0,0,0,0,0,0,0,0,0,0,0,0,0,2,2,2,2,1,1,2,1,1,1,2,0,0,0,0,0,0,0,0,0,0,0,0,0,0,0,0,0,0,0,1,0,0,0,0,0,0,0,0,0,0,0,1,0,0,1,0,0,0,0,0
syn_aggregate_01064,46,2.0,2,2,1,2,0,1,0,0,0,0,0,0,0,0,1,1,0,0,0,0,0,0,0,0,0,0,0,1,0,2,3,3,2,2,3,3,2,2,3,4,4,4,3,3,3,3,3,4,2,0,0,0,0,0,0,0,0,2,0,3,4,4,3,4,4,3,4,4,4
syn_aggregate_01065,40,2.0,3,3,2,3,2,3,2,1,0,1,1,1,0,1,0,0,1,1,0,4,4,4,3,3,4,3,3,4,2,2,3,3,2,2,2,2,2,1,2,1,1,0,1,0,0,0,0,1,2,1,2,1,1,1,1,1,1,2,2,3,4,4,3,4,3,3,4,4,3
syn_aggregate_01066,21,2.0,1,1,0,0,0,0,0,0,0,0,0,1,0,0,0,0,0,0,0,2,2,1,2,1,2,2,1,2,1,2,3,2,2,2,2,2,2,1,0,0,0,0,0,0,0,0,0,0,4,0,0,0,0,0,0,0,0,0,0,0,1,1,0,1,0,0,1,1,0
syn_aggregate_01067,20,1.0,2,3,2,1,1,1,0,0,0,0,0,2,0,0,0,0,0,0,0,0,1,0,0,0,0,1,0,0,0,2,3,3,2,3,2,2,3,2,1,3,2,2,3,2,2,1,2,2,1,0,0,0,0,0,0,0,0,0,0,3,4,4,2,4,3,3,4,3,1
syn_aggregate_01068,21,1.0,3,3,2,2,1,2,1,0,0,0,0,0,0,0,0,0,0,0,0,1,1,0,1,1,0,1,0,0,1,2,3,2,2,2,2,2,2,2,2,2,2,2,2,2,1,1,1,2,2,2,2,1,1,1,1,1,1,0,1,3,4,4,3,4,3,3,2,3,1
syn_aggregate_01069,22,2.0,3,3,3,3,3,3,2,2,1,2,2,2,1,2,1,1,2,1,2,4,3,3,4,3,4,3,3,3,3,4,4,4,4,4,4,4,4,4,4,4,4,4,4,3,3,3,3,3,2,0,0,0,0,0,1,0,0,0,1,4,4,4,4,4,4,4,4,4,3
syn_aggregate_01070,19,2.0,3,3,3,3,1,3,3,2,1,0,0,0,0,0,0,0,0,4,0,4,4,3,3,4,3,3,3,4,3,1,2,1,1,1,0,1,1,1,0,2,2,1,2,1,1,0,1,1,1,0,0,0,0,0,0,0,0,0,0,0,1,1,0,1,0,0,1,1,0
syn_aggregate_01071,22,2.0,0,1,1,0,0,0,0,0,0,0,0,0,0,0,0,0,0,0,0,0,0,0,0,0,0,0,0,0,0,1,2,2,2,2,1,2,2,1,2,0,0,0,0,0,0,0,0,0,0,0,0,0,0,0,0,0,0,0,0,0,0,0,0,0,0,0,0,0,0
syn_aggregate_01072,19,2.0,3,3,2,2,2,1,1,1,0,0,0,0,0,0,0,0,4,0,0,4,4,4,4,4,4,3,4,4,4,0,1,1,0,1,0,1,1,0,1,4,4,4,4,4,4,4,4,4,4,0,0,0,0,0,0,0,0,2,0,1,3,3,2,3,2,1,2,2,1
syn_aggregate_01073,19,2.0,3,3,3,3,3,3,3,2,3,0,0,0,0,0,0,0,0,0,3,3,4,3,4,3,4,3,3,3,2,3,4,4,3,3,3,3,4,3,2,4,4,4,4,4,3,4,3,4,4,0,0,0,0,0,0,0,0,0,3,1,4,4,2,4,2,3,3,2,1
syn_aggregate_01074,19,2.0,1,1,1,1,1,1,0,0,0,0,0,0,0,0,1,0,0,2,0,2,3,2,1,1,2,2,1,1,1,2,1,1,2,1,1,2,1,1,3,1,1,0,1,0,1,0,0,1,0,0,0,0,0,0,0,0,0,0,4,1,2,2,1,1,1,1,1,2,2
syn_aggregate_01075,49,1.0,3,3,2,3,2,2,2,1,1,2,2,2,1,1,1,1,1,1,0,4,4,4,4,4,4,4,4,3,3,4,4,4,4,4,4,4,4,4,3,4,4,4,4,3,4,4,4,4,3,1,1,1,0,1,1,1,0,0,2,3,4,4,4,4,4,4,4,4,2
syn_aggregate_01076,26,1.0,3,3,2,3,2,3,2,1,2,0,0,0,0,0,0,0,0,0,0,0,0,0,0,0,0,0,0,0,1,1,1,1,1,1,0,1,1,1,1,0,0,0,0,0,0,0,0,0,0,0,0,0,0,0,0,0,0,0,0,0,2,1,0,2,0,0,1,1,0
syn_aggregate_01077,18,2.0,3,3,2,3,2,3,2,0,0,0,0,0,0,0,0,0,0,0,3,3,3,2,3,2,3,2,2,2,2,0,1,1,0,0,0,1,1,0,0,4,4,4,4,4,4,4,3,3,3,0,0,0,0,0,1,0,0,0,0,3,4,4,3,4,3,3,3,3,4
syn_aggregate_01078,18,2.0,1,2,1,2,1,1,0,0,0,0,0,0,0,0,0,0,0,0,3,3,3,3,3,3,3,3,2,2,3,2,3,3,2,2,2,2,2,2,2,2,2,1,2,1,2,1,1,1,1,0,0,1,0,0,0,0,0,0,0,2,4,4,2,4,3,3,3,3,0
syn_aggregate_01079,19,2.0,1,2,1,2,1,0,0,1,0,0,0,0,0,0,0,0,0,3,0,0,1,1,1,1,1,1,0,0,0,1,1,0,0,0,1,0,0,0,0,1,1,0,1,0,0,0,1,1,1,0,1,0,0,0,0,0,0,0,0,0,1,0,0,0,0,0,0,0,0
syn_aggregate_01080,18,1.0,3,3,3,3,3,3,3,2,1,1,2,1,1,1,1,1,1,0,1,4,4,4,4,3,4,4,3,4,2,2,2,2,2,2,1,2,2,1,1,4,4,4,4,3,4,3,4,3,3,0,0,0,0,0,3,0,0,0,0,1,2,2,1,2,2,1,2,1,3
syn_aggregate_01081,18,1.0,3,3,3,3,2,3,3,2,0,1,2,1,0,1,1,2,0,0,0,4,4,4,4,4,4,4,4,3,4,1,2,2,1,2,1,2,2,1,2,4,4,4,4,3,4,4,3,3,4,1,1,1,1,1,2,1,1,1,1,0,2,3,1,2,1,0,3,2,0
syn_aggregate_01082,38,2.0,3,3,2,3,2,2,0,0,1,0,1,0,0,0,0,0,0,0,0,4,4,4,4,3,4,3,4,3,3,3,4,4,3,3,3,4,3,3,2,4,4,4,4,3,4,4,4,4,3,0,1,0,0,0,1,0,0,0,0,4,4,4,4,4,4,3,4,4,3
syn_aggregate_01083,21,2.0,0,0,0,0,0,0,0,0,0,0,0,0,0,0,0,0,0,1,0,0,0,0,0,0,3,0,0,0,0,0,0,0,0,0,0,0,0,0,4,0,0,0,0,0,0,0,0,1,2,0,0,0,0,0,0,0,1,0,0,0,2,2,0,3,1,1,2,2,0
syn_aggregate_01084,21,2.0,0,1,0,0,0,0,0,0,0,0,0,0,0,0,0,0,0,0,4,0,0,0,0,0,2,0,0,0,0,0,0,0,0,0,0,0,0,0,0,0,1,0,0,0,0,0,0,0,0,0,0,0,0,0,0,0,0,0,0,0,0,0,0,0,0,0,0,0,0
syn_aggregate_01085,19,2.0,3,3,3,3,3,3,3,2,1,1,2,1,1,1,1,1,1,0,1,3,3,2,3,2,3,2,2,2,1,0,2,1,0,1,0,1,0,0,0,4,3,4,4,3,3,3,3,3,3,0,0,0,0,0,2,2,0,0,0,3,4,4,3,4,4,3,4,3,4
syn_aggregate_01086,20,1.0,2,2,1,1,1,1,1,1,0,0,0,1,0,0,0,0,0,0,0,4,4,4,4,3,4,3,4,3,4,3,4,4,4,4,4,4,4,4,3,4,3,4,4,3,3,3,3,3,3,1,1,1,1,1,1,1,1,1,1,0,1,0,0,0,0,0,0,0,0
syn_aggregate_01087,19,2.0,1,1,1,1,0,1,0,0,0,0,0,0,0,0,0,0,0,0,0,1,1,1,1,1,1,1,1,1,1,1,1,1,1,1,0,0,0,0,0,0,0,0,1,0,0,0,0,0,2,0,0,0,0,0,0,0,0,0,0,0,1,0,0,0,0,0,0,0,0
syn_aggregate_01088,20,2.0,3,3,3,3,3,3,3,3,1,1,2,1,0,1,1,1,1,1,0,0,0,0,0,0,0,0,0,3,0,4,4,4,4,4,4,3,4,3,3,4,4,4,4,4,4,3,4,3,3,0,0,0,0,0,0,0,0,2,0,3,4,4,3,4,3,3,4,3,3
syn_aggregate_01089,19,2.0,3,3,2,3,2,2,2,1,0,0,0,0,0,0,0,0,0,3,0,4,4,4,4,3,4,3,3,3,3,4,4,4,3,3,4,4,4,3,1,3,3,3,3,3,2,3,2,3,3,0,0,0,0,0,0,0,0,0,2,2,3,3,2,3,3,3,3,2,2
syn_aggregate_01090,22,2.0,1,1,1,1,1,1,0,0,0,0,0,0,0,0,0,0,0,0,0,2,3,2,2,2,3,2,2,2,2,0,0,0,0,0,0,3,0,0,0,2,2,2,3,2,1,2,2,1,2,0,0,0,0,0,0,0,0,0,0,0,0,1,0,0,2,1,1,0,0
syn_aggregate_01091,19,2.0,2,2,1,2,1,1,1,0,0,0,0,0,0,0,0,0,0,0,2,0,0,0,0,0,0,0,0,0,2,0,0,0,0,0,0,0,0,0,0,2,2,2,2,2,2,1,1,1,1,0,0,0,0,0,0,0,0,0,0,0,0,0,0,0,0,0,0,0,0
syn_aggregate_01092,22,2.0,1,2,1,2,0,0,0,0,0,0,0,0,0,0,0,0,0,2,0,1,1,0,0,0,1,0,1,1,0,2,3,3,3,3,2,3,3,2,3,0,0,0,0,0,0,0,0,0,3,0,0,0,0,0,0,0,0,0,1,0,0,0,0,0,0,0,0,1,1
syn_aggregate_01093,20,2.0,2,2,1,2,0,1,1,0,0,0,1,0,0,0,0,0,0,0,0,3,3,3,4,3,3,4,3,3,3,2,3,2,2,2,2,2,3,2,2,2,1,1,2,1,1,0,0,1,0,0,0,0,0,0,1,0,0,0,0,0,1,0,0,0,0,0,0,0,0
syn_aggregate_01094,20,2.0,2,2,1,2,0,0,1,0,0,0,1,0,0,0,0,0,0,0,0,1,1,1,1,1,1,1,2,2,1,0,0,0,0,0,0,0,0,0,0,0,0,0,1,0,0,0,0,0,0,0,0,0,0,0,0,0,0,0,0,0,2,1,0,2,0,1,1,1,1
syn_aggregate_01095,18,2.0,2,2,1,1,0,1,1,0,0,0,0,0,0,0,0,0,0,0,1,3,3,2,3,3,3,2,2,2,2,3,3,3,3,3,3,3,3,3,2,4,4,4,4,3,4,4,3,4,3,0,0,0,1,0,0,0,0,0,0,1,2,2,1,2,1,1,2,0,0
syn_aggregate_01096,18,2.0,2,2,1,1,1,1,0,0,0,0,0,0,0,0,0,0,0,0,0,1,1,0,1,1,1,0,1,1,0,3,2,2,3,2,2,2,2,1,2,3,3,3,3,3,3,2,3,3,2,0,0,0,1,0,0,1,0,0,0,1,3,3,1,3,2,2,3,3,2
syn_aggregate_01097,20,2.0,0,1,0,0,0,0,0,0,0,0,0,0,0,0,0,0,0,0,0,0,0,0,0,0,0,0,1,0,0,0,1,1,0,0,0,0,1,0,0,0,0,0,0,0,0,0,0,2,1,0,0,0,0,0,1,0,0,0,3,0,0,0,0,0,0,0,0,0,0
syn_aggregate_01098,20,2.0,3,3,2,2,1,2,1,0,0,1,1,1,1,1,2,1,1,1,1,0,0,0,0,0,1,0,0,0,0,3,3,3,2,2,3,3,2,2,2,4,4,4,4,4,3,3,3,3,3,1,2,2,1,1,2,1,1,1,2,2,4,3,2,4,2,2,3,3,2
syn_aggregate_01099,18,1.0,2,2,1,1,0,1,0,0,0,0,0,1,0,0,0,0,0,0,0,2,3,2,3,2,2,2,2,2,2,3,3,3,3,3,3,3,3,3,2,1,1,0,1,0,0,0,0,1,0,0,0,0,0,0,0,0,0,0,0,0,2,0,0,0,0,0,0,0,0
syn_aggregate_01100,21,2.0,3,2,2,2,1,2,1,1,1,1,2,2,1,1,1,0,1,1,0,4,4,4,4,4,4,4,3,4,4,4,4,4,4,4,4,3,4,3,3,4,4,4,4,4,4,4,3,3,4,1,1,0,0,0,1,1,1,0,1,3,4,4,2,4,2,3,3,3,2
syn_aggregate_01101,19,2.0,3,3,3,3,2,3,2,2,3,0,0,0,0,0,0,0,0,2,0,2,2,1,2,1,2,1,1,1,1,1,2,2,1,2,1,1,2,1,1,4,4,4,4,3,4,4,3,4,2,0,0,0,0,0,0,0,0,0,0,1,2,1,0,2,1,1,1,2,2
syn_aggregate_01102,20,2.0,3,3,2,3,2,2,2,0,0,3,4,3,3,3,2,3,3,2,3,4,4,4,3,3,4,3,3,3,2,4,4,4,4,4,4,4,4,4,4,1,2,1,2,2,1,1,1,1,0,1,1,1,1,1,2,2,1,1,1,2,3,3,2,3,2,2,3,3,3
syn_aggregate_01103,18,2.0,1,0,1,0,0,0,0,0,0,1,2,1,1,1,1,1,1,1,1,1,1,1,1,1,0,1,0,1,0,0,0,0,0,0,0,0,0,0,0,1,1,0,1,0,1,0,1,1,0,1,1,1,0,1,1,0,0,1,3,0,0,0,0,0,1,1,0,0,0
syn_aggregate_01104,19,1.0,3,3,3,3,2,3,2,2,2,1,1,1,0,0,1,0,0,0,0,4,4,4,4,3,4,4,3,4,2,4,4,4,4,4,3,4,3,3,4,4,4,3,4,3,3,2,3,3,2,1,1,1,0,0,0,0,0,0,0,2,4,3,2,3,3,2,3,2,2
syn_aggregate_01105,41,2.0,3,3,3,3,2,3,2,1,0,1,2,1,1,1,1,1,1,2,1,4,4,4,4,4,4,4,4,4,4,3,4,4,3,3,3,3,3,3,2,4,4,4,4,3,3,3,3,3,3,1,1,1,1,1,0,0,0,0,0,2,4,4,2,3,3,2,3,3,2
syn_aggregate_01106,19,2.0,1,1,1,1,0,1,0,0,0,0,0,0,0,0,0,0,0,0,0,1,1,1,1,0,1,1,0,0,0,1,1,1,1,1,1,1,1,1,1,1,0,0,1,0,0,0,0,0,0,0,0,0,0,0,0,0,0,0,0,1,3,2,1,3,1,1,2,2,2
syn_aggregate_01107,20,1.0,3,3,1,1,0,1,0,0,0,0,0,0,0,0,0,0,0,0,0,3,3,3,3,2,3,3,3,2,4,0,1,1,0,0,0,1,1,0,0,2,1,1,2,1,1,1,1,1,1,0,0,0,0,0,0,0,0,1,1,3,4,4,3,4,3,3,4,3,2
syn_aggregate_01108,20,1.0,1,0,0,0,0,0,0,0,0,0,0,0,0,0,1,0,0,0,0,4,4,4,4,4,4,4,4,3,4,3,3,3,3,2,2,2,2,2,2,3,3,2,3,2,2,2,2,2,2,0,0,0,0,0,0,0,0,1,1,0,1,0,0,1,0,0,0,0,0
syn_aggregate_01109,18,2.0,3,3,3,3,3,3,2,2,3,1,1,1,1,1,1,1,1,1,1,4,4,4,4,3,4,4,3,3,1,4,4,4,4,4,4,4,4,4,4,4,4,4,4,4,4,4,4,4,3,1,1,1,1,1,1,1,1,1,1,4,4,4,4,4,4,4,4,4,4
syn_aggregate_01110,24,2.0,0,1,0,0,0,0,0,0,0,0,0,0,0,0,0,0,0,0,0,1,1,0,1,0,1,0,1,0,0,0,0,0,0,0,0,0,0,0,0,0,0,0,0,0,0,0,0,0,0,0,0,0,0,0,0,0,0,0,0,0,0,0,0,0,0,0,0,1,0
syn_aggregate_01111,22,2.0,3,3,2,3,2,1,1,0,0,0,0,0,0,0,0,4,0,0,0,0,1,0,0,0,0,0,0,0,0,1,2,1,1,1,0,1,1,0,0,4,4,4,4,4,4,3,3,3,3,0,4,0,0,0,0,0,0,0,0,2,4,4,3,4,3,3,3,3,2
syn_aggregate_01112,30,2.0,3,3,2,3,2,2,0,0,0,0,0,1,0,0,0,0,0,0,0,4,4,4,4,4,4,4,4,4,4,3,4,4,3,3,3,3,3,3,2,4,4,4,4,4,4,4,4,3,3,0,0,0,0,0,0,0,0,0,2,1,2,2,0,2,0,0,2,2,0
syn_aggregate_01113,21,2.0,3,3,2,3,2,3,2,2,0,1,1,2,1,1,2,1,2,1,1,4,4,4,4,3,4,4,4,3,3,4,4,4,4,4,4,4,4,4,4,4,4,4,4,4,4,4,3,3,4,2,2,2,2,2,1,2,1,2,1,4,4,4,4,4,4,4,4,4,3
syn_aggregate_01114,40,1.0,2,3,2,2,1,1,1,0,0,1,1,1,0,1,0,1,0,1,0,1,1,1,1,1,2,1,2,1,1,3,3,3,3,3,3,3,3,2,2,3,3,3,3,3,2,2,2,2,3,0,0,0,0,0,0,4,0,0,0,3,4,4,3,4,4,4,4,4,3
syn_aggregate_01115,22,2.0,3,3,2,3,1,2,1,1,1,0,0,0,0,0,0,0,0,0,4,4,3,3,4,3,4,3,3,3,3,0,0,0,0,0,0,0,4,0,0,1,1,1,1,0,0,0,0,0,0,0,0,0,0,0,0,0,0,0,0,2,4,3,2,3,3,3,3,4,4
syn_aggregate_01116,20,1.0,3,3,2,3,2,2,1,0,1,1,2,1,1,2,1,0,1,2,1,3,3,2,3,2,2,2,2,1,2,3,4,4,4,4,3,3,3,2,0,3,3,2,3,2,2,2,2,2,1,1,1,1,1,1,1,1,1,0,0,2,4,3,2,3,2,3,3,3,3
syn_aggregate_01117,43,2.0,3,3,2,3,2,1,1,1,0,0,0,1,0,0,0,0,0,0,0,2,2,2,2,2,2,2,1,2,1,3,4,3,3,3,3,3,3,3,4,2,2,2,3,2,1,2,1,2,2,0,0,0,0,0,0,0,0,0,2,2,4,4,2,4,3,3,4,3,2
syn_aggregate_01118,20,1.0,3,3,2,2,1,1,1,0,0,1,2,1,0,1,2,0,1,0,1,4,4,4,4,3,4,4,3,4,1,4,4,3,3,3,4,3,3,3,3,4,4,4,4,4,4,4,4,4,4,2,3,2,2,2,2,2,1,1,2,3,4,4,3,4,3,2,4,2,2
syn_aggregate_01119,19,1.0,0,0,0,0,0,0,2,0,0,0,0,0,0,0,0,0,0,0,0,0,0,0,0,0,0,0,0,0,0,0,1,1,1,1,0,0,0,0,0,2,2,2,2,1,2,1,2,2,2,0,0,0,0,0,0,0,0,0,0,1,4,3,2,3,2,2,3,2,1
syn_aggregate_01120,40,2.0,2,2,2,2,1,1,1,0,0,0,0,0,0,0,0,0,0,0,3,1,1,1,1,1,0,0,1,0,1,0,1,0,0,0,0,0,0,0,0,1,0,0,0,0,0,0,0,0,0,0,0,0,0,0,0,0,0,0,0,1,3,3,2,3,2,1,2,1,0
syn_aggregate_01121,22,2.0,2,3,2,1,0,1,1,0,1,0,0,0,0,0,1,0,0,0,3,0,0,0,0,0,0,0,0,0,1,3,4,4,3,3,3,3,3,2,3,0,0,0,0,0,0,0,0,0,1,0,1,0,0,0,0,0,0,0,0,0,2,2,1,2,1,1,2,1,2
syn_aggregate_01122,18,2.0,1,0,0,0,0,0,0,0,0,0,0,0,0,0,0,0,0,0,0,4,4,3,4,3,4,3,2,3,3,0,1,0,0,0,0,0,0,0,0,2,2,2,2,1,1,1,1,1,1,0,0,0,0,0,0,0,0,0,0,0,1,0,0,1,0,0,0,0,0
syn_aggregate_01123,20,1.0,3,3,2,3,2,2,1,0,0,0,0,0,0,0,0,0,4,0,0,1,1,1,1,1,1,2,1,1,1,2,3,3,2,3,2,2,2,2,2,1,1,1,1,0,1,0,1,0,1,1,1,0,0,1,1,0,1,0,1,0,2,1,1,2,1,1,1,1,2
syn_aggregate_01124,51,2.0,1,1,0,1,0,0,0,0,0,0,0,0,0,0,0,0,0,0,1,3,3,3,3,2,3,3,2,3,2,2,3,3,2,2,2,2,3,1,2,4,4,4,4,4,3,3,3,3,2,0,0,0,0,0,1,0,0,0,0,1,4,4,2,4,3,2,3,2,0
syn_aggregate_01125,38,2.0,3,2,0,1,2,2,1,0,0,1,2,1,1,1,1,1,1,1,2,1,1,1,1,1,1,1,1,1,1,0,0,0,0,0,0,0,0,0,2,1,2,1,2,1,1,0,1,2,2,0,1,0,0,0,0,0,0,0,1,0,0,0,0,0,0,2,0,0,0
syn_aggregate_01126,18,2.0,2,3,2,2,1,2,1,1,1,0,0,0,0,0,0,0,0,0,4,4,4,4,4,4,4,4,4,3,4,3,3,3,3,3,2,3,3,2,1,2,2,2,2,2,1,1,1,2,1,1,1,1,1,1,1,1,1,1,1,1,3,2,1,2,1,1,2,2,2
syn_aggregate_01127,21,2.0,3,3,2,2,1,2,2,0,1,1,1,1,0,1,0,0,1,1,0,3,3,3,3,3,3,2,2,2,2,4,4,4,4,4,3,3,3,3,3,3,3,3,3,4,4,4,3,3,2,1,1,1,0,1,1,1,0,2,0,1,3,3,1,3,2,2,3,2,2
syn_aggregate_01128,22,1.0,3,3,2,3,2,3,2,2,2,0,0,0,0,0,0,0,0,0,2,2,3,2,3,2,3,2,2,2,2,3,3,3,2,2,2,2,2,2,2,2,2,2,2,2,3,2,2,2,2,0,0,1,1,0,0,0,0,0,0,0,2,1,0,2,1,0,1,1,0
syn_aggregate_01129,19,2.0,3,3,3,3,3,3,3,3,2,0,1,1,0,1,0,1,0,0,0,3,3,2,3,2,2,2,2,2,1,4,4,4,4,4,4,4,4,3,3,4,4,3,4,3,3,3,2,3,2,0,1,0,0,0,1,0,0,0,0,1,3,3,1,3,2,2,2,2,4
syn_aggregate_01130,22,2.0,3,3,3,3,2,3,3,1,1,1,1,1,1,1,1,0,1,1,0,2,3,3,3,2,3,3,2,2,3,3,4,4,3,4,4,3,3,3,1,2,2,2,2,1,1,1,1,1,2,1,2,1,1,2,2,1,1,1,0,4,4,4,4,4,3,3,4,4,4
syn_aggregate_01131,19,2.0,1,1,1,1,1,1,0,0,1,0,0,0,0,0,0,0,0,0,1,3,3,3,3,2,3,2,3,2,3,3,4,4,3,3,3,3,3,2,0,1,2,0,1,1,1,1,1,1,1,0,0,0,0,0,0,0,0,0,2,1,2,1,0,2,0,0,1,1,0
syn_aggregate_01132,45,1.0,3,3,3,3,2,2,2,2,0,1,1,1,0,1,1,0,1,1,0,2,3,2,3,2,3,2,2,2,1,2,3,3,3,3,3,3,3,2,4,2,3,2,3,2,2,2,2,3,1,0,0,0,0,0,0,0,0,0,4,3,4,4,3,4,3,4,4,4,3
syn_aggregate_01133,18,2.0,1,2,2,2,1,1,1,0,0,0,1,1,0,1,1,0,0,1,0,4,4,4,4,4,4,4,3,3,3,3,4,3,3,3,3,3,3,2,2,4,4,4,4,4,4,4,4,3,4,0,0,0,0,0,0,0,0,0,0,3,4,4,3,4,3,3,4,3,3
syn_aggregate_01134,29,2.0,3,3,2,3,2,3,2,2,1,0,0,0,0,0,0,0,0,4,0,3,3,2,3,2,2,2,2,1,2,4,4,4,4,4,3,3,3,3,3,2,1,1,2,1,1,0,1,1,1,1,1,1,1,1,1,1,1,1,1,3,4,4,3,4,3,2,3,3,3
syn_aggregate_01135,47,2.0,3,3,3,3,3,3,3,3,3,0,1,1,0,0,1,1,1,0,0,4,4,4,4,3,4,4,3,3,2,4,4,4,4,4,4,3,4,4,2,1,1,1,1,1,1,1,1,1,2,1,2,1,0,1,2,1,1,2,1,3,4,4,3,4,4,4,4,3,4
syn_aggregate_01136,21,2.0,3,3,2,3,2,3,0,0,0,0,0,0,0,0,0,0,0,0,3,4,4,4,4,3,4,3,3,4,4,2,3,3,2,3,2,2,2,2,1,1,1,1,1,0,0,1,0,1,0,0,0,0,0,0,0,0,0,0,1,3,4,4,3,4,3,3,4,3,4
syn_aggregate_01137,31,2.0,0,0,0,0,0,0,0,0,0,0,0,0,0,0,0,0,0,0,3,0,0,0,0,0,0,0,2,0,0,2,2,2,1,2,1,2,2,0,1,2,2,1,2,1,1,1,1,2,1,0,0,0,0,0,0,0,0,0,2,2,1,0,0,0,0,0,0,0,0
syn_aggregate_01138,51,2.0,2,3,2,2,1,2,2,1,0,1,1,1,0,1,1,0,1,1,0,4,4,4,4,3,4,4,3,3,4,3,4,4,3,3,4,3,3,3,3,2,2,1,2,2,2,1,1,2,1,1,1,1,1,1,1,1,1,0,1,4,4,4,4,4,3,3,3,3,3
syn_aggregate_01139,20,2.0,3,3,3,3,3,3,3,3,3,1,1,1,0,1,1,1,1,1,0,4,4,4,4,4,4,4,4,4,4,3,4,3,4,3,3,3,3,3,3,4,4,4,4,4,4,3,4,3,4,2,3,2,2,2,3,2,2,2,2,3,4,4,3,4,4,4,4,4,4
syn_aggregate_01140,19,2.0,3,3,1,2,1,1,0,0,0,0,0,1,0,0,0,0,0,0,0,0,0,0,0,0,0,0,0,0,0,0,1,0,0,0,0,1,0,0,0,3,3,2,3,2,2,2,2,2,2,0,0,0,0,0,0,0,0,0,0,0,1,1,0,1,1,0,1,1,0
syn_aggregate_01141,19,1.0,2,2,1,1,1,0,1,0,0,0,0,0,0,0,0,0,0,1,0,0,0,0,0,0,0,0,0,0,2,0,0,0,1,0,0,0,0,0,0,0,0,0,0,3,0,0,0,0,0,0,0,0,0,0,0,0,0,0,0,1,3,2,1,2,2,1,2,2,3
syn_aggregate_01142,21,1.0,1,1,0,1,0,0,0,0,0,0,1,0,0,0,0,0,0,0,0,2,2,2,2,2,2,2,2,2,3,0,1,0,0,0,0,0,0,0,0,1,1,1,1,1,1,1,1,1,1,0,0,0,0,0,0,0,0,0,4,0,2,1,1,2,1,0,1,1,0
syn_aggregate_01143,22,2.0,1,1,1,0,0,0,0,0,0,0,0,0,0,0,0,0,0,0,0,3,3,2,2,2,3,2,2,2,1,0,0,1,0,0,0,1,0,0,0,3,3,3,3,2,2,2,2,2,2,0,0,0,0,0,0,0,0,3,0,1,2,2,1,2,1,1,2,2,2
syn_aggregate_01144,19,1.0,3,3,2,2,1,2,1,0,0,0,0,0,0,0,0,0,0,4,0,4,4,4,3,4,4,4,3,4,3,0,0,0,0,0,0,0,0,0,0,3,3,3,3,2,2,2,2,2,3,0,1,0,0,0,0,1,0,0,0,4,4,4,4,4,4,4,4,4,3
syn_aggregate_01145,22,2.0,3,3,3,3,3,3,3,3,3,1,1,1,0,1,1,1,1,1,1,4,4,4,4,4,4,4,4,4,4,1,2,2,1,1,1,2,1,1,0,3,3,3,2,2,3,2,2,2,3,0,0,0,1,0,1,0,0,0,0,2,4,3,2,3,3,2,3,3,2
syn_aggregate_01146,22,2.0,0,0,1,1,0,0,1,0,1,0,0,0,0,1,0,1,0,0,0,0,0,1,0,0,0,0,0,0,0,1,2,2,1,2,2,2,2,1,2,3,3,3,3,2,3,2,3,3,2,0,0,0,0,0,1,1,1,1,0,0,1,1,0,1,1,1,1,1,1
syn_aggregate_01147,22,2.0,3,3,2,2,1,2,0,0,0,0,0,0,0,0,0,0,0,0,3,2,2,2,2,1,2,1,2,2,2,1,2,2,1,1,1,2,1,1,0,3,3,2,3,2,2,1,2,2,0,0,0,0,0,0,0,1,0,0,0,0,1,0,0,0,0,0,1,0,0
syn_aggregate_01148,19,1.0,1,1,1,1,1,1,0,0,0,0,0,0,0,0,0,0,0,0,2,0,0,0,0,0,0,0,0,0,3,3,4,4,3,3,3,3,3,3,3,3,3,3,3,3,3,3,2,3,3,0,0,1,0,0,0,0,0,0,0,0,1,1,0,1,0,0,1,0,0
syn_aggregate_01149,21,2.0,3,3,3,3,3,3,3,3,3,1,2,1,0,1,1,1,2,1,3,1,1,0,1,0,1,1,0,0,0,4,4,4,4,3,4,3,4,3,4,4,3,3,4,3,3,3,3,2,3,0,0,0,0,0,0,0,0,0,2,4,4,4,4,4,4,4,4,4,3
syn_aggregate_01150,18,2.0,1,1,0,1,0,1,1,0,0,0,1,1,0,0,1,0,0,0,0,0,0,1,0,0,0,0,0,0,0,0,0,0,0,0,0,0,0,0,0,1,1,1,1,0,1,2,1,1,2,0,0,0,0,0,0,0,0,0,0,1,3,2,1,2,1,2,2,2,3
syn_aggregate_01151,33,2.0,3,2,2,2,1,0,1,0,0,0,0,0,0,0,0,0,0,0,2,3,3,3,3,2,3,2,2,2,3,1,1,1,0,1,1,0,1,0,4,4,4,4,4,4,4,4,4,4,4,1,2,1,2,1,2,1,1,1,2,1,3,2,1,2,2,2,2,2,1
syn_aggregate_01152,21,2.0,0,0,1,0,0,0,0,0,0,0,0,0,0,0,0,0,0,0,2,1,1,0,1,0,1,0,1,0,0,0,1,1,0,1,0,1,1,0,0,0,0,0,0,0,0,0,0,0,0,0,0,0,0,0,0,0,0,0,4,1,2,2,1,2,1,1,2,2,1
syn_aggregate_01153,20,1.0,0,0,0,0,0,0,0,0,0,0,0,0,0,0,0,0,0,0,0,0,0,0,0,0,0,0,0,0,0,0,0,0,0,1,0,0,0,0,0,2,2,1,2,1,1,2,2,1,1,0,0,0,0,0,0,0,0,0,0,0,1,1,0,1,0,0,0,0,0
syn_aggregate_01154,20,1.0,0,1,0,0,0,0,0,0,0,0,0,0,0,0,0,0,0,0,0,0,0,0,0,0,0,0,0,2,0,0,1,0,0,0,0,0,0,0,0,1,1,1,1,0,0,0,0,0,0,0,0,0,0,1,0,0,0,0,0,0,0,0,0,0,0,0,0,0,1
syn_aggregate_01155,21,1.0,1,1,1,1,1,1,1,0,0,1,1,1,0,1,1,0,1,0,0,1,1,1,1,1,1,1,1,0,0,2,3,3,2,3,2,3,2,2,2,1,1,1,1,0,1,2,1,0,0,0,1,0,0,0,1,0,1,0,0,4,4,4,4,4,3,3,4,3,3
syn_aggregate_01156,30,2.0,2,3,2,2,1,1,0,0,0,0,0,0,0,0,0,1,0,0,1,4,3,3,4,3,3,4,3,2,3,3,4,4,4,4,3,3,3,3,2,3,3,3,4,3,3,3,2,3,2,0,1,0,0,1,0,1,0,0,0,3,4,4,3,4,3,3,4,4,3
syn_aggregate_01157,49,2.0,3,3,2,3,2,2,1,1,0,0,1,1,0,1,1,2,1,1,0,2,2,2,2,2,1,2,1,1,2,3,3,3,3,3,3,3,3,2,2,1,1,1,2,2,1,0,0,1,1,1,1,1,1,1,1,1,1,1,1,2,4,4,3,4,3,3,4,3,2
syn_aggregate_01158,22,2.0,1,1,0,1,0,1,0,1,1,0,0,0,0,0,0,0,0,2,0,0,0,0,0,0,0,0,0,0,0,0,0,0,1,0,0,0,0,0,0,0,0,0,0,0,0,0,0,0,1,0,0,0,0,0,0,0,0,0,1,0,0,0,0,0,0,0,0,0,1
syn_aggregate_01159,34,1.0,2,2,1,2,1,1,1,0,1,0,0,0,0,0,0,0,0,0,4,3,3,2,3,2,3,2,2,2,1,0,0,0,0,0,0,0,0,0,0,2,1,1,2,1,0,1,0,1,0,0,1,1,0,0,1,1,0,1,0,1,2,2,2,2,2,1,2,1,2
syn_aggregate_01160,19,2.0,1,1,0,0,0,0,0,0,0,0,0,1,0,0,0,0,0,0,0,1,1,0,1,1,0,0,0,0,0,0,1,1,0,0,0,1,0,0,0,4,4,4,4,3,3,3,3,3,2,1,0,1,0,0,1,0,0,0,0,0,0,0,0,0,0,0,0,0,0
syn_aggregate_01161,18,2.0,2,2,1,1,1,0,0,0,0,0,0,0,0,0,0,0,0,1,0,0,0,0,0,0,1,0,0,1,1,1,2,2,1,1,1,2,2,1,2,2,2,2,2,1,1,1,1,0,0,0,0,0,0,0,0,0,3,0,0,0,1,0,0,0,0,0,0,0,0
syn_aggregate_01162,21,1.0,3,3,2,3,1,1,1,0,0,2,3,3,2,2,2,2,3,2,3,3,2,2,3,2,2,1,2,1,3,2,2,2,2,2,1,2,2,2,2,4,3,3,4,3,3,2,2,3,3,0,1,0,0,0,0,0,0,0,1,1,4,3,2,3,2,2,3,3,1
syn_aggregate_01163,18,1.0,3,3,2,3,1,1,0,0,0,1,2,2,1,1,1,1,1,1,1,1,1,1,1,1,2,1,1,1,1,2,3,2,2,3,2,3,2,2,2,3,3,3,3,3,3,3,3,3,3,0,0,0,0,0,0,0,0,0,4,0,2,1,0,2,1,1,2,1,0
syn_aggregate_01164,,2.0,3,3,2,2,1,1,1,0,0,0,0,1,0,0,0,0,0,0,0,0,0,0,0,0,1,0,0,0,1,0,1,0,0,0,0,0,0,0,0,1,1,1,1,1,1,0,0,1,3,0,1,1,0,1,1,1,0,0,1,0,2,1,0,1,1,0,1,1,0
syn_aggregate_01165,20,2.0,1,1,1,1,1,0,1,0,0,0,1,0,0,0,0,0,0,0,0,2,2,2,1,1,2,1,1,1,2,2,2,2,1,1,2,2,1,1,1,3,3,3,3,3,3,3,3,2,2,0,0,0,0,0,0,0,0,0,2,0,3,2,1,3,2,2,2,2,2
syn_aggregate_01166,21,1.0,3,3,3,3,3,3,2,2,2,0,1,0,0,0,0,0,0,1,0,4,4,4,4,4,4,4,4,3,3,4,4,4,4,3,4,4,4,3,4,4,3,3,3,2,3,2,3,2,2,0,0,0,0,0,0,0,0,1,2,3,4,4,3,4,3,4,3,4,3
syn_aggregate_01167,20,2.0,3,3,2,2,2,3,1,0,0,0,0,0,0,0,0,0,3,0,0,4,4,4,4,4,3,4,3,4,3,4,4,4,4,4,4,3,4,4,4,1,0,0,1,0,0,0,0,1,0,0,0,0,0,0,0,0,0,0,4,0,2,2,0,2,1,1,1,1,0
syn_aggregate_01168,19,2.0,2,2,1,1,1,0,1,0,0,0,0,0,0,0,0,0,0,0,2,0,0,0,0,0,0,0,0,3,0,0,1,0,0,1,0,0,1,0,0,0,0,0,1,0,0,1,0,0,1,0,0,0,0,0,0,0,0,0,0,3,3,3,2,3,3,3,3,3,2
syn_aggregate_01169,19,1.0,1,2,1,2,0,0,0,0,0,0,0,0,0,0,0,0,0,0,0,2,2,2,2,1,1,1,1,1,2,1,1,0,0,0,1,1,0,0,0,1,0,0,0,0,0,1,0,0,0,0,0,0,0,0,0,0,0,0,0,0,1,0,0,0,0,0,0,0,3
syn_aggregate_01170,20,2.0,3,3,3,3,3,3,3,3,3,1,2,1,1,1,1,1,2,1,2,4,4,4,4,4,3,3,3,4,3,1,2,1,1,1,1,1,1,0,1,4,4,4,4,4,4,3,4,4,4,1,1,1,1,1,1,0,1,1,0,3,4,4,3,4,4,4,4,4,4
syn_aggregate_01171,44,2.0,3,3,3,3,2,2,1,0,0,1,1,1,0,0,1,0,1,0,1,2,3,2,2,2,3,2,2,2,2,4,4,4,4,4,3,4,4,4,3,4,4,4,4,4,4,4,4,3,4,0,0,0,0,0,0,0,0,0,3,4,4,4,3,4,4,4,4,4,3
syn_aggregate_01172,33,2.0,2,2,1,1,1,0,0,1,0,0,0,0,0,0,0,0,0,2,0,2,2,1,1,1,2,2,1,2,2,2,3,3,2,2,2,3,2,3,2,3,3,3,3,3,3,2,3,3,4,0,2,1,0,1,1,1,0,1,1,1,3,2,1,3,2,1,2,2,2
syn_aggregate_01173,50,2.0,3,3,3,3,3,3,3,0,0,0,0,0,0,0,0,0,0,2,2,3,4,3,3,3,4,3,3,2,2,3,3,3,3,3,2,3,3,2,2,3,2,2,3,2,2,1,2,2,2,0,1,0,1,0,0,0,1,0,0,3,4,4,3,4,3,2,4,3,2
syn_aggregate_01174,21,1.0,1,1,0,0,0,0,0,0,0,1,1,1,0,0,0,0,0,0,0,1,1,0,1,0,1,0,1,1,1,1,2,2,1,1,1,1,1,1,2,1,1,0,1,0,0,0,0,0,0,0,1,0,0,0,0,0,0,0,0,0,1,0,0,0,0,0,0,0,0
syn_aggregate_01175,18,1.0,2,2,1,2,0,1,0,0,0,1,1,1,1,1,0,0,0,0,1,0,0,0,0,0,0,0,0,0,4,4,4,4,4,4,3,4,3,3,4,4,4,4,4,4,4,3,4,4,3,1,1,1,1,1,1,1,1,1,1,2,4,4,2,4,3,3,3,3,2
syn_aggregate_01176,22,1.0,0,0,0,0,0,0,0,0,0,1,1,1,1,1,1,1,1,1,1,3,3,3,3,3,3,2,3,3,3,2,3,3,2,2,2,2,2,2,2,2,2,2,2,1,2,1,2,2,1,0,0,0,0,0,0,0,0,0,3,0,1,0,0,0,0,0,0,0,0
syn_aggregate_01177,38,2.0,3,3,1,1,0,0,0,0,0,0,0,0,0,0,0,0,0,0,3,1,1,1,1,0,1,1,0,1,0,2,2,2,2,2,1,2,1,1,1,0,0,0,1,0,1,0,0,0,0,0,0,0,0,0,2,0,0,0,0,4,4,4,3,4,4,4,4,4,2
syn_aggregate_01178,18,2.0,1,2,1,2,1,1,1,0,0,0,1,0,0,0,0,0,0,0,0,4,4,4,4,4,3,4,4,4,2,4,4,4,4,4,4,4,3,3,4,4,4,4,4,4,4,4,4,4,3,2,2,2,1,1,2,1,1,1,1,4,4,4,4,4,3,4,4,4,3
syn_aggregate_01179,18,2.0,3,3,3,3,2,3,3,2,1,1,1,1,1,1,0,0,2,0,0,4,4,4,4,4,4,4,4,3,4,4,4,4,4,4,4,3,4,4,3,4,4,4,4,3,3,3,3,4,2,0,0,1,0,0,1,0,0,0,0,1,4,4,1,4,3,3,4,3,3
syn_aggregate_01180,43,1.0,2,3,2,2,1,2,1,0,0,0,1,0,0,0,0,0,0,1,0,3,2,2,2,2,2,2,1,2,2,2,3,2,2,2,2,2,2,1,1,2,2,1,2,1,1,1,1,1,1,0,0,0,0,0,0,0,0,0,2,1,3,3,1,3,2,2,3,2,2
syn_aggregate_01181,20,2.0,0,0,1,1,0,0,1,0,0,0,1,0,0,0,0,0,0,2,0,1,2,2,1,1,2,1,1,1,2,1,1,1,1,1,0,1,1,1,0,2,2,1,2,2,1,1,1,1,3,1,1,1,1,1,1,1,1,1,1,2,4,4,2,3,2,2,3,3,1
syn_aggregate_01182,21,2.0,2,2,1,2,0,0,0,0,0,0,1,0,0,0,0,0,0,1,0,3,3,3,3,3,3,3,3,3,3,3,4,4,3,3,3,3,3,2,4,2,2,2,2,2,2,2,1,1,2,0,0,0,0,0,0,0,0,0,0,2,3,3,2,3,2,2,3,2,3
syn_aggregate_01183,18,2.0,1,2,1,2,1,0,0,0,0,0,0,0,0,0,0,0,0,0,1,2,2,2,1,2,2,2,1,2,1,2,3,2,2,2,2,2,2,2,1,2,1,1,2,1,1,0,1,0,1,0,0,0,0,0,0,0,0,0,3,1,1,1,0,0,0,0,0,0,0
syn_aggregate_01184,19,2.0,3,3,2,3,2,2,0,1,1,1,1,1,1,1,0,1,0,2,0,3,3,2,3,2,3,2,2,2,1,3,4,4,3,3,3,3,3,2,2,3,3,3,3,2,3,2,2,2,3,0,0,0,0,0,0,0,0,0,4,2,3,3,2,3,2,2,3,2,3
syn_aggregate_01185,19,1.0,3,3,3,3,3,3,3,3,3,1,2,1,1,1,2,1,2,2,1,4,4,4,4,4,4,4,3,3,3,4,4,4,4,4,4,4,4,4,4,4,4,4,4,3,4,4,4,4,3,0,0,0,0,0,0,0,0,0,4,4,4,4,4,4,4,4,3,3,2
syn_aggregate_01186,29,2.0,3,3,2,3,2,2,1,0,0,1,1,1,0,0,1,1,0,1,0,3,3,2,2,2,3,2,2,2,1,4,4,4,4,4,3,4,4,3,3,4,4,4,4,3,4,4,3,3,2,1,2,1,1,1,2,1,1,1,1,4,4,4,4,4,3,4,4,4,4
syn_aggregate_01187,19,2.0,3,3,3,3,3,3,3,1,0,2,2,1,1,1,1,1,1,1,1,4,4,4,4,4,4,4,4,4,4,4,4,4,4,4,4,4,4,4,4,4,4,4,4,4,3,4,4,3,4,1,1,1,1,1,0,0,0,0,0,4,4,4,4,4,4,4,4,4,3
syn_aggregate_01188,21,2.0,3,3,2,3,2,2,1,1,1,1,1,1,0,1,0,0,1,0,0,4,4,4,4,4,3,3,3,4,3,3,4,4,3,4,3,3,4,4,3,1,1,1,1,1,1,0,1,1,1,0,1,0,0,0,0,1,0,0,0,2,4,4,3,4,3,3,4,4,2
syn_aggregate_01189,19,1.0,3,3,3,3,2,3,2,1,0,1,1,1,0,1,1,0,1,1,0,2,1,1,2,1,2,1,2,1,2,2,2,2,2,2,1,1,1,1,2,4,4,4,4,4,3,3,3,3,3,0,0,0,0,0,0,3,0,0,0,0,1,1,0,1,0,0,1,0,0
syn_aggregate_01190,19,2.0,0,1,0,0,0,0,1,0,0,0,0,0,0,0,0,0,0,0,0,0,0,0,0,0,0,0,0,0,0,2,3,3,2,3,2,2,2,2,2,0,0,0,0,0,2,0,0,0,0,0,0,0,0,0,0,0,0,0,0,0,0,0,0,0,0,0,0,0,2
syn_aggregate_01191,18,2.0,1,1,1,1,0,0,0,0,0,0,2,1,0,1,1,0,0,0,0,0,1,0,0,1,0,0,0,0,1,1,1,1,1,1,1,1,0,0,0,2,2,1,2,1,1,1,1,1,0,1,2,1,1,1,2,1,1,1,1,1,3,2,1,3,2,2,3,2,3
syn_aggregate_01192,20,2.0,3,3,3,3,2,3,2,0,0,0,1,0,0,0,0,0,0,0,1,4,4,4,4,4,4,4,4,4,4,4,4,4,4,4,4,4,4,3,4,4,4,4,4,4,4,3,4,4,3,2,2,2,1,2,1,2,1,1,2,4,4,4,4,4,4,4,4,3,4
syn_aggregate_01193,20,2.0,3,3,3,3,2,3,3,2,2,1,1,1,1,1,1,0,0,1,0,3,3,3,3,2,3,2,2,2,3,1,2,2,1,2,1,2,2,2,1,4,4,4,4,4,3,3,3,3,2,1,2,1,0,1,2,1,1,1,2,2,4,4,3,4,3,3,3,3,1
syn_aggregate_01194,20,2.0,2,2,2,1,1,0,0,0,0,0,1,0,0,0,0,0,0,0,0,2,2,1,2,1,1,1,1,0,1,3,4,4,3,3,3,4,3,3,4,1,0,1,1,0,0,0,0,0,0,0,1,0,0,0,0,0,0,0,0,0,2,2,0,1,1,1,2,1,0
syn_aggregate_01195,28,2.0,0,0,1,1,0,0,1,0,1,0,0,0,0,0,0,0,0,0,0,2,2,2,2,2,2,2,1,2,2,1,2,2,1,1,1,1,1,1,2,3,3,3,3,3,3,2,2,3,2,0,0,0,0,0,0,0,0,1,0,0,2,1,0,1,1,1,1,1,1
syn_aggregate_01196,43,1.0,2,3,1,1,1,1,0,0,0,0,1,0,0,0,0,0,0,0,0,3,2,1,2,1,1,1,1,1,1,0,0,0,0,1,0,0,0,0,0,1,0,0,1,0,0,0,0,0,0,0,0,0,0,0,2,0,0,0,0,0,1,1,0,0,0,0,0,0,0
syn_aggregate_01197,21,2.0,3,3,2,2,1,2,1,0,0,1,1,1,0,0,1,1,0,1,2,4,3,4,3,3,4,4,3,3,4,4,4,4,4,4,4,4,4,3,3,3,2,2,3,2,2,2,2,2,2,0,0,1,0,0,0,0,1,0,2,4,4,4,3,4,4,4,4,4,3
syn_aggregate_01198,19,1.0,2,1,1,1,0,1,0,0,0,0,0,0,0,0,0,0,0,0,0,4,4,4,4,4,3,3,3,3,3,0,1,0,0,0,0,0,1,0,0,4,4,4,4,3,3,3,3,3,3,0,0,0,0,0,0,0,0,0,0,0,1,1,0,1,0,0,1,0,0
syn_aggregate_01199,19,2.0,2,2,1,2,1,1,1,0,0,1,2,1,0,1,1,0,1,1,0,4,3,3,4,3,4,4,3,3,3,2,3,3,3,3,2,3,3,2,2,2,2,2,2,1,2,1,1,1,1,0,1,0,0,0,0,0,0,0,0,2,3,3,2,4,3,2,3,2,3
syn_aggregate_01200,21,1.0,1,0,0,0,0,0,0,0,0,0,0,0,0,0,0,0,0,0,0,2,2,2,2,1,1,1,1,1,0,0,1,1,0,0,1,0,0,0,0,3,3,3,3,2,3,2,2,2,2,0,0,0,0,0,0,0,0,0,0,0,0,0,0,0,0,0,0,0,1
syn_aggregate_01201,21,1.0,1,1,1,0,0,0,0,0,0,0,0,0,0,0,0,0,0,0,3,0,0,0,1,0,0,0,0,0,0,0,1,1,0,1,0,0,1,0,0,2,2,2,2,1,2,1,2,1,2,0,0,0,0,0,0,1,0,0,0,0,1,1,0,1,1,0,1,1,0
syn_aggregate_01202,39,2.0,3,3,2,3,2,3,2,1,0,0,1,1,0,0,0,0,0,1,0,4,4,4,4,4,4,4,3,3,3,4,4,4,4,4,4,4,4,4,4,1,1,1,1,1,1,1,1,1,2,0,0,0,0,0,0,0,0,0,4,3,4,4,3,4,2,2,3,3,2
syn_aggregate_01203,24,2.0,3,3,3,3,3,3,3,2,0,0,1,0,0,0,0,0,0,0,0,1,1,0,1,0,0,0,0,0,0,0,0,0,0,0,0,0,0,0,0,0,0,0,0,0,0,0,0,1,0,0,0,0,0,0,0,0,2,0,0,0,1,0,0,0,0,0,0,0,1
syn_aggregate_01204,47,1.0,3,3,3,3,3,3,3,2,2,0,0,0,0,0,0,0,0,3,0,3,3,3,4,3,4,3,3,3,3,4,4,4,4,4,3,3,3,3,3,2,1,1,2,1,1,1,1,1,1,0,2,0,0,0,0,0,0,0,0,1,3,3,1,3,2,2,2,2,2
syn_aggregate_01205,21,1.0,3,3,2,3,2,2,2,1,1,1,1,1,1,1,0,0,0,0,0,4,4,4,4,3,4,3,3,4,3,4,4,4,4,4,4,4,4,3,3,2,1,1,2,1,1,0,0,1,0,0,0,0,0,0,0,0,0,0,0,2,4,4,3,4,3,3,4,2,1
syn_aggregate_01206,39,2.0,3,3,3,3,2,2,2,0,1,1,1,0,0,0,0,0,0,2,0,4,4,4,4,3,4,4,4,3,3,2,2,2,2,2,1,1,1,1,2,1,1,1,1,0,1,0,1,1,0,1,1,1,0,0,0,0,0,0,0,1,3,3,1,2,2,1,2,2,2
syn_aggregate_01207,20,2.0,3,3,2,3,2,2,1,1,0,0,0,0,0,0,0,0,0,0,3,4,4,4,4,4,3,3,4,4,3,1,2,2,1,1,1,1,1,0,0,4,4,4,4,3,3,3,2,3,4,0,0,0,0,1,0,0,0,1,1,2,4,4,3,4,3,3,4,3,1
syn_aggregate_01208,18,2.0,3,3,3,3,3,3,2,2,3,2,2,1,1,2,1,0,1,2,1,4,4,4,4,4,4,4,4,3,4,2,2,2,2,1,2,2,1,1,2,4,4,4,4,4,3,3,3,3,3,1,1,1,0,1,1,1,1,1,0,4,4,4,3,4,3,3,3,3,2
syn_aggregate_01209,40,2.0,3,3,3,3,3,3,2,1,0,0,0,0,0,0,0,0,0,0,1,1,1,1,1,1,1,0,1,0,1,0,0,1,0,0,0,0,1,0,0,2,2,2,2,1,1,1,1,1,1,0,0,0,0,0,0,0,0,0,0,0,2,1,0,2,0,0,2,0,0
syn_aggregate_01210,43,2.0,3,3,3,3,3,3,3,3,1,1,2,1,1,1,1,1,1,2,2,1,1,1,1,1,1,1,1,1,1,2,3,3,2,3,2,3,2,1,1,4,4,4,3,3,4,3,3,3,4,0,0,0,0,0,0,0,0,0,4,1,3,2,1,2,2,2,2,2,1
syn_aggregate_01211,21,2.0,3,3,3,3,3,3,3,2,3,0,0,0,0,0,0,0,0,0,2,0,0,0,0,0,0,0,0,0,3,2,2,2,2,2,1,2,2,1,2,0,0,0,0,0,0,0,0,0,0,0,0,0,0,0,0,0,0,0,0,1,3,2,1,3,2,1,2,2,3
syn_aggregate_01212,21,2.0,2,2,1,2,0,1,0,0,0,0,0,0,0,0,0,1,1,0,0,0,1,0,0,0,1,0,0,0,0,0,1,1,0,1,0,0,1,1,1,1,0,0,1,0,0,0,0,0,1,0,0,0,0,0,0,0,0,0,3,0,2,1,0,1,0,0,1,1,2
syn_aggregate_01213,32,2.0,2,3,2,2,1,1,1,0,0,1,1,1,0,1,1,0,0,1,0,4,4,4,4,3,4,3,3,3,3,2,3,3,2,2,2,2,2,1,2,4,3,3,4,3,3,3,3,3,2,2,2,2,1,1,1,1,1,1,1,4,4,4,4,4,4,4,4,3,4
syn_aggregate_01214,18,1.0,1,1,0,1,0,0,0,0,0,1,1,1,0,1,1,1,1,1,0,0,0,0,0,0,0,0,0,0,0,0,1,1,0,1,0,1,1,0,1,4,4,4,4,3,4,4,3,3,4,0,0,0,0,0,0,0,0,0,4,0,0,1,0,1,0,0,0,0,0
syn_aggregate_01215,19,1.0,2,3,1,2,1,1,1,0,0,1,1,1,0,1,0,1,0,0,1,2,2,2,2,1,2,2,2,2,2,2,3,3,2,2,2,2,2,1,3,4,3,4,4,3,3,3,3,3,2,0,0,0,0,0,0,0,2,0,0,3,4,4,2,4,3,2,3,2,4
syn_aggregate_01216,19,2.0,3,3,3,3,3,3,3,3,3,1,1,1,1,1,1,1,0,0,0,3,3,3,3,3,3,3,3,3,2,4,4,4,4,3,4,4,3,4,3,4,4,4,4,4,4,4,4,4,4,0,1,1,1,1,1,1,1,1,1,4,4,4,4,4,4,4,4,4,3
syn_aggregate_01217,19,2.0,0,0,0,0,0,0,0,0,0,0,0,0,0,0,0,0,0,0,2,1,1,1,2,1,1,1,1,2,1,0,0,0,0,0,0,0,0,0,3,0,0,0,0,0,0,0,0,0,2,0,0,0,0,0,1,0,0,0,0,0,1,0,0,2,0,0,0,0,0
syn_aggregate_01218,20,2.0,1,1,0,1,0,0,0,0,0,0,0,0,0,0,0,0,0,0,0,4,4,4,4,4,4,4,4,4,3,0,0,0,0,0,0,0,0,0,0,3,2,2,3,2,2,2,1,2,2,0,1,0,0,0,0,0,1,0,0,0,2,1,0,2,1,1,1,1,0
syn_aggregate_01219,20,2.0,3,3,3,3,3,3,3,3,3,0,1,1,0,1,0,1,0,0,3,4,4,4,4,4,4,4,3,4,4,0,1,1,0,1,1,1,1,0,0,4,4,4,4,4,4,4,4,4,4,2,1,1,1,1,1,1,0,0,0,3,4,4,3,4,4,4,4,4,4
syn_aggregate_01220,22,2.0,3,3,3,3,3,3,3,3,2,1,2,2,1,1,1,0,2,1,1,4,4,4,4,4,4,4,4,4,4,4,4,4,4,4,4,4,4,4,4,4,4,4,4,4,4,4,4,4,4,1,2,1,1,1,2,1,1,1,2,4,4,4,4,4,4,4,4,4,4
syn_aggregate_01221,19,2.0,0,1,0,1,0,0,0,0,0,0,0,0,0,0,0,0,0,0,1,0,1,0,0,0,0,0,0,0,0,0,0,0,0,0,0,0,0,1,0,1,1,0,1,0,0,0,0,0,0,1,1,1,1,1,1,1,0,0,1,0,2,1,0,2,1,1,1,0,0
syn_aggregate_01222,28,2.0,3,3,2,3,2,1,0,0,0,0,0,0,0,0,0,0,0,0,0,2,2,2,2,2,1,1,2,2,2,0,1,0,0,0,0,1,0,0,0,2,2,2,2,1,2,1,1,2,1,0,0,0,0,0,0,1,0,0,0,3,4,4,3,3,3,2,3,2,1
syn_aggregate_01223,32,2.0,0,1,0,1,0,0,0,0,0,0,0,0,0,0,0,0,0,0,1,0,0,0,0,0,1,0,0,0,0,1,1,1,1,1,0,1,1,0,0,0,0,0,0,0,0,0,0,0,0,0,0,0,0,0,0,0,1,1,0,0,0,0,0,0,0,0,0,0,0
syn_aggregate_01224,20,2.0,1,1,0,1,0,1,1,0,0,0,0,0,0,0,0,0,0,0,3,2,3,2,3,2,3,2,1,2,2,1,0,0,0,0,0,0,0,0,0,3,2,2,3,2,2,1,2,2,1,1,1,0,0,0,1,0,0,1,0,0,1,1,0,1,1,0,1,0,0
syn_aggregate_01225,22,1.0,2,2,1,1,1,1,0,0,0,0,0,1,0,0,0,0,0,0,0,1,1,1,1,0,1,0,1,0,0,0,1,1,0,0,0,0,1,0,2,1,2,1,2,1,1,1,1,2,2,0,0,0,0,0,0,0,0,0,1,1,2,2,1,2,1,1,2,1,0
syn_aggregate_01226,19,1.0,3,3,3,3,3,3,3,3,3,2,2,2,1,1,1,2,1,1,1,4,4,4,4,4,4,4,3,4,3,4,4,4,4,4,3,3,4,4,2,4,4,4,4,4,3,4,4,4,4,1,2,1,1,1,2,1,1,1,1,3,4,4,3,4,3,4,4,4,3
syn_aggregate_01227,33,1.0,1,1,1,1,1,0,0,0,0,1,1,1,0,1,0,0,0,0,0,4,4,4,4,4,4,4,3,4,4,2,2,2,2,2,2,1,2,2,2,3,3,3,3,3,2,2,2,1,2,1,2,1,1,1,2,1,1,1,1,1,3,2,1,2,2,2,2,1,3
syn_aggregate_01228,43,2.0,0,1,0,1,0,0,1,0,0,0,1,0,0,0,0,0,0,0,0,0,0,0,0,0,1,0,0,0,0,0,0,0,0,0,0,0,0,0,0,0,0,0,0,0,0,0,0,0,1,0,0,0,0,0,0,0,0,0,0,0,0,0,0,0,0,0,1,0,0
syn_aggregate_01229,32,2.0,1,0,0,1,0,0,0,0,0,0,0,0,0,1,0,0,0,0,0,0,0,0,0,0,0,0,0,0,0,0,2,0,0,0,0,0,0,0,0,0,0,0,0,0,0,0,0,0,0,0,0,0,0,0,0,0,0,1,0,0,1,0,0,0,0,0,0,0,0
syn_aggregate_01230,19,2.0,3,3,3,3,3,3,2,2,3,1,1,1,0,0,0,0,0,0,0,4,4,4,4,4,4,4,4,4,4,3,3,3,3,3,3,3,2,3,2,4,4,4,4,3,3,3,3,3,2,1,1,1,2,1,1,1,1,0,1,3,4,4,3,4,4,4,4,4,4
syn_aggregate_01231,19,2.0,1,1,1,1,1,1,0,0,0,1,2,2,0,1,0,1,0,1,2,4,4,4,4,4,4,4,4,4,3,4,4,4,4,4,4,4,4,3,3,1,1,1,1,0,0,1,1,0,2,1,1,1,1,1,2,1,0,1,1,3,4,4,2,4,3,3,3,3,3
syn_aggregate_01232,22,1.0,3,3,3,3,3,3,3,3,3,0,1,1,0,0,0,0,0,0,0,2,2,2,2,2,2,1,2,2,2,4,4,4,3,4,4,4,4,4,4,4,4,4,3,3,3,3,3,2,1,0,0,0,0,0,0,0,0,0,3,3,4,4,3,4,4,3,4,4,3
syn_aggregate_01233,18,2.0,3,3,3,3,3,3,2,2,0,0,0,0,0,0,0,0,0,0,0,2,2,2,2,2,2,2,1,3,3,3,4,4,4,4,4,4,3,2,2,3,3,3,3,2,2,3,2,3,2,0,0,0,0,0,0,0,0,0,0,1,3,3,2,3,2,2,2,3,3
syn_aggregate_01234,18,2.0,3,3,1,2,0,1,0,0,0,0,0,0,0,0,0,0,0,0,0,0,0,0,0,0,0,0,0,3,0,0,0,0,0,0,0,1,2,0,0,0,0,0,0,0,0,0,0,0,0,0,0,0,0,0,1,0,0,0,1,0,0,0,0,0,0,0,0,0,0
syn_aggregate_01235,21,1.0,3,3,3,3,2,2,2,2,2,2,2,1,1,2,1,1,2,1,2,1,1,0,1,1,1,0,0,0,0,4,4,4,4,4,4,4,3,3,3,4,4,4,4,4,4,4,4,4,4,1,1,1,1,1,1,1,0,0,1,3,4,4,3,4,4,3,4,4,3
syn_aggregate_01236,22,2.0,3,3,2,2,1,2,1,0,1,0,0,0,0,0,0,0,2,0,0,3,3,3,3,2,3,2,3,3,2,3,4,4,3,3,4,4,3,3,3,0,0,0,0,0,0,0,0,0,2,1,2,1,1,1,2,1,1,1,1,2,3,3,2,4,2,2,3,3,3
syn_aggregate_01237,21,2.0,3,3,2,3,1,2,1,0,1,0,0,0,0,0,0,0,0,3,0,3,3,4,4,3,3,3,2,3,3,4,4,4,4,4,4,4,4,3,2,2,2,2,2,1,2,1,1,1,2,0,0,0,0,0,1,0,0,3,0,4,4,4,4,4,4,4,3,3,3
syn_aggregate_01238,29,1.0,0,1,0,0,0,0,0,0,0,0,0,0,0,0,0,0,0,0,2,0,0,0,0,0,0,0,0,0,4,0,1,1,0,1,0,1,1,0,0,2,1,1,2,1,1,1,0,1,1,0,0,0,0,0,0,0,0,0,2,0,0,0,0,2,0,0,0,0,0
syn_aggregate_01239,18,1.0,3,3,3,2,2,2,2,1,1,0,0,0,0,0,0,0,0,0,0,0,0,0,0,0,0,0,0,0,1,0,1,0,0,1,0,0,1,0,1,3,3,3,3,3,3,2,3,3,2,1,1,1,1,0,1,0,0,1,0,0,1,0,0,0,0,0,0,0,0
syn_aggregate_01240,18,1.0,3,3,3,3,2,2,2,1,0,1,1,1,0,1,1,0,0,1,0,4,4,4,3,4,4,3,3,4,3,4,4,4,4,4,4,4,4,4,4,4,4,4,4,4,4,4,4,3,4,3,2,2,3,2,2,2,2,2,2,3,4,4,3,4,4,4,4,4,4
syn_aggregate_01241,19,2.0,1,2,1,2,0,1,1,0,0,0,0,0,0,0,0,0,0,0,0,0,0,0,0,0,0,0,1,0,0,2,2,2,2,2,1,2,2,1,1,2,1,1,1,1,0,0,0,1,1,0,0,0,0,0,0,0,0,0,3,1,3,2,1,3,2,1,2,2,3
syn_aggregate_01242,20,2.0,3,3,3,3,3,3,3,2,1,0,0,0,0,0,0,0,0,2,0,1,1,1,1,1,0,0,1,1,1,4,4,4,4,4,3,3,3,3,3,4,4,4,4,4,4,4,4,3,3,0,0,0,0,0,0,0,0,0,0,3,4,4,3,4,4,4,4,4,3
syn_aggregate_01243,22,1.0,1,1,1,1,0,0,1,0,0,0,0,0,0,0,0,0,0,0,1,2,3,2,3,2,3,2,2,2,1,2,2,2,2,2,1,2,2,2,2,3,3,3,3,2,2,2,2,2,2,1,1,1,1,1,1,2,0,1,1,1,3,3,1,3,1,2,2,2,3
syn_aggregate_01244,19,1.0,3,2,2,2,1,2,2,1,0,1,2,1,0,1,1,1,1,1,1,3,3,3,3,3,3,2,3,3,4,4,4,4,3,3,3,3,3,3,2,3,3,3,3,3,3,2,3,3,2,1,1,1,1,1,1,1,1,1,1,1,3,2,1,2,2,1,2,2,2
syn_aggregate_01245,18,2.0,3,3,3,3,3,3,3,2,0,0,0,0,0,0,0,0,0,0,2,4,4,4,4,3,4,4,3,4,2,4,4,4,4,4,4,4,4,4,4,4,4,3,4,4,4,3,4,3,2,1,2,1,1,1,2,1,1,1,2,2,4,4,3,4,3,3,4,3,3
syn_aggregate_01246,22,1.0,3,3,2,3,2,3,2,1,0,0,1,0,0,0,0,0,0,0,0,0,0,0,0,0,2,0,0,0,0,3,4,4,3,3,4,3,4,3,3,0,1,0,1,0,0,0,0,2,0,0,0,0,0,0,0,0,0,0,3,2,3,3,2,3,2,3,3,3,3
syn_aggregate_01247,19,2.0,3,3,2,3,2,3,2,2,2,1,1,2,1,1,1,2,1,1,1,3,3,3,3,2,3,3,3,3,2,2,3,2,2,2,2,3,2,2,1,0,0,0,0,2,0,0,0,0,0,0,0,1,0,0,0,0,0,1,0,2,3,3,2,3,2,2,3,3,2
syn_aggregate_01248,19,2.0,2,2,2,2,1,1,2,0,0,0,0,0,0,0,0,0,0,0,1,0,0,0,1,0,0,0,0,2,0,0,0,0,1,0,0,0,0,2,0,2,1,1,2,0,1,1,1,1,2,0,0,0,0,0,0,0,0,0,0,0,2,1,0,1,1,0,1,0,0
syn_aggregate_01249,19,2.0,1,2,1,2,1,1,1,0,0,0,0,0,0,0,0,0,0,0,0,0,0,0,0,0,0,0,0,0,0,0,1,1,1,1,0,0,0,0,0,0,0,0,0,0,0,0,0,2,2,0,0,0,0,0,0,0,0,0,1,0,0,1,0,0,0,0,0,0,0
syn_aggregate_01250,19,2.0,3,3,3,3,3,3,3,3,3,0,0,0,0,0,0,0,0,1,0,1,2,1,1,1,1,1,0,0,0,2,3,3,2,2,2,2,2,2,2,2,2,2,3,1,1,1,1,1,3,0,0,0,0,0,0,0,0,0,1,3,4,4,3,4,4,4,4,4,3
syn_aggregate_01251,22,2.0,1,1,1,1,1,0,0,0,0,1,1,1,0,1,1,0,0,1,0,3,3,3,3,3,3,3,2,3,2,2,3,2,3,3,2,2,2,3,1,3,3,3,3,3,2,3,3,2,3,2,3,2,2,2,3,2,2,2,3,1,3,3,2,3,2,2,2,2,2
syn_aggregate_01252,20,2.0,1,1,0,1,0,0,1,0,0,0,0,0,0,0,0,0,0,0,2,4,4,4,4,3,4,3,3,3,2,0,1,1,0,0,1,1,1,1,0,2,1,1,2,1,1,1,1,1,1,0,0,0,0,0,0,0,0,3,0,0,1,0,0,0,0,0,1,0,0
syn_aggregate_01253,19,2.0,2,3,2,2,1,2,1,0,0,0,1,1,0,1,0,0,1,1,1,1,1,1,1,1,1,1,1,1,1,0,1,1,0,1,0,1,1,1,0,0,0,0,0,0,0,0,0,0,0,0,0,0,0,0,0,0,0,0,2,2,4,3,2,3,3,3,3,3,2
syn_aggregate_01254,18,1.0,1,1,1,1,0,1,0,0,0,0,0,0,0,0,0,0,0,0,1,3,2,2,3,2,2,2,2,2,1,3,4,4,4,4,3,3,4,3,4,4,4,4,3,3,4,3,3,3,2,0,0,0,0,0,1,0,0,0,0,4,4,4,4,4,4,4,4,4,4
syn_aggregate_01255,51,2.0,2,2,1,2,1,0,1,0,0,0,0,0,0,0,1,0,0,1,0,3,3,2,3,2,3,2,2,2,1,0,1,1,1,1,0,1,0,0,0,3,2,3,3,2,3,2,2,3,3,0,0,0,0,0,1,1,0,0,1,0,0,0,0,0,0,0,0,0,2
syn_aggregate_01256,34,2.0,3,3,2,3,2,2,1,1,0,0,0,0,0,0,0,0,0,4,0,4,4,4,4,4,4,4,3,4,4,4,4,4,4,4,4,3,4,4,1,4,4,4,4,4,3,4,4,4,3,0,0,0,0,0,0,0,0,0,3,1,4,3,2,3,2,2,2,2,2
syn_aggregate_01257,22,1.0,0,1,1,1,0,0,0,0,0,0,0,0,0,0,0,0,0,0,4,3,3,3,4,3,3,3,2,2,3,2,3,2,2,2,1,2,2,1,2,4,4,4,4,4,3,3,3,3,2,0,0,0,0,0,0,1,0,0,0,2,3,3,2,3,3,2,3,3,2
syn_aggregate_01258,18,1.0,3,3,3,3,2,3,2,1,3,1,2,1,1,2,1,1,1,1,1,4,4,4,4,4,4,4,4,4,4,4,4,4,4,4,4,3,4,4,3,2,2,2,2,1,2,2,1,2,2,2,2,2,1,1,2,2,2,1,2,4,4,4,4,4,4,4,4,4,4
syn_aggregate_01259,18,2.0,1,0,0,1,0,0,1,0,0,0,0,0,0,0,0,0,0,0,0,2,2,2,2,2,2,2,1,1,1,0,0,0,0,0,0,0,0,3,0,3,2,2,3,2,1,2,2,2,2,0,0,0,0,0,0,1,0,0,2,1,3,3,1,2,2,2,2,2,0
syn_aggregate_01260,20,2.0,1,1,1,1,1,0,0,0,0,0,0,0,0,0,0,0,0,0,1,2,3,2,3,2,2,3,2,2,2,2,2,2,2,2,1,1,2,1,1,0,0,0,1,0,0,0,0,0,0,0,0,0,0,0,0,0,0,0,0,0,0,0,0,2,0,0,0,0,0
syn_aggregate_01261,19,2.0,2,2,1,1,1,0,1,0,0,0,0,0,0,0,0,0,0,0,0,2,2,1,2,1,2,1,2,1,2,0,0,0,0,0,0,0,0,0,0,0,0,0,0,0,0,0,0,1,0,0,0,0,0,0,0,0,0,0,0,0,1,1,0,1,1,0,1,1,0
syn_aggregate_01262,19,2.0,3,3,2,2,1,1,1,0,0,0,1,0,0,0,0,0,0,0,0,1,1,1,1,1,2,1,1,1,1,0,0,0,0,0,0,0,0,1,0,0,0,0,0,0,0,0,0,0,2,1,1,1,1,1,1,1,1,1,1,0,0,0,0,0,0,0,0,1,1
syn_aggregate_01263,21,2.0,3,3,3,3,3,3,3,3,3,0,1,0,0,0,0,0,0,0,0,4,4,4,4,4,4,3,4,3,3,2,3,2,2,2,1,2,3,2,2,2,2,2,2,2,1,1,1,2,2,0,0,0,0,0,1,0,0,1,0,2,4,4,2,4,3,3,3,3,0
syn_aggregate_01264,45,1.0,3,3,3,3,3,3,3,2,3,0,0,0,4,0,0,0,0,0,0,2,2,2,2,1,2,1,1,2,2,3,3,4,3,3,4,4,3,3,3,1,1,1,2,0,0,0,0,0,2,2,3,2,2,3,2,2,2,2,2,3,4,4,3,4,4,4,4,4,4
syn_aggregate_01265,19,1.0,2,2,2,2,2,0,1,0,1,0,1,0,0,0,0,0,0,0,0,1,1,1,1,0,2,1,0,0,1,0,1,1,1,1,2,1,1,1,1,2,2,1,2,1,1,0,0,1,0,0,0,0,0,0,0,0,0,4,0,0,0,0,0,0,0,0,1,0,0
syn_aggregate_01266,28,2.0,1,0,0,0,0,0,0,0,0,0,0,0,0,0,0,0,0,0,4,0,0,0,0,0,0,1,0,0,0,0,1,0,0,0,0,0,0,0,0,2,2,1,2,1,1,1,1,1,1,0,0,0,0,0,0,0,0,0,0,0,1,0,0,0,0,0,0,1,0
syn_aggregate_01267,19,1.0,3,3,2,2,1,2,2,0,0,0,0,0,0,4,0,0,0,0,0,1,2,1,1,1,2,1,1,1,1,1,2,2,1,1,1,1,2,1,2,4,3,3,3,3,3,2,3,3,3,0,1,0,0,1,0,0,0,0,1,3,4,4,4,4,4,4,4,4,3
syn_aggregate_01268,20,2.0,3,3,2,3,2,3,2,1,0,0,0,0,0,0,0,0,0,0,2,2,2,2,2,1,2,2,2,2,2,1,2,1,1,1,1,1,1,0,0,4,4,4,4,4,4,4,4,3,4,0,0,0,0,0,0,0,0,0,4,1,3,2,1,2,1,1,2,1,1
syn_aggregate_01269,19,2.0,3,3,3,3,3,3,3,3,3,1,2,2,1,2,1,0,1,2,2,4,4,3,4,3,4,3,2,3,1,4,4,4,4,4,3,3,4,3,2,4,4,4,4,3,4,4,4,4,4,1,1,0,0,0,1,1,0,1,0,3,4,4,3,4,4,4,4,4,3
syn_aggregate_01270,31,2.0,2,2,1,2,0,1,1,0,0,0,0,0,0,0,0,0,0,0,2,1,2,1,2,1,2,1,1,1,2,3,4,4,3,3,2,3,3,2,2,4,4,4,4,4,4,3,4,3,3,0,0,0,0,0,0,0,0,2,0,4,4,4,4,4,3,4,4,4,4
syn_aggregate_01271,20,2.0,0,1,0,0,0,0,1,0,0,1,1,1,0,1,1,0,1,1,1,1,1,1,0,1,1,0,1,0,0,2,3,3,2,2,2,3,3,2,2,3,3,3,3,3,3,2,2,2,2,0,0,0,0,0,0,0,0,1,2,0,2,2,0,2,1,1,2,1,0
syn_aggregate_01272,18,2.0,3,3,2,3,2,2,1,0,1,0,1,0,0,0,0,0,1,0,0,4,4,4,4,4,4,4,3,3,1,4,4,4,4,4,3,3,3,3,3,4,4,4,4,4,4,4,3,4,4,1,2,1,1,1,2,1,1,1,0,1,4,3,2,4,3,2,3,3,3
syn_aggregate_01273,21,1.0,3,3,3,3,2,2,2,0,0,0,1,0,0,0,0,0,0,0,0,2,2,1,2,1,2,1,0,1,1,3,4,4,3,3,3,3,3,2,2,3,3,3,4,3,3,2,2,2,2,0,0,0,0,0,0,0,0,2,0,3,4,4,3,4,3,4,4,3,3
syn_aggregate_01274,19,2.0,1,1,1,1,0,0,1,1,1,0,0,0,0,0,0,1,0,0,1,4,4,4,4,3,3,3,3,2,2,2,2,2,2,2,1,2,1,2,2,1,1,1,1,1,1,0,0,0,2,0,0,0,0,0,4,0,0,0,1,0,2,2,0,1,1,1,2,1,1
syn_aggregate_01275,42,2.0,2,2,2,2,1,1,1,0,1,0,1,0,0,0,0,0,0,0,1,3,3,3,3,3,3,2,2,2,2,4,4,4,4,4,3,4,3,3,2,3,3,2,3,2,2,2,1,2,4,0,0,0,0,0,0,0,0,0,0,2,3,3,2,3,2,2,3,2,3
syn_aggregate_01276,24,2.0,1,1,1,1,1,1,0,0,0,0,0,0,1,0,0,1,0,0,0,0,0,0,0,0,1,0,0,1,0,0,1,0,0,0,0,0,0,1,0,1,1,0,1,0,0,0,0,0,0,0,0,0,1,0,0,0,0,0,0,0,1,0,0,0,0,0,0,0,0
syn_aggregate_01277,20,2.0,3,3,2,3,2,3,2,2,0,1,2,2,1,1,1,1,1,1,0,1,2,1,1,0,2,1,1,1,0,4,4,4,4,3,4,3,3,2,4,4,4,4,4,4,4,4,4,4,4,0,0,0,0,0,0,0,0,0,0,0,2,1,0,2,1,1,1,1,0
syn_aggregate_01278,20,2.0,1,1,0,1,0,0,0,0,0,0,1,0,0,0,0,0,0,0,0,4,4,4,4,3,3,3,3,3,1,0,0,0,0,0,0,0,1,0,0,1,1,0,2,1,0,0,0,0,0,0,0,0,0,0,0,0,0,0,0,1,3,3,2,3,2,2,2,2,0
syn_aggregate_01279,24,2.0,2,2,1,1,1,0,1,1,0,0,0,0,0,0,0,0,0,0,1,2,2,1,2,2,2,2,1,2,2,2,3,3,2,3,3,3,2,2,2,3,3,3,3,3,3,3,2,3,2,0,0,0,0,0,0,0,0,3,0,0,4,4,1,4,3,3,4,3,4
syn_aggregate_01280,21,2.0,3,3,2,3,2,2,2,1,0,1,1,1,0,1,1,0,1,1,2,3,3,3,2,2,2,2,2,2,2,4,4,4,4,4,4,4,3,3,3,2,1,1,2,1,1,0,1,1,1,1,1,1,1,1,1,1,1,1,1,0,0,1,0,1,0,0,0,0,0
syn_aggregate_01281,20,2.0,1,2,1,2,1,0,1,0,0,1,1,1,0,0,0,0,0,0,0,3,3,3,2,2,3,2,2,3,2,3,4,3,3,3,2,3,2,2,1,3,3,3,3,2,2,2,2,2,3,0,0,0,0,0,2,0,0,0,0,2,4,4,3,4,3,3,2,3,3
syn_aggregate_01282,18,2.0,1,2,1,2,1,1,1,0,0,1,1,1,0,1,0,0,0,1,0,4,4,4,4,4,4,4,4,4,4,3,4,4,4,3,3,3,3,3,2,4,4,4,4,3,4,3,3,4,2,2,2,2,1,1,2,1,1,1,2,3,4,4,3,4,3,2,3,3,0
syn_aggregate_01283,21,2.0,3,3,2,2,1,1,0,0,0,0,0,0,0,0,1,0,0,0,0,1,2,1,1,1,2,1,1,1,2,1,2,1,1,1,2,2,2,1,1,4,3,4,4,3,3,4,3,3,3,0,1,0,0,0,0,0,0,0,0,1,3,2,1,2,2,2,2,1,1
syn_aggregate_01284,39,2.0,3,3,3,3,3,3,3,2,3,1,1,1,0,0,0,0,1,1,0,2,2,1,2,1,2,1,2,1,1,3,4,3,3,3,2,3,2,2,3,2,1,1,2,1,1,1,1,1,2,1,1,0,1,0,0,0,0,1,1,4,4,4,4,4,4,4,4,4,3
syn_aggregate_01285,47,1.0,3,3,2,3,2,3,2,1,2,1,2,2,1,1,1,1,1,1,2,3,3,3,3,3,3,3,3,2,4,1,1,1,1,1,1,1,1,1,1,2,1,2,2,1,2,1,1,2,1,0,1,1,0,0,0,0,0,0,0,1,3,2,1,2,1,1,2,2,2
syn_aggregate_01286,25,1.0,1,1,1,1,1,1,0,0,0,0,0,0,0,0,0,0,0,0,0,0,0,0,0,0,2,0,0,0,0,0,0,0,0,0,0,0,0,0,0,1,1,1,1,0,0,1,0,1,0,0,0,0,0,0,1,1,0,0,0,0,0,0,0,0,0,0,0,0,0
syn_aggregate_01287,26,1.0,3,3,3,3,3,3,3,1,1,0,1,1,0,0,0,0,0,0,0,3,3,3,3,3,3,3,2,2,3,1,1,1,1,1,0,0,1,0,0,4,4,3,4,3,4,3,3,3,3,2,2,2,2,1,2,2,1,2,3,3,4,4,3,4,3,3,3,2,2
syn_aggregate_01288,19,2.0,2,3,2,2,1,2,1,0,0,0,0,1,0,0,0,0,0,1,0,1,0,0,1,0,0,1,0,1,1,0,0,0,0,1,0,0,0,0,0,2,3,2,3,2,2,2,2,3,2,0,0,0,0,0,0,0,0,1,0,2,3,3,2,3,2,2,3,2,3
syn_aggregate_01289,19,2.0,2,2,1,0,0,0,0,0,0,0,0,0,0,0,1,0,0,0,1,3,3,3,2,2,2,2,2,2,3,3,3,3,3,2,3,3,3,2,2,2,1,1,2,1,0,0,0,1,2,0,0,0,0,0,0,0,0,0,1,3,4,3,2,3,3,2,3,3,2
syn_aggregate_01290,21,1.0,3,3,2,3,1,2,1,0,0,1,1,0,0,1,1,0,0,0,1,1,1,1,1,0,1,1,0,0,1,2,3,3,2,3,2,3,2,2,2,4,4,4,4,3,3,3,3,3,2,1,1,1,1,1,1,1,0,0,0,3,4,4,3,4,3,3,4,3,3
syn_aggregate_01291,33,1.0,3,3,3,3,3,3,3,2,2,2,2,2,2,1,2,2,1,2,1,4,4,4,4,4,4,4,4,4,4,3,3,3,3,3,3,3,3,3,4,4,4,4,4,4,4,4,4,4,4,1,2,1,1,1,2,1,1,0,0,4,4,4,4,4,4,4,4,3,4
syn_aggregate_01292,18,2.0,3,3,2,3,1,2,2,1,0,1,1,1,1,1,1,1,1,1,1,4,4,4,4,4,4,4,3,3,4,3,4,3,3,3,2,3,3,3,0,3,3,2,3,2,2,2,3,2,2,0,0,0,0,0,0,0,0,3,0,1,3,3,1,3,2,1,2,2,2
syn_aggregate_01293,19,2.0,1,0,0,0,0,0,0,0,0,0,0,0,0,0,0,0,0,1,0,0,0,0,0,0,0,0,0,0,0,0,0,0,0,0,0,0,0,0,0,0,0,0,0,1,0,0,0,0,0,0,0,0,0,0,0,0,0,0,0,1,2,2,1,2,1,1,2,2,1
syn_aggregate_01294,50,1.0,0,0,0,0,0,0,0,0,0,0,0,0,0,0,0,0,0,0,1,0,0,0,0,0,0,0,0,0,1,0,1,0,0,0,0,0,0,0,0,2,2,2,2,2,2,1,2,2,1,0,0,0,0,0,0,0,0,0,0,0,2,2,0,2,1,1,1,1,0
syn_aggregate_01295,20,2.0,3,3,2,3,2,2,1,1,1,0,0,0,0,0,0,0,0,0,1,0,0,0,0,0,0,0,0,0,0,2,2,2,2,2,2,2,2,2,2,1,1,0,1,0,0,0,0,0,0,0,1,0,0,0,1,0,0,0,0,0,2,0,0,0,0,0,0,0,0
syn_aggregate_01296,22,2.0,3,3,3,3,2,3,2,2,3,1,2,1,1,1,0,1,0,1,1,3,3,2,3,2,2,2,2,2,2,4,4,4,4,4,4,4,4,4,3,4,4,4,4,3,4,3,4,4,2,2,2,2,1,2,2,2,1,2,2,4,4,4,4,4,4,4,4,3,4
syn_aggregate_01297,19,2.0,1,1,1,1,1,1,0,0,0,0,0,0,0,0,0,0,0,0,4,1,1,1,0,1,0,1,1,1,1,2,3,2,2,2,2,2,2,1,1,2,2,2,2,1,2,1,1,2,1,0,0,0,0,0,0,0,0,0,1,0,2,0,0,0,0,0,0,0,0
syn_aggregate_01298,19,2.0,1,2,1,2,1,1,0,0,0,0,0,0,0,0,0,0,3,0,0,0,0,0,0,0,1,0,0,0,0,2,2,2,2,2,1,1,2,1,0,1,0,0,0,0,0,0,0,0,0,0,0,0,0,0,0,0,0,0,2,0,0,0,0,0,0,0,0,1,0
syn_aggregate_01299,19,1.0,3,3,3,3,3,3,3,3,3,0,1,0,0,0,0,0,0,1,0,4,4,4,4,4,4,4,4,4,4,4,4,4,4,4,4,4,4,4,4,4,4,4,4,3,4,3,4,4,2,0,0,0,0,0,0,0,0,0,2,3,4,4,4,4,4,4,4,4,4
syn_aggregate_01300,20,2.0,3,3,3,3,2,3,3,2,3,1,1,2,1,2,1,0,1,2,1,3,4,3,4,3,4,3,3,3,2,3,4,3,3,3,3,3,2,2,2,4,3,4,3,3,3,3,2,3,3,1,1,1,0,0,1,1,1,1,1,1,4,4,2,4,3,3,4,3,3
syn_aggregate_01301,29,2.0,3,3,2,2,1,1,1,0,0,0,0,0,0,0,0,0,0,0,0,3,3,2,3,3,2,3,2,2,0,2,3,2,2,2,2,2,2,2,0,4,4,4,4,3,4,4,4,3,4,0,0,1,0,0,0,0,0,0,0,2,4,4,2,3,3,2,4,3,1
syn_aggregate_01302,21,2.0,2,2,1,2,1,1,1,0,0,0,0,0,0,0,0,0,0,0,1,3,3,3,3,2,3,3,4,3,3,4,4,4,4,3,4,4,4,3,3,1,1,1,1,1,0,0,0,1,0,1,1,1,0,0,1,0,0,0,0,2,4,4,2,4,3,3,4,4,4
syn_aggregate_01303,51,2.0,0,0,1,1,1,0,1,0,0,1,1,1,0,1,0,0,0,0,0,0,0,0,1,0,0,0,0,0,0,4,4,4,4,4,3,4,4,3,2,3,3,2,3,2,2,2,2,2,3,1,1,1,0,0,1,1,0,1,1,0,1,2,0,1,0,0,1,0,0
syn_aggregate_01304,21,2.0,3,3,2,3,2,2,0,0,1,0,1,0,0,1,0,0,0,0,0,0,0,0,1,1,0,0,0,0,0,1,2,2,1,2,1,2,2,2,1,4,4,4,3,3,3,3,3,2,4,1,2,1,1,1,1,1,1,1,3,1,3,3,1,3,2,2,2,2,2
syn_aggregate_01305,19,2.0,3,3,3,3,2,2,3,2,1,0,0,0,0,0,0,0,0,0,4,4,4,4,4,4,4,4,4,4,4,4,4,4,3,4,4,4,3,3,2,4,4,4,4,3,4,4,3,4,3,0,0,0,0,0,0,0,0,1,0,3,4,4,3,4,4,3,4,4,3
syn_aggregate_01306,20,1.0,1,2,1,1,0,0,1,0,1,0,0,0,0,0,0,0,0,1,0,0,0,0,0,0,0,2,0,0,0,0,1,1,1,1,0,1,1,0,0,1,1,1,1,1,0,0,1,1,1,0,0,0,0,0,0,0,0,0,0,0,1,1,0,1,0,0,1,1,1
syn_aggregate_01307,20,2.0,1,1,0,0,0,0,0,0,0,0,0,0,0,0,0,0,0,0,0,4,4,4,4,4,4,4,4,4,4,0,0,0,0,0,2,0,0,0,0,1,0,0,2,0,0,0,0,0,0,0,0,0,0,0,0,0,0,0,0,0,0,0,0,1,0,0,0,0,0
syn_aggregate_01308,50,1.0,3,3,3,3,3,3,3,2,3,1,1,1,0,0,1,0,0,0,0,3,3,3,3,3,3,3,3,3,3,4,4,4,4,4,4,4,3,4,3,4,4,3,4,3,4,4,3,4,4,0,0,0,1,0,0,0,0,0,0,3,4,4,3,4,4,4,4,4,4
syn_aggregate_01309,18,1.0,2,3,2,3,1,2,1,0,1,1,1,1,0,0,0,0,1,1,1,4,4,4,4,3,4,4,4,3,2,1,1,1,1,1,1,1,1,1,1,4,4,4,4,3,4,3,4,4,2,0,0,0,0,0,2,0,0,0,0,0,2,2,0,2,1,1,2,1,1
syn_aggregate_01310,36,1.0,3,3,3,3,3,3,3,3,2,2,3,2,2,2,2,2,3,1,2,4,4,4,4,3,4,4,3,3,3,2,2,2,2,2,1,1,1,1,1,4,4,4,4,4,3,3,3,3,3,0,0,0,0,0,0,0,0,0,0,4,4,4,4,4,3,4,4,3,4
syn_aggregate_01311,20,1.0,1,1,1,1,0,1,0,0,0,0,0,0,0,0,0,0,0,0,0,4,4,3,4,3,4,4,3,3,2,0,1,1,0,0,1,1,0,0,0,4,4,4,4,3,3,3,3,3,1,0,0,0,0,0,0,0,0,0,0,0,1,0,0,0,0,0,0,0,2
syn_aggregate_01312,18,2.0,2,1,1,2,0,0,1,0,0,0,0,0,0,0,0,0,0,1,1,2,2,2,2,2,2,1,2,2,1,2,2,2,2,1,1,2,2,2,2,3,2,2,3,1,2,1,2,2,1,0,0,0,0,0,1,0,0,0,0,0,2,1,0,2,1,0,2,1,0
syn_aggregate_01313,18,1.0,1,1,0,0,0,0,0,0,0,0,0,0,0,0,0,0,0,0,0,1,1,0,1,0,1,0,1,1,0,0,0,0,0,0,0,0,0,0,0,0,0,0,0,0,0,0,0,1,0,0,0,0,0,0,0,0,0,0,0,0,0,0,0,0,0,0,0,0,0
syn_aggregate_01314,18,2.0,3,3,2,3,2,3,2,2,1,0,1,1,0,1,0,0,1,0,0,4,4,4,4,3,4,4,4,3,2,3,3,3,3,3,2,3,3,3,3,0,0,0,1,0,0,0,0,0,0,0,0,0,0,1,0,0,0,0,0,1,3,2,1,2,2,1,2,2,3
syn_aggregate_01315,30,2.0,1,2,2,2,1,1,1,0,0,0,0,0,0,0,0,0,0,2,0,0,0,0,0,0,0,0,0,0,3,4,4,4,4,4,4,4,4,3,4,0,0,0,0,0,0,1,0,1,0,0,0,0,0,0,0,0,0,0,0,0,1,0,0,2,0,0,0,0,0
syn_aggregate_01316,20,2.0,3,3,2,3,2,2,2,1,0,0,0,0,0,0,0,0,0,0,3,0,1,0,0,1,0,0,0,0,0,1,1,1,1,1,1,0,0,0,2,2,2,1,2,1,1,1,1,1,1,0,0,0,0,0,0,0,0,0,4,4,4,4,3,4,3,3,3,3,1
syn_aggregate_01317,19,2.0,1,0,0,0,0,0,0,0,0,0,0,0,0,0,0,0,0,0,1,0,0,0,0,0,0,0,0,0,1,0,0,0,0,0,0,0,0,0,1,1,1,0,1,1,1,0,1,1,1,0,0,0,0,0,0,0,0,0,0,0,0,0,0,1,0,0,0,0,0
syn_aggregate_01318,19,1.0,1,1,1,1,1,0,0,0,0,0,0,1,0,0,0,0,0,0,0,2,2,2,2,1,2,1,2,1,2,1,1,1,0,0,0,1,1,1,0,0,0,0,0,0,0,0,0,0,3,0,1,0,0,1,0,0,1,0,0,0,1,0,0,0,0,0,0,0,0
syn_aggregate_01319,22,2.0,3,3,3,3,3,3,3,3,3,1,1,1,0,0,0,0,0,1,0,3,3,3,2,2,4,3,3,2,2,3,3,3,3,3,2,3,4,2,2,4,4,4,4,3,4,4,4,3,4,1,2,1,1,1,1,0,1,1,2,3,4,4,4,4,4,4,4,4,4
syn_aggregate_01320,18,1.0,3,3,3,3,3,3,3,3,1,0,0,0,0,0,0,0,0,3,0,2,2,2,3,2,2,2,2,2,2,2,3,2,2,2,2,3,2,2,2,1,0,0,1,0,0,0,0,0,0,0,0,0,0,0,0,0,0,0,0,3,3,2,1,2,2,2,2,2,1
syn_aggregate_01321,20,2.0,2,2,2,2,1,1,1,0,1,1,1,1,0,1,0,0,1,1,0,4,4,4,4,3,4,4,3,3,3,0,1,0,0,0,0,0,0,0,0,4,4,4,4,3,3,3,3,4,3,1,1,1,1,1,2,1,1,1,1,3,4,4,3,4,4,4,4,4,4
syn_aggregate_01322,28,1.0,3,3,2,3,2,2,2,1,1,1,2,1,1,1,1,1,1,1,1,2,2,2,2,1,2,2,1,2,2,2,3,3,3,3,2,2,2,2,2,2,3,2,2,2,2,2,2,2,2,0,0,0,0,0,0,0,0,3,0,3,4,4,4,4,4,4,4,4,4
syn_aggregate_01323,19,2.0,1,1,0,0,0,1,1,0,0,0,0,1,0,0,0,0,0,1,0,2,3,2,2,1,3,2,2,1,2,4,4,4,4,4,4,4,4,3,3,0,0,0,1,0,0,0,0,0,1,1,1,1,0,1,0,0,0,1,0,4,4,4,4,4,3,4,4,3,3
syn_aggregate_01324,22,1.0,1,1,0,1,1,0,0,0,0,0,0,0,0,0,0,0,0,0,0,0,0,0,0,0,0,0,0,0,2,1,1,1,1,1,1,1,1,1,1,1,1,1,1,0,0,0,1,1,1,0,0,0,0,0,0,0,0,0,2,0,0,0,0,0,0,0,0,0,3
syn_aggregate_01325,22,1.0,3,3,3,3,2,3,2,0,1,0,1,0,0,1,0,0,1,0,0,0,0,0,0,0,0,0,0,0,3,0,1,0,0,1,0,0,1,1,0,2,2,2,2,1,2,1,2,2,1,0,0,0,0,0,0,0,0,0,3,0,0,1,0,0,0,0,0,1,0
syn_aggregate_01326,19,1.0,3,3,3,3,3,3,3,3,1,0,3,0,0,0,0,0,0,0,0,3,3,2,3,2,3,2,2,2,2,4,4,4,4,4,4,3,4,3,3,4,4,4,4,3,4,4,3,3,3,1,1,1,1,1,1,0,0,0,0,1,2,2,1,2,1,1,2,1,2
syn_aggregate_01327,19,2.0,0,1,0,0,0,0,0,0,0,0,0,0,0,0,0,0,0,0,1,1,2,1,2,1,1,1,1,1,1,0,1,1,0,0,0,0,1,0,0,1,0,0,1,0,0,0,0,0,0,0,0,0,0,0,0,0,0,1,0,0,1,0,0,0,0,0,1,0,0
syn_aggregate_01328,22,2.0,3,3,2,2,1,2,1,0,1,0,0,0,0,0,0,0,0,0,3,0,0,0,0,0,0,0,0,0,4,1,2,1,1,1,1,2,2,1,2,4,4,3,4,2,3,3,2,2,2,0,0,1,0,0,0,0,0,1,0,1,3,2,2,3,1,1,2,2,3
syn_aggregate_01329,31,2.0,3,3,3,3,3,3,3,3,3,3,3,3,2,2,2,2,2,2,2,4,4,4,4,4,4,3,4,4,3,4,4,4,4,3,4,4,4,3,2,4,4,4,4,4,3,4,4,3,4,1,2,2,1,2,1,1,1,1,1,3,4,4,3,4,4,4,4,4,4
syn_aggregate_01330,22,2.0,3,3,2,2,1,2,2,1,0,0,0,0,0,0,0,0,0,0,2,1,1,1,1,1,1,1,1,1,1,0,1,0,0,0,0,0,0,0,1,1,1,0,1,1,0,0,0,0,0,0,0,0,0,0,0,0,0,0,1,0,0,0,0,3,0,0,0,0,0
syn_aggregate_01331,18,2.0,3,3,2,3,2,3,2,1,0,0,0,1,0,0,0,0,0,0,0,3,3,2,3,2,3,2,2,3,3,1,2,2,1,2,1,2,2,1,2,2,2,1,2,1,1,0,0,1,1,1,1,1,0,1,1,0,1,1,0,0,2,2,0,2,1,1,2,1,0
syn_aggregate_01332,33,2.0,3,3,3,3,3,3,2,1,1,1,1,1,0,0,1,0,1,1,0,2,3,2,2,2,3,2,2,1,2,2,2,2,2,2,2,2,2,1,2,1,1,0,1,1,1,1,0,1,0,0,1,0,0,0,1,0,0,0,0,2,3,3,2,3,3,2,3,3,3
syn_aggregate_01333,43,2.0,3,3,2,3,2,2,1,0,1,1,1,1,0,1,1,0,1,1,0,3,4,3,3,2,4,4,2,2,2,1,1,1,1,1,0,1,1,0,0,4,4,4,4,3,4,4,4,3,3,0,0,0,0,0,0,0,0,0,0,1,4,4,2,4,3,2,3,3,0
syn_aggregate_01334,18,2.0,1,2,1,1,0,1,0,0,0,0,0,0,0,1,0,1,0,0,0,1,1,1,1,1,2,0,0,1,0,0,1,1,0,1,1,1,1,1,0,2,3,2,3,2,2,1,1,2,1,0,0,0,0,0,0,0,4,0,0,0,2,2,0,2,1,1,2,1,1
syn_aggregate_01335,22,1.0,2,2,1,2,1,1,1,0,0,0,0,0,0,0,0,0,0,3,0,1,2,1,2,1,2,1,1,2,2,2,2,2,2,2,1,2,2,2,2,1,0,0,1,0,0,0,0,0,0,0,0,0,0,0,0,0,0,0,2,0,0,0,0,0,0,0,0,0,4
syn_aggregate_01336,21,2.0,0,0,0,0,0,0,0,0,0,0,1,0,0,0,0,0,0,0,0,0,1,0,1,0,1,0,1,0,0,0,0,0,0,0,0,0,0,0,0,1,1,1,1,1,1,1,1,0,1,0,0,0,0,0,1,1,1,0,0,0,1,1,0,1,0,0,1,1,1
syn_aggregate_01337,21,2.0,2,1,0,1,0,0,1,0,0,0,0,1,0,0,0,0,0,1,0,4,4,4,4,4,4,3,3,3,1,1,1,1,0,1,1,0,1,0,0,4,3,4,3,3,3,4,3,3,2,0,0,0,0,0,0,0,0,0,3,3,4,4,3,4,3,2,3,3,2
syn_aggregate_01338,35,2.0,3,3,3,3,3,3,3,3,1,0,1,1,0,0,0,0,0,1,0,4,3,4,3,3,3,3,3,2,2,4,4,4,4,4,3,4,4,3,4,2,2,1,2,1,2,1,0,1,2,2,2,2,1,2,2,2,2,1,2,4,4,4,4,4,4,4,4,4,4
syn_aggregate_01339,21,1.0,2,3,2,2,1,1,0,0,0,0,0,0,0,0,0,0,0,0,4,1,1,0,1,0,1,0,1,1,0,2,3,3,2,2,2,2,3,2,1,4,3,3,4,3,3,2,3,2,3,0,0,0,0,0,0,0,0,0,1,1,2,2,1,2,1,1,2,2,1
syn_aggregate_01340,19,2.0,2,3,3,3,1,2,2,1,1,1,1,0,1,0,0,1,1,0,0,3,3,3,3,3,2,2,2,2,3,3,4,4,4,3,4,4,3,4,2,2,1,1,2,1,1,0,1,1,3,0,0,0,3,0,0,0,2,0,0,2,4,3,3,4,3,3,3,3,3
syn_aggregate_01341,18,2.0,2,3,2,2,1,1,0,0,0,1,1,1,0,1,0,0,0,1,0,1,1,0,1,0,1,0,0,0,3,3,4,4,4,3,3,3,3,3,2,4,4,3,4,4,3,3,3,2,2,0,0,0,0,0,1,1,0,0,0,1,3,3,1,3,2,2,3,3,3
syn_aggregate_01342,22,1.0,3,3,2,3,2,3,2,0,0,1,1,1,0,1,0,1,1,1,0,4,4,4,4,4,4,4,4,3,3,4,4,4,4,3,4,4,4,3,3,4,4,4,4,4,4,4,4,4,4,2,3,2,2,3,3,2,2,1,2,2,4,4,2,4,4,4,4,4,4
syn_aggregate_01343,19,2.0,2,2,1,2,1,1,1,0,0,0,0,0,0,0,0,0,0,2,0,2,3,2,1,2,3,1,1,2,1,1,1,1,1,1,1,0,0,0,0,4,3,3,4,3,3,2,3,3,2,0,0,0,0,0,1,0,0,0,0,2,4,3,2,3,2,2,3,3,4
syn_aggregate_01344,19,2.0,3,3,3,3,2,3,2,2,2,0,0,1,0,0,0,0,0,0,0,4,4,3,4,4,4,4,3,3,3,4,4,4,4,4,4,4,4,3,3,4,4,4,4,3,4,3,3,3,1,1,2,1,1,1,2,1,1,1,1,3,4,4,3,4,4,4,4,4,3
syn_aggregate_01345,34,2.0,1,1,1,1,0,0,0,0,0,0,1,0,0,0,0,0,0,0,0,0,0,0,0,0,0,0,0,3,0,2,3,2,2,2,2,3,3,2,2,2,1,1,2,1,1,0,1,1,2,2,2,2,2,1,2,1,1,1,2,1,3,2,1,2,1,1,2,2,0
syn_aggregate_01346,38,2.0,0,0,0,1,0,0,1,0,0,0,0,0,0,0,0,0,0,0,0,2,3,2,3,2,3,2,2,2,1,0,0,0,0,0,0,0,0,0,0,0,0,0,0,0,0,0,0,0,0,0,0,0,0,0,0,0,0,0,0,0,0,0,0,0,0,0,0,0,0
syn_aggregate_01347,20,2.0,3,3,2,2,0,1,1,0,0,0,0,0,0,0,0,0,2,0,0,3,4,3,3,3,4,4,3,2,2,1,1,1,1,1,0,1,1,0,0,4,4,4,4,3,3,3,3,3,4,0,1,0,0,0,0,0,0,0,0,1,3,3,1,3,2,1,2,3,2
syn_aggregate_01348,36,2.0,1,1,1,2,1,0,0,0,0,1,1,1,0,1,0,0,1,1,0,0,0,0,0,0,0,0,0,0,1,1,2,2,1,2,2,2,2,2,0,0,0,0,1,0,0,0,0,0,0,0,0,0,0,0,0,2,0,0,0,0,0,0,0,0,0,0,0,0,2
syn_aggregate_01349,48,1.0,2,2,1,2,1,1,0,0,0,0,0,0,0,0,0,0,0,4,0,4,4,4,4,3,4,4,3,3,3,4,4,4,4,4,3,4,3,3,4,3,3,3,2,2,2,2,2,2,1,0,0,1,0,0,0,1,0,1,0,1,2,1,0,2,0,0,1,1,1
syn_aggregate_01350,19,2.0,1,1,0,0,0,0,0,0,0,0,0,0,0,1,0,0,0,0,0,1,1,1,0,0,1,0,0,0,2,0,0,0,0,0,0,0,0,0,0,3,2,2,2,2,1,1,1,1,2,0,0,0,0,0,0,0,0,0,0,0,1,0,0,0,0,0,0,0,0
syn_aggregate_01351,19,2.0,1,1,0,1,0,0,0,0,0,0,0,0,0,0,0,0,0,0,0,4,4,4,4,4,4,3,3,3,3,0,1,1,0,0,0,0,0,0,0,3,2,2,3,1,1,1,2,2,2,0,0,0,0,0,0,0,0,1,0,0,2,1,0,1,0,0,1,2,0
syn_aggregate_01352,20,2.0,3,3,2,3,2,3,1,0,0,0,0,0,0,0,0,2,0,0,0,0,0,0,0,1,0,0,1,0,0,1,1,1,1,1,2,2,1,2,1,3,3,2,3,2,2,2,2,1,2,0,0,0,0,0,0,0,0,0,4,3,4,4,3,4,3,3,3,4,2
syn_aggregate_01353,21,1.0,2,2,1,2,1,1,0,0,0,0,0,0,0,0,0,0,0,1,0,0,0,0,0,0,0,0,0,1,1,1,2,2,1,1,1,1,1,0,0,1,1,1,1,2,1,1,1,1,1,0,0,0,0,0,0,0,0,0,3,0,1,1,0,2,0,0,2,1,0
syn_aggregate_01354,19,1.0,3,3,2,3,2,2,2,0,0,0,0,0,0,0,0,0,4,0,0,1,1,1,1,1,1,0,0,0,0,1,3,2,2,2,2,2,2,2,2,0,0,1,0,1,0,1,0,1,0,0,0,0,0,0,0,0,0,0,0,1,3,3,2,3,2,2,3,2,2
syn_aggregate_01355,21,2.0,1,2,1,2,1,1,0,0,0,0,0,0,0,0,0,0,0,0,4,4,4,4,4,4,3,3,3,3,1,3,4,4,3,4,3,3,3,3,2,3,3,2,3,2,2,2,2,2,1,0,0,0,0,0,0,0,0,0,2,3,4,4,3,4,3,3,3,3,3
syn_aggregate_01356,24,2.0,1,1,1,1,1,0,0,0,0,0,0,0,0,0,0,1,0,0,0,3,3,2,3,2,2,2,2,2,1,4,4,4,4,3,4,3,4,3,2,1,1,1,1,1,0,0,0,1,1,0,0,0,0,0,0,0,0,3,0,2,4,4,2,4,3,2,3,3,2
syn_aggregate_01357,19,2.0,3,3,2,3,1,2,1,1,1,1,1,1,1,1,0,0,1,1,0,4,4,4,4,4,3,3,3,3,3,1,1,1,2,1,1,1,1,0,1,3,2,2,3,2,2,2,2,1,3,0,1,0,0,0,0,0,0,0,0,2,4,3,2,4,3,2,3,2,3
syn_aggregate_01358,22,1.0,3,3,3,3,3,3,3,3,0,1,1,1,1,1,1,1,0,1,0,3,3,3,4,3,3,3,2,2,2,4,4,4,4,4,4,3,4,3,3,2,2,1,2,1,1,1,0,1,2,1,1,0,1,1,1,1,1,0,0,2,4,4,3,4,3,4,4,4,2
syn_aggregate_01359,18,2.0,2,2,1,1,1,1,1,0,0,1,1,1,0,0,1,1,0,0,0,3,3,3,3,2,3,2,2,2,0,1,2,1,1,2,1,1,1,1,1,2,2,2,3,2,1,1,1,2,0,1,2,1,1,1,2,1,1,1,1,4,4,4,4,4,4,4,4,4,3
syn_aggregate_01360,21,2.0,1,0,0,0,0,0,0,0,0,0,0,0,1,0,0,0,0,0,0,1,1,0,0,0,1,0,0,0,0,0,0,0,0,0,0,0,0,0,1,3,3,3,3,2,3,2,3,2,2,0,0,0,0,0,0,0,0,1,0,0,0,0,0,0,0,0,0,0,0
syn_aggregate_01361,19,2.0,3,3,2,2,2,2,1,0,0,0,0,0,0,2,0,0,0,0,0,0,0,0,0,0,0,0,0,0,2,0,1,1,0,1,0,1,0,1,0,0,0,0,0,0,0,0,0,0,1,0,1,0,0,0,0,0,0,0,0,0,2,1,0,2,0,0,1,1,0
syn_aggregate_01362,18,2.0,3,3,2,3,2,2,3,1,0,1,1,2,0,1,2,1,1,1,0,1,1,0,1,1,1,1,0,0,0,4,4,4,4,4,4,4,4,4,3,2,2,1,2,2,1,1,1,1,1,1,2,1,1,1,1,2,1,1,2,3,4,4,3,4,4,4,4,4,4
syn_aggregate_01363,21,1.0,2,3,2,3,0,1,1,0,0,2,2,2,1,2,0,0,1,0,0,2,2,1,2,1,2,1,1,1,2,2,3,2,2,2,2,3,2,2,2,4,4,4,4,4,4,4,4,3,3,1,1,1,1,1,1,1,2,1,1,0,1,0,0,1,0,0,0,0,0
syn_aggregate_01364,22,1.0,2,2,1,1,1,1,1,0,0,0,0,0,0,0,0,0,0,0,0,2,3,2,2,1,3,2,2,2,1,4,4,4,4,4,4,3,4,4,4,1,0,0,0,0,0,0,0,0,0,0,0,0,0,0,0,0,0,0,0,0,1,1,0,1,0,0,2,2,0
syn_aggregate_01365,18,2.0,1,0,0,0,0,0,0,0,0,0,0,0,0,0,0,0,0,0,1,0,0,0,0,0,0,0,0,0,1,2,2,2,1,1,2,2,2,1,1,2,2,1,2,1,1,1,0,1,1,0,0,0,0,0,1,0,0,0,0,0,1,0,0,2,0,0,0,0,0
syn_aggregate_01366,19,2.0,3,3,2,2,1,2,1,0,0,0,1,0,0,1,0,0,0,0,0,4,4,4,3,3,3,3,2,2,2,2,3,3,3,3,3,3,3,2,3,1,0,0,1,0,0,0,0,0,0,0,0,0,0,0,0,0,0,0,0,2,3,2,1,2,1,2,2,2,1
syn_aggregate_01367,20,2.0,0,0,0,0,0,0,0,0,0,0,0,0,0,0,0,0,0,0,1,0,0,0,0,0,0,0,0,0,0,0,0,0,0,0,0,0,0,0,0,0,0,0,0,0,0,0,0,0,4,0,0,0,0,0,0,0,0,0,0,0,0,1,0,0,0,0,0,0,0
syn_aggregate_01368,21,2.0,2,3,2,2,1,2,1,0,0,0,1,0,0,0,0,0,1,0,0,4,4,4,4,3,3,3,3,3,2,1,3,3,2,2,2,3,3,2,1,2,2,1,2,1,1,0,0,0,0,0,0,0,0,0,0,4,0,0,0,2,4,4,2,4,3,3,3,3,2
syn_aggregate_01369,19,2.0,1,1,1,1,1,1,1,0,0,1,2,1,0,1,1,0,1,0,0,2,2,1,1,1,2,1,1,1,2,3,4,4,3,3,3,3,3,2,2,2,2,2,2,2,1,1,1,2,2,0,0,0,0,0,0,0,0,0,2,4,4,4,4,4,3,3,3,3,3
syn_aggregate_01370,20,1.0,1,1,0,1,0,0,0,0,0,0,0,0,0,0,0,0,0,0,4,4,4,4,4,4,4,4,4,3,4,4,4,4,4,4,4,4,4,4,4,3,3,3,3,4,3,3,2,3,3,0,0,0,0,1,0,0,0,2,0,4,4,4,3,4,4,4,4,4,2
syn_aggregate_01371,41,2.0,2,2,1,2,1,1,1,0,0,0,1,0,0,0,0,0,0,0,0,1,1,0,0,0,0,0,0,0,0,0,0,0,0,0,0,0,0,0,0,2,2,1,2,1,1,1,1,1,1,0,0,0,0,0,0,0,0,0,3,3,4,4,3,4,3,3,4,3,3
syn_aggregate_01372,22,2.0,1,1,1,2,1,1,0,0,0,0,0,0,0,0,0,0,0,0,1,0,1,0,0,1,0,0,1,0,0,0,1,1,0,1,0,1,1,1,0,2,2,2,2,1,1,1,1,2,2,0,1,0,0,0,1,0,0,0,1,0,1,1,0,1,0,0,1,0,0
syn_aggregate_01373,21,2.0,1,1,0,0,0,0,0,0,0,0,0,0,0,0,0,0,0,0,1,0,1,0,0,0,0,0,1,0,0,1,1,1,1,1,1,1,2,1,1,3,4,4,3,3,3,3,2,3,2,0,0,0,0,0,0,0,0,0,0,0,1,1,0,1,0,0,1,1,1
syn_aggregate_01374,31,1.0,3,3,2,3,2,2,1,0,0,0,1,0,0,0,0,0,0,0,0,0,0,0,0,0,0,0,0,0,1,2,3,2,2,2,1,2,2,1,1,2,2,2,2,2,1,1,1,2,3,1,1,2,1,1,2,2,1,1,2,3,4,4,3,4,3,3,4,3,3
syn_aggregate_01375,22,2.0,0,0,1,1,0,0,1,0,0,0,0,0,0,0,0,0,0,1,1,0,0,0,0,0,0,2,0,0,0,1,2,1,1,1,1,1,1,1,1,2,1,1,2,1,1,1,1,1,1,0,0,0,0,0,1,0,0,0,1,0,1,0,0,1,0,0,0,0,0
syn_aggregate_01376,30,1.0,3,2,1,2,1,0,1,0,0,1,1,1,0,1,1,1,1,0,0,4,4,4,4,4,4,4,4,4,3,3,4,4,3,4,3,3,3,2,2,4,4,4,4,4,4,4,4,3,3,1,1,1,1,1,2,1,0,1,1,1,4,3,2,3,2,2,2,2,3
syn_aggregate_01377,18,2.0,2,2,1,1,1,1,0,0,0,0,0,0,0,0,0,0,0,2,0,3,3,3,2,2,3,2,2,2,3,1,2,2,2,2,2,1,2,1,2,2,3,2,2,1,2,1,2,2,2,1,1,1,0,0,0,0,0,0,0,3,4,4,3,4,4,4,4,3,3
syn_aggregate_01378,22,2.0,2,2,1,1,1,1,1,0,0,0,0,1,0,0,0,0,0,0,0,4,4,4,4,4,4,4,3,3,4,1,2,2,2,2,1,2,1,1,2,1,1,1,1,0,1,0,0,0,1,0,0,0,0,0,4,0,0,0,0,3,4,3,3,4,4,3,3,3,3
syn_aggregate_01379,22,2.0,2,2,1,2,1,1,1,0,0,0,1,1,0,1,1,1,1,1,0,2,2,0,1,0,2,1,1,0,0,1,2,2,1,1,2,1,1,1,0,3,3,3,3,3,2,2,2,3,2,0,0,0,0,0,0,0,2,0,0,1,3,2,1,3,2,2,2,2,2
syn_aggregate_01380,22,1.0,1,1,0,1,0,0,0,0,0,0,0,0,0,0,0,2,0,0,0,3,3,2,3,2,3,2,2,2,1,0,1,0,0,1,0,1,0,0,0,2,1,1,2,0,1,0,1,1,0,0,0,0,4,0,0,0,0,0,0,0,1,3,0,0,0,0,0,0,0
syn_aggregate_01381,20,2.0,2,2,0,2,1,1,0,0,0,0,1,0,0,0,0,0,0,0,0,1,1,1,1,0,1,0,0,0,0,1,2,2,1,2,1,2,2,2,1,2,2,2,2,2,1,1,2,2,2,1,1,1,1,1,1,1,0,0,0,0,2,2,0,2,1,1,1,1,1
syn_aggregate_01382,19,2.0,3,3,3,3,3,3,3,3,3,1,1,1,1,1,1,1,1,1,1,4,4,4,4,4,4,4,4,3,4,3,4,4,3,4,4,4,4,3,2,4,4,4,3,3,4,4,2,3,4,0,0,0,0,0,0,0,0,0,4,4,4,4,4,4,4,4,4,4,3
syn_aggregate_01383,22,2.0,3,3,3,3,2,3,2,0,0,1,0,0,0,0,0,0,0,0,3,2,3,2,2,2,2,2,2,1,1,3,3,3,3,3,3,3,3,2,2,4,3,3,4,3,3,3,3,2,2,1,2,1,1,2,1,1,1,1,1,0,2,2,0,2,1,1,2,1,0
syn_aggregate_01384,19,2.0,2,2,1,1,0,1,1,0,0,0,0,0,0,0,0,0,0,0,4,0,0,0,0,0,0,0,4,0,0,2,3,3,2,3,2,2,2,2,1,3,3,3,3,2,3,2,3,2,2,0,0,0,0,0,0,0,0,0,3,3,4,4,2,3,3,3,3,3,0
syn_aggregate_01385,21,2.0,2,2,2,1,1,2,1,0,0,0,0,1,0,0,0,0,0,0,0,2,2,2,1,2,2,1,1,2,2,3,4,4,3,3,3,3,3,2,2,0,0,0,0,0,0,0,0,1,0,0,0,0,0,0,0,0,0,3,0,0,0,1,0,0,0,0,0,0,1
syn_aggregate_01386,21,2.0,3,3,3,3,2,3,3,2,1,0,0,0,0,0,0,0,0,4,0,4,4,3,4,3,4,4,3,3,2,4,4,4,4,4,3,4,3,3,3,2,2,2,2,2,2,2,1,2,2,0,0,0,0,0,0,0,0,0,0,2,4,4,2,4,3,3,3,3,3
syn_aggregate_01387,51,1.0,1,2,1,1,1,1,0,0,0,0,0,0,0,0,0,0,0,0,0,0,0,0,0,0,0,0,0,0,0,3,4,4,3,3,3,3,2,2,3,2,1,1,2,1,1,1,1,2,1,0,0,0,0,0,0,0,0,0,0,0,2,2,1,2,1,1,2,2,2
syn_aggregate_01388,22,2.0,1,2,1,1,0,1,1,0,1,0,1,0,0,0,0,0,0,1,0,3,3,2,3,2,4,3,2,3,2,1,2,1,0,1,0,1,1,1,2,4,4,4,4,3,4,3,4,2,3,0,0,0,0,0,0,0,0,4,0,2,4,4,2,3,3,3,3,3,2
syn_aggregate_01389,19,2.0,1,1,1,1,1,0,0,0,0,0,1,0,0,0,0,0,0,1,1,0,1,0,0,0,0,0,1,0,0,0,0,0,0,0,0,0,0,0,0,1,1,1,1,0,0,0,0,0,0,0,0,0,0,0,0,2,0,0,0,0,0,0,0,1,0,0,0,1,0
syn_aggregate_01390,22,1.0,3,3,2,3,1,2,1,0,0,0,1,1,0,0,0,1,0,1,0,4,4,3,3,3,4,3,2,2,3,3,3,3,3,3,3,3,3,3,3,1,0,0,1,0,0,0,0,0,0,1,2,1,1,0,2,1,0,0,3,0,2,1,0,2,1,1,1,1,1
syn_aggregate_01391,20,2.0,1,1,1,1,0,1,0,0,0,0,0,0,0,0,0,0,0,0,4,4,4,4,4,4,4,4,4,4,3,1,2,2,2,2,1,1,1,1,2,4,4,4,4,3,4,3,3,4,3,1,2,1,1,2,1,1,0,2,2,1,3,2,1,3,2,1,2,2,3
syn_aggregate_01392,19,1.0,1,1,1,1,1,1,0,0,0,0,0,0,0,0,0,0,0,0,0,0,1,0,1,0,2,0,1,0,0,1,1,1,0,1,0,1,0,0,0,3,3,3,3,2,2,2,2,2,0,0,0,0,0,0,0,2,0,0,0,4,4,4,4,4,4,3,4,4,3
syn_aggregate_01393,19,1.0,3,3,3,3,2,3,3,1,0,1,1,1,0,1,0,1,0,1,0,2,2,1,1,1,1,1,1,1,1,2,3,2,2,2,2,2,2,2,1,2,2,2,2,2,1,2,1,1,1,0,0,0,0,0,0,0,0,0,0,2,4,4,3,4,3,3,3,4,1
syn_aggregate_01394,20,2.0,2,2,2,2,2,2,1,1,0,1,2,2,1,1,1,0,1,1,1,3,3,2,2,2,2,2,2,2,1,3,4,4,4,4,4,3,4,3,3,4,4,4,4,4,4,4,4,3,4,0,0,0,0,0,0,0,0,0,4,1,4,3,2,4,3,3,3,3,2
syn_aggregate_01395,20,2.0,1,1,0,1,0,1,1,0,0,0,0,0,0,0,1,1,0,0,0,0,0,0,0,0,0,1,1,0,0,1,2,1,1,1,1,1,2,1,1,2,2,2,2,1,1,2,1,2,1,0,0,0,0,0,0,0,0,0,4,0,1,1,0,1,0,0,1,0,0
syn_aggregate_01396,39,2.0,3,3,2,3,1,0,0,0,0,1,2,2,1,1,1,1,2,0,2,1,1,1,1,1,1,1,1,1,2,3,4,4,3,3,3,3,3,4,4,4,4,4,4,4,4,4,4,3,4,2,3,2,2,2,3,2,1,1,2,4,4,4,4,4,4,4,4,3,3
syn_aggregate_01397,19,2.0,3,3,1,1,0,0,0,0,1,0,0,1,0,0,0,0,0,0,0,4,4,4,4,4,3,3,3,3,3,2,3,2,2,1,2,2,2,1,3,0,0,0,0,0,1,0,0,2,1,0,0,0,0,0,0,0,1,0,0,3,4,3,2,4,3,2,3,3,3
syn_aggregate_01398,22,1.0,3,3,2,3,2,2,2,0,1,1,2,1,0,1,0,0,1,2,0,1,1,1,1,1,1,1,1,1,1,1,1,1,1,1,1,1,1,1,2,3,3,3,3,3,3,3,3,2,2,0,0,0,0,2,0,0,0,0,0,2,3,3,2,3,2,3,3,3,2
syn_aggregate_01399,38,2.0,3,3,2,3,2,2,1,1,1,0,0,0,0,0,0,0,0,4,0,2,2,1,2,1,2,1,1,2,3,3,4,4,3,4,3,4,4,3,2,4,4,4,4,3,4,4,4,4,4,2,2,2,2,1,2,1,2,1,3,3,4,4,3,4,3,4,4,3,3
syn_aggregate_01400,19,1.0,1,1,1,1,1,0,0,0,0,0,0,0,0,0,0,0,0,0,0,0,1,0,0,0,1,0,0,0,0,2,3,3,2,3,2,3,2,2,2,3,3,2,4,2,2,1,1,2,2,0,0,0,0,0,0,0,0,0,0,1,4,4,2,4,3,3,4,3,4
syn_aggregate_01401,19,1.0,1,2,1,1,0,1,0,0,0,0,0,0,0,0,0,0,0,2,0,4,4,4,4,4,4,4,3,3,4,3,4,4,3,3,3,3,2,3,2,4,3,3,4,2,3,3,2,2,2,0,1,1,0,0,1,0,1,0,2,0,2,2,0,1,0,0,1,1,0
syn_aggregate_01402,33,2.0,2,2,1,1,1,1,0,0,0,0,0,0,0,0,0,0,0,0,3,4,4,4,4,4,4,4,3,4,3,1,2,2,1,1,1,2,1,1,2,2,1,1,2,0,1,0,1,1,0,0,0,0,0,0,0,0,0,0,0,1,3,3,1,3,3,3,3,3,2
syn_aggregate_01403,22,2.0,0,2,0,0,0,0,0,0,0,0,0,0,0,0,0,0,0,0,0,0,0,0,0,0,0,0,0,0,0,0,0,0,0,0,0,0,0,0,0,2,1,1,2,1,0,0,0,0,1,0,0,0,0,0,0,0,0,1,0,0,2,2,0,1,1,0,1,1,0
syn_aggregate_01404,49,2.0,3,3,3,3,3,2,2,2,1,2,2,2,2,2,1,1,2,1,3,0,0,0,0,0,0,0,0,0,1,1,2,2,2,2,2,2,2,1,2,2,1,1,1,1,0,0,0,0,0,0,1,0,0,0,0,0,0,1,0,1,1,1,0,2,1,2,2,1,1
syn_aggregate_01405,19,1.0,2,3,2,2,1,2,1,0,0,0,0,0,0,0,0,0,0,0,2,4,4,4,4,4,4,4,4,3,4,3,3,3,2,3,3,3,3,2,2,2,1,1,2,1,1,1,1,1,1,0,0,0,0,0,1,1,0,0,0,0,0,0,0,0,0,0,0,0,0
syn_aggregate_01406,18,1.0,2,2,1,1,0,0,0,0,0,0,0,0,0,0,0,0,0,0,0,1,1,1,1,1,1,1,1,1,1,1,2,2,2,1,1,2,1,1,2,2,2,2,2,2,1,2,2,2,2,0,0,0,0,0,0,0,0,0,2,0,2,1,0,2,0,0,1,1,0
syn_aggregate_01407,21,1.0,1,1,1,2,0,1,1,0,0,0,0,0,0,0,0,0,0,2,0,3,3,3,3,2,3,2,2,2,2,1,2,2,1,1,1,1,2,1,1,3,3,2,2,2,3,2,2,2,1,0,1,0,0,0,0,0,0,0,1,0,2,1,0,1,0,0,1,0,1
syn_aggregate_01408,31,2.0,3,3,3,3,3,3,3,0,0,1,2,2,0,1,1,1,1,2,1,4,4,4,4,4,3,3,3,3,2,4,4,4,4,4,4,4,4,4,3,4,4,4,4,4,4,4,3,4,4,1,1,1,1,1,1,1,1,1,1,3,4,4,3,4,4,4,4,3,3
syn_aggregate_01409,20,2.0,2,2,1,1,1,1,1,0,0,0,1,1,0,1,0,0,1,1,1,4,4,3,4,4,4,3,3,3,4,4,4,4,4,4,4,4,4,4,4,4,4,4,4,3,4,3,4,4,3,1,1,1,1,2,1,1,1,1,1,2,4,3,2,4,3,3,3,3,4
syn_aggregate_01410,35,1.0,2,2,1,2,0,1,1,0,0,0,0,0,0,0,0,0,0,0,4,4,4,4,4,4,3,3,3,3,3,3,3,3,3,3,2,3,3,3,4,2,2,1,2,1,1,1,1,1,2,0,0,0,0,0,0,0,0,0,0,1,3,3,1,3,2,2,2,2,1
syn_aggregate_01411,20,1.0,2,3,3,3,1,2,1,0,1,0,0,0,4,0,0,0,0,0,0,2,2,2,2,1,2,2,1,1,2,0,0,0,0,0,0,0,0,1,2,4,3,4,4,3,3,3,3,3,2,1,1,1,0,1,1,0,0,0,0,0,2,1,0,2,1,1,1,1,0
syn_aggregate_01412,22,2.0,1,1,0,0,0,0,0,0,0,0,0,0,0,0,0,0,0,0,0,0,0,0,0,0,0,0,0,0,1,0,0,0,0,0,0,0,0,0,0,2,2,1,2,1,1,0,1,1,1,0,0,0,0,3,0,0,0,0,0,0,1,0,0,1,0,0,1,0,0
syn_aggregate_01413,20,2.0,3,3,3,3,2,3,3,2,1,0,0,0,0,0,3,0,0,0,0,3,3,3,3,3,3,3,3,3,3,2,3,3,2,2,1,2,2,2,1,4,4,4,4,3,4,4,4,3,3,0,2,1,1,1,1,1,1,1,1,3,4,4,3,4,3,3,3,2,1
syn_aggregate_01414,22,2.0,3,3,3,3,2,3,3,1,1,0,1,0,0,0,0,0,0,0,3,1,2,1,2,1,2,1,1,1,2,0,1,0,1,0,0,0,1,0,0,2,2,2,2,1,1,1,1,2,2,0,0,1,0,0,0,1,0,0,1,0,2,1,0,1,0,0,1,1,0
syn_aggregate_01415,21,2.0,3,3,3,3,3,3,3,3,1,0,1,0,0,1,0,0,0,1,0,4,4,4,4,4,4,4,3,4,4,4,4,4,4,4,4,4,4,4,4,2,2,1,2,1,1,1,1,1,1,0,0,0,0,0,0,0,0,0,3,4,4,4,4,4,4,4,3,3,4
syn_aggregate_01416,19,1.0,3,3,3,3,2,3,3,3,3,1,2,1,0,1,1,0,1,2,0,4,4,4,4,4,4,4,4,4,3,3,4,4,3,3,3,3,3,2,2,4,4,4,4,4,4,4,4,4,4,1,2,2,1,1,2,2,0,1,2,4,4,4,4,4,4,4,4,4,4
syn_aggregate_01417,18,2.0,3,3,3,3,3,3,3,2,2,0,0,0,0,0,3,0,0,0,0,1,2,0,1,1,2,1,1,1,2,3,4,4,4,4,4,4,3,4,4,4,4,4,4,3,3,4,3,3,2,0,0,0,0,0,0,0,0,0,3,1,3,2,1,2,2,2,2,2,3
syn_aggregate_01418,18,2.0,3,3,3,3,3,3,2,2,3,1,2,1,1,2,1,1,1,2,2,4,4,4,4,4,4,4,4,3,3,4,4,4,4,4,4,4,3,4,4,4,4,4,4,4,4,4,4,4,4,2,3,2,2,2,2,1,2,2,2,3,4,4,3,4,4,4,4,4,4
syn_aggregate_01419,18,2.0,1,2,1,1,0,1,0,0,0,1,1,1,0,0,0,0,1,1,0,4,4,3,4,3,4,3,4,3,3,1,2,2,1,2,1,2,2,2,1,4,4,4,4,3,3,3,3,4,2,0,0,0,0,0,0,2,0,0,0,1,2,2,1,2,1,1,1,1,1
syn_aggregate_01420,18,2.0,0,0,0,0,0,0,0,0,0,0,0,0,0,0,0,0,0,0,0,0,0,1,0,0,0,0,0,0,0,2,3,2,2,2,2,2,2,1,2,1,1,1,1,1,1,0,0,1,2,0,0,0,0,0,1,0,0,0,0,0,1,0,0,1,0,0,0,0,0
syn_aggregate_01421,20,1.0,2,2,1,2,1,1,1,0,0,0,0,0,0,0,0,0,0,0,3,1,1,1,1,0,0,0,0,0,0,0,0,0,0,0,0,0,2,0,0,4,4,3,4,3,3,3,3,4,3,1,1,0,1,0,1,1,0,0,0,1,3,2,1,3,1,1,2,1,1
syn_aggregate_01422,21,2.0,3,3,2,2,1,2,1,0,0,1,1,1,0,1,1,1,1,2,2,2,2,2,1,1,2,2,1,2,1,4,4,4,4,4,3,3,3,3,3,4,4,4,4,4,3,3,4,4,4,1,1,1,0,1,2,1,1,1,1,3,4,4,3,4,4,4,4,4,3
syn_aggregate_01423,50,2.0,3,3,2,3,2,2,1,1,1,1,1,1,0,0,0,0,0,1,0,2,3,2,2,1,3,2,2,1,1,2,2,2,2,2,1,2,2,2,2,4,4,4,4,3,4,4,3,3,2,0,0,0,0,0,0,0,0,0,0,1,3,3,1,3,2,2,3,3,3
syn_aggregate_01424,20,2.0,3,3,2,3,2,3,2,0,0,0,1,0,0,1,0,0,0,0,0,4,4,4,4,3,4,4,4,4,3,1,2,2,1,1,1,1,1,1,1,3,3,2,3,2,3,2,2,2,1,1,1,1,1,1,1,1,1,1,0,0,1,1,0,1,0,0,1,1,0
syn_aggregate_01425,18,1.0,1,0,0,0,0,0,0,0,0,0,0,0,0,0,0,0,0,0,0,1,1,1,1,0,1,1,0,1,0,3,3,3,3,3,3,3,3,2,2,2,2,2,2,2,2,2,1,2,2,0,1,0,0,0,0,0,0,0,0,0,1,0,0,0,0,0,0,0,0
syn_aggregate_01426,22,2.0,3,3,3,3,2,3,2,2,3,0,1,1,0,0,1,0,1,1,1,1,1,0,1,0,1,1,0,0,0,2,3,3,3,2,2,2,3,2,3,3,3,2,3,2,2,2,2,1,2,1,1,1,0,1,1,1,0,0,1,3,4,4,3,4,2,2,3,3,2
syn_aggregate_01427,20,2.0,2,1,0,0,0,0,0,0,0,1,1,1,0,0,0,0,0,0,0,4,4,4,4,4,3,4,3,4,3,1,1,1,1,1,1,1,1,1,1,4,4,4,4,3,4,4,3,3,3,0,0,0,0,0,0,0,0,4,0,0,0,0,0,0,0,0,0,0,4
syn_aggregate_01428,21,2.0,3,3,2,3,1,1,1,1,0,2,2,1,1,1,1,1,1,1,0,2,2,1,2,1,2,1,1,1,2,4,4,4,4,4,4,4,3,4,2,4,4,4,4,4,4,4,4,4,4,1,1,1,1,1,1,1,1,1,0,3,4,4,3,4,4,4,4,4,4
syn_aggregate_01429,20,2.0,0,1,0,0,0,0,0,0,0,0,0,0,0,0,0,0,0,0,1,2,3,2,2,2,3,2,2,2,1,0,1,1,1,1,1,1,1,1,0,0,0,0,1,0,0,0,0,0,0,0,0,0,0,0,0,0,0,0,0,0,0,0,0,0,0,0,0,0,0
syn_aggregate_01430,46,2.0,3,3,3,3,3,3,3,3,1,0,0,0,0,0,0,0,0,0,0,3,3,3,3,2,2,2,2,2,1,4,4,4,4,4,4,4,4,4,4,4,4,4,4,4,3,3,3,4,4,1,1,0,1,1,1,0,1,0,0,4,4,4,4,4,3,4,3,4,4
syn_aggregate_01431,18,2.0,1,2,1,2,1,0,1,0,0,0,0,1,0,1,0,0,0,0,0,3,3,3,3,3,4,4,3,4,3,0,1,1,0,1,0,1,1,0,0,1,0,0,0,0,0,0,0,0,1,0,0,0,0,0,0,0,0,1,1,2,3,3,2,3,2,2,3,2,3
syn_aggregate_01432,27,1.0,3,3,2,2,1,2,1,0,1,1,2,2,1,2,1,0,2,1,2,4,4,4,4,4,4,4,4,4,4,3,4,4,3,3,4,3,3,3,2,4,4,4,4,4,4,4,4,4,4,1,1,1,0,1,1,1,0,1,1,2,4,3,2,4,3,3,3,3,3
syn_aggregate_01433,33,2.0,0,0,0,0,0,0,0,0,0,0,0,0,0,0,0,0,0,0,4,1,2,1,2,1,2,1,1,0,1,0,1,1,1,1,1,1,1,0,1,1,1,1,1,1,1,0,0,0,0,0,0,0,0,0,0,0,0,0,0,0,0,0,0,0,0,0,1,0,0
syn_aggregate_01434,19,2.0,2,2,1,2,1,1,1,0,0,0,0,0,0,0,0,0,0,0,1,0,0,0,0,0,0,0,0,0,0,1,2,2,1,1,2,1,1,2,1,1,1,0,1,0,0,1,0,1,0,0,0,0,0,0,0,0,0,0,2,0,0,0,0,0,0,0,0,0,0
syn_aggregate_01435,19,1.0,3,3,2,3,2,3,1,1,1,1,1,1,0,1,1,0,1,1,2,4,4,4,4,4,4,4,4,4,2,3,3,4,3,3,3,3,3,3,2,4,4,4,4,3,3,4,3,4,3,1,1,1,1,0,1,1,1,1,1,2,4,4,3,4,4,4,4,4,4
syn_aggregate_01436,19,2.0,3,3,3,3,3,3,3,1,2,1,1,1,0,1,1,1,0,1,0,4,4,4,4,3,4,4,3,3,3,2,3,3,2,2,2,3,2,2,2,3,3,3,3,2,2,2,2,3,1,0,0,0,0,0,0,0,4,0,0,3,4,3,2,3,2,3,2,2,2
syn_aggregate_01437,22,2.0,3,3,3,3,3,3,3,2,3,1,1,1,0,1,1,1,0,1,1,4,4,3,4,3,4,3,4,3,4,4,4,4,4,4,4,4,4,3,4,4,4,4,4,4,4,4,4,4,4,1,1,0,1,0,0,1,1,0,1,4,4,4,4,4,4,4,4,4,4
syn_aggregate_01438,33,2.0,3,3,3,3,2,2,2,2,0,1,2,1,1,1,1,1,1,1,1,3,3,3,3,3,3,3,2,2,3,1,1,1,1,1,1,1,1,0,0,4,4,4,4,4,4,4,4,4,4,1,2,1,0,1,2,1,0,1,1,3,4,4,3,4,4,3,4,4,2
syn_aggregate_01439,20,2.0,2,2,1,1,1,1,1,0,0,0,0,0,0,0,0,0,1,0,0,3,3,3,3,2,3,3,2,3,3,0,0,0,0,0,0,0,0,0,3,1,0,0,1,0,0,0,0,0,0,0,0,0,0,0,1,0,0,0,0,0,1,1,0,1,0,0,0,1,0
syn_aggregate_01440,34,2.0,0,1,0,0,0,0,0,0,0,0,0,0,0,0,0,0,0,0,0,1,1,1,1,0,1,0,0,0,0,0,0,0,0,0,0,0,0,0,0,2,2,2,2,2,1,1,1,2,2,0,0,0,0,0,0,0,0,0,0,0,1,1,0,1,1,0,1,1,1
syn_aggregate_01441,27,2.0,3,3,1,2,1,2,1,0,0,1,1,1,0,1,0,0,1,0,0,1,2,2,1,1,1,1,2,1,2,1,2,1,1,2,1,1,1,1,0,1,1,0,1,0,1,0,0,1,1,0,2,0,0,0,0,0,0,0,0,1,2,2,1,2,2,2,2,2,1
syn_aggregate_01442,18,2.0,3,3,3,3,2,3,2,2,1,0,0,0,0,1,0,0,0,0,0,1,1,0,1,1,1,1,1,0,1,1,1,1,1,1,0,1,1,1,0,0,0,0,0,0,0,0,0,2,0,0,0,0,0,0,1,1,0,0,0,1,3,3,2,3,3,2,3,3,2
syn_aggregate_01443,22,2.0,3,3,2,3,2,2,2,1,0,0,0,0,0,0,0,0,0,0,4,3,3,3,3,2,3,3,3,3,4,2,3,3,2,2,2,2,2,2,2,4,4,4,4,3,4,3,4,4,2,0,0,0,0,0,0,0,0,0,0,2,4,3,2,4,3,2,3,3,2
syn_aggregate_01444,20,1.0,3,3,3,3,3,3,3,2,3,1,2,2,1,2,1,0,1,1,3,3,3,3,3,3,3,3,2,3,2,3,3,3,3,3,3,3,3,3,2,2,2,2,3,2,1,2,2,2,2,2,2,2,2,1,2,2,1,1,1,1,4,4,1,4,3,3,4,4,3
syn_aggregate_01445,20,2.0,3,3,2,3,1,3,1,0,0,1,2,1,0,2,1,1,1,1,0,4,4,4,4,3,4,3,3,3,2,4,4,4,4,4,4,4,4,3,3,3,3,2,3,2,2,2,1,2,1,0,0,0,0,0,0,0,0,0,3,3,4,4,3,4,3,3,4,3,3
syn_aggregate_01446,22,2.0,3,3,2,3,1,2,0,0,0,0,0,0,0,0,0,0,0,0,3,1,1,1,1,0,1,0,1,1,0,0,1,1,0,1,0,1,1,1,0,3,3,3,3,3,3,2,2,3,2,0,0,0,0,0,0,0,0,0,0,0,0,0,0,0,0,0,1,0,0
syn_aggregate_01447,19,2.0,2,2,1,2,0,0,0,0,0,0,1,0,0,0,1,0,0,0,0,1,2,1,2,1,2,1,1,1,1,1,2,2,1,1,1,1,1,1,0,2,0,0,0,0,0,0,0,0,0,0,0,0,0,0,0,1,0,0,0,0,0,0,0,0,0,0,0,4,0
syn_aggregate_01448,22,1.0,3,3,3,3,3,3,3,3,3,3,4,4,3,4,4,2,3,3,4,4,4,4,4,3,4,4,4,3,4,4,4,4,4,4,4,4,4,4,4,4,4,4,4,4,4,4,4,4,4,1,1,1,1,1,1,2,1,1,1,4,4,4,4,4,4,4,4,4,4
syn_aggregate_01449,21,2.0,3,3,3,3,3,3,1,1,1,0,1,0,0,0,0,0,0,0,1,0,1,0,0,0,0,0,0,0,0,2,3,3,3,3,2,3,2,2,3,4,4,4,4,4,4,3,4,3,4,1,1,1,0,0,1,1,0,0,1,2,3,3,2,3,2,2,2,2,2
syn_aggregate_01450,22,2.0,1,1,1,1,1,0,0,0,0,0,0,0,0,0,0,0,0,0,2,1,1,0,1,1,1,1,1,0,1,4,4,4,4,4,4,4,4,3,3,4,4,4,4,3,3,3,4,3,4,1,2,1,1,1,2,1,1,1,2,2,3,3,2,3,2,2,3,3,3
syn_aggregate_01451,44,1.0,3,3,2,3,1,1,1,0,1,1,1,1,0,1,0,0,1,0,0,4,4,4,3,3,4,4,3,4,2,4,4,4,4,4,4,3,4,4,4,3,3,3,3,2,2,2,2,2,1,1,2,1,1,1,2,1,1,1,3,0,2,2,0,2,1,1,2,1,1
syn_aggregate_01452,20,2.0,3,3,2,2,1,1,1,0,1,0,0,0,0,0,0,0,0,0,4,3,3,2,3,2,3,2,2,2,2,4,4,4,4,4,4,3,4,3,2,4,4,4,4,3,3,4,3,3,3,2,2,2,2,1,2,2,2,2,2,3,4,4,3,4,3,4,3,4,2
syn_aggregate_01453,19,2.0,1,1,1,1,1,0,0,0,0,1,1,1,0,1,1,0,1,1,1,0,1,0,1,1,1,0,1,0,0,0,1,1,0,1,0,1,1,1,0,1,0,0,0,0,0,0,0,0,2,0,0,0,0,0,0,0,0,0,0,0,2,1,0,1,0,1,1,1,3
syn_aggregate_01454,21,2.0,2,2,1,2,1,1,0,0,0,0,0,0,0,0,0,0,0,0,0,0,0,0,0,0,0,0,0,0,0,0,0,1,0,0,0,1,0,1,0,1,0,0,1,1,0,0,0,0,0,0,1,0,0,0,0,0,0,0,0,0,2,2,0,2,1,1,1,1,0
syn_aggregate_01455,18,2.0,2,3,1,2,1,1,0,0,0,0,0,0,0,1,0,0,0,1,1,0,0,0,0,0,0,1,0,0,0,0,0,0,0,0,0,0,0,2,0,0,0,0,0,0,0,0,0,0,0,0,0,0,0,0,0,0,0,0,0,0,1,0,0,0,0,0,0,0,0
syn_aggregate_01456,19,2.0,1,1,1,1,0,0,0,0,0,0,0,0,0,0,0,0,0,1,0,0,0,0,0,0,0,0,0,0,2,0,1,0,0,0,0,1,0,0,0,2,1,1,2,1,1,1,1,1,1,0,0,0,0,0,0,0,0,0,0,0,1,0,0,0,0,0,1,0,0
syn_aggregate_01457,49,2.0,3,3,3,3,3,2,2,2,2,0,0,0,0,0,0,1,0,0,1,3,3,3,3,3,2,3,3,2,3,4,4,4,4,4,4,4,4,4,4,3,3,3,3,3,3,3,3,2,3,0,0,0,0,0,0,0,0,3,0,3,4,4,3,4,4,4,4,4,1
syn_aggregate_01458,19,2.0,3,3,2,3,2,2,1,1,1,1,1,0,0,0,0,0,0,0,0,2,2,1,2,1,2,1,2,1,3,2,2,2,2,2,2,2,1,2,2,4,4,4,4,4,4,3,4,4,4,0,1,0,0,0,1,0,0,0,0,2,4,4,2,3,3,3,4,3,3
syn_aggregate_01459,19,1.0,2,3,2,3,2,0,0,0,2,1,1,1,0,1,0,0,1,1,0,4,4,4,4,3,4,4,3,3,1,3,4,4,4,3,4,4,3,3,3,4,4,4,4,3,4,4,4,3,3,0,0,1,0,0,0,0,0,0,0,0,2,1,0,1,0,0,1,0,0
syn_aggregate_01460,19,2.0,1,0,0,0,0,0,0,0,0,0,0,0,0,0,0,0,0,0,0,0,0,0,0,0,0,0,0,0,0,0,0,0,0,0,0,0,0,1,0,0,0,0,0,0,0,0,0,0,0,0,1,0,0,0,0,0,0,0,0,0,2,2,0,2,0,0,1,1,0
syn_aggregate_01461,20,2.0,3,3,2,3,2,3,3,2,1,0,0,0,0,0,1,3,0,0,0,3,3,3,3,3,3,3,3,2,2,3,3,3,3,3,3,2,3,3,2,4,4,4,4,4,4,4,4,3,4,2,2,2,1,1,1,2,1,1,2,3,4,4,3,4,3,3,4,3,4
syn_aggregate_01462,20,1.0,0,0,1,0,0,0,0,0,0,0,0,0,0,0,0,0,0,0,0,1,2,1,1,1,1,1,1,1,2,3,4,4,4,3,4,4,4,3,2,0,1,0,0,0,0,0,0,0,0,0,0,0,0,0,0,0,0,0,0,0,0,0,0,0,0,0,0,0,1
syn_aggregate_01463,19,1.0,3,3,3,3,3,3,3,3,1,0,1,0,0,0,0,0,0,0,2,3,4,4,4,3,3,3,3,3,2,2,3,2,2,2,2,2,1,1,3,4,4,4,4,3,4,3,3,4,2,0,0,0,0,0,0,0,0,0,1,3,4,4,3,4,4,4,4,4,4
syn_aggregate_01464,20,1.0,2,3,2,2,1,2,1,0,0,0,1,1,0,0,0,0,0,1,0,4,4,3,3,4,3,4,3,3,2,4,4,4,4,4,4,3,4,4,4,4,4,4,4,4,4,4,3,3,3,0,0,0,0,0,0,0,0,0,0,1,4,3,1,3,2,2,3,2,3
syn_aggregate_01465,35,2.0,3,3,2,3,2,3,2,1,2,2,2,2,1,2,1,1,1,1,2,3,3,3,4,4,4,4,3,4,0,4,4,4,4,4,4,4,4,4,4,4,4,4,4,4,3,4,4,4,3,0,1,0,0,1,0,0,0,0,0,2,3,3,2,3,2,2,3,2,3
syn_aggregate_01466,18,1.0,0,0,0,0,0,0,0,0,0,0,1,0,0,0,0,0,0,0,0,2,2,2,3,2,3,2,1,1,2,2,3,2,2,2,2,3,2,2,0,1,1,1,1,1,1,0,0,0,0,0,0,0,0,0,0,0,0,0,3,0,1,1,0,1,0,0,2,1,1
syn_aggregate_01467,19,2.0,1,1,1,1,1,1,0,0,0,0,0,0,0,0,0,0,0,0,0,2,2,2,2,1,2,1,1,1,2,0,1,1,1,1,1,1,1,1,1,0,1,0,0,0,0,0,0,0,0,0,0,0,0,0,0,0,0,0,0,1,3,2,2,3,2,2,2,2,1
syn_aggregate_01468,20,2.0,3,3,3,3,2,3,3,2,1,0,1,0,0,0,0,0,1,0,0,2,2,1,2,1,1,1,1,1,1,2,2,2,2,2,2,2,1,2,2,0,0,0,0,0,0,0,0,0,2,0,0,0,0,0,1,1,0,0,0,0,0,0,0,0,0,0,0,0,0
syn_aggregate_01469,21,2.0,3,3,3,3,3,3,3,3,3,1,2,2,1,1,1,1,1,0,0,4,4,4,4,4,4,4,4,4,4,4,4,4,4,4,4,4,4,4,3,4,4,4,4,4,4,4,4,4,4,4,4,4,4,3,4,4,3,3,4,4,4,4,4,4,4,4,4,3,4
syn_aggregate_01470,18,2.0,3,3,2,2,1,1,0,0,0,1,1,1,0,0,1,0,1,0,0,1,1,0,1,1,0,0,0,0,2,0,0,0,0,0,0,0,0,2,0,2,1,1,2,1,1,0,1,1,0,1,2,1,0,0,0,0,1,0,1,1,3,2,1,2,1,1,2,2,1
syn_aggregate_01471,25,2.0,3,3,3,3,3,3,3,2,3,0,0,0,0,0,1,1,0,0,0,1,1,2,1,1,2,1,0,0,1,2,3,2,3,2,2,2,2,2,1,3,3,3,3,2,3,2,2,2,3,0,0,0,0,0,0,0,0,3,0,1,3,2,1,2,2,1,3,3,2
syn_aggregate_01472,18,1.0,3,3,2,3,1,2,0,0,0,1,2,2,1,1,1,0,1,0,0,1,2,1,1,2,2,1,1,1,1,4,4,4,4,4,4,4,3,3,2,1,1,0,1,0,0,0,1,0,0,0,0,0,0,0,0,0,0,0,3,2,4,3,2,4,2,2,3,3,3
syn_aggregate_01473,19,2.0,1,1,1,1,0,0,1,0,0,0,0,0,0,0,0,0,0,0,1,0,0,0,0,0,0,0,0,0,0,0,0,0,0,0,0,0,0,0,0,0,0,0,0,0,0,0,0,0,0,0,0,0,0,0,0,0,0,0,0,0,1,1,0,1,0,1,1,1,0
syn_aggregate_01474,19,1.0,0,1,0,0,0,0,0,0,0,0,2,0,0,0,0,0,0,0,0,0,0,0,0,0,0,0,0,0,4,0,0,0,0,0,0,0,0,0,0,1,1,1,1,1,0,0,0,0,0,0,0,0,0,0,0,0,0,0,0,0,1,1,0,1,0,0,1,0,0
syn_aggregate_01475,35,2.0,0,0,1,2,0,0,1,0,0,0,0,0,0,0,0,0,0,0,0,1,1,1,1,0,1,0,0,0,1,0,2,1,0,1,0,1,1,1,1,0,0,0,0,0,0,0,0,0,0,0,0,0,0,0,0,0,0,0,0,0,2,2,0,2,1,1,2,1,0
syn_aggregate_01476,19,1.0,3,3,3,3,2,3,3,2,3,0,0,0,0,0,2,0,0,0,0,2,2,2,2,2,2,2,2,2,2,3,4,4,4,3,3,3,3,3,2,1,1,0,0,0,0,0,0,0,0,0,0,0,0,0,0,0,0,2,0,0,2,2,0,2,1,1,2,1,1
syn_aggregate_01477,22,2.0,3,3,3,3,2,2,1,0,1,1,2,1,1,1,1,1,2,1,1,0,0,0,0,0,1,0,0,0,0,3,4,4,3,4,4,4,3,3,2,3,3,3,4,3,3,2,2,2,3,0,0,0,0,0,0,0,0,3,0,0,0,0,0,2,0,0,0,0,0
syn_aggregate_01478,42,2.0,1,1,1,1,1,0,0,0,0,0,0,0,0,0,0,0,0,0,4,0,1,0,0,0,0,0,0,0,0,0,0,0,0,0,0,0,0,0,0,3,3,3,3,3,2,2,3,2,2,1,1,0,0,0,1,1,0,0,1,1,2,2,1,2,2,1,2,2,2
syn_aggregate_01479,44,2.0,3,3,2,3,1,2,1,0,1,0,0,1,0,0,0,0,0,0,0,1,1,0,1,0,1,0,0,0,0,2,3,3,3,3,2,2,2,2,2,1,1,0,1,1,0,0,0,0,0,0,0,0,0,0,0,0,0,0,3,0,1,1,0,1,0,1,1,1,0
syn_aggregate_01480,20,2.0,3,3,1,3,1,1,0,0,0,0,0,0,0,0,0,0,0,4,0,0,0,0,0,0,0,0,0,0,1,2,2,2,2,2,2,2,2,2,2,3,3,3,3,3,2,2,2,2,2,2,2,2,2,1,2,2,2,1,2,0,1,1,0,1,0,0,1,1,0
syn_aggregate_01481,20,2.0,1,2,1,1,1,0,0,0,0,1,1,1,0,0,0,0,0,1,0,0,0,0,0,0,0,0,0,0,2,3,4,4,4,4,4,4,4,4,3,1,1,0,1,0,1,0,0,0,0,0,0,0,0,0,2,0,0,0,0,2,3,2,1,2,2,2,2,2,1
syn_aggregate_01482,36,2.0,1,1,1,1,1,1,1,0,1,0,0,0,0,0,0,0,0,0,4,4,4,3,4,3,4,4,2,4,3,2,2,2,2,2,1,2,2,2,2,2,2,2,2,1,1,1,1,1,1,0,0,0,0,0,0,0,1,1,0,2,4,4,3,4,3,3,3,3,3
syn_aggregate_01483,18,1.0,3,3,3,3,2,3,3,2,1,1,1,1,0,1,1,0,1,1,1,4,4,4,4,4,4,3,3,3,4,4,4,4,4,4,4,4,4,3,3,3,3,3,4,3,2,2,3,3,2,0,0,0,0,0,0,0,0,0,1,3,4,4,4,4,4,4,4,4,4
syn_aggregate_01484,30,1.0,3,3,2,2,1,1,1,0,1,0,0,0,1,0,0,0,0,0,0,3,3,3,3,3,3,3,3,3,3,1,1,1,0,1,0,1,1,0,0,2,2,1,2,1,1,1,1,1,1,0,0,0,0,0,0,0,0,0,1,1,0,0,0,0,0,0,0,0,0
syn_aggregate_01485,23,1.0,3,3,2,3,2,3,1,1,1,0,0,0,0,0,0,0,0,2,0,4,4,4,4,3,4,3,3,3,3,1,3,3,2,2,2,2,3,2,1,3,3,2,3,2,2,2,2,2,2,0,0,0,0,0,1,1,0,0,0,3,4,4,3,4,4,4,4,4,3
syn_aggregate_01486,20,2.0,3,3,3,3,3,3,2,2,3,1,1,1,1,1,0,1,1,1,1,4,4,4,4,4,4,4,4,3,2,3,4,4,4,3,3,3,3,2,3,4,4,4,4,4,3,4,4,3,4,1,1,1,0,1,1,0,0,1,0,3,4,4,3,4,3,3,4,3,3
syn_aggregate_01487,21,1.0,1,1,0,1,1,0,0,0,0,0,1,0,0,0,0,0,0,0,0,2,2,1,2,1,1,1,2,1,1,3,3,3,3,3,3,3,3,2,3,4,4,4,4,3,4,4,4,4,4,0,0,0,0,1,0,0,0,0,1,1,3,3,1,2,2,2,3,2,2
syn_aggregate_01488,18,2.0,3,3,2,3,2,3,2,0,0,1,1,1,0,1,1,0,1,1,0,1,2,1,1,1,2,1,1,1,2,3,4,4,4,4,4,4,4,3,3,3,3,2,3,2,3,2,2,2,2,1,1,1,1,1,1,1,1,1,1,2,4,4,2,4,3,3,4,3,3
syn_aggregate_01489,19,2.0,3,3,3,3,3,3,2,1,1,1,1,1,1,1,1,1,1,1,1,4,4,3,3,3,2,2,2,2,0,0,1,1,0,1,0,1,0,0,0,1,0,0,1,0,0,0,0,0,0,0,1,0,0,0,0,0,1,0,1,3,4,4,3,4,3,3,4,3,2
syn_aggregate_01490,20,1.0,3,3,3,3,2,3,3,2,0,0,0,0,0,0,0,0,0,0,3,1,1,0,0,0,0,0,0,1,0,2,3,3,3,3,2,3,2,2,2,2,1,1,2,1,1,1,1,1,1,0,1,0,1,1,0,0,0,0,0,4,4,4,4,4,4,4,4,4,3
syn_aggregate_01491,22,2.0,2,2,2,2,1,1,1,0,0,0,0,2,0,0,0,0,0,0,0,4,4,4,4,3,4,4,3,4,3,3,4,3,3,3,2,2,2,3,2,4,4,4,4,4,3,3,3,3,2,2,2,2,1,1,2,2,1,1,2,0,2,1,0,1,0,0,1,1,1
syn_aggregate_01492,22,1.0,2,2,2,2,1,2,1,1,0,0,0,0,0,0,0,0,0,0,0,3,4,3,4,3,4,3,3,3,2,1,1,1,1,1,0,0,0,0,0,1,1,1,1,0,0,0,0,0,1,0,0,1,0,0,0,0,0,0,1,0,2,2,1,2,0,0,2,2,0
syn_aggregate_01493,20,2.0,3,3,3,3,3,3,3,2,3,2,3,2,2,2,1,1,2,2,2,4,4,4,4,4,4,3,4,4,3,4,4,4,4,4,3,3,4,4,3,4,4,4,4,4,4,4,4,4,4,2,2,2,2,2,2,2,2,2,3,3,4,4,3,4,4,4,4,4,4
syn_aggregate_01494,21,2.0,2,3,3,3,2,2,2,1,0,0,0,0,0,0,0,0,0,0,0,3,3,3,3,2,3,3,3,2,3,0,0,0,0,0,0,0,0,0,0,2,2,2,2,1,2,1,1,2,2,0,0,0,0,0,0,0,0,1,0,0,2,2,0,2,1,1,1,1,0
syn_aggregate_01495,44,1.0,2,2,1,2,1,1,1,0,0,0,0,0,0,0,0,0,2,0,0,0,0,0,0,0,0,0,0,0,0,4,4,4,4,4,4,4,3,3,3,0,0,0,0,0,0,0,0,0,0,1,1,1,1,1,1,1,1,2,1,0,0,0,0,0,0,0,0,0,2
syn_aggregate_01496,43,2.0,3,3,2,3,2,2,2,0,0,0,0,0,0,1,0,0,0,0,0,4,4,4,4,3,4,4,3,3,3,3,4,4,3,3,3,4,3,3,2,1,1,1,1,0,0,0,0,0,0,0,1,1,0,1,1,1,0,0,1,1,3,3,1,3,2,2,2,2,1
syn_aggregate_01497,45,2.0,2,3,2,2,1,1,0,0,1,0,0,0,0,0,1,0,0,1,1,4,4,4,4,3,4,4,3,4,3,3,3,3,3,2,3,3,2,2,2,3,2,2,3,2,2,2,2,2,1,1,1,0,1,0,1,0,0,0,2,4,4,4,4,4,4,3,4,4,3
syn_aggregate_01498,22,2.0,1,1,1,1,0,0,0,0,0,0,0,0,0,0,0,0,0,0,0,0,0,0,0,0,0,0,0,0,0,0,1,1,0,0,0,1,0,0,0,0,1,0,0,1,0,0,2,0,0,0,0,0,0,0,0,0,0,0,0,0,1,0,0,1,0,0,0,0,0
syn_aggregate_01499,19,2.0,3,3,2,3,2,2,2,1,0,0,0,0,0,0,0,0,0,1,1,3,3,2,3,2,4,3,2,2,2,2,3,3,2,2,1,2,2,1,1,2,1,1,1,1,1,0,0,0,0,0,0,0,0,0,0,0,0,1,0,0,2,2,0,2,1,1,2,2,2
syn_aggregate_01500,19,2.0,1,0,0,0,0,0,0,0,0,0,3,0,0,0,0,0,0,0,0,4,4,4,4,3,3,3,3,3,1,1,2,1,1,1,1,2,2,1,1,0,0,0,0,0,0,0,0,0,1,0,0,0,0,0,0,0,0,0,4,0,1,1,0,0,0,0,0,0,0
syn_aggregate_01501,22,1.0,0,2,0,0,0,0,0,0,0,0,0,0,0,0,0,0,0,0,3,3,3,3,3,3,3,3,3,2,2,0,0,0,0,0,0,0,2,0,0,3,2,3,2,3,2,2,3,2,2,2,1,1,0,1,1,0,1,1,1,0,0,1,0,1,0,0,0,0,0
syn_aggregate_01502,21,2.0,0,1,0,0,0,0,0,0,0,0,1,0,0,0,0,0,0,0,0,1,1,1,0,1,1,1,0,1,1,1,2,2,1,1,1,2,1,1,1,1,1,1,1,1,1,1,0,1,1,1,1,1,1,1,1,1,0,1,1,0,0,0,0,0,0,0,0,0,2
syn_aggregate_01503,18,2.0,3,3,2,3,2,2,1,1,0,0,1,0,0,0,0,0,0,0,2,4,4,4,4,3,4,4,3,3,4,4,4,4,3,3,4,4,3,4,2,4,4,4,4,3,4,3,3,3,4,0,0,0,0,0,0,0,0,4,0,4,4,4,4,4,4,4,4,4,3
syn_aggregate_01504,28,2.0,3,3,3,3,2,3,2,0,0,1,1,1,1,0,1,1,1,1,0,4,4,4,4,4,3,3,3,3,3,4,4,4,4,4,3,4,4,3,2,4,4,4,4,4,3,4,3,4,4,1,2,1,1,1,2,1,2,1,1,3,4,4,2,4,2,3,3,3,2
syn_aggregate_01505,18,1.0,3,3,2,2,2,2,1,0,0,0,0,0,0,0,2,0,0,0,0,0,0,0,0,0,0,0,0,3,0,1,2,2,1,1,2,2,1,1,2,2,2,1,2,1,1,0,0,1,1,0,0,0,0,0,1,0,0,0,0,1,3,3,1,2,2,1,2,2,2
syn_aggregate_01506,20,2.0,2,2,1,2,0,1,1,0,1,0,0,0,0,0,0,0,0,1,0,0,0,0,0,0,0,0,0,0,0,2,4,4,3,3,3,3,3,4,1,0,0,0,2,0,0,0,0,0,0,0,0,0,0,0,0,0,0,0,0,0,0,0,0,0,0,0,0,0,0
syn_aggregate_01507,45,2.0,3,3,3,3,2,3,2,2,2,0,1,0,0,0,0,0,0,0,0,2,2,1,2,1,2,1,2,1,1,4,4,4,4,4,4,4,4,3,4,4,4,4,4,4,4,4,4,3,3,0,0,0,0,0,0,0,1,1,1,3,4,4,3,4,4,4,4,4,3
syn_aggregate_01508,19,2.0,1,2,1,1,0,0,1,0,0,0,0,0,0,0,0,0,0,0,0,0,0,0,0,0,0,0,0,0,0,0,1,1,0,0,1,1,1,1,0,1,1,1,1,1,0,0,1,0,1,0,0,0,0,0,0,0,0,0,1,0,1,1,0,1,1,0,1,1,1
syn_aggregate_01509,19,2.0,1,1,0,0,0,0,0,0,0,0,0,0,0,0,0,0,0,0,0,2,2,1,2,1,2,1,0,1,2,0,0,0,0,0,0,2,0,0,0,2,1,1,2,1,1,0,0,0,0,0,0,0,0,0,0,0,0,0,4,0,1,1,0,0,0,0,0,0,0
syn_aggregate_01510,19,2.0,2,1,0,1,0,0,1,0,0,0,0,0,0,0,0,0,0,0,0,1,1,1,0,1,1,0,0,0,0,2,2,2,2,2,2,2,2,2,2,3,3,2,3,2,2,2,2,2,2,0,0,0,0,0,0,0,1,0,0,1,3,3,2,2,2,2,3,2,1
syn_aggregate_01511,19,2.0,3,3,3,3,2,3,2,1,0,0,0,0,0,0,0,0,0,0,2,2,2,2,2,2,2,2,2,1,2,3,3,3,3,3,2,3,3,2,1,3,2,2,3,2,2,1,2,2,2,0,0,0,0,0,0,0,0,0,2,1,3,3,1,3,2,2,3,2,4
syn_aggregate_01512,21,2.0,1,2,0,1,0,0,1,0,0,1,1,1,0,1,0,0,0,1,0,4,4,4,4,3,4,4,3,3,3,0,1,1,1,1,1,1,1,1,0,3,3,2,3,2,2,3,2,2,3,0,0,0,0,0,0,0,0,0,0,1,3,2,1,2,2,1,2,2,1
syn_aggregate_01513,18,1.0,2,2,1,2,1,1,0,0,0,0,0,1,0,0,0,0,0,0,0,3,3,2,3,2,3,2,2,1,3,0,0,0,0,0,0,0,0,2,0,1,1,0,1,0,1,0,0,1,0,0,0,0,0,0,0,0,0,0,2,1,2,2,1,2,1,1,2,2,2
syn_aggregate_01514,18,2.0,2,2,1,2,1,1,0,0,0,0,0,1,0,0,0,0,0,0,0,4,4,4,4,4,4,4,4,4,4,3,4,4,3,3,4,3,3,3,3,4,4,4,4,4,3,4,4,3,4,0,0,1,0,0,0,0,0,0,0,0,2,2,0,2,1,1,1,1,1
syn_aggregate_01515,18,1.0,1,2,1,1,1,0,1,0,0,0,0,0,0,0,0,0,0,0,0,1,1,0,1,1,1,0,1,0,1,0,2,2,1,1,1,2,2,1,2,0,0,0,0,0,0,0,0,0,0,0,0,0,0,0,0,0,0,0,2,3,4,4,3,4,3,3,4,4,3
syn_aggregate_01516,18,2.0,0,1,0,1,0,0,0,0,0,0,0,0,0,0,0,0,0,0,0,0,0,0,0,0,0,0,0,3,0,1,1,1,1,1,0,1,1,1,0,1,0,0,1,1,0,0,0,0,0,0,0,0,0,0,1,1,0,0,0,0,2,2,1,2,0,1,1,1,2
syn_aggregate_01517,18,2.0,1,1,1,1,0,0,0,0,0,0,0,0,0,0,0,0,0,0,0,0,0,0,0,0,0,0,0,1,0,0,2,1,1,1,1,1,1,0,0,1,1,0,1,0,0,0,0,0,0,0,0,0,0,0,0,0,0,0,0,0,1,0,0,0,0,0,0,2,0
syn_aggregate_01518,20,2.0,0,0,0,0,0,0,0,0,0,0,0,0,0,0,0,0,0,3,0,1,1,0,1,1,1,0,0,0,0,1,1,1,1,1,0,0,0,0,0,0,0,1,0,0,0,0,0,0,0,0,0,0,0,0,0,0,0,0,0,1,2,2,1,2,1,1,2,2,1
syn_aggregate_01519,22,1.0,3,3,2,2,2,2,1,1,2,0,0,0,0,0,0,0,0,1,2,1,1,0,1,0,0,0,0,0,0,1,2,1,1,1,1,1,2,1,2,1,1,0,1,0,1,0,1,0,0,0,0,0,0,0,0,0,0,0,3,1,3,3,1,2,2,2,2,2,3
syn_aggregate_01520,19,1.0,3,3,3,3,3,3,3,3,2,0,0,0,0,0,0,0,0,0,4,4,4,4,4,4,4,4,4,4,4,4,4,4,4,4,4,4,4,4,4,4,4,4,4,4,3,4,4,4,3,0,0,0,0,0,0,0,0,2,0,3,4,4,3,4,4,3,4,4,3
syn_aggregate_01521,18,2.0,1,2,1,1,0,1,1,1,0,0,0,1,0,0,0,0,0,0,1,4,4,4,4,3,4,4,3,3,3,4,4,4,4,4,4,4,4,3,3,4,4,4,4,4,4,3,4,3,3,0,0,0,0,0,0,0,0,3,0,0,1,1,0,1,0,0,1,1,0
syn_aggregate_01522,22,2.0,3,3,3,3,3,3,3,2,3,0,0,0,0,0,0,0,0,0,4,3,3,2,2,2,2,2,2,2,2,3,3,4,4,3,3,3,3,2,2,3,3,3,3,3,3,3,3,2,2,1,1,1,1,1,1,1,1,0,0,1,3,2,1,3,2,2,3,2,1
syn_aggregate_01523,20,1.0,0,1,0,1,0,0,0,0,0,0,1,0,0,0,0,0,0,0,0,3,3,2,2,2,2,3,2,2,1,1,1,1,0,0,0,0,0,0,0,0,0,0,0,0,0,0,0,0,0,1,1,1,1,1,2,1,1,1,1,0,0,0,0,0,0,0,0,1,0
syn_aggregate_01524,18,2.0,2,3,1,1,1,0,2,0,0,0,0,0,0,0,0,0,0,0,0,0,0,0,0,0,0,0,0,0,0,2,2,2,2,2,1,1,1,1,1,0,0,0,0,0,0,0,0,0,1,0,0,0,0,0,0,0,0,0,0,0,0,0,0,0,0,0,0,0,0
syn_aggregate_01525,19,2.0,3,3,3,3,2,2,2,2,2,0,0,0,0,0,0,0,0,0,0,4,4,4,4,4,3,4,4,4,2,4,4,4,4,4,4,4,4,3,3,1,1,1,1,1,1,0,1,1,1,0,0,1,0,0,0,0,0,1,1,2,3,3,2,3,2,2,2,2,2
syn_aggregate_01526,23,2.0,0,0,0,0,0,0,0,0,0,0,0,1,0,0,0,0,1,0,0,2,3,2,2,2,3,2,2,1,2,0,0,0,0,0,0,0,1,0,0,2,2,2,2,2,2,2,1,2,2,1,1,1,1,0,1,1,0,0,0,0,0,0,0,0,0,0,0,0,1
syn_aggregate_01527,21,2.0,0,0,1,0,0,0,0,0,0,0,0,0,0,0,0,0,0,0,0,0,0,0,0,0,0,0,0,0,0,0,0,0,0,0,0,0,1,0,0,0,0,0,0,0,0,0,0,0,0,0,0,0,0,0,0,0,0,0,0,0,1,0,0,1,0,0,0,0,0
syn_aggregate_01528,20,2.0,3,3,2,2,1,0,0,0,0,0,0,0,0,0,0,0,0,0,0,0,0,0,0,0,0,0,0,3,0,0,0,1,0,0,0,0,0,1,0,0,0,0,0,0,0,0,0,0,2,0,0,0,0,0,0,0,0,0,0,0,1,1,0,0,0,0,0,0,0
syn_aggregate_01529,43,2.0,3,3,3,3,3,3,3,2,2,2,3,2,1,2,2,1,2,2,2,4,4,4,4,4,4,4,4,3,3,4,4,4,4,4,4,4,4,4,3,3,3,2,3,2,2,2,2,2,3,0,0,0,0,0,0,0,0,0,0,3,4,4,2,3,3,3,2,2,2
syn_aggregate_01530,19,2.0,3,3,2,3,1,2,1,0,0,0,0,0,0,0,0,0,0,0,2,1,1,1,1,1,1,1,1,1,1,0,2,2,1,1,1,1,1,1,0,1,1,1,1,1,1,1,1,1,1,0,0,0,0,0,0,0,2,0,0,0,2,1,0,2,1,0,1,1,1
syn_aggregate_01531,18,2.0,2,3,2,2,1,2,1,0,0,0,0,0,0,0,0,0,0,2,0,3,3,3,3,2,3,3,3,2,3,0,1,1,0,1,1,1,1,1,0,4,4,4,4,4,4,4,4,3,3,0,0,0,0,0,0,0,0,0,3,3,4,4,3,4,3,3,3,2,2
syn_aggregate_01532,19,1.0,1,2,0,1,0,1,1,0,1,0,0,0,0,0,0,0,0,0,0,0,0,0,0,0,0,0,0,0,4,0,2,2,0,1,1,2,1,0,0,1,1,0,1,0,0,0,0,0,0,0,0,1,0,0,0,0,0,0,0,0,1,1,0,1,0,0,1,0,0
syn_aggregate_01533,19,2.0,1,1,1,1,0,0,0,0,0,0,1,0,0,0,0,0,0,0,0,2,2,2,2,1,3,2,2,2,1,0,0,0,0,0,0,0,0,0,0,4,4,4,4,4,4,4,4,4,3,0,0,0,0,0,0,0,0,0,2,3,3,3,2,3,2,2,2,3,2
syn_aggregate_01534,20,1.0,1,2,0,1,0,0,1,0,0,0,1,0,0,0,0,0,0,0,0,0,0,0,0,0,0,0,0,0,1,0,0,0,0,0,0,0,0,0,0,4,4,4,4,4,3,3,3,3,2,0,1,0,0,1,0,0,1,0,0,0,1,1,0,1,1,1,1,1,0
syn_aggregate_01535,38,2.0,1,2,1,1,1,0,0,0,0,0,0,0,0,0,0,0,0,0,4,4,4,4,4,4,3,3,3,2,2,3,4,4,3,3,4,4,2,2,1,2,2,2,2,2,2,2,2,2,2,0,0,0,0,0,0,0,0,0,0,0,2,2,0,1,1,1,2,1,1
syn_aggregate_01536,19,2.0,2,3,2,2,1,2,1,0,0,0,1,1,0,1,1,0,1,1,0,3,4,3,3,3,3,3,3,3,3,4,4,4,4,4,4,4,4,4,3,3,3,3,3,2,2,2,2,2,2,0,0,0,0,0,2,0,0,0,0,2,4,4,2,4,3,3,3,3,4
syn_aggregate_01537,19,2.0,3,3,2,3,2,3,3,0,0,2,2,2,1,1,1,1,1,1,1,4,4,4,4,3,4,4,3,3,2,1,2,2,1,1,1,1,1,1,0,3,2,2,3,1,2,2,1,2,2,1,1,1,0,0,1,0,1,0,1,1,3,2,1,3,2,2,3,2,2
syn_aggregate_01538,19,2.0,0,0,0,0,0,0,0,0,0,0,0,0,0,0,0,0,0,0,0,0,0,0,0,0,0,0,0,0,1,0,0,0,0,0,0,0,0,0,0,2,2,1,2,2,2,2,1,2,2,0,0,0,1,0,0,0,0,0,0,0,1,0,0,1,0,0,0,0,0
syn_aggregate_01539,33,2.0,3,3,2,3,2,3,2,1,0,1,1,1,0,0,0,0,0,0,0,3,3,2,3,2,3,2,2,2,2,1,2,2,1,1,1,1,1,1,1,1,1,1,2,1,1,0,0,1,0,0,0,0,0,0,0,0,0,0,0,4,4,4,4,4,4,4,4,4,3
syn_aggregate_01540,22,2.0,3,3,2,3,1,1,1,0,1,0,1,1,0,1,0,1,0,1,1,0,1,0,1,0,1,0,0,0,1,1,1,1,0,1,0,1,1,0,0,1,0,0,0,0,0,0,0,0,0,0,0,0,0,0,0,0,0,0,1,1,3,2,2,2,2,2,2,2,2
syn_aggregate_01541,21,1.0,3,3,3,3,3,3,3,3,2,2,2,2,2,2,2,2,2,2,2,4,4,4,4,4,4,3,3,3,2,0,1,0,0,0,0,0,0,0,0,4,4,4,4,3,4,4,4,3,3,2,2,2,2,2,2,2,2,1,2,4,4,4,4,4,4,4,4,4,4
syn_aggregate_01542,22,2.0,2,2,1,2,0,1,1,0,0,1,1,1,0,0,0,0,1,1,1,0,0,0,0,0,4,0,0,0,0,3,4,3,3,3,3,3,3,2,2,4,4,4,4,3,3,3,3,4,2,1,1,1,0,1,1,0,1,0,0,1,4,3,2,3,3,3,3,3,2
syn_aggregate_01543,18,1.0,3,3,3,3,3,3,3,3,0,1,1,2,1,1,1,1,0,0,0,4,4,4,4,3,4,3,4,4,3,4,4,4,4,4,4,4,4,4,4,4,4,4,4,3,3,3,4,4,4,1,1,1,1,1,1,1,1,1,1,3,4,4,3,4,4,4,4,3,3
syn_aggregate_01544,19,2.0,1,1,1,1,0,1,0,0,0,1,1,1,1,1,0,0,0,1,0,3,3,3,3,2,3,2,2,2,2,3,4,4,3,3,3,3,2,2,3,3,3,3,4,3,4,3,3,3,3,0,0,0,0,0,0,0,0,0,2,1,3,2,1,2,2,1,2,2,2
syn_aggregate_01545,38,2.0,1,1,1,1,0,0,1,0,0,0,0,0,0,0,0,0,0,0,0,1,1,1,1,1,0,0,1,1,1,3,4,4,3,3,3,3,3,3,3,1,1,1,1,1,1,1,1,1,1,0,0,0,0,0,0,0,0,0,1,3,4,3,2,4,2,2,3,3,3
syn_aggregate_01546,20,2.0,0,0,3,1,0,0,0,0,0,0,0,0,0,0,0,0,0,0,2,1,1,1,2,1,1,1,1,1,1,1,1,1,1,1,1,1,1,1,2,3,2,2,3,2,2,2,2,2,3,0,0,0,0,0,0,0,0,0,0,0,2,1,0,2,1,1,1,1,0
syn_aggregate_01547,19,1.0,0,2,0,0,0,0,0,0,0,0,1,0,0,0,0,0,0,0,0,1,0,0,0,0,0,0,1,0,0,0,1,1,1,1,0,1,1,0,0,0,0,0,0,0,0,0,0,0,0,0,0,0,0,0,0,0,0,0,0,0,1,0,0,0,0,0,0,2,0
syn_aggregate_01548,19,2.0,3,3,3,3,3,3,3,2,3,0,0,0,0,0,0,0,1,1,0,4,4,4,4,4,4,4,3,3,3,4,4,4,4,3,4,4,4,4,4,3,3,3,3,2,3,2,2,2,1,0,0,0,0,0,0,0,2,0,0,4,4,4,4,4,4,4,4,4,4
syn_aggregate_01549,22,2.0,2,2,2,2,2,1,1,0,1,2,2,2,2,2,1,1,2,2,2,1,1,0,1,0,0,1,1,1,0,2,3,2,2,2,2,2,3,2,2,4,3,4,4,3,3,3,3,4,1,0,0,0,0,0,0,0,0,0,4,1,3,2,1,2,2,2,2,2,2
syn_aggregate_01550,30,2.0,3,3,3,3,3,3,3,2,3,0,0,0,0,0,0,0,0,0,0,2,2,2,1,1,2,1,1,1,2,3,4,4,3,4,4,4,3,3,2,3,3,3,4,3,3,2,2,3,2,0,0,0,0,0,0,0,0,0,2,1,2,2,1,2,1,1,2,2,1
syn_aggregate_01551,34,2.0,3,3,3,3,3,3,3,2,2,0,0,0,0,0,0,0,0,1,0,1,2,1,1,1,2,1,1,1,1,4,4,4,3,4,4,4,3,3,2,3,3,3,2,2,2,2,2,2,3,2,2,2,1,1,2,2,1,1,2,1,4,4,2,4,3,3,4,2,1
syn_aggregate_01552,19,2.0,1,2,1,2,1,0,0,0,0,1,2,1,1,1,1,0,2,2,1,0,1,0,0,1,0,0,1,0,1,2,3,3,3,3,2,3,3,2,2,1,1,1,1,1,0,1,0,0,0,0,0,0,2,0,0,0,0,0,0,2,4,3,2,3,2,2,3,2,3
syn_aggregate_01553,22,2.0,3,3,2,2,2,2,0,0,0,0,0,0,0,0,0,0,0,0,0,1,2,1,1,1,2,1,2,1,2,3,3,3,3,2,3,3,3,2,3,3,3,3,4,3,3,3,3,3,2,1,1,1,0,1,1,0,1,0,1,4,4,4,4,4,4,3,4,4,4
syn_aggregate_01554,18,2.0,3,3,2,3,2,2,2,0,0,1,1,0,0,1,1,0,1,1,0,2,3,2,3,2,2,2,3,2,2,2,3,3,2,2,2,2,2,2,1,3,4,4,4,3,3,3,3,2,1,0,0,1,0,0,0,1,0,0,0,2,3,3,2,3,2,2,3,3,3
syn_aggregate_01555,25,2.0,3,3,3,3,3,3,3,2,2,0,2,1,0,1,1,0,1,1,0,1,1,1,1,1,1,1,1,1,1,4,4,4,3,4,4,4,4,3,4,3,3,3,3,3,2,2,3,2,2,1,1,1,1,1,1,2,1,1,1,3,4,4,3,4,3,3,4,3,3
syn_aggregate_01556,20,2.0,1,2,0,0,1,0,0,0,0,0,0,0,0,0,0,0,0,2,0,3,3,3,3,2,2,2,2,3,3,0,0,1,0,0,0,0,0,0,0,3,3,2,3,3,3,2,2,2,2,1,1,1,0,0,1,1,0,0,0,1,3,3,2,3,2,1,3,2,2
syn_aggregate_01557,20,2.0,3,3,3,3,2,3,3,2,0,0,1,1,0,1,0,1,0,0,0,4,4,4,4,4,4,3,4,4,3,3,4,4,4,4,4,4,4,4,3,4,4,4,3,3,3,3,3,3,1,0,1,0,0,0,1,0,0,0,0,4,4,4,4,4,4,4,4,4,4
syn_aggregate_01558,18,2.0,0,0,0,0,0,0,0,0,0,0,1,1,1,1,1,1,1,0,0,2,3,2,2,2,3,2,1,2,3,1,1,1,1,1,0,1,1,1,1,3,3,3,3,3,2,3,2,3,2,1,1,1,0,0,1,0,0,0,1,1,3,3,1,3,2,2,3,2,3
syn_aggregate_01559,20,1.0,1,0,0,1,0,0,1,0,0,0,1,0,0,1,0,0,0,1,1,4,4,4,4,4,3,4,4,3,3,1,1,1,1,1,1,0,1,0,0,2,2,2,2,2,1,1,1,2,2,0,0,0,1,0,0,0,0,0,0,0,1,1,0,1,0,0,0,1,0
syn_aggregate_01560,19,2.0,1,1,0,1,0,0,0,0,0,1,1,1,0,1,1,1,1,1,1,0,1,0,1,0,1,0,0,1,0,1,2,2,1,1,1,2,2,1,2,3,3,2,3,2,2,2,3,3,2,0,1,1,0,1,1,0,1,0,1,2,4,4,3,4,3,3,4,4,3
syn_aggregate_01561,25,1.0,2,2,1,1,1,0,0,0,0,0,0,1,0,0,0,0,0,0,0,2,2,2,2,1,2,2,2,2,2,0,0,0,0,0,1,1,0,0,0,0,0,0,0,0,0,0,0,1,0,0,0,1,0,0,0,0,0,1,0,0,2,2,0,2,1,1,1,0,0
syn_aggregate_01562,20,1.0,2,2,1,2,0,0,0,1,0,1,1,1,0,0,1,1,1,1,0,1,1,2,1,1,1,1,1,1,1,0,1,0,0,1,0,0,1,0,0,2,2,2,2,2,1,1,1,2,2,0,0,0,1,0,0,0,0,0,0,0,2,2,0,2,0,0,1,1,0
syn_aggregate_01563,47,1.0,3,3,2,3,1,2,1,0,0,0,0,0,0,0,0,0,0,0,4,1,1,1,1,2,1,2,1,1,2,3,4,3,3,3,3,2,3,2,3,1,1,1,1,0,1,0,0,1,0,0,1,0,0,0,0,0,1,0,0,1,3,3,2,3,2,2,3,2,2
syn_aggregate_01564,19,2.0,3,3,2,2,1,0,0,0,0,1,1,1,0,0,0,0,0,1,0,4,4,4,4,4,3,3,3,3,4,3,4,3,3,3,3,3,3,3,4,2,2,2,3,2,2,1,2,2,2,2,2,1,1,1,1,1,1,1,2,1,3,2,1,3,2,2,2,2,2
syn_aggregate_01565,19,2.0,2,3,2,2,1,1,1,0,1,0,0,0,0,0,1,0,0,0,1,1,2,1,1,1,1,2,1,1,2,0,1,0,0,0,0,0,0,0,0,1,1,0,1,1,0,0,0,0,2,1,1,1,1,1,1,1,0,0,1,1,3,2,1,3,1,1,2,2,1
syn_aggregate_01566,44,1.0,3,3,3,3,2,3,2,1,1,0,1,0,0,0,0,0,1,0,0,0,0,0,0,0,0,0,2,0,0,0,0,1,0,1,0,0,0,1,0,3,2,2,3,2,2,2,2,2,2,0,0,0,0,0,0,4,0,0,0,0,1,1,0,1,0,1,0,0,0
syn_aggregate_01567,21,2.0,2,2,1,1,0,1,1,0,1,0,0,1,0,0,0,0,0,0,0,2,2,1,2,1,2,1,1,1,2,3,4,3,3,3,2,2,3,2,3,1,1,0,1,0,0,0,0,1,2,0,0,0,0,0,0,0,0,2,0,1,3,3,1,3,2,2,3,2,1
syn_aggregate_01568,39,2.0,1,2,1,1,0,0,0,0,1,1,1,1,0,1,0,1,1,1,0,0,0,0,0,0,0,0,1,0,0,3,3,3,3,3,3,3,3,2,2,2,2,2,2,2,2,1,2,1,1,1,1,1,1,1,1,1,1,0,0,2,4,3,2,3,3,2,3,3,3
syn_aggregate_01569,19,1.0,3,3,3,3,2,3,3,2,0,0,0,0,0,0,0,0,0,0,0,0,0,0,0,0,0,0,1,0,0,2,2,2,2,2,2,2,2,1,1,1,1,0,1,1,1,0,0,1,0,0,0,0,0,0,0,0,0,0,1,0,2,2,1,2,1,1,2,1,0
syn_aggregate_01570,19,2.0,2,2,1,1,1,1,1,0,0,1,2,1,1,2,1,1,1,1,1,3,3,2,3,2,3,2,2,2,2,1,2,2,2,2,2,2,2,3,2,4,4,4,4,4,4,4,4,4,3,1,1,1,1,1,1,1,1,0,0,3,4,4,3,4,4,3,4,4,2
syn_aggregate_01571,20,1.0,3,3,2,3,2,2,1,0,1,1,0,1,0,1,0,0,0,0,0,1,1,0,1,1,1,1,0,0,0,2,2,2,2,2,1,2,2,2,2,4,3,3,4,3,4,3,3,3,3,1,1,1,1,1,1,1,1,1,1,1,2,2,1,2,1,1,2,2,2
syn_aggregate_01572,18,1.0,3,3,2,3,2,3,2,1,0,0,0,1,0,0,0,0,0,0,3,3,2,2,2,1,2,2,2,2,2,2,3,2,2,2,2,3,2,2,2,3,3,3,3,2,3,3,4,2,3,0,0,0,0,1,0,0,0,0,0,3,4,4,3,4,3,4,4,4,3
syn_aggregate_01573,22,2.0,3,3,3,3,3,3,2,2,1,1,2,1,0,2,1,0,1,1,2,4,4,4,4,3,4,3,3,3,2,4,4,4,4,4,4,4,3,4,3,4,4,4,4,4,4,3,4,4,3,1,1,1,1,1,1,1,1,1,1,2,4,4,3,4,3,3,4,3,3
syn_aggregate_01574,38,2.0,3,3,2,3,1,2,1,1,0,0,0,0,0,0,0,0,0,0,0,4,3,3,3,3,4,3,3,3,4,1,1,1,0,1,0,1,1,0,0,0,1,0,0,0,0,0,0,1,0,0,0,0,0,0,0,0,0,0,0,1,3,3,1,3,2,2,3,2,3
syn_aggregate_01575,18,1.0,3,3,3,3,2,2,1,1,0,1,2,1,0,1,0,1,0,0,0,4,4,4,4,4,4,3,4,3,4,3,4,4,3,4,3,4,3,3,1,4,4,4,4,4,4,4,3,3,4,0,0,0,0,0,0,0,0,0,4,2,4,4,3,4,3,3,3,3,2
syn_aggregate_01576,20,2.0,3,3,3,3,0,0,0,0,0,0,0,0,0,0,1,0,0,0,0,0,0,0,4,0,0,0,0,0,0,1,1,1,1,1,1,1,1,0,0,1,0,0,1,0,0,0,0,0,0,0,0,0,0,0,0,0,0,0,4,0,0,0,0,0,0,0,0,3,0
syn_aggregate_01577,19,2.0,3,3,2,3,2,2,1,0,0,0,1,0,0,0,0,0,0,0,0,2,3,2,3,2,3,2,2,2,2,2,2,2,2,2,2,2,1,2,0,4,4,3,4,3,3,3,3,2,2,0,0,2,0,0,0,0,0,0,0,1,3,3,1,3,2,1,2,2,2
syn_aggregate_01578,51,2.0,3,3,2,2,1,2,1,0,0,1,1,1,1,1,1,1,1,1,1,0,0,0,0,0,0,0,0,0,1,0,0,0,0,0,0,0,0,0,0,0,0,0,0,0,2,0,0,0,0,0,0,0,0,0,0,0,0,0,0,0,0,0,0,0,0,0,0,0,0
syn_aggregate_01579,18,2.0,3,3,3,3,3,3,3,2,3,2,2,2,1,2,2,1,2,2,1,4,4,4,4,4,4,4,3,4,4,4,4,4,4,4,4,4,4,3,3,4,4,4,4,3,4,3,4,3,3,1,2,1,1,1,2,1,1,1,1,4,4,4,4,4,4,4,4,4,4
syn_aggregate_01580,21,2.0,2,2,1,1,1,1,1,0,0,1,1,2,1,0,1,0,1,1,1,1,0,0,0,0,0,0,0,0,0,0,2,1,1,1,1,1,0,0,0,2,2,2,2,2,1,1,1,2,1,0,0,0,0,0,0,0,0,0,4,0,2,2,1,2,1,1,2,2,4
syn_aggregate_01581,19,1.0,3,3,2,3,2,3,2,1,0,1,1,1,0,0,0,0,0,1,2,4,3,4,3,3,4,3,4,3,2,1,2,1,1,1,1,1,1,1,1,4,4,4,4,3,4,4,3,4,2,0,4,0,0,0,0,0,0,0,0,4,4,4,4,4,4,4,4,4,4
syn_aggregate_01582,19,2.0,3,3,2,2,1,1,0,0,0,0,0,0,0,1,0,0,0,0,0,4,3,4,3,3,3,4,3,3,4,3,3,4,3,3,3,3,3,2,3,2,2,2,2,1,1,1,1,2,0,0,1,0,0,1,0,1,0,0,0,0,2,1,0,1,0,0,1,0,1
syn_aggregate_01583,20,2.0,0,1,0,1,0,0,1,0,2,0,0,0,0,0,0,0,0,0,0,0,1,1,1,0,1,1,0,1,4,1,2,2,1,1,1,1,1,1,1,1,1,1,1,1,0,0,0,0,1,0,0,1,0,0,0,0,0,0,0,2,3,2,2,3,1,1,2,2,1
syn_aggregate_01584,18,1.0,2,2,1,1,0,0,0,0,0,1,1,1,0,1,0,0,1,1,0,0,0,0,0,0,0,0,1,0,0,0,0,0,0,0,0,0,0,0,3,4,4,4,4,4,4,4,4,3,3,2,2,1,1,1,1,0,0,0,0,3,4,4,3,4,4,4,4,4,3
syn_aggregate_01585,19,2.0,3,3,3,3,3,3,3,0,0,1,1,1,0,1,1,0,0,0,0,3,3,3,3,3,2,2,3,3,2,4,4,4,4,4,3,3,3,3,3,4,4,4,4,4,4,4,4,4,3,0,0,0,0,0,0,0,0,4,0,2,3,3,2,3,3,2,3,3,3
syn_aggregate_01586,28,2.0,2,2,1,2,1,2,2,1,1,0,0,0,0,0,0,0,0,0,0,0,0,0,0,0,0,0,0,1,0,3,4,4,3,3,3,3,3,2,2,3,4,4,3,2,3,3,3,3,3,1,1,0,0,0,1,0,0,0,0,1,4,4,4,4,4,4,4,4,4
syn_aggregate_01587,42,2.0,2,3,2,2,1,2,1,0,0,0,0,1,0,0,0,0,0,0,0,4,4,3,3,3,3,3,3,3,3,1,2,2,2,2,1,2,2,2,1,0,0,0,0,0,0,0,0,0,2,0,0,0,0,0,0,0,0,0,0,2,4,3,2,4,3,2,3,3,1
syn_aggregate_01588,38,2.0,1,1,1,0,0,0,0,0,0,0,0,1,0,0,0,0,0,0,0,0,0,0,0,0,0,0,1,0,0,0,0,0,0,0,0,0,0,0,3,0,0,0,0,0,0,0,0,0,0,0,0,0,0,0,0,0,0,0,0,0,0,1,0,0,0,0,0,0,0
syn_aggregate_01589,19,1.0,3,3,3,3,2,3,3,2,2,0,0,0,0,0,0,0,0,0,1,2,2,2,2,1,1,1,2,1,1,1,2,2,1,2,1,2,2,1,1,3,3,3,4,3,3,3,3,3,4,0,0,0,0,0,1,0,0,0,0,2,4,4,2,4,4,4,4,4,4
syn_aggregate_01590,20,2.0,2,2,1,2,1,0,1,1,0,1,2,2,1,1,1,1,1,1,0,3,3,3,3,2,3,2,2,2,3,4,4,4,4,4,3,4,4,3,3,4,4,4,4,4,3,3,4,3,3,0,0,0,0,0,1,0,0,0,0,1,4,4,2,4,3,3,4,3,3
syn_aggregate_01591,19,1.0,3,3,3,3,2,3,2,2,3,2,3,3,2,2,2,2,2,2,2,3,4,3,4,3,4,3,3,3,2,4,4,4,4,4,3,4,4,4,3,4,4,4,4,4,4,4,3,4,4,4,4,3,3,3,4,3,3,3,2,4,4,4,4,4,4,4,4,4,3
syn_aggregate_01592,19,2.0,1,1,1,0,0,0,0,0,0,0,1,1,0,1,1,0,1,0,0,3,3,3,2,3,3,3,2,2,3,2,3,2,2,3,2,2,3,2,2,2,2,1,2,1,1,0,1,1,1,0,1,0,0,0,1,0,0,0,0,2,4,2,2,3,1,1,2,1,0
syn_aggregate_01593,20,2.0,2,2,1,1,1,1,0,0,0,0,0,0,0,0,0,0,0,0,0,4,4,3,4,3,3,3,2,3,2,2,2,2,2,2,2,2,2,2,2,2,1,2,2,2,1,1,1,1,2,0,0,0,0,0,0,0,0,2,0,0,0,0,0,0,0,0,0,0,1
syn_aggregate_01594,19,2.0,3,3,3,3,3,3,3,3,1,1,2,1,1,1,1,1,1,1,3,4,4,4,3,3,4,4,4,4,2,4,4,4,4,4,4,4,4,4,0,2,1,1,2,1,0,0,0,0,0,2,2,2,2,2,1,1,1,1,1,4,4,4,4,4,4,4,4,3,4
syn_aggregate_01595,19,1.0,1,1,1,1,0,1,0,0,0,0,1,0,0,0,0,0,0,0,0,4,4,4,4,3,4,4,3,3,4,2,3,2,2,2,2,1,3,1,3,3,3,2,3,2,2,1,1,2,1,0,0,0,0,0,0,0,0,0,2,1,3,2,1,2,2,2,2,2,2
syn_aggregate_01596,19,2.0,1,3,0,1,0,1,1,1,0,0,0,0,0,0,0,0,0,2,0,4,4,4,4,4,4,4,3,4,3,3,4,4,4,3,3,3,3,2,3,4,4,4,4,3,4,4,4,4,2,0,1,1,0,0,1,0,0,0,1,3,4,4,3,4,4,4,4,4,4
syn_aggregate_01597,51,2.0,2,2,1,2,0,1,1,0,1,1,1,1,0,1,0,0,1,1,0,2,2,1,2,1,2,1,1,1,1,4,4,4,4,4,4,4,4,4,4,3,3,3,3,3,3,2,3,2,2,1,2,1,1,1,1,1,1,2,1,4,4,4,4,4,3,4,4,3,3
syn_aggregate_01598,22,2.0,3,3,3,3,3,3,2,0,2,1,2,2,0,1,1,0,1,1,0,4,4,4,4,4,3,3,4,3,2,4,4,4,4,4,3,3,4,3,3,4,4,4,4,4,4,4,4,4,4,2,2,2,2,1,3,2,2,1,2,3,4,4,4,4,3,4,4,3,4
syn_aggregate_01599,22,1.0,3,3,3,3,3,3,3,3,2,0,0,0,0,0,0,0,0,0,1,4,4,3,4,3,4,4,4,4,3,2,2,2,1,2,1,2,1,1,2,4,4,4,4,4,4,4,4,3,4,1,2,1,2,1,2,1,0,1,3,3,4,4,3,4,3,3,3,3,2
syn_aggregate_01600,29,2.0,2,2,2,2,1,1,1,0,0,1,1,1,0,1,1,1,1,1,0,1,1,1,1,0,1,0,0,1,0,2,3,3,2,2,1,2,3,2,1,4,4,4,4,3,4,3,4,3,3,1,1,1,0,0,0,0,0,0,4,0,1,0,0,0,0,0,0,0,2
syn_aggregate_01601,22,2.0,3,3,3,3,2,3,2,1,0,1,1,1,1,1,1,0,1,1,0,1,1,0,1,1,1,0,1,1,0,4,4,4,4,4,4,4,3,3,2,4,4,4,4,3,4,4,3,4,3,2,2,1,2,2,1,2,1,1,2,0,3,2,1,3,2,2,2,2,3
syn_aggregate_01602,51,1.0,3,3,2,3,2,3,2,0,0,0,0,0,0,0,0,0,0,0,3,0,0,0,0,0,0,0,0,0,3,0,0,0,0,1,0,0,0,1,0,1,1,1,1,1,0,0,0,0,0,0,0,1,0,0,0,0,0,0,0,0,2,2,0,2,2,1,1,1,0
syn_aggregate_01603,18,2.0,3,3,2,3,2,3,2,1,1,0,0,0,0,0,0,0,0,0,1,4,4,4,4,4,4,4,4,3,4,3,4,4,3,3,3,3,3,3,3,3,3,2,3,2,2,2,1,2,2,0,0,0,0,0,0,0,0,2,0,0,3,2,1,2,1,1,3,2,2
syn_aggregate_01604,22,1.0,2,2,1,1,0,1,0,0,0,0,0,0,0,0,0,0,0,0,0,1,1,0,0,0,1,0,0,1,0,2,2,2,2,2,2,2,2,2,2,0,0,1,0,0,0,0,0,1,0,0,0,0,1,0,1,0,0,1,0,0,2,2,1,2,1,1,2,2,1
syn_aggregate_01605,29,1.0,3,3,3,3,3,3,3,1,1,1,1,1,0,1,1,0,1,1,0,1,1,1,0,1,1,0,1,2,0,1,2,2,2,1,1,2,2,1,1,1,0,0,0,0,0,0,0,1,0,0,1,0,0,0,0,0,0,0,0,1,3,3,2,3,3,2,3,3,3
syn_aggregate_01606,19,2.0,0,0,0,0,0,0,0,0,0,0,1,0,0,0,0,0,0,0,0,0,0,0,0,0,1,0,0,0,1,0,0,0,0,1,0,0,1,0,0,0,0,0,0,0,0,0,1,0,0,0,0,0,0,0,0,0,0,0,3,0,1,0,0,0,0,0,0,0,2
syn_aggregate_01607,18,2.0,0,1,0,1,0,0,0,0,0,0,0,0,0,0,0,0,0,0,0,0,0,0,1,0,0,0,0,0,0,0,0,0,0,0,0,0,0,0,0,0,0,0,0,0,0,0,0,0,2,0,0,0,0,0,0,0,0,2,0,0,0,0,0,0,0,0,0,0,4
syn_aggregate_01608,20,2.0,1,1,1,1,1,0,0,0,0,0,0,1,0,0,0,0,0,0,1,0,1,0,0,1,1,0,1,0,0,0,1,0,0,0,0,0,0,0,3,0,0,0,0,0,0,0,0,0,1,0,0,0,0,0,0,0,0,0,0,0,1,1,0,1,0,0,1,1,0
syn_aggregate_01609,18,2.0,1,2,1,1,0,1,1,0,0,0,0,0,0,0,0,0,0,0,0,0,0,0,0,0,0,0,0,1,0,1,2,2,1,1,1,1,1,1,1,2,3,2,2,2,3,2,2,2,1,0,0,0,0,0,0,0,0,1,0,0,1,1,0,1,0,0,1,1,0
syn_aggregate_01610,19,2.0,3,3,3,3,3,3,3,2,3,1,1,1,0,1,0,0,0,1,0,3,3,3,3,3,3,3,3,3,2,2,3,3,2,2,2,2,3,2,2,4,4,4,4,3,3,3,3,4,3,1,1,2,1,1,2,1,1,1,1,3,4,4,3,4,4,4,4,4,4
syn_aggregate_01611,21,2.0,2,2,1,2,1,2,1,0,0,0,0,0,0,0,0,0,0,0,2,1,1,1,0,0,1,0,0,1,1,0,0,0,0,0,0,0,0,0,0,1,0,0,0,0,0,0,0,0,0,0,0,0,0,0,0,0,0,2,0,0,0,0,0,0,0,0,0,0,0
syn_aggregate_01612,20,2.0,2,2,1,1,1,1,0,0,0,1,2,1,1,1,1,0,1,1,1,2,2,1,1,1,2,1,1,1,2,2,3,2,2,2,2,2,2,2,1,4,4,4,4,4,3,3,3,4,3,0,0,0,0,0,0,0,0,0,3,3,4,4,3,4,4,3,4,3,3
syn_aggregate_01613,22,1.0,3,3,1,2,1,2,1,0,0,0,0,0,0,0,0,0,0,0,0,2,2,2,1,2,2,2,1,2,2,1,1,1,0,1,1,1,1,1,0,1,1,1,1,1,0,0,0,1,0,0,2,0,0,0,0,0,0,0,0,0,2,1,0,1,0,0,1,0,0
syn_aggregate_01614,19,2.0,2,3,1,2,1,1,0,0,0,1,1,1,0,1,1,0,1,1,0,4,4,4,4,4,3,4,3,4,4,2,3,3,2,3,2,3,2,2,1,2,2,1,2,1,1,1,0,0,0,1,2,1,1,1,2,1,1,1,1,4,4,4,4,4,4,4,4,4,3
syn_aggregate_01615,19,2.0,3,3,3,3,3,3,3,2,2,1,2,1,1,1,2,0,1,1,4,4,4,4,4,3,4,3,3,3,3,2,3,3,2,3,2,2,3,2,2,4,4,4,4,3,3,3,3,3,2,1,2,2,1,1,2,1,1,1,0,3,4,4,3,4,3,4,4,3,4
syn_aggregate_01616,35,2.0,3,3,2,3,2,3,1,0,0,0,0,0,0,0,4,0,0,0,0,1,1,1,1,1,2,1,1,1,1,4,4,4,4,4,4,4,3,4,4,4,4,4,4,4,4,4,4,4,4,0,0,1,0,0,0,0,0,0,0,4,4,4,4,4,4,4,4,4,3
syn_aggregate_01617,20,2.0,3,3,2,3,2,3,2,0,0,1,2,1,1,1,1,1,1,1,0,4,4,4,4,4,4,4,3,3,3,4,4,4,4,4,4,4,3,4,4,3,3,3,4,2,2,2,2,3,0,1,1,1,1,1,2,2,0,0,0,4,4,4,4,4,4,4,4,3,4
syn_aggregate_01618,37,2.0,1,2,1,1,1,0,1,0,0,0,0,0,0,0,0,0,0,0,0,0,0,0,1,0,0,0,0,0,0,0,0,0,0,0,0,0,0,0,0,1,0,0,0,0,0,0,0,0,0,0,0,0,0,0,0,0,0,1,0,0,1,0,0,0,0,0,0,0,0
syn_aggregate_01619,20,2.0,2,2,2,2,2,2,0,0,0,0,0,0,0,0,0,0,0,0,1,1,1,0,1,0,1,0,0,0,0,0,0,0,0,0,0,0,0,0,0,3,3,2,3,2,2,2,2,2,2,0,0,0,0,0,0,0,0,0,0,0,0,0,0,0,0,0,0,1,0
syn_aggregate_01620,20,1.0,2,2,1,2,1,1,1,0,0,0,2,0,0,0,0,0,0,0,0,2,3,2,2,1,2,1,2,1,0,0,0,0,1,0,0,0,0,0,0,2,2,2,2,1,2,1,1,1,3,0,0,0,0,0,0,0,0,1,0,0,2,0,0,0,0,0,0,0,0
syn_aggregate_01621,21,1.0,3,3,3,3,3,3,3,3,3,2,2,2,2,2,2,2,2,2,2,4,4,3,4,3,4,4,4,3,3,4,4,4,4,4,4,4,4,3,3,4,4,4,4,3,4,4,3,3,4,2,2,2,2,2,2,2,2,2,2,3,4,4,3,4,4,4,4,4,4
syn_aggregate_01622,21,2.0,1,1,0,0,0,0,0,0,0,0,0,0,0,0,0,0,0,0,4,1,2,1,1,1,1,1,1,1,1,1,2,1,0,1,0,0,1,1,1,0,0,0,0,0,0,0,0,0,4,0,0,0,0,0,0,0,0,0,0,0,2,1,0,1,1,0,1,1,0
syn_aggregate_01623,22,1.0,1,0,0,0,0,0,0,0,0,0,0,0,0,0,0,0,0,0,1,0,1,0,0,0,1,0,1,0,0,0,0,0,0,0,0,0,0,0,3,0,0,0,0,1,0,0,0,0,0,0,1,0,0,0,0,0,0,0,0,2,3,3,2,3,2,2,2,2,2
syn_aggregate_01624,20,2.0,0,2,0,0,0,0,0,0,0,0,0,0,0,0,0,0,0,0,0,0,0,0,0,0,0,0,0,0,0,1,3,3,3,2,2,2,3,2,2,0,0,0,0,0,0,0,0,0,1,0,0,0,0,0,0,0,0,0,0,0,0,0,0,0,0,0,0,0,0
syn_aggregate_01625,18,1.0,0,0,0,0,0,0,0,0,0,0,0,0,0,0,0,0,0,0,0,1,1,1,1,1,1,1,1,1,1,0,0,0,0,0,0,0,0,0,3,1,1,1,1,1,0,0,0,1,1,0,0,0,0,0,0,0,0,0,0,0,0,0,0,0,0,3,0,0,0
syn_aggregate_01626,41,2.0,3,3,3,3,2,3,3,2,3,2,3,3,2,2,2,2,2,2,2,4,4,4,4,3,4,4,3,3,3,4,4,4,4,4,4,4,4,4,3,4,4,4,4,4,4,3,4,4,4,0,0,0,0,0,0,0,0,0,4,4,4,4,4,4,4,4,4,4,4
syn_aggregate_01627,18,2.0,3,3,3,3,2,3,3,2,1,0,0,0,0,0,0,0,4,0,0,2,2,2,2,1,2,2,1,2,1,4,4,4,3,3,4,3,4,3,3,2,1,1,2,1,1,0,1,1,1,1,1,1,0,0,1,1,1,1,1,4,4,4,4,4,4,4,4,4,3
syn_aggregate_01628,21,2.0,2,2,1,2,1,1,1,0,0,0,0,0,0,0,0,0,0,0,1,1,1,1,1,1,1,0,0,1,0,1,2,1,1,1,2,1,1,1,1,0,0,0,0,0,0,0,0,1,0,0,0,0,1,0,0,0,0,0,0,0,1,0,0,0,0,0,0,0,0
syn_aggregate_01629,20,2.0,3,3,3,3,2,2,2,1,0,0,0,0,0,0,0,0,0,0,2,0,0,0,0,0,0,0,0,3,0,4,4,4,3,4,3,4,3,3,2,4,4,4,4,3,4,3,4,4,3,1,2,1,1,1,1,1,2,1,1,3,4,4,4,4,4,4,3,3,3
syn_aggregate_01630,19,2.0,2,2,2,2,1,1,1,0,0,1,1,1,1,1,1,1,1,1,1,0,0,0,0,0,0,0,0,2,0,2,2,2,2,2,2,2,3,2,1,3,3,2,3,2,2,2,2,2,1,0,0,0,0,0,0,0,0,0,4,1,2,2,1,2,0,1,1,2,1
syn_aggregate_01631,19,2.0,3,3,2,3,2,1,0,0,0,0,0,0,0,0,0,0,1,0,0,4,4,3,4,3,3,3,3,2,4,2,3,2,2,3,2,2,2,1,2,3,2,2,3,1,2,0,0,1,1,0,0,0,0,0,0,0,0,0,0,0,2,1,0,1,1,0,2,2,0
syn_aggregate_01632,24,2.0,3,3,2,3,2,3,2,0,0,1,1,1,0,1,0,0,0,0,0,0,0,0,0,0,0,4,0,0,0,3,4,4,3,3,2,3,3,3,2,2,2,1,2,1,2,1,1,1,2,0,0,0,0,0,0,0,0,3,0,0,2,2,0,2,1,1,2,2,0
syn_aggregate_01633,21,2.0,3,3,2,3,2,3,2,2,0,0,1,0,0,0,0,0,0,0,0,3,4,3,4,3,4,3,3,3,2,0,2,1,1,1,1,1,1,1,2,4,4,4,4,4,4,4,3,3,4,0,0,0,0,0,0,0,0,0,0,3,3,3,2,3,2,2,3,2,2
syn_aggregate_01634,46,1.0,2,3,2,2,1,0,0,0,0,0,0,0,0,0,0,0,2,0,0,2,2,2,2,1,2,2,1,1,2,3,3,3,3,3,3,3,3,2,2,2,2,1,2,1,1,1,1,2,2,0,0,0,0,0,3,0,0,0,0,0,2,2,1,2,1,1,2,2,0
syn_aggregate_01635,20,1.0,2,2,1,2,1,0,1,0,0,1,1,1,0,0,1,0,1,0,0,4,4,4,4,3,4,4,3,3,2,0,1,1,1,1,1,1,1,0,0,4,4,4,4,3,3,3,3,3,1,0,0,0,0,0,0,0,0,1,2,1,3,2,1,2,1,1,2,2,2
syn_aggregate_01636,28,2.0,3,3,3,3,3,3,3,1,1,0,1,0,0,1,0,0,0,0,0,1,2,1,2,1,2,1,1,1,2,3,3,3,4,4,3,3,2,3,3,4,4,4,4,4,4,4,4,3,3,1,1,1,1,1,1,0,0,0,0,0,2,2,1,2,2,1,2,2,1
syn_aggregate_01637,46,2.0,2,2,1,2,1,1,1,0,1,0,1,0,0,0,0,0,1,0,0,2,2,1,2,1,2,1,2,1,1,0,0,0,0,0,0,0,1,0,0,1,1,0,0,0,0,0,1,1,0,0,0,0,0,0,0,0,0,0,0,0,2,1,1,2,1,0,1,0,1
syn_aggregate_01638,20,2.0,0,0,0,0,0,0,0,0,0,0,0,0,0,0,0,0,0,0,3,0,0,0,0,1,0,0,0,0,0,4,4,4,4,4,4,4,4,3,4,3,3,3,4,3,3,2,3,2,3,0,0,0,0,0,0,0,0,0,4,0,1,0,0,0,0,0,0,0,0
syn_aggregate_01639,20,1.0,3,3,2,2,1,2,1,0,0,0,1,0,0,0,0,0,0,0,0,1,1,0,1,1,1,0,0,0,0,3,3,3,3,3,2,2,2,2,2,1,1,0,1,0,0,0,0,2,0,0,0,0,0,0,0,0,0,0,0,0,1,1,0,1,0,0,1,0,0
syn_aggregate_01640,22,2.0,3,3,2,3,2,3,2,1,0,0,0,0,0,0,0,0,0,0,3,0,0,0,0,0,0,0,0,1,0,0,0,0,0,0,0,0,0,1,0,2,1,1,2,1,1,0,1,1,1,0,0,0,0,0,0,0,0,2,0,0,1,0,0,1,0,0,0,0,0
syn_aggregate_01641,22,2.0,3,3,3,3,2,2,1,1,0,0,0,1,0,0,0,0,0,0,0,1,1,0,1,1,1,1,0,1,0,0,1,0,0,1,0,0,0,0,0,2,2,2,2,1,1,1,1,1,1,0,0,0,0,1,0,0,0,0,0,0,2,1,0,2,0,0,2,1,0
syn_aggregate_01642,21,1.0,2,2,1,2,0,1,0,0,1,0,0,1,0,0,0,0,0,0,0,1,2,1,1,1,2,1,1,1,0,2,2,2,2,2,1,2,2,2,1,4,3,3,4,3,2,3,3,2,2,0,0,1,0,0,0,0,0,0,0,0,2,2,0,2,1,1,2,1,2
syn_aggregate_01643,21,2.0,1,2,1,1,0,0,1,0,0,0,0,1,0,0,0,0,1,0,0,2,2,1,2,1,2,2,1,1,2,1,3,3,2,2,2,3,2,2,2,4,4,4,4,3,4,3,3,3,3,1,1,1,0,1,1,0,1,0,1,0,1,0,0,0,0,0,0,1,0
syn_aggregate_01644,22,2.0,1,0,0,1,0,0,0,0,0,0,0,0,0,0,0,0,0,2,0,0,0,0,0,0,0,0,0,0,4,1,1,1,1,1,1,1,0,0,0,1,1,1,1,1,1,2,0,1,2,1,1,1,0,1,1,1,1,1,1,1,3,3,2,3,2,2,2,2,1
syn_aggregate_01645,20,1.0,3,3,2,2,1,1,0,0,0,0,0,0,0,0,0,0,0,0,0,0,0,0,0,0,0,0,0,0,1,1,2,2,2,2,1,2,2,1,2,1,1,1,1,1,0,0,0,0,0,0,0,0,0,0,2,0,0,0,0,0,3,3,0,3,1,2,3,3,3
syn_aggregate_01646,22,2.0,1,1,0,0,0,0,0,0,0,0,0,0,0,0,0,0,0,0,3,4,4,4,4,3,4,3,3,4,4,3,4,4,3,3,3,3,3,2,2,4,3,3,3,3,2,3,2,3,2,1,1,0,0,1,1,0,1,1,1,2,4,4,2,4,2,3,3,2,0
syn_aggregate_01647,30,2.0,2,2,1,2,1,1,1,0,0,0,0,0,0,0,0,0,0,4,0,1,2,1,1,1,2,1,1,0,0,0,1,0,0,0,0,0,0,0,0,2,1,1,1,1,0,0,0,1,1,0,0,0,0,0,0,0,1,1,0,0,1,1,0,1,0,0,1,0,0
syn_aggregate_01648,51,1.0,3,3,3,3,2,3,3,2,2,0,1,0,0,0,0,0,0,1,0,4,4,4,4,4,4,4,4,4,4,4,4,4,4,4,4,4,4,3,3,4,4,4,4,4,4,4,4,3,3,1,2,2,1,1,2,2,1,1,3,3,4,4,3,4,3,4,4,3,3
syn_aggregate_01649,19,2.0,2,3,2,2,1,1,0,0,0,1,2,2,1,1,1,1,1,1,0,3,2,2,3,2,2,2,1,2,2,0,1,0,0,0,0,0,0,0,0,3,3,3,3,3,3,2,3,2,3,1,1,1,1,0,0,0,0,1,1,0,2,2,1,2,1,1,1,1,0
syn_aggregate_01650,18,2.0,3,3,1,2,1,2,0,0,0,0,0,0,0,0,0,0,0,0,4,2,2,2,2,1,2,2,1,2,3,1,2,2,1,1,1,1,1,1,1,3,3,2,3,2,2,2,2,2,2,1,1,1,1,1,1,1,1,1,1,0,3,3,0,3,2,2,2,2,1
syn_aggregate_01651,42,1.0,0,0,0,0,0,0,0,0,0,0,0,0,0,0,0,0,1,1,0,0,0,0,0,0,0,0,2,0,0,0,0,0,0,0,1,0,0,0,0,1,1,0,1,0,0,0,0,0,3,1,1,0,0,1,1,1,0,0,1,0,0,0,0,0,0,0,0,0,1
syn_aggregate_01652,22,2.0,2,2,1,2,0,0,0,0,0,0,0,0,0,0,0,0,0,0,0,0,0,0,0,0,0,0,0,0,0,0,0,1,0,0,0,0,0,0,0,0,0,0,0,0,0,0,0,1,0,0,0,1,0,0,0,0,0,0,0,0,1,0,0,0,0,0,1,0,0
syn_aggregate_01653,44,1.0,3,3,2,2,1,2,2,1,1,0,0,0,0,1,0,0,0,2,0,3,4,3,4,3,4,3,3,3,3,4,3,3,4,3,2,3,2,2,1,4,4,4,4,3,4,3,4,4,3,0,0,0,0,0,0,0,0,0,3,3,4,4,3,4,3,3,4,3,3
syn_aggregate_01654,21,1.0,3,3,3,3,3,3,3,3,2,1,1,1,0,1,0,0,1,0,1,2,3,2,2,2,3,2,2,2,1,2,2,2,1,1,1,1,1,1,0,1,1,0,1,0,0,0,0,0,0,0,0,0,0,0,2,0,0,0,0,3,4,4,3,4,4,4,4,4,3
syn_aggregate_01655,18,1.0,3,3,2,3,2,3,1,0,0,1,2,1,0,1,1,0,2,0,3,0,0,0,0,0,0,0,0,0,3,3,3,3,3,3,2,3,3,2,3,1,1,1,1,1,0,0,0,0,0,0,1,0,0,0,0,0,1,1,0,3,4,4,3,4,3,3,4,3,3
syn_aggregate_01656,21,1.0,3,3,3,3,2,3,2,2,1,2,2,2,2,2,2,2,2,2,2,4,4,4,4,4,4,4,4,4,4,4,4,4,4,4,4,4,4,4,4,4,4,4,4,4,4,4,4,4,3,3,3,2,2,2,3,2,2,2,2,2,4,3,2,4,2,2,3,3,2
syn_aggregate_01657,22,2.0,2,3,2,2,1,1,0,0,0,1,1,1,0,1,1,0,1,1,0,1,1,1,1,1,2,1,2,1,2,3,4,4,3,4,4,4,3,3,2,2,2,2,2,1,2,2,1,2,2,0,0,0,0,0,0,0,0,1,1,4,4,4,3,4,4,4,4,3,2
syn_aggregate_01658,44,1.0,3,3,3,3,3,3,3,2,0,0,0,0,0,0,0,0,0,2,1,0,0,1,0,0,0,0,0,0,0,0,1,0,0,0,0,0,0,0,0,3,3,2,3,2,2,2,2,2,2,0,1,0,0,0,1,0,0,0,0,1,3,3,2,2,2,2,2,2,2
syn_aggregate_01659,19,2.0,3,3,2,3,2,3,2,1,0,1,2,1,1,1,2,1,1,1,2,4,4,4,4,4,4,4,4,4,4,3,4,4,3,3,3,3,3,3,3,4,4,4,4,4,4,4,3,4,3,2,2,2,2,2,2,2,1,2,2,0,3,3,0,2,2,1,2,2,1
syn_aggregate_01660,18,1.0,2,2,1,2,1,1,1,0,1,0,0,0,0,1,0,0,1,0,1,4,4,4,4,4,4,3,3,2,3,0,2,1,0,1,1,1,1,1,0,2,1,1,2,1,1,0,1,1,1,0,0,0,0,0,0,0,0,0,4,0,2,1,0,2,1,1,1,2,0
syn_aggregate_01661,20,2.0,3,3,1,1,1,1,1,0,1,0,1,0,0,0,0,0,0,0,0,2,2,2,2,1,2,2,1,2,2,0,0,0,0,0,0,0,0,1,0,0,0,0,0,0,0,0,0,0,0,0,0,0,0,0,0,0,0,0,2,0,0,0,0,0,0,0,1,0,0
syn_aggregate_01662,38,1.0,3,3,2,3,2,2,2,1,0,0,0,1,0,0,1,0,0,0,0,1,2,1,1,1,2,1,1,1,1,2,2,2,2,1,2,2,2,1,1,4,4,4,4,3,4,4,3,4,3,1,2,1,2,1,1,2,1,1,1,4,4,4,4,4,4,4,4,3,3
syn_aggregate_01663,18,2.0,2,2,1,2,0,0,0,0,1,1,1,1,1,1,1,0,0,1,1,3,3,3,3,2,3,2,2,2,3,1,1,1,1,1,1,1,1,1,1,1,1,0,1,1,1,0,0,1,0,0,0,0,0,0,0,0,0,0,0,0,2,1,0,1,0,0,0,0,0
syn_aggregate_01664,38,2.0,2,2,1,2,1,0,0,0,0,0,0,0,0,0,0,0,0,0,0,1,1,0,1,1,1,0,1,0,2,1,1,1,1,1,1,1,1,0,0,3,2,2,3,2,1,1,1,1,1,0,0,0,0,0,1,0,0,0,0,0,1,1,0,1,0,0,1,0,0
syn_aggregate_01665,21,2.0,3,3,1,3,1,2,2,0,0,0,0,0,0,0,0,0,0,1,0,0,0,0,0,0,0,0,2,0,0,0,1,1,0,1,0,0,1,0,0,3,3,2,3,2,2,2,3,2,2,0,0,0,0,0,0,0,0,0,2,0,0,1,0,0,0,0,0,0,0
syn_aggregate_01666,48,1.0,1,1,1,1,1,1,0,0,0,0,0,1,0,0,0,0,0,0,0,0,0,0,0,0,0,0,0,0,0,3,3,2,3,2,3,3,2,2,2,0,0,0,0,0,0,0,0,0,4,1,1,1,1,1,1,1,0,1,0,0,2,2,0,2,1,1,1,1,0
syn_aggregate_01667,19,2.0,1,0,0,0,0,0,0,0,0,0,1,0,0,0,0,0,0,0,0,0,1,0,0,0,0,1,0,0,0,0,0,0,0,0,0,0,0,0,1,1,2,1,2,1,1,0,0,1,1,0,0,0,0,0,0,0,0,1,0,0,0,0,0,0,0,0,0,0,0
syn_aggregate_01668,51,2.0,2,3,2,2,1,2,1,0,0,1,2,2,1,1,1,1,1,1,1,3,3,2,3,2,3,2,2,2,2,0,1,1,0,0,0,1,0,0,0,3,3,3,3,2,3,3,2,3,3,0,1,0,0,1,0,0,0,1,0,3,4,4,3,4,3,3,4,3,3
syn_aggregate_01669,29,2.0,2,3,2,2,1,2,1,1,0,0,0,0,0,0,0,0,0,0,0,1,1,0,1,1,1,1,0,0,0,1,2,1,1,1,0,1,1,1,0,4,3,3,4,3,3,3,3,3,2,0,1,0,0,0,0,0,0,0,0,0,2,1,0,2,1,1,2,1,1
syn_aggregate_01670,20,2.0,1,1,0,1,0,0,0,0,0,0,0,0,0,0,0,0,0,0,0,1,2,1,1,1,2,1,1,2,2,2,2,2,1,2,2,2,1,1,2,0,0,0,0,0,0,0,0,0,4,0,1,0,0,0,0,0,0,0,0,0,0,0,0,0,0,0,0,0,0
syn_aggregate_01671,50,2.0,2,2,2,2,1,2,2,1,1,0,0,0,0,0,0,0,0,2,0,4,4,3,4,3,4,3,3,3,2,2,3,3,2,2,2,3,2,1,1,1,0,0,1,1,0,0,0,0,0,0,1,0,0,0,0,0,0,0,0,1,4,4,2,3,2,2,3,3,2
syn_aggregate_01672,38,1.0,3,3,3,3,2,3,3,1,0,0,0,0,0,0,0,0,0,0,0,3,4,3,3,2,4,3,2,3,3,2,2,2,2,2,2,2,2,2,2,1,1,1,1,0,1,0,1,0,0,0,1,0,0,0,1,0,0,0,0,0,1,1,0,1,0,0,0,0,0
syn_aggregate_01673,20,2.0,3,3,3,3,3,3,3,3,3,1,1,1,0,1,0,0,1,1,0,4,4,4,4,4,4,4,3,4,4,2,2,2,2,1,1,2,2,1,2,4,4,4,4,4,4,4,3,4,4,1,1,1,1,1,1,1,0,1,1,4,4,4,4,4,4,4,4,4,4
syn_aggregate_01674,20,2.0,3,3,3,3,3,3,2,1,3,0,1,1,0,0,0,0,0,0,0,3,4,3,4,3,2,2,4,3,1,1,2,2,2,2,2,2,2,2,3,4,4,4,4,3,3,3,3,3,3,0,1,0,0,0,0,0,1,0,0,4,4,4,4,4,4,4,4,4,3
syn_aggregate_01675,18,2.0,3,3,3,3,3,3,3,2,3,0,0,0,0,0,0,0,0,0,1,1,1,1,2,1,1,1,2,2,1,2,3,3,3,3,3,3,2,2,2,1,1,0,1,1,0,0,0,1,1,0,1,0,0,0,1,1,0,0,0,1,4,4,2,4,3,3,4,4,4
syn_aggregate_01676,29,1.0,3,3,3,3,3,3,2,2,0,0,0,0,0,4,0,0,0,0,0,4,4,4,4,3,4,3,4,3,4,3,4,4,4,4,4,4,4,4,3,2,2,1,2,1,2,1,1,1,0,0,0,0,0,0,1,1,0,0,0,3,4,4,3,4,3,3,3,3,2
syn_aggregate_01677,21,2.0,2,3,2,3,2,2,2,1,0,0,1,0,0,0,0,0,0,0,0,3,3,3,3,2,3,2,2,2,3,2,2,2,2,2,2,2,2,2,2,2,1,1,2,1,1,0,0,1,1,0,0,0,0,0,0,1,1,0,0,0,2,1,0,1,1,1,2,1,1
syn_aggregate_01678,19,1.0,3,3,3,3,3,3,1,0,0,0,0,0,0,0,0,0,1,0,0,0,0,0,0,0,0,0,0,0,2,4,4,4,4,4,4,4,4,4,3,4,4,4,4,3,3,3,3,4,3,1,1,1,1,1,1,0,0,0,0,2,4,4,2,4,3,3,3,3,3
syn_aggregate_01679,20,2.0,3,3,3,3,2,3,3,1,1,1,1,1,1,1,0,0,0,1,0,1,2,1,1,1,2,1,1,1,1,0,0,0,0,0,0,0,0,0,0,4,3,3,4,3,3,3,3,3,3,1,1,1,1,1,0,0,0,0,0,1,3,2,1,2,1,1,2,2,2
syn_aggregate_01680,20,2.0,0,0,0,0,0,0,0,0,0,0,0,0,0,0,0,0,0,0,0,0,0,0,0,0,0,0,0,0,2,0,0,0,0,0,0,0,0,0,0,0,0,0,0,0,0,0,0,0,0,0,0,0,0,0,0,0,0,0,0,0,0,0,0,0,0,0,0,0,0
syn_aggregate_01681,19,2.0,3,3,2,2,2,2,2,1,0,0,0,0,0,0,0,0,0,0,3,2,3,1,2,1,3,2,1,2,1,3,3,4,3,3,4,3,2,3,2,0,0,0,0,0,0,0,0,0,0,0,0,0,0,0,0,0,0,0,3,0,0,0,0,1,0,0,1,0,0
syn_aggregate_01682,19,2.0,1,1,1,0,0,0,0,0,0,0,0,0,0,0,0,0,0,0,1,2,3,2,3,2,2,2,2,2,2,0,1,1,1,0,0,0,1,0,0,0,0,0,1,0,0,0,0,1,0,0,1,0,0,0,1,0,0,0,0,0,0,0,0,0,0,0,0,0,0
syn_aggregate_01683,43,2.0,3,3,2,2,1,2,2,0,0,0,0,0,0,0,1,0,0,0,0,4,4,4,4,3,4,3,4,3,3,4,4,4,4,4,4,4,3,3,4,4,4,3,4,3,3,3,4,3,2,0,0,0,0,0,0,0,0,4,0,3,4,4,3,4,3,3,4,3,3
syn_aggregate_01684,19,2.0,2,2,1,2,1,2,2,1,1,0,1,0,0,1,0,0,0,0,0,4,4,4,4,3,3,3,3,4,2,3,3,3,3,3,3,2,3,3,2,3,2,2,3,2,2,2,1,2,2,0,1,0,0,1,0,0,1,0,0,0,1,1,0,1,0,0,1,1,0
syn_aggregate_01685,18,2.0,3,0,0,0,0,0,0,0,0,0,1,0,0,0,0,0,0,0,0,3,3,3,3,2,2,2,2,2,1,1,1,1,1,1,0,0,1,1,1,4,4,4,4,3,4,3,4,3,3,0,1,0,0,0,0,0,0,0,2,0,1,0,0,2,0,0,0,0,0
syn_aggregate_01686,48,2.0,3,3,3,3,2,3,3,2,0,0,0,0,0,0,0,0,0,0,0,1,1,1,1,1,2,0,0,0,1,2,2,2,2,2,1,2,1,1,0,0,0,0,0,0,0,0,0,0,3,0,0,0,0,0,0,0,0,0,0,0,2,2,0,1,2,0,1,1,0
syn_aggregate_01687,21,2.0,3,3,3,3,3,3,3,3,2,0,1,1,0,1,0,1,0,1,1,4,4,4,3,3,4,3,4,3,2,4,4,4,4,4,4,4,4,3,4,3,3,3,3,2,3,2,2,3,2,1,1,1,1,1,1,0,0,0,0,2,4,4,2,3,3,3,3,3,4
syn_aggregate_01688,18,2.0,3,3,2,3,2,2,2,0,0,0,0,0,0,0,1,0,0,1,1,1,2,0,1,1,1,1,1,1,2,0,0,0,0,0,0,0,0,0,0,0,0,0,0,0,0,0,0,1,0,0,0,0,0,0,0,0,0,0,3,1,4,3,2,4,2,2,3,2,2
syn_aggregate_01689,29,2.0,3,3,2,3,2,3,2,0,0,0,0,0,0,0,0,0,0,0,0,2,3,2,2,2,3,2,1,1,3,2,3,3,3,3,3,3,3,2,1,1,1,1,1,1,0,1,1,1,1,0,0,0,0,0,0,0,0,0,0,0,2,1,0,1,0,0,1,0,0
syn_aggregate_01690,21,2.0,3,3,3,3,2,3,2,0,0,0,1,0,0,0,0,0,0,0,2,4,4,4,4,4,4,4,4,3,3,2,2,2,2,2,2,2,1,2,2,3,3,2,3,2,2,2,2,2,2,0,0,0,0,0,0,0,0,2,0,3,4,4,3,4,3,3,4,3,2
syn_aggregate_01691,26,2.0,2,3,2,3,1,2,2,2,1,1,1,1,1,1,0,0,0,0,1,4,4,4,4,3,4,4,3,3,4,4,4,4,4,4,3,4,4,4,3,4,4,4,4,4,4,4,4,4,4,1,2,1,1,1,2,1,0,1,1,4,4,4,4,4,4,4,4,3,4
syn_aggregate_01692,18,2.0,3,3,3,3,3,3,3,3,1,0,0,0,0,0,0,0,0,2,2,4,4,4,4,4,4,4,4,3,3,4,4,4,4,4,4,4,4,4,4,3,3,3,3,2,2,2,2,2,2,1,1,1,1,1,2,1,1,1,1,4,4,4,4,4,3,4,4,4,4
syn_aggregate_01693,24,2.0,2,3,2,3,2,2,2,1,0,1,1,0,1,0,0,0,1,0,2,4,4,4,4,3,4,4,4,3,4,3,4,4,3,3,3,4,3,4,3,4,3,3,4,3,3,2,3,3,3,0,0,0,0,0,3,0,0,0,0,4,4,4,4,4,4,4,4,4,4
syn_aggregate_01694,46,2.0,2,2,1,1,0,1,0,0,0,0,0,0,0,0,0,0,0,3,0,1,2,0,0,1,1,0,1,1,1,2,3,2,2,2,2,2,2,1,1,3,3,2,3,2,3,2,2,2,2,0,0,0,0,0,0,0,0,1,0,0,1,1,0,1,0,0,1,1,0
syn_aggregate_01695,22,2.0,3,3,2,3,2,3,2,1,0,2,3,2,2,2,1,2,2,2,2,4,4,4,4,4,4,3,3,4,3,3,4,4,4,3,4,4,3,3,3,3,3,2,3,2,2,2,1,2,3,3,3,3,2,2,3,2,2,2,2,4,4,4,4,4,4,4,4,3,3
syn_aggregate_01696,22,1.0,3,3,2,3,2,2,0,0,0,2,2,2,1,2,1,1,1,1,2,3,3,3,3,2,3,3,3,2,3,2,4,4,3,3,3,3,2,2,2,1,1,1,1,1,0,0,0,1,1,2,3,2,2,3,2,2,2,2,3,3,4,4,3,4,3,3,3,3,3
syn_aggregate_01697,21,2.0,3,3,3,3,2,3,3,2,3,0,1,0,0,0,0,0,0,0,0,1,2,0,1,1,1,0,0,0,0,2,4,4,3,3,3,3,3,3,2,0,0,0,1,0,1,0,0,0,0,0,0,0,0,0,0,1,0,0,0,0,1,1,0,1,0,0,0,0,0
syn_aggregate_01698,20,1.0,1,1,0,1,0,0,0,0,0,0,0,0,0,0,0,0,0,0,4,4,4,4,3,4,4,4,3,3,3,1,2,2,1,1,1,2,2,0,0,4,4,4,4,4,4,4,4,3,4,0,0,0,0,0,0,0,0,4,0,1,2,2,1,2,2,1,2,2,3
syn_aggregate_01699,19,1.0,0,0,0,0,0,0,0,0,0,0,0,0,0,0,0,0,0,2,0,1,1,1,1,1,1,1,1,1,2,0,0,0,0,1,0,1,1,0,0,1,1,1,1,0,0,0,0,0,1,0,0,0,0,0,0,1,0,0,0,1,3,2,1,2,1,0,2,2,1
syn_aggregate_01700,22,1.0,1,2,1,2,1,0,1,0,1,0,0,0,0,0,0,0,0,0,1,1,2,1,1,1,1,1,1,1,0,2,4,3,3,3,3,3,3,2,3,0,1,0,0,0,1,0,0,1,0,0,0,0,0,0,0,0,0,0,4,0,2,1,0,1,0,0,2,2,0
syn_aggregate_01701,35,2.0,3,3,2,3,1,2,1,0,0,1,1,1,0,1,1,0,1,1,1,4,4,4,3,3,4,4,3,3,3,4,4,4,3,3,4,4,3,3,4,4,4,4,4,4,4,4,4,4,4,1,1,1,1,1,0,0,1,0,0,3,4,4,3,4,3,4,4,4,3
syn_aggregate_01702,21,2.0,0,1,0,1,0,0,0,0,1,0,0,0,0,0,0,0,0,2,0,0,0,0,1,0,0,0,0,0,0,2,2,2,2,2,1,1,2,1,2,0,0,0,0,0,0,0,0,1,0,0,0,0,0,0,2,0,0,0,0,0,0,0,0,0,0,0,0,0,0
syn_aggregate_01703,19,1.0,2,2,1,1,1,1,1,0,0,0,0,0,0,0,0,0,0,0,4,0,1,0,0,1,0,0,0,1,0,2,2,2,1,1,1,1,2,1,3,1,0,0,0,0,0,0,0,0,0,0,0,0,0,0,0,0,0,1,0,1,4,4,2,4,3,2,4,3,2
syn_aggregate_01704,43,1.0,1,1,1,1,0,0,0,0,0,0,1,1,0,0,0,0,0,0,0,2,2,1,2,2,2,1,2,1,3,4,4,4,4,4,4,4,4,3,3,2,2,1,2,1,1,1,1,1,1,0,0,0,0,0,0,0,1,0,2,4,4,4,4,4,3,4,3,4,4
syn_aggregate_01705,40,2.0,1,2,1,2,1,1,1,0,0,3,4,3,3,3,2,3,3,3,2,4,4,3,4,3,4,4,3,3,3,4,4,4,4,4,4,4,4,2,4,4,4,4,4,4,4,4,4,4,4,1,2,1,1,2,1,1,1,1,1,3,4,4,3,4,3,4,4,3,3
syn_aggregate_01706,21,2.0,0,1,0,0,0,0,0,0,0,1,1,1,1,1,0,0,0,0,0,4,4,4,4,4,4,3,3,4,3,4,4,4,4,4,4,4,3,3,2,4,4,4,4,3,4,3,4,3,3,0,1,0,0,0,0,0,0,0,2,1,3,3,2,3,2,2,3,2,3
syn_aggregate_01707,18,2.0,3,3,2,3,2,2,2,1,0,0,0,0,0,0,0,0,3,0,0,0,0,0,0,0,2,0,0,0,0,0,1,1,0,1,1,0,0,0,0,3,3,3,3,2,2,2,2,2,3,0,0,1,0,0,0,0,0,0,0,1,3,3,1,3,2,1,2,2,2
syn_aggregate_01708,21,2.0,3,3,2,3,2,3,2,1,0,0,0,0,0,0,0,0,0,3,0,4,4,4,4,3,4,4,3,4,3,2,3,3,3,3,3,2,3,2,1,2,2,2,2,2,1,2,1,2,2,0,1,0,0,0,0,0,0,0,0,4,4,4,4,4,4,4,4,4,3
syn_aggregate_01709,19,2.0,1,0,0,0,0,0,0,0,0,0,0,0,0,0,0,0,0,1,0,1,1,1,1,1,0,0,0,0,0,0,1,0,0,0,0,0,0,0,0,2,2,2,2,2,1,1,1,1,2,0,1,0,0,0,0,0,0,0,0,0,1,1,0,0,1,0,1,0,0
syn_aggregate_01710,39,2.0,1,1,1,1,1,0,0,0,0,0,0,0,0,0,0,0,0,0,0,2,2,2,2,1,1,1,1,1,1,1,2,1,1,1,1,2,1,1,1,0,0,0,0,0,0,0,0,2,0,0,1,0,0,0,0,0,0,0,0,0,0,0,0,1,0,1,0,0,0
syn_aggregate_01711,19,2.0,3,3,2,2,2,2,2,0,1,0,0,0,0,0,0,0,0,0,1,4,4,4,4,4,4,4,3,4,4,3,4,4,4,3,3,4,3,4,3,4,4,4,4,4,4,4,4,3,4,1,1,1,1,1,1,1,2,2,1,3,4,4,3,4,3,2,3,3,3
syn_aggregate_01712,19,2.0,2,3,2,2,0,1,1,0,0,1,1,1,1,0,0,1,0,0,1,0,0,0,0,0,0,0,0,1,0,1,2,1,1,1,1,1,0,1,0,0,1,0,0,0,0,0,0,0,0,0,0,0,0,0,0,0,0,0,1,0,0,0,0,0,0,0,0,0,4
syn_aggregate_01713,37,2.0,3,3,2,3,1,1,2,0,0,0,0,0,0,0,0,0,0,0,0,0,0,0,1,0,0,0,0,0,0,0,1,0,0,0,0,0,0,0,0,2,1,1,2,1,0,0,1,0,1,0,0,0,0,0,0,0,0,0,0,0,2,2,0,2,1,1,2,0,1
syn_aggregate_01714,21,2.0,3,3,1,2,1,1,0,0,0,0,0,0,0,4,0,0,0,0,0,4,4,3,4,3,4,3,4,3,3,0,1,1,1,1,1,1,1,0,0,0,0,0,0,0,0,0,0,0,0,0,0,0,0,0,0,0,0,0,4,0,1,1,0,1,0,0,2,0,0
syn_aggregate_01715,21,1.0,3,2,2,3,1,2,2,1,1,0,0,0,0,0,0,0,0,2,0,4,4,4,4,4,4,4,4,3,3,0,1,0,0,0,0,0,1,0,0,4,4,4,4,4,3,3,4,4,3,0,1,0,0,1,0,0,1,0,0,4,4,4,3,4,3,3,4,3,4
syn_aggregate_01716,27,2.0,3,3,3,3,3,3,3,2,3,0,0,0,0,0,0,0,0,0,0,0,1,0,0,0,0,0,0,0,0,0,0,0,0,0,0,0,0,0,4,0,0,0,0,0,0,0,0,0,2,0,0,0,0,0,3,0,0,0,0,1,3,3,1,3,2,2,2,2,2
syn_aggregate_01717,21,1.0,0,1,0,0,0,0,0,0,0,1,2,1,1,1,1,0,1,1,2,3,3,2,3,2,3,2,2,2,2,2,3,2,2,2,2,2,2,1,1,4,4,4,4,4,4,4,3,4,4,2,3,2,2,2,3,2,2,1,1,0,2,1,0,1,0,0,1,1,0
syn_aggregate_01718,27,2.0,0,0,0,0,0,0,0,0,0,0,0,0,0,0,0,0,0,0,0,1,1,1,1,1,1,2,2,0,0,0,0,0,0,0,0,0,0,0,0,0,0,0,0,0,0,0,0,0,0,0,0,0,0,0,2,0,0,0,0,0,0,0,0,4,0,0,0,0,0
syn_aggregate_01719,22,2.0,0,2,0,0,0,0,0,0,0,0,0,0,0,0,0,0,0,1,0,1,0,0,0,0,0,0,0,0,0,0,0,0,0,0,0,0,0,2,0,0,0,0,0,0,0,0,0,0,0,0,0,0,0,0,0,0,0,0,0,0,1,0,0,0,0,0,0,0,0
syn_aggregate_01720,40,2.0,3,3,3,3,2,3,2,1,0,0,1,0,0,0,0,0,0,1,0,4,4,4,3,3,4,3,4,4,3,4,4,4,4,4,4,3,3,3,3,1,1,1,1,1,1,1,1,2,1,0,0,0,0,0,0,0,0,0,1,3,4,4,3,3,2,3,4,4,3
syn_aggregate_01721,29,2.0,3,3,3,3,3,3,3,3,2,0,0,0,0,0,0,0,0,0,1,1,1,1,1,1,0,0,0,0,0,2,3,2,2,2,1,2,1,1,3,1,1,1,1,1,0,0,0,0,0,0,0,0,0,0,0,0,0,0,0,3,4,4,3,4,3,4,4,4,2
syn_aggregate_01722,19,2.0,3,3,3,3,3,3,3,3,2,0,1,1,0,0,1,0,0,0,1,2,3,1,2,1,2,2,1,1,2,4,4,4,4,4,3,3,3,4,3,3,2,2,3,2,1,2,2,1,2,0,0,0,0,0,0,0,0,0,0,4,4,4,4,4,4,4,4,3,3
syn_aggregate_01723,18,1.0,0,1,0,0,0,0,0,0,1,0,0,0,0,0,0,0,0,1,0,3,3,2,3,2,3,2,2,2,1,0,0,0,0,0,0,0,0,0,0,3,3,2,3,2,2,2,2,2,1,0,0,0,0,0,0,0,0,0,1,0,1,1,0,1,0,0,1,0,0
syn_aggregate_01724,22,2.0,3,3,3,2,2,2,1,0,0,1,2,1,1,1,1,1,2,1,1,2,2,2,1,2,2,1,1,1,1,3,3,3,3,3,3,2,3,2,2,4,4,4,4,4,4,3,3,4,3,2,2,1,2,1,2,2,1,1,1,2,3,3,2,3,3,3,2,3,3
syn_aggregate_01725,20,2.0,3,3,2,2,1,1,1,0,0,1,1,1,0,0,0,0,0,0,0,4,4,4,4,4,4,4,3,3,4,1,2,2,2,1,2,1,2,1,1,2,2,2,2,1,1,2,1,2,2,1,1,1,1,1,1,1,0,0,1,1,2,2,1,2,1,1,2,2,1
syn_aggregate_01726,21,1.0,0,0,0,0,0,0,0,0,0,0,0,0,0,0,0,0,0,0,1,0,0,0,0,0,0,0,0,1,0,0,0,0,0,0,0,0,0,0,0,2,2,2,2,2,2,2,2,2,2,0,0,1,0,0,0,0,0,0,0,2,3,3,2,3,2,2,3,2,2
syn_aggregate_01727,21,1.0,3,3,3,3,3,3,3,3,2,1,1,1,0,1,1,0,1,1,0,1,2,1,1,2,1,1,2,1,3,4,4,4,4,4,3,4,4,3,3,4,4,4,4,4,4,4,4,3,4,1,1,1,1,1,2,2,1,1,1,3,4,4,3,4,3,4,4,3,3
syn_aggregate_01728,22,1.0,0,0,0,0,0,0,0,0,0,0,0,0,0,0,0,0,0,0,0,4,4,3,4,3,4,3,3,3,3,0,0,0,0,0,0,0,0,0,1,3,3,3,3,2,3,2,3,3,1,0,0,0,0,0,1,1,0,0,0,0,1,0,0,1,0,0,0,0,0
syn_aggregate_01729,45,2.0,3,3,3,3,3,3,3,1,0,1,1,2,1,2,1,1,1,0,0,2,2,2,2,1,2,2,2,2,2,4,4,4,4,4,4,4,4,3,3,3,3,2,3,2,2,2,2,3,2,1,1,0,0,0,1,0,0,0,1,1,4,4,2,3,3,3,3,2,2
syn_aggregate_01730,20,2.0,2,2,2,2,0,2,1,0,1,1,2,2,1,1,1,1,1,1,2,4,4,4,4,4,4,3,4,3,4,3,4,4,4,4,4,4,4,3,3,4,4,4,4,3,4,4,4,3,3,2,3,2,2,2,2,3,2,2,1,2,4,4,3,4,3,3,4,3,2
syn_aggregate_01731,19,1.0,0,1,0,0,0,0,0,0,0,1,2,1,1,2,1,1,1,1,2,4,4,4,4,4,4,4,4,3,4,2,3,2,2,2,2,3,3,2,2,1,1,0,1,0,0,0,0,0,0,1,2,1,1,1,1,2,1,1,2,0,0,0,0,0,0,0,0,0,2
syn_aggregate_01732,30,2.0,1,1,1,1,0,0,0,0,0,0,0,0,0,0,0,0,0,0,1,2,2,2,2,2,2,2,2,2,2,1,1,1,1,1,1,1,1,1,1,0,0,0,2,0,0,0,0,0,0,0,0,0,0,0,0,0,0,0,0,1,2,2,1,2,1,1,2,2,2
syn_aggregate_01733,47,2.0,2,2,2,2,1,2,1,0,1,1,1,1,0,1,0,1,1,0,0,2,2,1,2,2,2,1,1,1,1,4,4,4,4,4,4,4,4,3,3,4,4,4,4,3,4,4,4,3,4,2,2,2,2,2,3,2,2,2,2,1,3,3,2,3,3,3,3,3,2
syn_aggregate_01734,21,1.0,3,3,3,3,3,3,3,3,3,1,1,1,0,1,1,0,1,1,0,4,4,4,4,4,3,4,4,3,4,3,4,4,3,3,4,4,3,3,2,4,4,4,4,4,4,4,4,4,4,1,2,1,1,1,1,1,1,1,1,3,4,4,3,3,2,2,3,2,0
syn_aggregate_01735,20,1.0,3,3,2,2,2,1,1,0,1,2,3,2,2,2,3,2,2,2,1,3,3,3,3,3,3,3,3,3,3,3,4,4,3,3,3,3,3,3,3,4,3,3,4,3,4,3,3,3,2,2,2,2,1,1,1,1,1,1,1,3,4,4,3,4,3,3,3,3,1
syn_aggregate_01736,19,2.0,3,3,2,2,1,1,0,0,0,0,0,0,0,0,0,0,0,4,0,2,2,1,2,1,2,1,1,1,2,0,1,1,0,1,0,1,1,0,0,2,2,2,2,1,2,1,1,2,2,0,0,0,0,0,1,0,0,0,0,2,3,3,2,3,3,2,3,2,3
syn_aggregate_01737,19,1.0,3,3,3,3,3,3,2,2,2,1,2,2,1,1,1,1,0,0,0,4,4,4,4,4,3,4,4,4,3,4,4,4,4,4,4,4,3,3,2,4,4,4,4,3,3,3,2,3,1,0,0,0,0,0,0,0,0,2,0,4,4,4,4,4,4,3,4,4,4
syn_aggregate_01738,50,2.0,1,1,1,1,1,0,0,0,0,0,0,0,0,0,0,0,0,0,1,0,1,0,0,0,0,0,0,0,0,0,0,0,1,0,0,0,0,0,0,0,0,0,0,0,0,0,0,0,3,0,0,0,0,0,0,0,0,0,4,0,0,0,0,0,0,0,0,0,0
syn_aggregate_01739,19,1.0,3,3,3,3,3,3,3,3,3,3,4,3,2,3,2,2,2,2,1,4,4,4,4,4,4,4,4,4,4,4,4,4,4,4,4,4,4,4,4,4,4,4,4,4,4,4,4,4,4,3,3,3,4,3,4,3,3,2,2,4,4,4,4,4,4,4,4,4,4
syn_aggregate_01740,19,1.0,0,0,0,0,0,0,0,0,0,0,1,0,0,0,0,0,0,1,0,0,0,0,0,0,0,0,0,0,3,0,0,0,0,0,0,0,0,0,2,0,0,1,0,0,0,1,0,0,0,0,0,0,0,0,0,1,0,0,0,0,1,0,0,0,0,0,0,0,0
syn_aggregate_01741,27,2.0,2,2,1,2,0,1,0,0,0,0,1,0,0,0,0,0,0,0,1,3,3,3,3,3,3,3,2,3,2,2,2,2,2,2,1,2,1,1,2,3,3,3,3,2,3,3,2,3,3,0,0,0,0,0,0,0,0,3,0,4,4,4,3,4,3,3,4,3,3
syn_aggregate_01742,19,2.0,3,3,3,3,3,3,3,3,3,0,1,0,0,0,0,1,0,0,0,3,3,3,3,3,3,2,2,2,3,4,4,4,4,4,4,4,4,4,3,4,4,3,4,3,4,3,3,3,3,3,3,2,3,2,3,3,2,2,3,4,4,4,4,4,4,4,4,4,3
syn_aggregate_01743,23,2.0,3,3,2,3,1,2,2,1,0,0,0,0,0,0,0,0,4,0,0,1,1,0,1,0,1,0,0,0,0,3,4,4,4,4,4,4,3,4,2,2,2,1,2,1,2,1,2,1,2,0,0,0,0,0,0,0,0,0,0,3,4,4,3,4,4,4,4,4,4
syn_aggregate_01744,21,2.0,2,3,2,2,0,1,1,0,0,1,2,1,1,2,1,1,1,0,0,3,3,2,3,2,3,2,2,2,1,2,3,2,2,2,2,2,2,1,2,3,2,2,3,2,2,2,2,2,2,0,0,0,0,0,0,0,0,0,4,3,4,4,3,4,3,3,3,3,3
syn_aggregate_01745,20,2.0,3,3,3,3,2,2,0,0,0,1,1,1,1,1,1,0,1,0,0,0,0,0,0,0,0,0,1,0,0,1,1,0,1,0,0,1,1,1,2,0,1,0,1,0,0,0,0,0,0,1,1,1,1,1,0,0,0,0,0,3,4,3,2,3,2,2,3,3,1
syn_aggregate_01746,22,2.0,2,1,1,2,0,0,0,0,0,0,0,0,0,0,0,0,0,0,0,1,2,1,1,1,1,1,1,1,1,0,0,0,0,0,0,0,0,0,0,2,1,1,2,1,1,1,1,1,1,0,0,0,0,0,0,0,0,0,0,0,0,0,0,1,0,0,0,0,0
syn_aggregate_01747,23,2.0,3,3,2,3,2,2,1,1,1,1,1,1,0,0,0,0,0,0,0,4,4,4,3,4,4,4,3,3,2,4,4,4,4,4,4,4,4,3,3,3,4,3,3,3,3,3,3,3,3,0,0,0,0,0,1,0,0,0,0,4,4,4,4,4,4,4,4,4,4
syn_aggregate_01748,20,1.0,1,1,0,1,0,0,0,0,0,1,1,1,0,0,1,0,0,1,0,3,3,3,3,3,3,2,3,2,3,1,1,1,1,1,1,1,1,1,1,4,4,4,4,4,4,4,4,4,4,0,0,0,0,0,0,0,0,0,4,0,2,1,1,2,1,1,1,1,0
syn_aggregate_01749,21,1.0,2,2,1,2,1,2,0,0,0,0,0,0,0,0,0,0,0,1,2,2,2,2,2,1,1,2,2,2,2,2,3,3,2,2,2,2,3,2,1,3,3,3,3,3,4,3,3,2,3,0,0,0,0,0,0,0,0,2,0,3,4,4,3,4,3,2,3,3,1
syn_aggregate_01750,38,2.0,3,3,3,3,3,3,3,3,3,3,4,4,3,3,3,3,3,3,3,4,4,3,4,3,4,4,3,3,3,1,1,1,1,1,1,1,1,0,0,4,4,4,4,3,4,3,3,4,1,0,0,0,0,0,1,0,0,0,0,1,2,2,1,2,1,1,2,2,3
syn_aggregate_01751,23,1.0,1,1,1,0,0,0,0,0,0,0,0,0,0,0,0,0,0,0,0,0,0,0,0,0,0,0,0,0,0,1,2,1,1,1,1,1,0,0,0,1,1,0,1,0,0,0,0,0,0,0,0,0,0,0,0,0,0,0,0,0,0,0,0,0,0,0,0,0,1
syn_aggregate_01752,19,2.0,0,0,0,0,0,0,0,0,0,0,0,0,0,0,0,0,0,0,3,0,0,0,0,0,0,0,0,0,0,1,2,2,2,1,1,2,1,1,2,0,1,0,1,0,0,0,0,1,1,0,0,0,0,0,0,0,0,0,2,0,2,2,1,2,2,1,2,2,1
syn_aggregate_01753,18,2.0,3,3,2,2,2,1,1,0,1,0,0,0,0,0,0,0,0,0,1,3,3,3,4,3,3,2,3,2,2,3,3,3,3,3,3,2,3,2,3,1,1,1,1,0,0,0,0,1,0,1,1,1,1,1,1,1,1,0,0,4,4,4,4,4,4,4,3,4,4
syn_aggregate_01754,18,2.0,3,3,3,3,3,3,2,2,1,0,0,0,0,0,1,0,0,0,0,4,4,4,3,3,4,3,3,2,3,3,4,3,4,3,3,3,3,3,3,4,4,4,4,4,4,4,4,3,4,1,1,1,2,0,1,2,1,0,0,1,2,2,1,2,1,1,2,2,2
syn_aggregate_01755,19,1.0,3,3,2,2,1,2,1,0,1,0,0,0,0,0,1,0,0,0,0,1,1,1,1,0,1,0,0,0,0,4,4,4,4,4,3,3,4,2,4,1,0,0,1,0,0,0,0,0,0,1,2,1,1,1,1,2,1,1,2,2,3,3,2,3,3,2,3,3,2
syn_aggregate_01756,19,2.0,1,2,1,2,1,0,1,1,0,1,1,1,0,1,1,0,0,1,0,3,3,3,3,3,3,3,3,3,3,3,3,3,3,3,2,3,3,2,2,3,3,4,4,3,3,2,3,2,3,1,1,1,0,1,1,1,0,0,0,1,4,3,2,3,2,3,3,3,3
syn_aggregate_01757,18,1.0,3,3,2,3,2,3,1,0,0,0,0,0,0,0,0,0,0,0,0,1,1,1,1,1,0,1,0,0,0,0,0,0,0,0,0,0,0,2,0,1,1,1,1,0,0,0,0,0,0,0,0,0,0,0,1,0,0,0,0,0,1,0,0,0,0,0,0,0,0
syn_aggregate_01758,19,2.0,1,1,0,1,0,0,0,0,0,1,2,2,1,2,1,1,1,1,1,0,1,0,0,0,0,0,0,0,0,1,2,2,1,1,1,2,2,1,2,1,1,1,1,1,1,1,1,0,0,0,0,0,0,0,0,0,0,1,0,1,2,2,1,2,2,1,2,2,2
syn_aggregate_01759,19,2.0,3,3,3,3,2,3,2,2,2,0,0,0,0,0,0,0,0,4,0,4,4,4,4,4,4,4,4,4,4,3,4,4,3,3,3,3,4,3,3,4,4,4,4,3,4,4,3,4,2,1,2,1,1,1,1,0,1,1,1,2,4,4,3,4,3,3,4,3,3
syn_aggregate_01760,27,2.0,1,1,0,1,1,0,0,0,0,2,2,2,1,1,1,1,1,1,1,4,4,4,4,4,4,4,4,4,4,1,2,2,1,2,1,1,1,2,1,4,4,4,4,4,4,4,4,3,3,1,1,0,0,0,0,0,0,0,0,0,2,1,0,1,0,0,1,1,0
syn_aggregate_01761,36,2.0,1,1,0,1,0,0,0,0,0,0,0,0,0,0,0,0,0,1,2,4,4,4,4,4,4,4,4,4,4,1,2,2,1,2,2,2,1,2,1,3,3,2,3,2,3,2,2,2,3,1,1,0,1,0,1,1,0,0,0,1,3,3,1,3,2,2,3,2,2
syn_aggregate_01762,20,2.0,3,3,3,3,3,3,0,1,0,0,0,0,0,0,0,0,0,0,4,1,1,1,1,1,1,1,0,1,0,0,1,1,1,1,0,1,1,1,0,1,1,1,1,1,0,1,0,1,1,0,0,0,0,0,0,0,1,0,0,0,1,0,0,1,0,0,1,0,1
syn_aggregate_01763,39,2.0,0,0,1,0,0,0,0,0,0,3,3,4,3,3,3,2,3,4,2,3,3,3,3,3,2,2,2,2,2,2,2,2,2,2,1,2,2,1,2,3,4,3,4,3,3,2,2,2,2,2,2,2,1,1,1,2,1,1,1,3,4,4,3,4,4,4,3,3,3
syn_aggregate_01764,22,1.0,3,3,2,3,1,2,1,0,0,1,2,1,1,2,1,1,2,1,1,4,3,4,4,2,3,3,3,2,2,4,4,4,4,4,3,4,3,4,3,3,3,3,3,2,2,2,2,2,2,0,0,0,1,1,0,0,1,0,1,4,4,4,4,4,4,3,4,4,4
syn_aggregate_01765,21,1.0,2,3,2,3,2,0,0,2,0,1,2,1,1,1,1,1,1,2,2,2,2,2,2,2,2,2,2,2,2,3,4,4,3,3,2,2,3,1,0,4,4,4,4,3,4,3,3,3,2,0,0,0,0,0,0,0,0,4,0,4,4,4,3,4,4,4,4,4,3
syn_aggregate_01766,20,2.0,3,3,2,3,2,2,1,0,1,1,1,1,1,1,1,1,1,1,1,1,2,1,1,2,1,2,0,1,1,4,4,4,4,4,4,4,4,4,4,4,4,4,4,4,4,4,4,4,4,1,2,1,1,1,2,1,0,1,1,3,4,4,4,4,4,4,4,4,4
syn_aggregate_01767,28,2.0,1,1,1,1,0,0,0,0,0,0,0,0,0,0,0,0,0,0,3,0,0,0,0,0,1,0,0,0,0,0,0,0,0,0,0,0,0,0,0,0,0,0,0,0,0,0,0,0,2,0,0,0,0,0,3,0,0,0,0,0,0,0,0,0,0,0,0,0,0
syn_aggregate_01768,19,2.0,3,3,3,3,2,2,2,1,1,0,0,0,0,0,0,0,0,0,4,4,4,4,4,4,4,4,3,3,3,4,4,4,4,4,4,4,3,4,3,4,4,4,4,4,4,4,3,4,3,1,1,1,1,1,0,0,1,0,0,3,4,4,3,4,4,3,4,3,3
syn_aggregate_01769,19,2.0,2,2,1,1,1,1,1,0,0,1,1,1,1,1,0,1,0,1,2,0,1,0,0,0,0,0,0,0,0,0,0,0,0,0,0,0,0,0,0,1,0,0,0,0,0,0,0,0,0,0,0,0,0,0,0,0,0,1,0,0,0,0,0,0,0,1,0,0,0
syn_aggregate_01770,19,1.0,2,3,1,2,0,1,1,0,0,0,0,0,0,0,0,0,0,0,0,2,3,2,2,2,3,2,2,2,2,1,2,1,1,1,1,1,1,1,1,2,2,2,2,2,2,2,2,2,2,0,0,0,0,0,0,0,0,0,0,0,0,0,0,0,0,0,0,0,0
syn_aggregate_01771,21,2.0,2,2,2,2,1,1,1,0,0,2,1,1,1,1,1,1,1,1,1,4,4,4,4,4,3,3,3,3,3,1,1,2,1,1,1,1,1,0,0,4,4,3,4,3,4,3,3,2,3,0,0,0,0,0,0,4,0,0,0,2,4,4,2,4,3,3,4,3,1
syn_aggregate_01772,22,1.0,1,2,2,2,1,0,1,0,0,0,1,0,0,0,0,0,0,1,0,3,3,2,3,2,3,2,2,2,2,3,4,3,3,3,2,3,2,2,1,3,3,2,3,3,2,2,2,2,2,0,0,0,0,0,0,0,1,1,0,0,2,1,0,2,0,0,1,0,0
syn_aggregate_01773,19,2.0,3,3,2,3,2,2,1,1,0,0,0,0,0,0,0,0,0,0,0,2,1,1,1,1,2,0,1,1,2,0,1,1,0,1,0,1,1,0,0,1,1,0,1,1,1,0,1,1,1,0,0,0,0,0,0,0,2,0,0,1,2,2,1,2,1,1,2,2,1
syn_aggregate_01774,21,2.0,1,1,0,0,1,0,0,0,0,0,0,0,0,0,0,0,0,0,0,0,0,1,0,0,1,0,0,0,0,1,3,2,2,2,1,2,1,1,1,0,0,0,0,0,0,0,0,0,1,0,0,0,0,0,0,1,0,0,0,0,1,0,0,1,0,0,0,0,0
syn_aggregate_01775,19,1.0,2,2,2,2,1,2,1,0,1,0,0,0,0,0,0,0,0,0,4,1,2,1,1,1,2,0,0,0,0,0,0,0,0,0,0,0,0,0,0,2,2,2,2,2,2,2,2,2,2,1,1,1,0,1,0,0,0,0,0,1,2,2,1,2,2,1,2,2,2
syn_aggregate_01776,43,2.0,3,3,2,2,1,2,2,0,0,0,1,0,1,0,0,0,0,1,1,2,2,2,2,1,2,1,1,1,2,0,2,1,1,1,1,1,1,0,1,2,2,2,2,0,1,0,0,0,0,0,0,0,0,0,0,0,0,0,4,3,4,4,3,4,2,2,2,2,1
syn_aggregate_01777,20,1.0,1,0,0,0,0,0,0,0,0,0,0,0,0,0,3,0,0,0,0,0,0,0,0,0,1,0,0,0,0,0,1,1,1,1,0,1,1,1,0,0,0,0,0,0,0,0,1,0,0,0,0,0,0,0,4,0,0,0,0,0,1,0,0,0,0,0,0,0,0
syn_aggregate_01778,26,2.0,0,2,0,0,0,0,0,0,0,0,0,0,0,0,0,0,0,0,0,1,1,0,1,1,0,0,1,1,0,0,0,0,0,0,0,0,0,0,0,2,1,1,1,1,1,0,1,1,1,0,0,0,0,0,0,0,0,0,2,2,3,3,2,3,2,2,3,2,3
syn_aggregate_01779,19,2.0,3,2,2,2,1,2,1,0,1,1,1,1,0,1,1,1,0,1,1,2,2,2,2,2,2,2,2,2,2,2,3,3,2,2,2,2,3,1,3,1,1,0,1,0,0,0,0,0,0,0,0,0,0,0,0,0,4,0,0,1,3,3,1,3,2,2,3,2,2
syn_aggregate_01780,18,2.0,0,0,0,0,0,0,0,0,0,0,0,0,0,0,0,0,0,0,0,0,0,0,0,0,0,0,0,0,0,0,0,0,0,0,0,0,0,0,0,0,0,0,1,0,0,0,0,0,0,0,0,0,0,0,0,0,0,1,2,0,1,1,0,0,0,0,0,0,0
syn_aggregate_01781,22,1.0,0,1,0,0,0,0,1,0,0,0,0,0,0,0,0,0,0,0,1,1,1,1,1,1,2,1,1,1,1,0,0,0,0,0,1,0,0,0,0,0,0,0,0,0,0,0,0,0,0,0,0,0,0,0,0,0,0,0,0,0,0,0,0,0,0,0,0,0,0
syn_aggregate_01782,18,2.0,2,2,1,2,1,1,1,0,1,1,2,2,1,2,1,1,2,1,3,2,3,1,2,2,3,1,1,1,1,2,3,2,2,2,2,2,2,1,2,3,3,3,3,2,2,2,2,3,1,1,1,0,1,0,0,0,1,1,0,1,2,2,1,2,1,1,2,1,1
syn_aggregate_01783,20,1.0,3,3,2,3,2,2,2,1,1,1,2,1,1,1,0,1,0,1,0,3,3,3,3,3,3,3,3,2,2,1,1,1,0,1,1,2,1,1,1,3,3,2,3,2,2,2,2,1,1,0,1,0,0,0,1,0,0,0,0,0,2,0,0,0,0,0,0,0,0
syn_aggregate_01784,18,2.0,3,3,3,3,3,3,3,3,2,0,1,1,0,1,1,0,1,1,0,3,3,4,3,3,3,4,3,3,3,2,3,2,2,2,2,1,2,1,1,4,4,4,4,3,4,3,3,3,4,2,2,2,2,1,1,1,1,2,2,2,3,3,2,3,2,3,3,3,0
syn_aggregate_01785,22,2.0,3,3,2,3,2,2,2,0,0,0,0,0,0,0,0,0,0,0,0,3,2,2,2,1,2,2,2,2,1,4,4,4,4,4,4,3,3,4,4,0,0,0,0,0,0,0,0,0,0,1,1,1,1,1,1,1,1,1,1,2,4,4,3,4,4,4,4,4,3
syn_aggregate_01786,19,1.0,1,0,0,0,0,0,0,0,0,0,0,0,0,0,0,0,0,0,0,2,2,2,2,1,2,2,2,2,2,0,1,1,0,1,0,1,1,1,1,1,1,1,1,0,1,0,1,1,1,0,0,0,0,0,0,0,0,2,0,0,1,0,0,0,0,0,0,0,0
syn_aggregate_01787,19,2.0,1,0,0,1,0,0,0,0,0,0,0,0,0,0,0,0,0,0,0,4,4,4,4,3,4,4,3,3,4,0,0,0,0,0,0,0,0,0,2,2,1,1,2,0,1,0,1,1,2,0,0,0,0,0,0,0,0,1,0,0,0,0,0,0,0,0,0,0,2
syn_aggregate_01788,19,2.0,3,3,3,3,3,3,3,3,0,0,2,1,0,1,1,0,1,1,0,4,4,4,4,4,3,3,3,3,2,2,3,3,2,2,2,2,2,1,1,3,3,3,3,2,3,2,3,2,3,1,1,1,0,0,1,0,1,0,1,4,4,4,4,4,3,4,4,4,4
syn_aggregate_01789,18,2.0,1,2,1,1,1,1,0,0,0,0,1,0,0,0,0,0,0,0,0,0,0,0,0,0,0,0,0,4,0,0,1,0,0,0,0,0,1,0,0,0,0,0,0,0,0,0,0,0,0,0,0,0,0,0,0,0,0,0,0,0,0,0,0,0,0,0,1,1,1
syn_aggregate_01790,49,1.0,3,3,2,3,2,2,1,1,0,1,1,1,1,1,1,1,1,1,1,2,2,2,2,2,2,2,2,2,2,1,1,1,1,1,0,1,1,0,0,1,1,1,1,1,1,1,1,1,1,0,1,0,0,0,0,0,0,0,1,4,4,4,4,4,3,4,4,4,4
syn_aggregate_01791,26,1.0,1,1,0,1,0,1,1,0,0,1,1,1,0,0,0,0,0,0,0,3,4,3,3,4,4,3,2,3,3,2,3,2,2,2,3,2,2,2,1,0,0,0,1,1,0,0,1,0,0,0,0,0,0,0,0,0,0,0,0,0,1,1,0,1,1,1,1,1,1
syn_aggregate_01792,19,2.0,0,1,1,1,0,0,0,0,0,0,0,0,0,0,1,1,1,1,0,1,1,1,1,2,2,1,1,2,1,0,1,0,0,1,0,0,1,0,0,4,3,3,4,3,3,3,2,2,2,0,0,0,0,0,0,0,0,0,0,1,2,2,1,2,1,1,2,2,2
syn_aggregate_01793,26,2.0,3,3,3,3,2,3,3,1,1,0,0,0,0,0,0,0,2,0,0,4,4,4,3,3,4,4,3,3,1,4,4,4,4,4,4,3,3,4,2,3,3,3,3,2,2,2,2,3,3,0,0,0,0,0,0,0,0,0,0,3,4,4,3,4,4,4,4,4,4
syn_aggregate_01794,19,1.0,0,1,0,0,0,0,0,0,0,0,0,0,0,0,0,0,0,2,0,4,4,4,4,4,4,4,4,4,3,2,2,3,2,2,3,2,3,2,2,2,2,1,2,2,1,1,1,1,2,0,0,0,0,0,1,1,1,1,0,0,1,0,0,0,0,0,1,0,0
syn_aggregate_01795,19,1.0,3,3,3,3,3,3,3,3,3,2,3,2,2,2,2,2,2,3,2,4,4,4,4,4,4,4,3,3,4,4,4,4,4,4,4,4,4,4,4,3,3,3,3,2,2,2,2,2,2,1,1,1,0,1,1,1,1,1,0,4,4,4,4,4,4,4,4,4,4
syn_aggregate_01796,32,1.0,3,3,2,2,1,1,1,0,0,1,2,2,1,1,1,0,1,1,0,1,1,1,1,1,0,0,1,0,0,0,1,0,0,0,0,0,0,1,0,3,2,3,3,2,3,2,2,2,3,2,2,2,2,1,2,1,2,2,2,2,3,3,2,3,3,3,2,4,3
syn_aggregate_01797,19,1.0,2,2,1,2,0,1,1,0,0,0,0,0,0,0,0,0,0,0,4,3,3,2,3,2,3,2,2,2,2,4,4,4,4,4,4,4,4,3,3,3,3,3,3,2,3,3,2,3,1,1,1,1,0,1,0,2,1,0,1,3,4,4,3,4,3,3,4,3,4
syn_aggregate_01798,19,2.0,3,3,2,2,1,2,1,0,0,0,0,1,0,0,1,0,0,2,0,0,1,0,0,0,0,0,0,0,0,0,0,1,0,0,0,0,1,0,0,0,0,0,0,0,0,0,0,1,0,0,0,0,0,0,0,0,0,4,0,0,1,1,0,1,0,0,1,1,0
syn_aggregate_01799,19,2.0,1,2,1,1,0,1,1,0,0,0,0,0,0,0,0,0,0,0,2,4,4,4,4,4,4,4,4,4,3,2,3,2,3,2,2,2,2,2,2,4,4,4,4,3,3,3,3,4,3,1,1,1,0,0,0,1,0,0,1,3,4,4,3,4,4,3,4,4,4
syn_aggregate_01800,21,2.0,1,2,1,1,0,1,0,0,0,0,0,0,1,0,0,0,0,0,0,4,4,4,4,4,4,3,3,4,3,3,4,3,3,3,2,2,3,2,2,4,4,4,4,3,3,3,3,3,1,1,1,1,1,1,2,2,1,1,2,0,2,2,1,2,2,1,2,2,2
syn_aggregate_01801,19,2.0,3,3,3,3,3,3,2,1,0,0,0,0,0,0,0,0,0,2,0,1,1,1,1,1,2,2,1,1,2,0,2,1,2,1,1,2,1,0,0,2,1,1,2,1,0,0,0,0,0,0,0,0,0,0,0,0,0,4,0,0,1,0,0,0,0,0,0,0,0
syn_aggregate_01802,19,2.0,3,3,2,2,2,3,0,0,0,0,0,0,0,0,0,0,0,3,0,1,1,1,1,1,1,1,1,1,2,1,1,1,1,1,1,1,1,1,1,2,2,2,3,2,1,1,1,2,1,0,0,0,0,0,1,1,0,0,0,1,2,2,1,2,2,1,2,2,1
syn_aggregate_01803,20,1.0,3,3,3,3,3,3,3,3,3,1,1,1,1,0,1,0,0,1,0,4,4,4,4,4,4,4,3,3,3,4,4,4,4,4,4,4,4,4,4,4,4,4,4,4,4,4,4,3,4,1,1,1,0,1,1,0,0,0,1,4,4,4,4,4,4,4,4,4,4
syn_aggregate_01804,20,2.0,2,3,2,3,2,2,3,0,0,0,0,0,0,0,0,0,0,0,0,2,2,2,2,1,2,1,2,2,0,3,3,3,3,3,2,2,2,3,3,1,1,0,1,0,0,0,0,0,0,0,0,0,0,0,0,0,0,0,4,0,0,0,0,0,0,0,0,0,0
syn_aggregate_01805,19,2.0,1,1,1,1,0,0,0,0,0,0,0,0,0,0,0,0,0,0,0,0,0,1,0,0,0,0,0,0,0,0,1,0,0,0,0,1,0,0,0,0,0,0,0,0,1,0,0,0,0,0,0,0,0,0,0,0,0,1,0,0,0,0,0,0,0,0,0,0,0
syn_aggregate_01806,21,2.0,3,3,2,3,2,3,2,1,2,1,1,1,0,1,1,0,1,1,0,2,2,2,1,1,2,1,1,1,1,4,4,4,4,4,4,3,4,4,3,2,1,0,2,1,0,0,1,0,1,0,0,0,0,0,0,0,0,0,4,4,4,4,4,4,3,4,4,3,3
syn_aggregate_01807,20,2.0,1,2,1,1,0,0,0,0,0,0,0,0,0,0,0,0,0,0,0,2,2,2,2,1,2,2,1,2,2,0,2,1,0,1,1,1,0,0,0,3,3,3,4,3,2,2,2,3,3,0,0,0,0,0,0,0,0,0,0,0,0,0,0,0,0,0,1,1,0
syn_aggregate_01808,44,2.0,3,3,3,3,2,3,2,0,0,0,0,0,0,0,0,0,0,0,1,0,0,0,0,0,0,0,0,0,0,0,1,1,0,1,1,0,1,0,0,2,2,1,2,1,1,1,1,1,1,0,0,1,0,0,0,0,0,0,0,0,0,0,0,0,0,0,1,0,1
syn_aggregate_01809,44,1.0,2,3,2,2,1,2,0,0,0,0,0,0,0,0,0,0,0,3,0,0,0,0,0,0,1,0,0,0,0,0,1,1,0,1,1,1,1,0,0,0,0,0,0,0,0,0,0,2,0,0,1,0,0,0,0,0,0,0,0,0,2,2,1,2,1,1,2,1,2
syn_aggregate_01810,26,2.0,1,1,0,1,0,0,0,0,0,0,0,0,0,0,0,0,0,0,3,3,2,2,3,1,3,2,2,1,3,2,3,2,2,2,2,2,2,2,2,1,1,1,1,0,2,1,1,1,1,0,0,0,0,0,0,0,0,0,3,2,4,4,2,4,3,3,3,3,3
syn_aggregate_01811,20,1.0,3,3,3,3,3,3,3,0,1,0,1,0,0,0,0,0,0,0,0,4,4,4,4,3,4,4,3,3,2,4,4,4,4,4,4,3,4,3,3,4,4,4,4,4,4,4,4,3,3,1,2,1,1,1,2,1,1,1,1,1,3,3,2,3,2,2,2,2,2
syn_aggregate_01812,21,1.0,1,1,1,1,0,1,0,0,0,0,0,0,0,0,0,0,0,0,1,1,1,0,1,1,1,0,1,1,1,0,1,1,0,1,0,0,1,0,0,2,2,1,2,1,1,0,0,1,0,1,2,1,1,1,1,1,1,2,1,0,0,0,0,0,0,0,0,0,0
syn_aggregate_01813,37,2.0,1,1,1,1,0,0,0,0,0,1,1,1,0,1,1,0,0,1,0,3,3,2,3,2,2,2,2,1,2,3,4,4,3,4,3,3,3,2,3,2,3,2,2,1,2,2,2,1,2,2,2,2,2,2,2,2,2,1,2,0,2,2,0,2,1,0,1,1,1
syn_aggregate_01814,22,2.0,3,3,2,3,2,3,2,2,0,0,0,1,0,0,0,0,0,0,0,2,3,2,3,2,2,2,3,2,2,2,3,2,2,2,2,2,2,1,2,3,3,2,3,2,2,3,1,2,3,0,0,0,0,0,0,0,0,0,0,3,4,4,3,4,3,3,3,3,2
syn_aggregate_01815,21,2.0,0,1,0,0,0,0,0,0,0,0,0,0,0,0,0,0,0,1,1,2,2,2,2,2,2,1,1,1,2,0,0,0,0,0,0,0,0,0,2,1,1,1,1,1,0,0,0,1,0,0,0,0,0,0,0,0,0,0,0,2,2,2,1,2,2,2,2,2,2
syn_aggregate_01816,19,2.0,3,3,3,3,2,2,2,0,0,0,1,0,1,0,0,0,0,0,0,1,1,1,1,2,2,1,1,1,1,3,4,4,3,3,3,3,3,3,3,1,2,1,2,1,1,1,1,1,2,0,0,0,0,0,0,0,0,0,4,0,1,0,0,0,0,0,0,0,0
syn_aggregate_01817,22,2.0,3,3,3,3,3,3,3,3,2,0,0,0,0,0,0,0,0,4,0,3,3,2,3,2,3,2,2,2,2,3,4,4,3,3,4,4,4,3,3,4,4,3,4,3,3,3,3,4,2,1,1,0,0,0,0,0,0,0,0,1,3,3,1,3,2,2,2,2,2
syn_aggregate_01818,19,1.0,1,2,1,1,1,0,0,0,0,0,0,0,0,0,0,0,0,0,0,1,1,1,1,0,2,1,0,1,0,0,0,0,0,0,0,0,0,0,0,0,0,0,0,0,0,0,0,0,1,0,0,0,0,0,0,0,0,0,0,0,0,0,0,0,0,0,0,1,0
syn_aggregate_01819,20,1.0,3,3,2,1,1,1,0,0,0,0,1,0,0,0,0,0,0,0,0,1,1,1,1,1,0,1,0,1,2,0,0,0,0,0,0,0,0,0,0,0,0,0,1,0,0,0,0,0,0,0,0,0,0,0,0,0,0,0,2,0,1,0,0,0,0,0,0,0,0
syn_aggregate_01820,21,1.0,0,1,0,0,0,0,0,0,0,0,0,0,0,0,0,0,0,0,0,1,1,0,0,0,1,1,0,0,1,0,0,0,0,0,0,0,0,0,0,1,0,0,0,0,0,0,0,0,0,0,0,0,0,0,0,0,0,0,2,0,0,0,0,0,0,0,0,0,0
syn_aggregate_01821,24,2.0,3,3,3,3,3,3,3,2,3,0,0,0,0,0,0,0,0,0,2,4,4,4,4,4,4,4,3,4,3,2,3,3,2,3,2,2,2,2,2,3,2,2,3,2,2,2,2,3,1,0,0,1,0,0,0,0,0,0,0,3,4,4,3,4,4,4,4,4,4
syn_aggregate_01822,21,2.0,2,2,1,2,1,2,1,0,0,0,0,0,0,0,0,1,0,0,0,0,0,0,0,0,1,0,0,0,0,3,3,3,3,3,3,3,3,2,2,1,1,0,1,0,0,0,0,1,0,0,0,0,0,0,0,0,0,0,4,2,4,3,3,4,3,3,4,3,3
syn_aggregate_01823,23,2.0,3,3,2,2,2,2,1,1,1,1,2,1,1,2,1,1,1,1,2,3,4,3,4,3,4,3,3,3,3,4,4,4,4,4,4,4,4,3,2,3,2,2,3,2,2,1,2,2,3,0,0,0,0,0,0,3,0,0,0,3,4,4,3,4,4,4,4,4,3
syn_aggregate_01824,46,2.0,3,3,3,3,3,3,3,3,3,0,0,0,0,0,0,0,0,0,4,1,1,1,1,1,1,1,1,1,1,4,4,4,4,4,4,4,4,3,4,4,4,4,4,4,3,4,3,4,3,1,1,1,1,1,1,1,1,1,1,4,4,4,4,4,4,4,4,4,4
syn_aggregate_01825,22,2.0,3,3,2,3,2,1,2,0,0,2,2,1,1,1,2,1,1,1,2,4,4,4,4,4,4,4,4,4,4,4,4,4,4,4,4,4,4,4,4,4,4,4,4,3,4,4,4,4,4,1,2,2,1,1,2,2,1,1,1,4,4,4,3,4,3,4,4,4,2
syn_aggregate_01826,19,1.0,3,3,3,3,2,3,0,0,2,0,0,1,0,0,0,0,0,0,0,3,4,3,3,3,3,2,3,3,1,3,4,3,3,3,3,3,2,2,2,2,2,2,2,1,1,1,2,1,2,1,0,0,0,0,2,0,0,0,0,4,4,4,4,4,4,4,4,3,4
syn_aggregate_01827,19,1.0,3,3,2,3,1,2,1,1,1,2,3,3,1,2,2,1,2,2,3,4,4,4,4,4,4,4,4,4,4,3,4,4,4,3,3,3,3,4,3,4,4,4,4,4,4,4,4,4,4,2,2,1,1,1,2,0,1,1,3,4,4,4,3,4,4,4,4,3,4
syn_aggregate_01828,19,2.0,1,0,0,0,0,0,0,0,0,0,0,0,0,0,0,0,4,0,0,1,1,1,1,1,1,2,1,1,1,3,4,4,3,3,3,4,3,3,2,4,4,4,4,4,4,4,4,4,3,0,1,0,0,0,0,0,0,0,3,0,1,1,0,1,0,0,0,0,0
syn_aggregate_01829,20,1.0,0,1,0,0,0,0,0,0,0,0,0,1,0,0,0,0,0,0,0,0,0,0,0,0,0,0,0,0,0,0,0,0,0,0,0,0,0,0,0,0,0,0,0,0,0,0,4,0,0,0,1,0,0,0,0,0,0,0,0,0,1,0,0,1,0,0,0,0,0
syn_aggregate_01830,50,2.0,2,2,1,1,1,1,1,0,0,0,0,0,0,0,0,0,0,1,0,0,0,0,0,0,2,0,0,0,0,0,1,1,1,1,1,1,1,1,0,1,1,1,1,1,1,1,1,1,1,0,0,0,0,0,0,0,0,4,0,1,3,2,1,2,2,1,2,2,1
syn_aggregate_01831,18,2.0,2,2,2,2,1,2,1,1,0,0,0,0,0,0,0,0,0,0,2,0,1,0,0,0,0,1,0,0,2,0,0,0,0,0,0,0,0,0,3,3,3,2,3,2,2,2,1,2,2,0,1,0,0,0,0,0,0,0,0,2,4,4,2,4,3,3,4,3,4
syn_aggregate_01832,19,1.0,3,3,2,3,1,2,1,1,1,1,2,1,1,1,1,1,1,1,0,1,1,0,1,0,1,0,1,1,0,0,1,1,1,1,1,1,2,1,0,1,1,1,1,1,0,1,0,1,1,1,1,1,1,0,1,0,0,0,0,1,3,2,1,3,2,2,3,2,1
syn_aggregate_01833,27,1.0,2,3,2,2,1,2,1,0,0,0,0,0,0,0,0,0,0,0,1,4,4,4,4,4,4,3,4,3,3,1,2,2,1,2,1,2,2,1,1,1,1,1,1,1,1,0,0,1,1,0,0,0,0,0,0,0,0,0,0,0,0,0,0,0,0,0,1,1,0
syn_aggregate_01834,21,1.0,2,2,1,2,1,2,1,0,0,0,1,1,0,1,0,0,1,1,0,3,4,3,3,2,4,3,3,3,2,0,0,0,0,0,0,0,0,0,0,4,4,4,4,3,3,3,3,3,3,1,1,0,0,0,1,0,0,0,0,1,3,3,1,3,1,2,2,2,3
syn_aggregate_01835,24,2.0,3,3,2,3,1,2,1,0,0,0,0,0,0,0,0,0,0,0,0,4,4,4,4,4,4,3,3,4,4,4,4,4,4,4,4,4,4,3,3,2,2,2,2,1,2,1,2,1,2,0,2,0,0,0,0,0,0,0,0,4,4,4,3,4,4,4,4,4,2
syn_aggregate_01836,20,1.0,1,1,0,1,0,0,0,0,0,2,1,2,1,1,1,1,2,1,2,3,3,3,3,3,2,2,2,2,3,1,1,1,1,0,0,1,0,1,1,4,3,4,4,3,3,4,2,3,1,1,1,1,1,1,1,1,1,1,1,4,4,4,4,4,3,4,4,3,3
syn_aggregate_01837,18,2.0,3,3,2,3,2,3,2,1,1,1,2,1,1,1,1,0,1,1,0,4,4,4,3,4,3,3,3,4,4,0,1,1,0,1,1,1,1,0,0,4,4,4,4,3,4,4,3,4,2,1,1,1,1,1,1,0,1,1,1,1,3,2,1,2,1,1,2,1,1
syn_aggregate_01838,22,2.0,0,2,0,0,0,0,0,0,0,0,0,0,0,0,0,0,0,0,2,3,3,3,3,3,3,3,3,3,3,1,2,1,1,2,1,2,1,1,2,0,1,0,0,0,0,0,0,0,0,0,0,0,0,0,0,0,0,0,3,3,4,3,3,4,3,3,4,3,3
syn_aggregate_01839,22,2.0,1,1,0,1,1,0,1,0,0,0,0,0,0,0,0,0,0,0,0,0,0,0,0,0,0,0,0,0,0,0,0,0,0,0,2,0,0,0,0,1,1,0,1,0,0,0,0,0,0,0,0,0,0,0,0,0,0,0,0,0,0,0,0,0,0,0,0,0,0
syn_aggregate_01840,35,1.0,1,0,0,0,0,0,0,0,0,0,0,0,0,0,0,0,0,0,1,0,1,0,0,1,1,1,0,0,0,0,1,0,0,0,0,1,0,0,0,2,1,2,2,1,1,0,1,1,0,0,0,0,0,0,0,0,0,0,3,0,1,1,0,0,0,0,1,0,0
syn_aggregate_01841,42,2.0,3,3,3,3,2,3,2,1,1,0,0,0,0,0,0,0,0,0,1,3,4,4,3,4,4,4,4,3,3,3,3,3,3,3,3,2,3,2,3,4,3,4,4,3,3,3,2,3,3,0,0,0,0,0,0,0,0,0,0,2,4,4,2,4,3,3,4,3,4
syn_aggregate_01842,22,1.0,3,3,1,2,0,2,1,0,0,0,0,0,0,0,0,0,0,0,2,1,1,0,1,0,1,0,0,0,0,2,3,3,2,2,2,3,2,2,1,4,4,3,4,3,3,2,2,2,3,0,1,0,0,0,0,0,0,0,1,1,3,2,1,3,1,1,2,2,1
syn_aggregate_01843,47,2.0,3,3,2,3,2,2,2,0,0,1,2,1,0,1,1,0,1,2,0,4,4,4,4,4,4,3,4,3,3,4,4,4,4,3,4,3,4,3,3,4,4,4,4,3,4,4,3,4,4,1,1,1,0,0,1,0,1,1,1,0,2,2,0,1,1,1,2,1,1
syn_aggregate_01844,22,2.0,0,0,0,0,0,0,0,0,0,0,0,0,0,0,0,0,0,0,0,1,1,1,1,1,2,2,1,1,1,0,1,1,0,0,0,1,1,0,0,3,3,3,3,3,3,2,2,2,2,0,0,0,0,0,0,0,0,0,0,0,1,0,0,0,0,0,0,0,0
syn_aggregate_01845,19,2.0,3,3,2,3,2,1,1,0,0,1,1,1,1,1,1,1,1,1,1,4,4,4,4,4,4,3,4,4,4,2,3,2,2,2,2,2,3,2,2,4,4,4,4,3,4,4,4,3,4,0,1,1,0,0,1,1,0,0,1,2,4,4,3,4,3,3,4,3,3
syn_aggregate_01846,18,1.0,3,3,3,3,2,3,2,2,2,1,1,1,0,1,1,0,1,0,0,1,2,1,1,1,1,1,1,1,1,4,4,4,4,4,3,4,4,4,2,4,4,3,4,3,3,3,3,3,2,1,2,2,1,1,2,2,1,1,1,0,2,1,0,2,1,1,2,1,0
syn_aggregate_01847,30,1.0,2,2,2,2,2,1,1,0,0,0,1,0,0,0,0,0,0,0,0,2,2,2,3,2,3,2,2,1,2,0,1,1,2,2,1,1,2,2,2,0,0,0,1,0,0,0,0,0,1,0,0,0,0,0,0,2,0,0,0,2,4,4,3,4,3,3,4,3,2
syn_aggregate_01848,22,2.0,3,3,2,2,0,1,1,0,0,0,0,0,0,0,0,0,0,0,4,3,3,3,2,2,3,2,3,2,3,4,4,4,4,4,4,4,4,3,3,2,2,2,2,2,1,1,1,0,0,1,1,1,1,1,1,1,1,1,1,3,4,4,3,4,3,3,4,4,3
syn_aggregate_01849,19,2.0,0,1,0,1,0,0,0,0,0,0,0,0,0,0,0,0,0,0,0,0,0,0,0,0,0,0,0,0,2,1,2,1,0,1,1,1,1,1,0,1,1,1,1,0,0,1,0,1,0,0,0,0,0,0,0,0,0,0,0,0,0,1,0,0,0,0,0,0,1
syn_aggregate_01850,,2.0,3,3,2,2,1,1,1,0,0,1,1,1,0,0,1,1,0,0,0,4,4,4,4,3,4,4,3,4,3,0,1,1,0,1,1,1,0,1,0,3,2,2,3,2,2,2,2,2,2,0,0,0,0,0,0,0,0,0,1,0,2,2,1,2,1,2,2,2,3
syn_aggregate_01851,21,2.0,1,1,1,0,0,0,0,0,0,0,1,0,0,0,0,0,0,0,0,0,0,0,1,0,0,0,0,1,0,1,2,1,1,1,1,1,1,0,0,1,1,1,1,2,1,0,1,0,1,0,0,0,0,0,0,0,0,0,0,1,3,2,1,2,2,2,2,2,2
syn_aggregate_01852,36,2.0,2,2,2,3,1,0,1,0,0,0,0,0,0,0,0,0,4,0,0,0,0,0,0,0,0,0,0,3,0,4,4,4,4,4,3,4,4,3,3,4,4,4,4,4,4,4,4,3,3,1,1,1,1,1,1,2,1,1,1,1,3,3,1,3,2,2,2,2,2
syn_aggregate_01853,40,2.0,2,2,2,2,1,2,2,1,0,0,0,0,0,0,1,0,0,0,0,4,4,3,4,3,3,3,3,4,1,2,3,3,2,3,3,2,3,2,2,2,1,1,2,1,0,0,0,1,2,0,1,0,0,0,0,0,0,0,0,0,1,0,0,1,0,0,0,0,0
syn_aggregate_01854,21,1.0,2,2,2,2,2,1,1,0,1,0,0,0,0,0,0,0,0,3,0,3,3,3,3,3,3,2,3,3,2,2,3,2,2,2,2,2,2,2,2,2,2,2,2,2,2,1,1,2,2,0,0,0,0,0,1,0,0,0,0,2,4,4,2,4,2,3,3,3,2
syn_aggregate_01855,34,2.0,3,3,2,3,2,3,2,1,1,0,1,0,0,0,0,0,0,1,0,0,0,0,0,0,0,0,1,2,1,4,4,4,4,4,4,3,3,3,4,2,3,2,3,2,2,1,3,2,1,0,0,0,0,0,1,0,1,0,0,0,1,0,0,1,0,0,0,0,0
syn_aggregate_01856,39,2.0,2,2,2,2,1,1,0,0,0,0,1,0,0,0,0,0,0,0,0,3,4,3,3,2,4,4,3,2,2,2,2,2,2,2,1,1,2,1,1,4,4,4,4,3,3,3,3,3,2,1,1,1,0,1,1,1,1,1,1,4,4,4,4,4,4,4,4,4,4
syn_aggregate_01857,20,2.0,0,0,0,0,0,0,0,0,0,0,0,0,0,0,0,0,0,0,2,0,0,0,0,0,0,0,0,0,2,2,3,2,2,2,2,2,2,1,1,3,2,2,3,2,2,2,1,2,1,1,1,1,0,1,1,0,0,1,1,0,2,1,0,1,0,0,1,1,0
syn_aggregate_01858,19,2.0,1,2,1,1,0,1,1,0,0,0,0,0,0,0,0,0,0,0,4,0,0,0,0,0,0,0,0,0,0,0,0,0,0,0,0,0,0,0,3,0,0,0,0,0,0,0,0,3,0,0,0,0,0,0,0,0,0,0,0,0,2,1,0,1,0,0,1,1,0
syn_aggregate_01859,46,1.0,0,0,1,1,1,0,0,0,0,0,0,0,0,0,0,0,2,0,0,4,4,4,4,4,4,3,3,4,3,3,4,4,3,3,4,3,3,3,2,2,2,2,2,1,1,1,1,0,1,0,0,0,0,0,0,0,0,0,3,0,0,0,0,2,0,0,0,0,0
syn_aggregate_01860,19,1.0,2,2,1,1,1,1,0,0,0,0,0,0,0,0,0,0,0,0,3,4,4,4,3,3,4,4,3,3,3,1,2,2,1,2,1,2,2,2,2,3,3,3,3,3,3,3,3,3,3,0,0,0,0,0,0,0,0,0,1,1,3,3,1,3,2,2,2,3,2
syn_aggregate_01861,19,2.0,2,2,1,2,1,1,1,0,0,0,0,0,0,0,0,0,4,0,0,3,3,3,3,3,2,3,4,3,1,0,1,1,1,1,0,0,1,0,0,3,3,3,3,2,3,2,2,3,3,1,0,1,1,0,0,0,0,0,0,2,3,3,1,3,2,2,2,1,1
syn_aggregate_01862,28,2.0,3,3,2,3,2,2,2,1,1,0,0,0,0,2,0,0,0,0,0,3,3,2,3,2,3,2,2,3,2,3,3,3,3,3,2,2,2,2,3,4,4,4,4,3,4,3,4,4,2,0,0,0,0,0,1,0,2,0,0,0,1,0,0,0,0,0,0,0,0
syn_aggregate_01863,46,2.0,3,3,3,3,3,3,3,3,3,2,2,2,1,1,1,1,1,1,0,4,4,4,4,4,3,4,4,3,3,4,4,4,4,4,4,4,4,4,4,4,4,3,4,3,4,4,4,3,2,1,2,1,1,1,2,1,1,1,1,4,4,4,4,4,4,4,4,4,3
syn_aggregate_01864,19,1.0,3,3,2,2,2,2,0,0,0,0,0,0,0,0,0,0,0,0,3,4,4,4,4,3,4,4,4,4,4,3,3,3,3,3,3,3,3,3,3,4,3,3,4,3,3,3,3,3,3,0,0,0,0,0,0,0,0,1,0,1,3,2,1,2,1,1,2,1,2
syn_aggregate_01865,22,2.0,2,3,2,2,0,1,0,0,0,0,0,0,0,0,0,0,0,0,3,0,0,0,0,0,0,1,0,2,0,0,0,0,0,0,0,0,0,0,4,3,3,3,3,2,2,2,2,2,2,0,0,0,0,0,0,0,0,0,4,0,1,1,0,1,0,0,1,1,0
syn_aggregate_01866,20,2.0,2,2,1,2,1,0,0,0,0,0,0,1,0,1,0,0,0,0,0,1,2,1,1,1,2,1,1,1,2,3,4,4,3,3,4,3,3,3,2,2,2,1,1,1,1,0,1,1,0,0,0,0,0,0,1,0,0,1,0,0,2,2,0,2,1,1,2,2,3
syn_aggregate_01867,23,2.0,3,3,3,3,2,3,2,1,2,3,4,4,3,3,3,3,3,3,3,2,2,1,2,1,1,0,1,1,0,1,1,1,1,1,0,1,1,0,1,4,4,4,4,3,4,3,3,3,3,0,0,0,0,0,0,0,0,0,3,3,4,4,3,4,3,3,3,4,1
syn_aggregate_01868,20,2.0,3,3,3,3,3,3,3,3,1,1,2,2,1,1,1,1,1,2,2,4,4,4,4,4,4,4,3,3,4,3,3,3,3,3,3,3,3,3,3,2,2,2,3,2,2,1,2,2,2,2,2,2,1,2,2,1,2,1,1,4,4,4,4,4,4,4,4,3,4
syn_aggregate_01869,22,2.0,2,2,1,1,1,1,1,0,0,0,0,0,0,0,0,0,0,4,0,2,2,1,2,2,2,1,2,1,2,2,3,2,2,2,2,2,1,2,2,3,3,4,4,3,2,3,2,3,4,1,1,1,1,1,0,0,0,0,0,1,2,2,1,2,2,1,2,2,1
syn_aggregate_01870,19,2.0,3,3,2,3,1,1,0,0,1,0,1,0,0,0,0,1,0,0,0,1,2,1,1,1,2,1,1,1,1,4,4,4,4,3,3,4,4,4,1,1,1,0,1,1,0,0,0,0,0,0,0,0,0,0,1,0,0,1,0,0,1,1,0,1,1,0,1,1,0
syn_aggregate_01871,22,1.0,3,3,3,3,2,3,2,2,3,0,0,0,0,0,0,0,0,0,3,0,0,0,0,0,0,0,0,4,0,3,4,4,3,3,3,3,3,2,2,2,1,1,2,0,1,0,0,1,2,0,1,0,0,0,0,0,0,1,0,0,1,1,0,1,1,0,1,1,0
syn_aggregate_01872,20,2.0,1,1,0,1,0,0,0,0,0,0,0,1,0,0,0,0,0,0,0,2,3,2,3,2,3,2,2,2,1,3,3,3,2,3,2,3,2,2,1,0,0,0,1,0,0,0,0,0,0,1,1,1,1,1,0,1,0,0,0,0,0,0,0,0,0,4,0,0,0
syn_aggregate_01873,20,2.0,1,2,1,2,0,0,0,0,0,0,0,0,0,0,0,0,0,0,2,4,4,3,4,3,4,4,3,3,3,3,3,3,3,3,3,3,2,2,3,4,4,4,4,4,4,4,4,4,4,0,1,1,0,1,1,1,0,0,1,0,2,1,0,2,0,0,1,1,0
syn_aggregate_01874,36,2.0,2,3,2,2,1,1,1,0,0,1,2,2,1,1,1,0,1,2,0,4,4,4,4,4,4,4,3,4,4,2,3,2,2,2,2,3,2,1,2,0,1,2,2,2,2,1,1,1,2,0,0,0,0,0,0,0,0,0,4,0,2,2,0,2,1,1,2,1,0
syn_aggregate_01875,43,1.0,0,1,0,1,0,0,0,0,0,0,0,1,0,0,0,0,0,0,0,1,2,1,2,1,1,1,0,1,0,0,1,0,0,0,0,0,0,0,0,0,0,0,0,0,0,0,0,4,0,0,0,0,0,0,0,0,0,0,0,0,0,0,0,0,0,0,0,0,0
syn_aggregate_01876,22,2.0,3,3,2,3,2,3,2,2,2,0,0,0,0,0,0,0,0,0,3,1,1,0,1,1,1,1,0,1,1,4,4,4,4,4,4,4,4,3,3,2,2,1,2,1,2,1,2,1,3,1,1,1,1,1,1,1,1,1,2,3,4,4,3,4,2,2,4,3,2
syn_aggregate_01877,35,1.0,1,1,1,1,1,0,0,0,0,0,0,0,0,0,0,0,0,0,1,2,2,2,2,1,2,1,1,2,2,1,1,1,1,1,1,1,1,0,1,0,0,0,0,0,3,0,0,0,0,0,0,0,0,0,0,0,0,0,0,0,1,1,0,1,1,1,0,1,1
syn_aggregate_01878,20,2.0,2,3,2,3,2,3,2,1,1,1,2,1,1,1,1,0,1,1,1,4,4,3,4,4,4,4,3,4,4,4,4,4,4,4,4,4,4,4,4,4,4,4,4,4,4,4,4,4,3,0,0,0,0,0,0,0,0,0,4,3,4,4,4,4,4,3,4,3,4
syn_aggregate_01879,20,1.0,0,1,0,0,0,0,0,0,0,0,0,0,0,0,1,1,0,0,0,2,2,2,2,2,2,2,2,1,2,0,0,0,0,0,0,0,0,0,0,2,2,2,2,2,2,2,2,2,2,0,0,0,0,0,0,0,3,0,0,0,0,0,0,0,0,0,0,0,0
syn_aggregate_01880,22,2.0,1,1,1,0,0,0,0,0,0,0,0,0,0,0,0,0,0,0,0,1,1,0,1,1,1,1,0,0,0,0,0,0,0,1,0,1,0,0,0,0,0,0,2,0,0,0,0,0,0,0,0,0,0,0,0,0,0,0,0,0,2,1,0,1,0,0,1,0,0
syn_aggregate_01881,24,1.0,3,3,2,3,2,2,2,1,1,0,0,0,1,0,0,1,0,0,0,2,2,2,2,2,3,3,2,2,2,2,3,3,2,2,2,2,2,2,2,3,3,3,4,3,3,2,3,3,2,0,0,0,0,0,0,1,0,0,0,0,0,0,0,0,0,0,1,2,0
syn_aggregate_01882,22,2.0,2,2,1,2,1,1,0,0,0,0,1,0,0,0,0,1,0,0,1,2,2,1,2,1,2,2,1,2,2,2,2,2,2,2,2,2,2,1,1,2,2,2,2,1,1,1,1,1,2,0,0,0,0,0,0,0,0,3,0,0,0,0,0,0,0,0,0,0,1
syn_aggregate_01883,29,2.0,1,1,1,1,1,1,1,0,0,0,0,0,0,0,0,0,0,0,0,1,1,1,1,0,1,0,0,0,1,3,4,4,3,3,3,3,4,3,2,0,0,0,0,0,0,0,0,0,0,0,0,0,0,0,0,0,0,0,0,1,3,3,1,3,2,2,2,2,2
syn_aggregate_01884,19,2.0,3,3,3,3,3,3,3,1,1,0,0,0,0,0,0,0,3,0,0,1,1,1,1,0,1,1,0,1,1,0,1,1,0,0,1,0,1,0,0,4,3,3,4,3,3,3,3,3,3,0,0,0,0,0,0,0,0,0,1,2,4,3,2,4,2,3,3,2,1
syn_aggregate_01885,27,2.0,3,3,3,3,3,3,3,0,0,1,1,1,1,0,0,0,0,0,0,3,3,2,3,2,3,2,2,2,3,4,4,4,4,4,4,4,4,4,3,3,3,3,3,2,2,2,2,2,2,2,2,2,1,2,2,2,1,2,2,2,4,4,2,4,3,3,3,3,3
syn_aggregate_01886,51,2.0,2,3,2,2,1,1,0,0,0,1,2,1,1,1,1,0,1,2,1,3,2,2,3,2,2,3,2,2,1,3,4,4,3,3,3,3,3,3,1,1,1,1,1,0,0,1,0,1,0,0,1,0,0,0,0,0,0,0,0,0,2,1,0,1,1,0,2,2,1
syn_aggregate_01887,20,1.0,2,2,1,1,0,1,1,0,0,0,0,0,0,0,0,0,0,0,0,0,0,0,0,0,0,0,2,0,0,3,4,4,3,3,3,3,3,3,3,0,0,0,0,0,0,0,0,0,1,0,0,0,0,0,0,0,0,1,0,0,1,0,0,0,0,0,0,0,1
syn_aggregate_01888,18,2.0,1,0,0,0,0,0,0,0,0,0,0,0,0,0,0,0,0,0,0,0,0,0,0,0,0,0,0,3,0,1,1,1,1,1,0,1,1,0,0,1,0,0,1,0,0,0,0,0,0,0,1,0,0,0,0,0,0,0,0,1,3,2,1,2,2,2,2,1,2
syn_aggregate_01889,18,2.0,3,3,3,3,3,3,2,0,0,0,0,0,0,0,0,0,0,0,4,3,3,2,3,3,3,3,2,2,3,3,4,4,4,3,3,4,3,2,2,3,2,2,3,2,2,1,2,2,3,0,1,0,1,0,1,0,0,0,2,3,4,4,3,4,3,3,4,3,4
syn_aggregate_01890,40,2.0,3,2,0,0,0,0,0,0,0,0,0,0,0,0,0,0,0,1,0,2,2,2,2,2,2,2,2,2,2,0,0,0,0,0,2,0,0,0,0,3,3,2,3,2,2,2,2,3,2,0,0,0,0,0,0,0,0,0,3,0,0,0,0,1,0,0,1,0,0
syn_aggregate_01891,19,2.0,3,3,2,3,2,2,2,1,0,0,0,0,0,0,0,0,0,0,0,0,0,0,0,0,0,0,4,0,0,4,4,4,4,4,4,4,4,3,3,4,4,4,4,3,3,3,3,3,2,0,0,0,0,0,0,0,0,0,0,0,1,0,0,0,0,0,0,0,0
syn_aggregate_01892,19,1.0,3,3,3,2,2,3,2,0,1,2,2,2,1,1,1,1,1,0,0,3,3,3,3,2,3,3,2,3,2,3,4,4,4,3,4,4,4,3,2,4,4,4,4,3,4,3,3,3,3,1,1,1,1,1,2,1,0,1,1,3,4,4,3,4,3,3,3,3,2
syn_aggregate_01893,43,2.0,1,1,0,1,0,0,1,0,0,0,0,1,0,0,0,0,0,0,0,0,0,0,0,0,0,0,0,0,3,1,2,2,1,2,1,2,2,1,1,4,4,3,4,3,4,3,3,4,3,1,0,0,1,0,0,0,0,0,0,0,2,2,1,1,1,0,1,1,0
syn_aggregate_01894,22,2.0,3,3,2,3,2,2,1,0,1,1,2,1,1,1,0,1,1,2,1,0,0,0,0,0,0,0,0,3,0,2,2,2,2,2,1,1,1,1,2,3,3,2,3,2,2,2,3,2,3,1,1,1,0,1,1,1,1,1,1,3,4,4,3,4,4,3,4,3,3
syn_aggregate_01895,22,2.0,1,1,1,1,1,1,0,0,0,0,0,0,0,0,0,0,0,0,3,0,0,0,0,0,1,0,0,0,0,2,2,2,2,2,2,2,2,1,0,0,0,0,1,1,0,0,1,0,0,0,0,0,0,0,2,0,0,0,0,2,3,3,2,2,2,2,2,1,0
syn_aggregate_01896,51,1.0,2,2,2,2,1,1,1,1,0,2,3,2,1,2,2,1,2,2,3,4,4,4,4,4,3,2,2,2,2,1,2,2,1,1,0,1,2,1,2,3,3,3,3,3,3,3,3,2,2,1,1,1,1,0,1,1,0,1,1,2,4,4,3,4,3,2,4,3,3
syn_aggregate_01897,21,2.0,3,3,2,3,2,3,3,2,1,0,0,0,0,0,0,0,0,0,4,4,4,4,4,4,4,4,4,3,3,0,1,1,0,1,0,1,0,1,1,3,3,2,3,2,2,2,3,3,2,0,0,0,0,0,0,0,0,0,0,2,3,3,2,3,3,2,3,2,3
syn_aggregate_01898,18,2.0,1,1,1,0,0,0,0,0,0,0,0,0,0,0,0,0,0,0,4,2,2,2,2,1,2,2,1,1,1,0,0,0,0,0,0,0,0,0,0,1,0,0,1,0,0,0,0,0,1,0,0,0,0,0,0,0,0,0,0,0,0,0,0,0,0,0,0,0,0
syn_aggregate_01899,20,1.0,3,3,2,2,1,2,1,0,0,0,0,0,0,0,0,0,0,0,0,0,0,0,0,0,0,0,0,0,0,0,0,0,0,0,2,0,0,0,0,0,0,0,0,1,0,0,0,0,0,0,2,0,0,0,0,0,0,0,0,0,1,1,0,1,0,0,1,1,0
syn_aggregate_01900,44,2.0,3,3,2,3,2,3,2,2,0,1,1,2,1,1,1,2,0,1,0,4,4,4,4,4,4,4,4,4,4,4,4,4,4,4,4,4,3,4,4,2,1,1,2,1,1,1,1,1,1,1,1,1,0,0,1,0,0,0,0,1,3,3,2,3,2,2,3,2,2
syn_aggregate_01901,19,2.0,0,0,1,1,0,0,0,0,0,0,0,0,0,0,0,0,0,0,0,1,2,1,1,1,2,1,1,1,1,0,1,0,0,0,0,0,0,0,0,0,0,0,0,0,0,0,0,0,0,0,0,0,0,0,0,0,0,0,0,0,0,2,0,0,0,0,0,0,0
syn_aggregate_01902,20,2.0,1,2,1,2,0,1,1,0,0,0,0,0,0,0,0,0,0,4,0,1,1,0,1,0,1,1,0,0,0,1,2,2,1,1,1,1,1,1,1,3,2,2,3,2,2,1,2,2,1,1,1,1,1,0,1,0,0,0,1,0,1,1,0,1,0,0,1,1,0
syn_aggregate_01903,21,2.0,3,3,3,3,2,3,3,2,1,1,1,1,0,0,0,1,1,1,0,4,4,4,4,4,4,4,4,4,4,4,4,4,4,4,4,4,4,3,3,4,4,4,4,4,4,4,4,3,4,1,2,1,1,1,2,1,1,1,1,2,3,3,2,3,3,2,3,2,3
syn_aggregate_01904,19,1.0,0,0,0,0,0,0,0,0,0,0,0,0,0,1,0,0,0,1,0,3,3,3,3,3,3,3,3,2,2,1,2,2,2,2,1,2,2,2,1,0,0,0,0,0,0,0,0,0,0,0,1,0,0,1,0,0,0,0,1,0,1,1,0,0,0,0,0,0,0
syn_aggregate_01905,20,1.0,3,3,2,2,2,2,1,1,0,1,1,1,1,1,1,1,0,0,0,4,4,3,3,3,4,3,3,3,2,0,1,0,0,1,0,0,1,0,0,2,2,1,3,2,2,1,1,2,1,0,0,0,0,0,0,2,0,0,0,1,3,2,1,2,2,2,2,2,1
syn_aggregate_01906,43,2.0,3,3,2,2,2,2,2,1,1,0,0,1,0,0,0,0,0,0,0,0,0,0,0,0,0,2,0,0,0,2,3,3,2,2,2,2,2,1,1,2,1,1,2,1,0,0,0,0,1,0,0,0,0,0,0,0,0,0,1,2,4,4,2,3,3,2,3,2,1
syn_aggregate_01907,18,2.0,2,2,1,2,0,2,1,0,0,0,0,0,0,0,0,0,0,0,3,1,2,1,1,1,2,1,1,1,1,2,3,3,2,2,2,2,2,2,4,0,0,0,0,0,0,0,2,0,0,0,0,0,0,0,0,0,2,0,0,0,1,0,0,0,0,0,1,0,0
syn_aggregate_01908,22,2.0,1,1,0,1,0,1,0,0,0,0,0,0,0,0,0,0,0,0,0,1,1,0,1,0,1,1,0,0,0,0,1,1,0,0,0,0,0,0,0,1,1,1,1,0,0,0,0,1,0,0,0,0,0,0,0,0,0,0,0,0,2,2,0,2,1,1,2,1,1
syn_aggregate_01909,39,1.0,3,3,2,2,1,1,1,0,0,1,2,1,0,1,0,0,1,2,0,2,2,1,3,2,2,1,2,2,2,3,4,3,3,3,3,3,2,2,2,1,1,1,1,0,1,0,0,1,0,0,0,0,0,0,0,0,0,0,4,0,2,1,0,1,0,1,0,0,2
syn_aggregate_01910,22,2.0,0,1,0,1,0,0,0,0,0,0,0,0,0,0,0,0,0,0,0,0,0,0,0,0,0,1,0,0,0,0,1,0,0,0,0,1,1,0,0,1,1,1,1,0,1,0,0,0,2,0,0,0,0,0,0,0,0,0,1,0,1,0,0,0,0,0,0,0,0
syn_aggregate_01911,43,2.0,3,3,2,2,1,0,0,0,0,0,0,0,0,0,0,0,0,0,1,3,3,3,3,3,3,2,2,2,3,2,3,3,2,2,2,2,3,2,2,2,2,2,2,2,2,2,2,1,1,1,1,1,0,1,1,1,1,1,1,0,2,1,0,1,1,1,2,0,4
syn_aggregate_01912,21,2.0,2,2,1,2,1,1,1,0,0,0,0,0,0,0,0,0,0,0,2,2,2,1,2,1,2,2,1,2,2,1,1,1,0,1,1,1,1,1,0,3,4,3,3,3,3,2,3,2,3,1,2,1,1,1,2,1,0,1,1,0,0,0,0,0,0,0,0,0,4
syn_aggregate_01913,28,2.0,2,2,1,1,0,1,0,0,0,1,1,1,0,1,1,0,1,1,0,3,3,2,3,2,3,2,2,2,2,0,0,0,0,0,0,0,0,0,0,2,2,2,2,2,2,2,1,1,2,0,0,0,0,0,0,0,0,0,0,0,1,0,0,1,0,0,0,0,0
syn_aggregate_01914,21,1.0,2,2,1,2,1,1,0,0,1,0,1,0,0,0,0,0,0,0,0,3,4,3,3,3,4,3,3,2,3,0,0,0,0,0,2,0,0,0,0,1,1,0,1,0,1,0,1,0,1,1,1,1,0,1,1,0,0,0,1,0,0,0,0,0,0,0,0,0,0
syn_aggregate_01915,20,1.0,3,3,2,3,2,2,2,0,1,0,0,0,0,0,1,0,0,2,0,0,0,0,0,0,0,0,0,0,4,0,2,2,1,1,2,1,2,1,2,2,2,2,3,2,2,1,2,2,2,0,1,0,0,1,0,0,0,0,0,1,3,2,1,2,2,1,2,2,3
syn_aggregate_01916,20,2.0,2,3,2,2,1,2,1,0,0,0,0,0,0,0,0,0,0,1,0,0,0,0,0,0,0,0,0,0,3,1,1,1,1,1,1,0,1,0,0,0,0,1,0,0,0,0,0,1,0,0,0,0,0,0,0,0,0,0,0,2,4,3,2,3,3,3,3,3,3
syn_aggregate_01917,21,2.0,3,3,2,3,2,3,2,3,0,0,0,0,0,0,0,0,0,0,4,3,2,3,3,2,2,3,3,2,3,0,1,1,0,0,0,1,1,0,0,0,0,0,0,0,0,0,0,0,1,0,0,0,0,0,0,0,0,0,0,0,2,1,0,2,0,0,1,1,0
syn_aggregate_01918,20,2.0,3,3,3,3,2,2,1,1,1,0,0,1,0,0,0,0,0,0,0,0,1,0,0,0,0,0,0,0,0,1,2,1,1,2,0,1,1,1,2,0,0,1,0,0,0,0,0,0,0,0,0,0,0,0,0,0,0,0,0,2,3,3,2,3,2,3,3,3,2
syn_aggregate_01919,22,2.0,3,3,2,3,2,3,2,1,0,0,0,0,0,0,0,0,0,0,4,0,0,0,0,0,0,0,0,0,0,0,0,0,0,0,0,3,0,0,0,2,2,2,2,1,2,1,2,1,2,0,0,0,0,0,0,0,0,0,0,1,3,2,1,2,2,1,2,2,3
syn_aggregate_01920,45,2.0,3,3,2,3,2,3,2,2,3,0,1,1,0,1,1,1,0,1,0,1,2,1,1,1,2,1,1,1,2,1,2,1,1,1,1,2,1,1,1,4,4,4,4,4,4,4,4,3,3,0,1,0,0,1,1,0,1,0,4,2,3,3,2,3,2,2,3,2,2
syn_aggregate_01921,35,2.0,0,0,0,0,0,0,0,0,0,0,0,0,0,0,0,0,0,0,0,0,0,0,0,0,0,0,0,0,4,0,0,0,0,0,0,0,0,0,1,0,0,0,0,0,0,0,0,0,0,0,0,0,0,0,0,0,0,0,1,0,0,0,0,0,0,0,0,0,0
syn_aggregate_01922,19,1.0,3,3,2,3,2,3,2,2,2,0,0,0,0,0,1,0,0,0,0,4,4,4,4,4,3,4,4,3,4,4,4,4,4,4,4,4,3,3,4,4,4,4,4,4,4,4,4,3,3,0,0,0,0,0,0,0,0,2,0,4,4,4,4,4,4,4,4,3,3
syn_aggregate_01923,20,2.0,3,3,3,3,2,3,2,0,0,0,0,0,0,0,0,0,0,0,1,4,4,4,4,4,3,3,3,3,3,4,4,4,4,4,4,3,3,3,2,4,4,4,4,4,4,3,3,3,4,0,1,0,0,0,0,0,0,0,1,3,3,3,3,3,3,3,3,2,2
syn_aggregate_01924,21,2.0,3,3,2,3,2,3,2,1,1,1,2,2,1,1,1,0,0,1,0,4,4,4,4,4,4,4,3,3,4,4,4,4,4,4,4,4,4,4,4,4,4,4,4,3,4,4,4,4,4,1,1,1,1,1,1,1,1,1,1,2,3,4,3,4,3,3,3,2,3
syn_aggregate_01925,22,1.0,3,3,3,3,2,3,0,0,0,1,2,1,1,1,1,1,1,2,1,1,1,1,1,1,2,1,2,1,2,1,1,1,1,1,1,1,1,2,1,4,4,4,4,4,4,4,4,3,4,1,1,1,1,1,1,1,1,1,1,3,4,4,3,4,4,4,4,4,4
syn_aggregate_01926,20,2.0,3,3,2,3,2,3,2,1,0,0,0,0,0,0,0,0,3,0,0,1,1,0,1,0,1,1,0,1,0,3,4,4,3,4,3,4,3,3,2,2,2,1,2,1,1,1,1,1,2,1,1,1,1,1,0,0,0,0,0,0,2,2,0,2,0,0,1,1,1
syn_aggregate_01927,27,2.0,2,2,2,2,2,2,1,1,1,1,1,1,0,1,0,0,1,1,0,4,4,4,3,3,4,3,3,3,3,4,4,4,4,3,4,3,4,3,3,2,1,1,2,1,1,1,1,1,0,1,1,1,1,1,1,1,1,1,1,2,4,3,2,4,3,2,3,2,3
syn_aggregate_01928,32,2.0,0,0,0,0,0,0,0,0,0,0,0,0,0,1,0,0,0,0,0,0,0,0,0,0,0,0,0,0,0,1,1,1,1,1,1,1,1,1,2,0,0,1,0,2,0,0,0,1,0,0,0,0,0,0,0,0,0,0,0,0,0,0,0,0,0,0,0,0,0
syn_aggregate_01929,19,1.0,3,3,3,3,3,3,3,2,3,1,1,1,0,1,0,1,0,1,1,3,3,2,3,2,3,2,2,2,2,3,4,4,3,3,4,3,3,2,3,1,1,1,1,0,1,0,0,1,1,0,0,0,0,0,0,0,0,2,0,3,4,4,3,4,3,3,3,3,2
syn_aggregate_01930,33,2.0,0,1,0,1,0,0,1,0,0,0,0,0,0,0,1,0,0,0,0,0,1,0,0,0,0,0,0,1,0,0,0,0,0,0,0,0,0,0,0,1,1,0,1,0,0,0,0,0,0,0,1,0,0,0,1,0,0,0,0,0,0,0,0,0,0,0,0,0,0
syn_aggregate_01931,19,2.0,1,1,0,0,0,0,0,0,0,0,0,0,0,0,0,0,0,0,0,1,1,0,0,0,1,0,1,0,0,0,0,0,0,0,0,0,0,0,0,3,3,2,3,2,2,1,1,2,1,0,0,0,0,0,0,0,0,0,0,0,1,0,0,0,0,0,0,0,0
syn_aggregate_01932,21,1.0,1,1,0,1,0,0,0,0,1,0,0,0,0,0,0,0,0,0,0,1,1,0,1,0,1,0,0,0,0,1,1,1,1,0,1,0,1,1,0,0,0,0,0,0,0,0,4,0,0,0,0,0,0,0,0,2,0,0,0,0,3,3,0,3,2,2,3,2,0
syn_aggregate_01933,20,2.0,2,2,1,2,1,1,1,0,0,0,0,0,0,0,0,0,3,0,0,1,1,1,1,1,1,1,1,1,1,0,1,1,1,1,0,1,1,0,0,1,1,0,1,1,1,0,1,1,0,0,0,1,0,0,0,0,0,0,0,1,3,3,1,3,2,2,3,2,2
syn_aggregate_01934,18,2.0,3,3,3,3,2,3,3,2,1,0,0,0,0,0,0,0,0,4,0,3,3,3,3,3,2,3,3,3,2,3,4,4,4,4,4,4,4,3,3,0,0,0,0,0,1,0,0,0,0,2,2,2,1,1,2,1,1,1,2,0,2,2,1,2,1,0,2,2,0
syn_aggregate_01935,20,2.0,3,3,3,3,3,2,2,1,0,0,0,0,0,0,0,0,0,0,4,4,4,4,4,3,3,3,3,3,2,4,4,4,4,4,4,4,4,3,4,4,4,4,4,3,4,4,3,3,4,1,1,1,1,1,1,1,1,1,1,4,4,4,4,4,4,4,4,4,4
syn_aggregate_01936,20,2.0,1,1,0,1,0,0,0,0,0,0,0,0,0,0,0,0,0,3,0,0,0,0,0,0,0,0,0,0,0,1,1,1,0,1,1,1,1,1,0,0,0,0,0,0,0,0,0,0,1,0,0,0,0,0,0,0,0,0,0,0,1,0,0,1,0,0,0,0,0
syn_aggregate_01937,19,2.0,2,2,1,2,1,1,1,0,0,0,0,0,0,0,0,0,0,0,4,2,3,2,2,2,3,2,1,2,1,0,1,0,0,0,0,1,0,0,0,0,0,0,0,0,0,0,0,0,2,0,0,0,0,0,0,0,0,0,0,0,1,0,0,0,0,0,0,0,0
syn_aggregate_01938,22,2.0,1,1,0,1,0,0,0,0,0,0,0,0,0,0,0,0,0,0,0,0,0,0,0,0,0,1,0,0,0,0,0,0,0,0,0,0,0,0,0,2,2,2,2,1,2,1,1,2,2,0,0,0,0,0,0,0,0,0,0,0,0,0,0,0,0,0,0,0,0
syn_aggregate_01939,48,2.0,2,2,1,2,1,0,1,0,0,0,1,0,0,0,0,0,0,0,0,0,0,0,0,0,0,0,0,0,3,1,2,2,1,2,1,1,2,1,1,3,3,3,3,2,2,2,2,2,3,0,0,0,0,0,0,0,0,0,2,1,3,3,2,3,2,2,3,2,3
syn_aggregate_01940,19,2.0,3,3,3,3,2,3,3,2,0,0,0,0,0,0,0,0,0,0,4,2,2,2,1,2,2,2,1,1,1,1,1,1,1,1,1,2,0,0,0,3,3,4,3,3,3,2,3,3,2,0,0,0,0,0,0,0,0,0,1,1,3,3,2,3,2,2,3,2,1
syn_aggregate_01941,26,1.0,3,3,2,2,1,1,1,0,1,0,1,0,0,0,0,0,0,0,0,0,0,0,0,0,0,0,0,0,0,0,2,1,0,1,1,1,0,0,0,2,1,1,2,0,0,0,0,0,0,0,0,0,0,0,0,0,0,0,2,0,0,0,0,0,0,0,0,1,0
syn_aggregate_01942,19,2.0,3,3,3,3,3,3,3,2,3,1,1,1,1,1,0,0,1,1,1,4,4,4,4,4,4,4,3,3,4,3,3,3,3,3,3,3,3,3,2,3,3,2,3,2,2,2,2,1,2,0,0,0,0,0,2,0,0,0,0,4,4,4,3,4,4,4,4,4,4
syn_aggregate_01943,21,2.0,3,3,2,3,2,3,2,2,2,0,0,0,0,0,0,0,0,0,3,0,0,1,0,0,0,0,0,0,0,0,1,0,0,0,0,1,0,0,0,2,2,2,2,1,1,1,1,1,2,0,0,0,0,0,0,0,0,0,2,2,4,3,3,4,2,3,3,3,2
syn_aggregate_01944,46,1.0,3,3,3,3,3,3,2,1,0,0,0,0,0,0,0,0,1,0,0,4,4,4,4,4,4,4,4,4,3,2,3,3,2,3,2,2,3,2,1,0,0,0,0,0,0,0,0,0,0,0,0,0,0,0,0,0,0,0,0,0,1,1,0,1,1,1,1,1,0
syn_aggregate_01945,18,1.0,3,3,3,3,3,3,3,2,1,0,0,0,0,0,0,0,0,0,4,4,4,3,4,3,4,3,3,3,3,3,4,3,3,3,3,3,2,2,2,4,4,4,4,4,4,4,4,4,3,0,0,0,0,0,0,0,0,0,0,4,4,4,4,4,3,3,4,4,2
syn_aggregate_01946,28,2.0,3,3,3,3,3,3,3,3,3,1,2,2,1,1,1,1,1,1,1,4,4,4,4,4,4,4,4,3,3,4,4,4,4,4,4,4,4,4,4,4,4,4,4,4,4,4,4,4,4,1,2,1,2,1,1,1,1,1,1,3,4,4,3,4,4,4,4,4,4
syn_aggregate_01947,21,2.0,1,2,1,1,1,1,0,0,0,1,2,2,1,1,1,0,1,1,0,3,3,3,2,2,3,2,2,2,1,0,1,1,1,2,1,1,1,1,0,4,4,4,4,3,3,3,2,3,3,1,1,1,1,1,1,1,1,1,1,0,3,2,0,2,1,1,2,2,2
syn_aggregate_01948,19,1.0,1,1,0,1,0,0,1,0,0,0,1,0,0,0,0,0,0,0,2,2,3,2,2,2,2,2,2,2,2,3,3,3,3,2,3,3,3,2,1,1,1,1,1,0,0,0,0,1,0,1,1,0,1,1,0,0,0,0,2,2,3,3,2,3,2,2,3,2,3
syn_aggregate_01949,36,2.0,3,3,2,2,1,2,2,0,1,0,0,0,0,0,0,0,0,0,0,4,4,4,4,4,4,4,4,3,3,3,3,3,3,3,2,3,3,2,2,3,3,2,2,3,2,2,2,2,2,1,1,1,0,0,1,1,1,0,1,2,4,4,2,3,3,3,3,4,3
syn_aggregate_01950,18,2.0,1,2,1,1,1,0,1,0,0,1,2,2,1,1,2,1,1,1,2,4,4,4,4,3,4,4,3,4,4,1,2,2,1,2,1,2,2,1,3,4,4,4,4,3,4,4,3,4,3,1,1,1,1,1,2,1,1,1,0,2,4,3,2,4,3,3,3,3,4
syn_aggregate_01951,19,1.0,3,3,2,2,2,2,0,0,0,0,0,2,0,0,0,0,0,0,0,3,2,2,3,1,3,2,1,2,2,0,1,1,0,1,1,1,1,1,1,4,4,4,4,3,3,4,4,4,3,0,0,0,0,0,0,0,0,0,4,1,3,3,1,3,2,2,3,3,3
syn_aggregate_01952,18,2.0,3,3,2,3,2,2,2,0,0,2,1,1,1,2,1,1,1,2,2,4,4,4,4,3,4,4,3,4,2,1,2,1,1,1,0,1,2,1,1,4,3,3,4,3,3,3,3,3,4,2,2,2,2,2,2,2,2,2,2,3,4,4,3,4,3,3,3,3,2
syn_aggregate_01953,20,2.0,1,1,1,1,0,0,0,0,0,0,0,0,0,0,0,0,0,2,0,1,2,1,2,1,2,1,1,1,1,0,1,0,0,0,0,0,1,1,0,0,0,0,0,0,0,0,0,0,1,0,0,0,0,0,0,0,0,1,2,0,0,0,0,0,0,0,0,0,0
syn_aggregate_01954,19,1.0,2,2,1,1,1,0,0,0,1,0,1,0,0,0,0,0,0,0,0,1,1,0,1,0,1,0,0,1,0,0,0,0,0,0,0,0,0,0,4,2,1,1,2,1,1,1,1,1,1,0,0,0,0,0,0,0,0,2,0,0,1,1,0,2,0,1,0,1,0
syn_aggregate_01955,19,2.0,1,1,1,0,0,0,0,0,0,0,0,0,0,0,0,0,0,0,1,1,1,1,0,1,1,1,0,1,1,1,1,1,0,1,1,1,0,1,0,1,1,0,1,1,1,0,1,1,1,1,1,1,0,0,0,0,1,0,1,0,1,0,0,0,0,0,0,0,0
syn_aggregate_01956,22,1.0,1,2,1,1,1,1,1,0,1,0,2,1,0,1,0,0,0,0,0,4,4,4,4,3,4,3,3,3,2,3,4,4,3,4,4,3,4,2,3,3,2,2,3,2,2,2,2,2,2,1,2,1,1,1,1,1,1,1,1,2,4,4,2,4,3,3,3,2,4
syn_aggregate_01957,45,1.0,2,3,1,3,1,1,1,1,0,0,0,0,0,0,0,0,0,0,2,1,2,1,1,1,1,1,0,1,1,2,2,2,1,2,2,2,2,1,1,2,1,0,2,0,0,0,0,0,3,0,0,0,0,0,0,0,0,0,1,0,4,3,2,3,2,1,3,3,3
syn_aggregate_01958,22,2.0,3,3,3,3,2,3,3,2,3,1,0,0,0,0,0,0,0,0,0,3,3,3,4,4,4,3,4,3,3,4,4,4,4,4,4,4,3,4,3,4,4,4,4,4,4,4,4,4,4,1,1,1,1,1,1,1,1,1,1,4,4,4,4,4,4,4,4,4,4
syn_aggregate_01959,21,2.0,1,1,1,1,0,0,0,0,0,0,0,0,0,0,0,0,0,0,3,0,0,0,0,0,0,2,0,0,0,0,0,0,0,0,0,0,0,2,0,3,2,2,2,2,2,2,2,2,2,0,0,0,0,0,0,0,0,0,0,3,4,4,4,4,4,4,4,3,4
syn_aggregate_01960,22,2.0,3,3,3,3,3,3,3,0,0,0,0,0,0,0,0,0,0,0,3,4,4,4,4,4,4,4,3,3,3,1,2,2,1,2,1,1,1,1,1,2,2,1,2,2,2,1,1,2,1,0,0,0,0,0,0,0,0,2,0,0,2,2,0,2,1,1,1,1,1
syn_aggregate_01961,48,2.0,3,3,2,3,2,2,1,0,0,1,1,0,0,0,0,0,0,0,0,2,2,1,2,2,1,2,1,2,2,0,2,1,1,1,1,2,1,0,1,4,4,4,4,4,4,4,3,4,4,0,0,0,0,0,0,0,0,0,0,0,2,1,0,2,1,1,1,1,0
syn_aggregate_01962,19,2.0,3,3,2,3,2,2,2,1,0,1,2,1,1,1,1,1,1,1,1,4,4,4,4,3,4,3,4,3,3,4,4,4,4,4,4,4,4,3,3,4,3,3,4,3,3,2,3,3,2,1,2,1,1,1,2,2,1,0,1,1,2,2,1,1,1,1,1,2,1
syn_aggregate_01963,18,2.0,2,3,2,2,1,2,1,0,0,0,1,1,0,1,1,1,0,1,0,1,1,0,0,0,1,0,0,0,0,0,1,0,0,1,0,0,0,0,0,3,3,3,3,3,2,3,3,3,4,0,1,0,0,1,0,0,0,1,1,0,2,2,1,2,1,2,2,1,3
syn_aggregate_01964,18,2.0,3,3,2,2,2,2,0,0,0,2,2,2,1,2,1,1,1,1,3,4,4,4,4,3,4,4,3,3,3,1,1,1,1,1,1,1,1,1,0,3,3,2,3,2,2,2,2,3,1,1,0,1,0,0,0,0,0,0,0,0,3,2,1,3,2,1,2,1,4
syn_aggregate_01965,20,2.0,3,3,3,3,3,2,2,0,0,1,2,1,1,1,1,2,0,1,0,1,1,1,0,1,0,1,0,0,1,1,2,2,1,2,1,1,2,1,1,4,4,4,4,4,4,4,4,4,4,0,1,0,0,1,0,1,0,0,0,1,2,2,1,2,1,1,2,2,2
syn_aggregate_01966,19,2.0,3,3,3,3,3,3,3,2,0,1,1,0,0,1,0,1,0,0,0,4,4,4,4,4,4,4,3,4,3,3,4,3,3,3,3,3,3,3,2,3,2,2,2,1,2,1,1,2,1,0,0,0,0,0,0,1,0,0,3,1,3,3,2,3,3,2,3,3,2
syn_aggregate_01967,18,1.0,1,1,1,1,0,0,1,0,0,0,0,0,0,0,0,0,0,2,0,0,0,0,0,0,0,0,0,0,4,0,0,0,0,0,0,0,0,0,2,1,1,0,1,1,0,0,0,0,1,0,0,0,0,0,1,0,0,0,0,0,2,2,0,2,0,0,0,0,0
syn_aggregate_01968,20,2.0,1,1,1,1,0,1,0,0,0,1,1,1,0,1,1,0,1,1,1,2,2,1,2,2,1,1,1,1,1,4,4,4,4,4,4,4,4,3,4,1,1,0,1,1,0,0,1,0,0,0,0,0,0,0,0,0,0,1,0,0,2,2,0,1,0,0,1,1,0
syn_aggregate_01969,48,2.0,1,1,0,1,0,0,1,0,1,0,1,0,0,0,1,0,0,0,0,4,4,3,4,3,4,3,3,3,1,0,0,0,0,0,0,0,0,0,3,2,2,2,2,2,2,2,1,2,2,1,1,0,1,0,1,0,0,1,1,1,2,2,1,2,2,1,2,2,2
syn_aggregate_01970,19,2.0,2,2,1,2,0,1,0,0,0,1,2,2,1,1,1,1,1,1,1,2,2,1,2,2,2,2,1,1,2,4,4,4,4,4,3,3,3,3,3,2,2,1,2,1,1,1,2,1,1,0,0,0,0,0,0,0,0,0,0,2,3,3,2,3,3,3,3,3,3
syn_aggregate_01971,20,2.0,2,2,1,2,0,0,1,0,0,1,1,1,0,0,1,0,1,0,1,2,2,1,2,2,2,2,1,2,3,3,4,4,3,4,3,3,3,4,3,4,4,4,4,3,4,4,3,4,4,1,2,1,1,1,2,1,1,1,1,4,4,4,4,4,4,4,4,3,3
syn_aggregate_01972,19,1.0,3,3,2,3,2,3,2,1,0,0,0,0,0,0,0,0,0,0,3,0,0,0,0,0,0,0,0,0,0,2,2,2,2,2,1,2,2,2,2,4,4,4,4,3,4,4,3,4,4,0,0,0,0,0,0,0,0,1,3,2,4,4,2,4,3,3,3,3,2
syn_aggregate_01973,22,2.0,2,2,1,1,1,1,0,0,0,0,0,0,0,0,0,0,0,0,2,4,4,4,4,4,3,3,3,3,4,4,4,4,4,4,4,4,3,4,4,4,3,4,4,3,3,3,2,3,3,1,1,1,0,0,1,1,0,0,1,0,1,1,1,1,0,0,1,1,0
syn_aggregate_01974,19,2.0,3,3,2,2,1,2,0,0,0,1,1,1,0,1,0,0,1,0,0,2,2,1,2,1,1,1,1,1,2,3,4,4,4,4,3,3,3,3,3,3,3,3,3,2,3,2,3,2,3,0,0,0,0,1,0,1,0,0,1,3,4,4,3,4,3,3,4,4,4
syn_aggregate_01975,41,2.0,2,2,1,2,1,1,1,0,0,0,0,0,0,0,0,0,0,0,2,2,2,2,2,1,2,2,1,2,1,0,0,0,0,0,0,0,0,0,3,1,1,0,0,0,0,0,0,0,0,0,0,0,0,0,0,0,0,0,0,0,0,1,0,0,0,0,0,0,0
syn_aggregate_01976,18,2.0,3,3,2,2,1,1,0,1,0,0,1,1,0,1,1,0,1,0,1,1,1,1,1,1,0,0,0,0,0,0,1,1,0,1,0,1,1,1,1,4,4,4,4,3,4,3,3,3,3,2,2,2,1,1,1,1,0,0,1,1,3,3,1,3,2,2,2,2,1
syn_aggregate_01977,18,2.0,2,3,2,2,1,1,1,1,1,0,0,0,0,0,0,0,0,0,3,4,4,4,4,3,4,3,3,3,2,1,1,2,1,1,1,1,2,1,1,2,2,1,2,2,1,1,1,1,2,1,1,1,1,1,0,0,0,0,0,2,4,3,2,4,2,2,3,2,2
syn_aggregate_01978,19,2.0,1,2,1,1,1,1,1,0,0,0,0,0,0,0,0,0,0,0,1,2,1,1,1,1,2,1,1,1,1,0,1,1,0,0,0,1,0,0,0,2,2,1,2,1,1,1,1,2,1,1,1,1,1,0,0,0,0,0,0,1,3,2,1,1,2,2,2,2,1
syn_aggregate_01979,20,2.0,3,3,3,3,3,3,3,3,2,1,2,1,1,1,1,1,1,1,1,3,3,2,3,2,3,2,2,2,2,4,4,4,4,4,4,4,4,3,4,4,4,4,4,4,4,4,4,3,4,1,2,1,1,1,2,2,1,1,2,1,4,4,2,3,2,3,3,3,3
syn_aggregate_01980,48,2.0,3,3,3,3,3,3,3,3,0,2,3,2,2,2,3,2,2,2,2,3,3,3,3,3,3,3,3,2,2,4,4,4,4,4,4,4,4,4,3,4,4,4,4,4,4,4,4,3,4,1,2,1,1,2,1,1,0,1,0,3,4,4,2,4,4,4,3,4,4
syn_aggregate_01981,21,1.0,3,3,1,2,1,1,0,0,0,0,0,0,0,0,0,0,0,0,1,0,0,0,0,0,0,1,0,0,0,3,4,4,4,4,4,4,4,2,4,1,1,1,1,1,1,1,1,1,1,0,0,0,0,0,0,0,0,0,4,1,3,2,1,2,2,1,2,2,1
syn_aggregate_01982,19,2.0,1,1,1,0,0,0,0,0,0,0,0,0,0,0,0,0,0,0,0,0,1,0,1,0,1,0,1,0,0,0,1,0,0,0,0,0,0,0,0,0,0,0,0,0,0,0,0,0,0,0,1,0,0,0,0,0,0,0,0,0,1,0,0,1,0,0,0,0,0
syn_aggregate_01983,19,2.0,2,2,2,2,1,1,1,1,0,0,0,0,0,0,0,0,0,0,0,2,2,1,2,1,2,2,1,1,2,2,3,2,3,2,2,2,2,1,0,3,3,3,3,2,2,2,3,2,2,0,0,0,0,0,0,0,0,0,0,0,1,0,0,0,0,0,0,0,0
syn_aggregate_01984,35,2.0,0,0,0,0,0,0,0,0,0,0,0,0,0,0,0,0,0,0,1,4,4,4,3,3,4,4,3,3,3,3,4,4,3,3,3,3,3,2,2,2,2,2,2,2,1,2,2,2,1,0,0,0,0,1,0,0,0,1,0,0,1,0,0,0,0,0,0,0,1
syn_aggregate_01985,22,1.0,1,2,1,1,1,1,0,0,0,0,0,0,0,0,0,0,0,0,3,3,3,2,3,2,2,2,3,2,1,3,4,3,3,3,3,3,3,2,3,2,2,1,2,1,1,1,1,1,1,0,0,0,0,0,0,0,0,0,3,0,3,2,1,2,2,2,2,1,1
syn_aggregate_01986,20,1.0,3,3,3,3,2,3,2,1,1,1,1,1,0,1,1,0,1,1,1,4,4,4,4,4,4,4,4,4,3,2,2,2,2,2,2,2,1,1,2,4,4,4,4,4,4,3,4,4,3,0,0,0,0,0,0,0,0,3,0,1,4,4,2,4,2,2,3,3,0
syn_aggregate_01987,20,2.0,3,3,1,1,1,0,0,0,1,1,1,1,0,1,0,1,1,1,0,0,0,0,0,0,0,3,0,0,0,4,4,4,4,4,4,4,4,4,2,2,2,2,2,2,1,1,1,1,1,1,2,1,1,1,1,1,1,1,1,3,4,4,3,4,3,3,4,4,3
syn_aggregate_01988,22,2.0,2,2,1,2,1,1,0,0,0,0,0,0,0,0,0,0,0,0,0,0,0,0,0,0,0,0,0,0,1,1,2,1,1,1,1,1,2,1,2,0,1,0,0,0,1,0,0,1,0,0,0,0,0,0,0,0,0,0,0,0,0,0,0,0,0,0,0,0,2
syn_aggregate_01989,21,1.0,2,2,1,1,0,1,0,0,0,0,1,0,0,0,0,0,0,0,0,1,1,0,1,1,1,1,1,0,0,4,4,4,4,4,4,3,4,4,3,1,0,0,1,0,0,0,0,0,0,0,0,0,0,0,0,1,0,0,0,1,2,1,1,2,1,1,2,1,3
syn_aggregate_01990,20,1.0,0,0,0,0,0,0,0,0,0,0,0,0,0,0,0,0,0,0,1,2,2,2,2,2,1,2,2,1,3,0,0,0,0,0,0,0,1,1,0,1,1,0,1,0,0,0,0,0,3,1,1,1,1,1,1,1,1,0,1,1,3,3,1,3,2,2,3,2,2
syn_aggregate_01991,19,1.0,3,3,3,3,2,3,3,2,1,1,1,1,0,1,0,0,0,1,0,4,4,4,4,3,4,4,4,3,3,3,3,4,4,3,4,4,3,3,2,3,3,3,3,3,3,3,2,2,2,0,0,0,0,0,0,0,0,3,0,4,4,4,4,4,4,4,4,4,3
syn_aggregate_01992,26,1.0,3,3,2,2,1,1,3,2,2,1,2,1,1,1,1,1,1,2,1,4,4,4,4,4,4,4,4,4,4,3,4,3,3,3,3,3,4,3,1,2,2,2,2,2,1,1,2,2,2,1,1,1,1,0,1,0,1,0,0,1,3,2,2,3,1,2,2,2,2
syn_aggregate_01993,20,2.0,1,1,1,1,1,0,0,0,0,3,3,3,2,2,2,2,2,1,2,4,4,3,4,3,4,3,4,3,3,1,2,2,2,2,1,2,1,0,1,4,4,4,4,4,4,4,3,4,4,1,1,1,1,1,1,1,1,1,0,0,0,0,0,0,0,0,0,1,0
syn_aggregate_01994,21,2.0,3,3,2,2,2,2,1,0,0,0,1,0,0,0,0,0,0,0,3,4,3,4,3,3,4,3,3,3,2,4,4,4,4,4,4,4,4,3,3,2,2,1,2,1,1,1,1,1,2,0,0,0,0,0,0,0,2,0,0,0,0,0,0,1,0,0,1,0,0
syn_aggregate_01995,21,1.0,1,1,0,1,1,0,1,0,0,0,0,0,0,0,0,0,0,1,0,1,1,0,1,1,1,1,2,2,1,0,1,1,1,1,1,1,1,1,1,2,1,1,2,1,1,1,1,1,1,0,0,0,0,0,0,0,0,0,0,0,1,1,0,1,0,0,1,0,0
syn_aggregate_01996,18,1.0,0,1,0,0,0,0,0,0,0,0,0,0,0,0,0,0,0,0,0,0,0,0,0,0,0,0,0,0,0,0,0,0,0,0,0,0,0,0,3,1,0,0,0,0,0,0,0,0,1,0,0,0,0,0,0,0,0,0,0,0,0,0,0,0,0,0,0,1,3
syn_aggregate_01997,20,2.0,1,1,1,2,0,0,0,0,0,0,0,0,0,0,0,0,0,3,0,0,1,0,0,0,1,0,0,0,0,0,1,0,0,0,0,0,1,1,0,0,0,0,1,0,0,0,0,0,0,0,0,0,0,0,0,0,0,0,0,0,1,0,0,0,0,0,0,0,0
syn_aggregate_01998,18,2.0,2,2,2,2,1,1,1,0,0,1,1,1,1,1,1,1,1,0,1,1,1,1,1,1,0,1,0,0,0,1,1,1,1,1,0,0,1,0,0,4,4,4,4,3,4,4,4,3,3,0,0,0,0,0,0,0,0,2,0,1,3,3,2,3,2,2,2,2,4
syn_aggregate_01999,20,2.0,1,2,1,2,1,1,1,0,0,0,0,0,0,0,0,0,0,0,0,0,0,0,0,0,0,1,0,0,0,1,2,2,2,2,2,2,2,2,1,3,3,2,4,2,2,2,1,2,2,0,1,0,0,0,0,0,0,0,0,1,3,2,2,2,2,1,2,2,3
syn_aggregate_02000,22,2.0,3,3,2,2,1,2,1,0,1,1,1,1,1,1,1,1,1,1,1,4,4,4,4,4,4,4,3,3,4,4,4,4,4,4,4,4,4,3,3,4,3,4,4,3,3,3,3,3,1,2,2,2,1,1,1,1,1,1,2,4,4,4,4,4,4,4,3,4,3
syn_aggregate_02001,19,2.0,2,2,2,2,2,2,1,0,0,0,0,0,0,0,0,0,0,0,0,2,2,2,3,2,2,2,2,2,2,2,2,2,2,2,1,1,2,2,1,4,4,4,4,4,4,4,4,4,4,0,0,0,0,0,0,0,0,0,1,0,3,2,1,3,2,1,2,2,4
syn_aggregate_02002,34,2.0,1,2,1,1,0,1,0,0,0,1,1,0,0,0,0,0,0,0,0,3,3,2,2,2,2,2,2,2,2,0,0,0,0,0,0,0,0,0,4,0,0,0,0,1,0,0,0,0,1,0,0,0,0,0,0,0,0,0,1,1,2,2,1,2,1,1,2,1,2
syn_aggregate_02003,19,2.0,3,3,2,3,2,3,2,2,1,0,2,0,0,0,0,0,0,0,0,4,4,4,4,3,3,3,2,3,3,1,2,2,2,2,1,2,2,2,1,2,1,1,1,0,0,0,0,1,1,0,0,0,0,0,0,0,1,0,1,0,3,2,1,2,1,1,2,2,2
syn_aggregate_02004,22,2.0,3,3,3,3,3,3,3,3,1,0,0,0,1,0,0,0,0,0,0,1,2,1,2,1,2,1,1,1,1,3,4,4,3,4,4,4,3,3,3,4,4,4,4,4,4,4,4,4,4,0,0,0,0,0,0,0,0,0,3,2,4,4,3,4,3,3,4,3,4
syn_aggregate_02005,22,2.0,3,3,2,2,1,2,2,0,0,1,2,2,0,1,1,2,1,1,0,2,2,1,2,2,2,2,2,1,1,2,3,3,2,2,3,2,2,2,3,1,0,0,0,1,0,0,0,0,1,0,0,0,0,0,0,0,0,0,1,1,4,3,2,4,3,3,4,3,2
syn_aggregate_02006,21,1.0,0,1,0,0,0,0,0,0,0,0,0,0,0,0,0,0,0,4,0,4,4,4,3,3,4,3,3,4,3,3,3,3,2,3,2,3,3,2,3,3,3,3,3,3,1,2,2,2,2,0,0,0,0,0,0,0,1,0,2,1,2,2,1,2,1,1,2,2,0
syn_aggregate_02007,21,1.0,3,3,3,3,2,3,2,2,2,1,1,1,1,1,0,0,0,0,0,4,4,4,4,4,4,4,4,4,4,0,1,0,0,0,0,1,0,0,0,2,1,1,2,0,1,1,0,1,0,0,0,0,0,0,0,0,1,0,0,0,2,2,0,2,1,2,2,1,0
syn_aggregate_02008,21,2.0,0,0,0,0,0,0,0,0,0,0,0,0,0,0,0,0,0,0,0,0,1,0,1,0,1,0,0,0,0,0,1,1,0,1,1,1,1,0,0,0,0,0,0,0,0,0,0,0,1,0,0,0,0,0,0,0,0,2,0,0,0,0,0,0,0,0,0,0,0
syn_aggregate_02009,34,2.0,2,2,1,2,1,1,0,0,0,0,0,0,0,0,0,0,0,4,0,0,0,0,0,0,0,0,0,3,0,2,3,2,2,2,2,2,3,2,2,0,0,0,0,0,1,0,0,1,1,0,0,1,0,0,0,0,0,1,0,1,3,2,1,3,2,2,2,2,2
syn_aggregate_02010,22,2.0,2,2,1,1,1,1,1,0,0,0,1,1,0,1,0,0,1,1,1,1,2,1,1,1,1,1,1,1,2,1,2,1,1,1,1,1,1,1,0,2,2,2,2,1,1,1,1,1,2,1,1,1,1,1,1,1,1,1,1,0,1,1,0,1,1,0,1,1,1
syn_aggregate_02011,22,2.0,3,3,2,3,2,2,2,0,0,0,1,0,0,1,0,0,0,0,0,3,3,3,3,3,4,3,3,2,3,1,2,2,1,2,1,1,2,1,1,2,2,1,1,1,1,1,1,1,2,0,0,0,0,0,0,0,0,4,0,1,3,2,1,2,1,1,2,1,1
syn_aggregate_02012,39,1.0,1,1,0,0,0,0,0,0,0,0,0,0,0,0,0,0,0,0,4,2,2,1,2,1,2,2,1,1,2,4,4,4,4,4,4,4,3,3,1,0,0,0,0,0,1,0,0,0,0,0,0,0,1,0,0,0,0,0,2,0,1,0,0,0,0,0,0,0,0
syn_aggregate_02013,19,1.0,3,3,3,3,2,1,2,1,0,0,0,0,0,0,1,0,0,0,0,2,2,2,2,2,3,2,2,2,2,4,4,4,4,4,4,4,4,3,4,4,4,4,4,3,4,3,3,3,0,1,1,2,1,1,2,1,1,1,1,1,3,3,1,3,2,2,2,2,2
syn_aggregate_02014,19,2.0,3,3,2,3,2,2,0,0,0,1,1,1,0,0,0,0,0,0,0,2,3,2,1,2,2,2,1,2,3,2,3,3,2,2,2,2,2,3,2,0,0,0,1,0,0,0,0,1,0,0,1,0,0,0,0,0,0,0,0,0,0,0,0,3,0,0,0,0,0
syn_aggregate_02015,19,1.0,3,3,3,3,3,3,3,3,3,1,1,1,1,1,1,1,1,1,2,4,4,4,4,4,4,4,4,4,4,4,4,4,4,4,3,4,4,4,4,2,1,1,2,1,1,1,0,1,1,1,2,1,0,0,1,1,2,1,2,3,4,4,3,4,3,3,4,4,4
syn_aggregate_02016,19,2.0,3,3,3,3,3,3,3,3,2,1,2,1,1,2,1,1,1,1,0,4,4,4,4,4,4,4,4,4,4,1,1,1,0,0,0,0,0,0,0,4,3,3,4,2,3,2,2,3,3,0,0,0,0,0,0,0,0,0,4,3,4,4,3,4,4,4,4,4,4
syn_aggregate_02017,19,2.0,3,3,3,3,2,3,3,2,1,1,1,1,0,1,1,1,1,1,1,1,1,1,1,1,1,1,1,1,1,0,0,1,0,0,0,0,0,0,0,2,1,1,2,1,1,1,1,1,1,0,0,0,1,0,0,0,0,0,0,2,4,4,3,4,3,3,4,3,3
syn_aggregate_02018,22,2.0,3,3,3,3,3,3,2,1,1,1,1,1,1,1,2,1,1,1,1,0,0,0,0,0,4,0,0,0,0,4,4,4,4,4,4,3,4,4,4,1,1,1,1,1,0,0,0,0,0,1,1,1,0,0,0,1,1,0,1,2,4,4,2,4,3,2,3,3,1
syn_aggregate_02019,21,1.0,2,2,0,2,0,1,1,0,0,0,0,0,0,0,0,0,0,0,1,2,2,1,2,1,2,2,2,1,1,1,2,2,2,2,1,1,1,1,1,0,0,0,0,0,0,0,0,0,4,0,0,0,0,0,0,0,0,2,0,0,3,3,1,3,2,2,3,2,3
syn_aggregate_02020,50,2.0,1,2,1,1,0,0,1,0,1,0,0,0,0,0,0,0,2,0,0,0,0,0,1,0,0,1,0,0,0,0,0,0,0,0,0,0,0,0,0,0,0,0,0,0,0,0,0,0,1,0,0,0,0,0,0,0,0,0,0,0,0,0,0,0,0,0,0,0,0
syn_aggregate_02021,21,2.0,3,3,2,3,2,2,2,1,0,0,0,0,0,0,0,0,0,2,0,2,2,2,3,2,2,2,2,2,2,2,2,3,2,2,2,1,2,1,1,2,2,1,2,1,1,1,1,2,1,1,0,0,0,0,0,0,0,0,0,0,1,0,0,1,0,0,1,0,0
syn_aggregate_02022,23,2.0,0,0,0,0,0,0,0,0,0,0,0,0,0,0,0,0,0,0,0,1,1,1,1,1,1,1,0,1,0,0,0,0,0,0,1,0,0,0,0,3,3,3,3,3,2,3,3,2,3,0,0,0,0,0,0,0,0,0,3,0,2,2,1,1,1,1,1,1,2
syn_aggregate_02023,18,1.0,3,2,2,2,1,1,1,0,1,1,2,1,0,2,1,0,2,1,0,4,4,4,4,4,3,3,3,3,3,2,3,3,2,2,2,2,2,2,1,2,2,2,2,2,2,1,1,2,3,1,1,1,1,1,1,1,1,0,0,0,1,1,0,1,0,0,1,0,0
syn_aggregate_02024,20,2.0,3,3,2,2,2,2,1,0,1,1,1,1,0,1,0,1,0,0,0,4,4,4,4,4,4,4,4,4,4,4,4,4,4,4,4,4,4,4,3,4,4,4,4,3,4,4,4,4,3,1,2,1,1,1,2,1,1,1,2,1,3,2,1,3,2,2,2,2,3
syn_aggregate_02025,18,2.0,1,1,0,0,0,0,0,0,0,0,0,0,0,0,0,0,0,0,2,0,0,0,0,0,0,0,0,0,0,0,1,0,0,0,0,0,0,0,0,0,0,0,0,0,0,0,0,0,1,0,0,0,0,0,0,0,0,0,0,0,0,0,0,0,0,0,3,0,0
syn_aggregate_02026,18,2.0,1,2,1,2,0,0,0,0,0,0,0,0,0,0,0,0,0,0,1,0,0,0,0,0,0,0,0,0,1,1,1,1,1,1,1,1,1,0,1,0,0,0,0,0,0,0,0,0,1,0,0,0,0,0,0,0,0,0,0,0,0,0,0,0,0,0,0,0,4
syn_aggregate_02027,43,1.0,1,2,1,2,0,1,0,0,0,0,0,0,0,0,0,0,3,0,0,2,2,2,2,2,3,2,2,2,1,4,4,4,4,4,4,4,4,4,4,2,2,2,2,1,1,1,1,1,1,0,0,0,0,0,0,0,0,0,0,0,1,0,0,1,0,0,1,0,0
syn_aggregate_02028,49,2.0,2,2,1,2,1,0,0,0,1,0,1,1,0,0,0,0,0,0,0,4,4,4,4,4,4,4,4,4,4,3,4,4,3,4,3,3,3,3,1,1,1,1,1,0,1,0,0,1,0,1,1,1,1,0,0,1,1,0,0,4,4,4,3,4,3,4,4,4,3
syn_aggregate_02029,18,2.0,1,1,1,1,0,0,0,0,0,0,0,0,0,0,0,0,0,2,0,3,3,2,3,2,2,2,2,1,2,0,0,0,0,0,0,0,0,0,0,1,1,0,1,0,0,0,0,1,0,0,0,0,0,0,0,3,0,0,0,0,2,1,0,2,0,0,1,1,0
syn_aggregate_02030,27,1.0,3,3,3,3,2,2,2,1,0,1,1,1,0,1,1,1,1,1,1,3,4,4,4,4,4,4,4,3,4,4,4,4,4,4,4,3,4,4,4,4,4,4,4,3,4,3,3,4,2,1,2,2,1,1,2,1,1,1,2,1,3,3,1,2,2,2,2,2,0
syn_aggregate_02031,21,2.0,3,3,2,3,2,3,2,0,0,1,1,1,0,1,0,0,0,0,0,4,4,4,4,4,4,4,4,3,4,4,4,4,4,4,3,4,4,4,4,2,3,2,2,2,2,1,2,2,2,1,1,1,1,0,1,0,1,1,1,1,4,4,2,3,3,2,3,3,1
syn_aggregate_02032,19,1.0,2,0,0,0,0,0,0,0,0,0,0,0,0,0,0,0,0,0,0,1,1,1,1,1,0,0,0,0,0,2,2,2,2,2,1,1,1,1,3,0,0,0,0,0,2,0,0,0,0,0,0,0,0,0,0,0,0,0,0,0,0,0,0,0,0,0,0,0,0
syn_aggregate_02033,19,1.0,2,2,1,1,1,1,0,0,0,2,2,1,1,2,1,1,0,1,0,0,0,0,0,0,1,0,0,0,0,4,4,3,4,4,4,3,3,4,4,2,1,1,2,1,0,0,0,0,3,1,1,1,1,0,0,0,0,0,0,2,3,3,2,3,3,2,2,2,4
syn_aggregate_02034,21,2.0,0,1,0,0,0,0,0,0,0,0,0,0,0,0,0,0,0,0,0,2,2,1,2,1,2,1,1,1,3,0,1,0,0,1,0,1,0,0,0,2,1,1,1,1,1,0,0,0,0,1,1,0,0,0,0,0,0,1,0,0,2,0,0,0,0,0,0,0,0
syn_aggregate_02035,19,1.0,2,2,1,2,0,1,0,0,0,1,1,1,0,1,1,0,1,1,0,4,4,3,4,3,3,3,3,3,2,4,4,4,4,4,4,4,4,4,4,4,4,4,4,4,4,4,3,4,3,1,1,1,0,1,1,1,0,0,0,4,4,4,4,4,4,3,4,4,4
syn_aggregate_02036,20,1.0,3,3,2,3,1,0,1,0,0,2,3,3,2,2,2,2,2,2,2,3,3,3,3,2,3,2,2,2,4,2,2,2,2,2,2,1,1,1,0,4,4,4,4,3,3,3,3,3,3,0,0,0,0,0,0,0,0,0,4,3,4,4,3,3,2,2,4,4,3
syn_aggregate_02037,26,1.0,3,3,3,3,2,3,2,1,2,0,0,0,0,0,0,0,0,0,1,4,4,4,4,4,4,4,4,4,3,4,4,4,4,4,4,4,4,3,3,3,3,3,4,2,2,2,2,3,2,0,0,0,0,0,0,0,0,0,3,2,3,3,2,3,3,2,3,2,3
syn_aggregate_02038,20,2.0,3,3,3,3,2,3,2,2,1,3,4,4,3,3,3,3,3,3,3,3,3,3,3,2,3,3,2,2,3,4,4,4,4,4,4,4,4,3,4,4,4,4,4,4,4,4,4,3,4,1,1,1,0,0,1,1,1,0,0,3,4,4,3,4,4,4,4,4,4
syn_aggregate_02039,50,2.0,0,1,0,0,0,0,0,0,0,0,0,0,0,0,0,0,0,0,2,4,4,4,4,4,4,4,4,3,2,2,3,2,2,2,2,2,3,2,1,4,3,3,3,3,3,3,3,2,3,0,0,0,1,0,0,0,0,0,0,0,1,0,0,0,0,0,2,0,0
syn_aggregate_02040,21,2.0,3,3,2,3,2,3,1,1,1,0,0,0,0,0,0,0,0,0,1,1,2,1,1,1,2,1,1,1,1,1,1,1,1,1,1,0,1,0,1,0,0,0,0,0,1,0,1,0,1,0,0,0,0,0,0,0,0,0,0,0,1,1,0,1,1,0,1,0,0
syn_aggregate_02041,21,2.0,3,3,2,3,2,2,2,1,0,0,0,0,0,0,0,0,0,0,0,1,1,1,1,1,1,0,1,1,0,0,0,0,0,0,0,0,0,0,0,0,0,0,0,0,0,0,0,0,0,0,1,0,0,0,0,1,0,0,0,0,2,2,0,2,0,1,1,0,1
syn_aggregate_02042,21,1.0,3,3,1,2,1,1,1,0,0,1,1,1,0,0,0,0,0,1,1,4,4,4,4,3,4,4,4,4,3,3,4,4,4,4,4,3,3,3,1,2,3,2,2,2,2,2,2,2,2,1,1,1,1,0,1,0,0,1,1,2,4,3,2,4,3,2,3,3,3
syn_aggregate_02043,18,2.0,3,3,3,3,2,3,2,0,1,1,0,0,1,1,0,1,1,0,1,4,4,4,4,4,4,4,4,4,4,4,4,4,4,4,4,4,4,3,3,4,4,4,4,4,4,4,3,3,4,1,1,1,1,1,1,1,0,0,1,1,3,3,2,3,2,2,2,2,2
syn_aggregate_02044,22,2.0,3,3,2,3,2,2,1,0,1,2,2,2,1,2,2,2,1,2,2,3,3,2,3,2,3,2,1,2,2,4,4,4,4,4,4,4,4,3,4,2,2,2,2,2,2,2,2,2,2,1,1,1,1,1,1,0,1,1,0,4,4,4,4,4,4,4,4,4,4
syn_aggregate_02045,20,2.0,1,2,1,1,1,1,0,0,0,0,0,0,0,0,0,0,0,0,2,2,3,2,2,2,2,1,1,2,2,1,2,2,1,2,2,2,1,1,1,2,2,1,2,2,2,1,2,2,1,1,2,1,1,2,2,2,0,1,2,1,3,2,1,3,1,2,3,2,2
syn_aggregate_02046,21,2.0,3,3,2,3,2,2,2,1,0,1,1,1,0,1,1,0,1,1,0,3,3,3,4,3,3,4,2,4,3,0,1,1,0,1,0,1,1,0,0,4,4,4,4,4,3,4,4,3,4,0,0,1,0,0,0,0,0,0,0,0,0,0,0,2,0,0,0,0,0
syn_aggregate_02047,20,2.0,3,3,3,3,3,3,3,3,3,0,1,0,0,0,0,0,0,0,0,2,2,1,2,2,2,1,1,2,2,4,4,4,4,4,4,4,4,4,4,3,3,3,3,2,3,2,2,2,3,2,2,2,1,1,2,1,1,1,1,3,4,4,3,4,3,3,4,4,2
syn_aggregate_02048,19,1.0,1,1,1,0,0,0,0,0,0,0,0,0,0,0,0,0,0,3,0,1,1,0,0,0,1,0,0,0,0,0,0,0,0,0,0,0,0,0,0,2,0,0,0,0,0,0,0,0,0,0,0,0,0,0,0,0,0,0,1,0,1,1,0,2,1,0,1,1,0
syn_aggregate_02049,19,1.0,3,3,2,3,2,3,2,1,1,0,0,0,0,0,0,0,0,0,1,4,4,4,4,4,4,4,4,3,3,1,2,2,2,2,2,2,2,2,1,3,3,2,3,2,2,2,2,2,3,0,0,1,0,0,0,0,0,1,1,0,2,1,0,1,1,0,1,1,0
syn_aggregate_02050,18,2.0,2,3,2,2,1,1,0,0,0,1,1,1,0,1,0,0,1,1,2,3,2,2,2,2,2,2,1,1,0,3,4,4,3,3,3,3,2,2,3,2,2,1,2,1,1,1,1,0,1,1,1,0,0,0,1,0,0,0,0,0,1,1,0,1,0,0,1,0,0
syn_aggregate_02051,21,1.0,0,2,0,0,0,0,0,0,0,0,1,0,0,0,0,0,0,0,0,1,1,1,1,1,1,1,1,1,1,2,3,3,2,3,2,3,2,2,3,4,3,3,4,3,2,3,3,3,4,0,0,1,0,0,0,0,1,0,0,1,3,3,1,3,2,2,3,2,3
syn_aggregate_02052,20,1.0,3,3,3,3,3,3,3,1,1,1,2,2,1,1,1,0,1,1,2,3,4,3,4,3,4,4,3,3,1,3,4,4,3,3,3,3,4,3,2,4,4,4,4,3,3,3,3,3,3,0,0,0,0,0,0,0,0,0,4,1,2,2,1,2,1,1,2,2,2
syn_aggregate_02053,20,2.0,1,1,1,1,0,0,0,1,0,0,0,0,0,0,1,0,0,0,0,1,1,0,1,1,1,1,0,1,0,4,4,4,4,4,4,4,4,4,4,3,2,2,3,1,2,2,2,2,2,0,0,0,0,0,0,0,0,0,4,2,4,3,2,4,3,2,3,3,1
syn_aggregate_02054,18,1.0,3,3,3,3,2,3,3,2,3,1,1,1,0,0,0,0,0,1,0,4,4,4,4,4,4,4,3,4,4,4,4,4,4,4,4,4,4,4,4,4,4,4,4,3,3,3,3,4,2,1,1,1,1,1,1,1,1,0,0,0,1,1,0,1,0,0,1,0,0
syn_aggregate_02055,19,1.0,0,0,1,0,0,0,0,0,0,0,0,0,0,0,0,0,0,0,0,0,0,0,0,0,0,0,0,1,0,0,0,0,0,0,0,0,0,0,0,0,0,0,0,0,0,0,0,0,3,0,1,0,0,0,0,0,0,0,0,0,0,0,0,0,0,0,0,0,0
syn_aggregate_02056,22,2.0,3,3,2,2,2,2,1,0,1,0,0,0,0,0,0,0,0,1,0,4,4,3,4,3,3,3,3,3,3,3,3,3,3,3,3,3,3,2,4,4,4,4,4,3,3,3,3,3,3,2,2,1,1,1,1,1,1,0,0,1,3,2,2,3,2,2,2,2,2
syn_aggregate_02057,41,2.0,1,2,1,2,0,0,1,0,1,0,0,0,0,0,0,0,0,0,2,2,2,3,2,2,2,2,2,1,2,3,3,3,3,3,3,3,3,2,2,1,1,0,1,0,0,0,0,0,0,0,0,0,1,0,0,0,0,1,0,0,0,0,0,0,0,0,0,0,0
syn_aggregate_02058,22,1.0,1,1,1,2,0,0,0,0,0,0,0,1,0,0,0,0,0,0,0,0,0,1,0,0,1,0,2,0,0,0,1,0,0,0,0,0,0,0,0,1,1,0,1,0,0,0,1,1,0,0,0,0,0,0,0,0,0,0,0,0,2,1,0,1,1,0,2,2,1
syn_aggregate_02059,22,2.0,0,1,0,0,0,0,0,0,0,0,0,0,0,0,0,0,0,0,0,0,1,0,0,1,1,1,0,0,0,1,1,1,0,1,0,1,0,0,0,2,1,1,2,1,1,1,0,0,0,0,0,0,0,0,0,0,0,0,1,0,0,1,0,0,0,0,0,0,0
syn_aggregate_02060,19,1.0,2,3,2,2,1,1,1,0,0,0,0,1,0,0,0,0,0,0,0,0,0,0,0,0,1,0,0,0,0,0,0,0,0,0,1,0,0,0,0,0,0,0,0,0,1,0,0,0,0,0,0,0,0,0,0,0,0,0,2,1,3,3,2,3,2,2,3,2,2
syn_aggregate_02061,20,2.0,1,1,0,0,0,0,0,0,0,0,0,0,0,0,0,0,0,0,0,2,2,2,2,2,2,2,2,2,2,0,1,1,0,1,1,1,1,1,0,2,1,1,2,1,1,1,1,1,1,0,1,0,0,0,0,0,1,0,0,3,4,4,3,4,3,3,4,3,2
syn_aggregate_02062,22,2.0,2,2,1,1,0,0,0,0,0,0,0,0,0,0,0,0,0,0,0,1,1,1,1,1,1,1,0,0,0,2,3,2,2,3,2,2,2,1,2,2,1,1,2,1,1,1,1,1,1,0,0,0,0,0,0,0,0,0,0,0,2,2,1,2,1,1,2,2,2
syn_aggregate_02063,21,2.0,2,2,2,2,1,2,1,0,0,2,2,2,2,2,2,1,2,2,2,4,4,4,4,4,4,4,4,4,4,4,4,4,4,4,4,4,4,3,3,4,4,4,4,4,4,4,4,4,4,2,2,2,3,2,2,3,2,1,2,1,3,3,1,2,2,2,3,3,3
syn_aggregate_02064,21,1.0,3,3,2,3,2,2,2,1,0,0,0,0,0,1,0,0,0,1,0,2,2,1,2,1,1,1,0,1,0,0,1,1,0,0,1,1,0,0,0,4,3,3,4,3,3,2,3,3,2,0,0,0,0,0,2,0,0,0,0,0,2,2,0,2,0,1,1,1,1
syn_aggregate_02065,19,2.0,3,2,1,1,0,0,0,0,0,0,0,0,0,0,0,0,0,0,0,0,0,0,1,0,1,0,0,0,0,0,0,0,0,0,0,0,0,0,1,0,0,0,1,0,0,0,0,0,1,0,0,0,0,0,0,0,0,0,0,0,1,0,0,0,0,0,0,0,0
syn_aggregate_02066,19,1.0,3,3,3,3,2,3,3,2,2,1,1,1,0,1,1,0,0,1,0,1,1,0,1,0,1,0,1,1,0,4,4,4,3,4,4,4,4,4,2,4,4,4,4,3,4,4,4,4,3,1,1,0,0,0,1,0,0,1,0,3,4,4,3,4,4,3,4,3,3
syn_aggregate_02067,22,2.0,3,3,2,2,2,3,2,1,0,0,0,0,0,0,0,0,0,2,0,2,2,2,3,2,2,2,2,2,1,0,0,1,0,1,0,0,0,0,0,0,0,1,0,0,0,0,1,0,0,0,0,0,0,0,0,0,0,0,3,0,0,0,0,0,0,0,0,0,0
syn_aggregate_02068,27,1.0,3,3,2,3,2,3,0,0,0,0,0,1,0,0,1,0,0,1,0,2,2,2,2,2,2,1,1,1,1,2,3,3,2,2,2,2,2,2,1,4,4,4,3,3,3,3,3,2,2,1,2,1,1,1,1,1,1,1,1,2,4,3,2,4,3,3,3,2,3
syn_aggregate_02069,19,2.0,2,2,2,2,2,2,2,0,2,0,0,0,0,0,0,0,0,0,0,0,0,0,0,0,0,0,0,0,0,0,1,0,0,1,0,0,0,0,0,0,0,0,0,0,0,0,0,0,0,0,0,0,0,0,0,0,0,0,0,1,3,3,1,2,2,1,2,3,1
syn_aggregate_02070,22,2.0,3,3,3,3,2,3,3,2,3,0,0,1,0,0,0,1,0,0,0,3,3,2,3,2,2,3,2,2,1,1,1,1,1,1,1,1,1,1,1,4,4,4,4,4,3,3,4,3,3,1,2,1,1,1,1,1,1,1,1,0,1,1,0,1,1,0,1,1,0
syn_aggregate_02071,41,1.0,1,1,1,1,1,1,0,0,0,0,0,0,0,0,0,0,0,0,2,4,4,4,4,4,4,4,3,4,3,1,2,2,1,2,1,2,1,1,1,1,1,0,1,0,1,0,1,0,0,1,1,1,1,1,1,1,1,1,1,1,2,2,1,2,2,2,2,1,1
syn_aggregate_02072,19,1.0,1,1,1,1,0,0,0,0,0,0,0,0,0,0,0,0,0,2,0,2,2,2,2,1,1,1,1,2,2,0,2,1,1,1,1,2,2,1,0,3,3,3,3,2,2,2,2,2,1,0,0,0,0,0,0,0,0,0,2,0,1,0,0,0,0,0,0,0,0
syn_aggregate_02073,21,2.0,0,0,0,0,0,0,0,0,0,0,1,0,0,0,0,0,0,0,0,0,0,0,0,0,0,0,0,0,0,0,1,1,1,1,1,1,1,1,0,0,0,0,0,0,0,0,0,0,4,0,0,0,0,0,1,0,0,1,1,1,2,2,1,2,2,1,2,2,3
syn_aggregate_02074,22,2.0,1,1,1,1,0,0,0,0,0,0,0,0,0,0,0,0,0,4,0,1,2,1,1,1,1,1,1,0,0,0,0,0,0,0,0,0,0,0,4,3,3,3,3,2,3,2,2,3,3,0,0,1,0,0,0,0,0,0,0,0,2,1,0,2,0,0,2,2,0
syn_aggregate_02075,20,2.0,1,1,1,1,1,0,0,0,1,0,1,0,0,0,0,0,0,0,0,1,1,1,0,0,1,0,0,0,0,0,1,0,0,0,0,1,0,0,0,2,2,1,2,2,2,1,1,1,3,0,0,0,0,0,0,0,0,0,1,1,3,3,2,3,2,2,3,2,2
syn_aggregate_02076,18,1.0,3,3,3,3,2,3,2,1,0,0,0,0,0,0,1,0,0,0,0,3,3,3,3,3,3,3,2,2,2,4,4,4,4,4,4,4,4,3,3,4,4,4,4,4,4,4,4,4,4,2,2,2,2,2,2,2,2,1,1,3,4,4,3,4,3,3,4,4,2
syn_aggregate_02077,38,2.0,3,3,3,3,2,3,3,2,0,0,0,0,0,0,0,0,0,0,3,4,4,4,4,4,4,4,3,3,3,4,4,4,4,4,4,4,4,3,3,4,4,4,4,3,3,3,3,4,3,0,0,0,0,0,0,0,0,0,4,4,4,4,4,4,4,4,4,3,2
syn_aggregate_02078,22,2.0,3,3,3,3,2,3,3,2,3,0,0,0,0,1,0,1,0,0,0,2,3,3,2,2,2,1,2,1,2,2,3,2,2,2,1,2,2,1,3,4,4,4,4,4,4,4,4,3,4,0,0,0,0,0,0,0,0,0,3,2,4,4,3,4,3,3,4,4,3
syn_aggregate_02079,18,2.0,2,2,1,2,1,0,0,0,0,1,1,1,0,0,1,0,1,0,0,3,3,3,3,2,3,3,2,3,3,0,0,0,0,0,0,0,0,0,0,0,0,0,0,0,4,0,0,0,0,0,0,0,0,0,0,0,0,0,0,0,1,1,0,1,1,0,1,1,0
syn_aggregate_02080,20,2.0,3,3,2,2,1,2,1,0,0,2,3,2,2,3,2,1,2,2,1,4,4,4,4,4,4,4,3,4,4,4,4,4,4,4,4,4,4,3,3,4,4,4,4,4,4,4,4,4,4,2,2,2,1,1,2,2,1,1,1,4,4,4,4,4,3,4,4,4,4
syn_aggregate_02081,24,1.0,1,1,0,1,0,1,1,0,0,0,1,0,0,0,0,0,0,0,0,3,3,2,3,2,3,2,2,2,3,1,2,2,2,2,2,2,2,2,1,1,0,0,0,0,0,0,0,0,0,0,1,0,0,0,0,0,0,0,0,0,0,0,0,1,0,0,0,1,0
syn_aggregate_02082,19,2.0,0,0,1,0,0,0,1,0,0,0,0,0,0,0,0,0,0,0,1,4,4,4,4,3,3,3,3,3,1,1,1,1,1,1,0,1,1,0,1,3,2,2,3,2,2,1,2,2,1,0,0,0,0,0,1,0,0,0,0,2,4,4,2,4,3,1,3,3,2
syn_aggregate_02083,19,2.0,3,3,3,3,3,3,3,3,3,1,1,1,0,1,0,0,1,1,0,4,4,4,4,3,4,4,4,4,4,3,4,4,3,4,3,4,3,3,2,4,4,4,4,4,4,4,4,4,4,2,2,2,2,2,2,2,1,1,2,3,4,4,3,4,4,4,4,4,4
syn_aggregate_02084,18,2.0,1,2,1,2,1,0,1,0,0,0,0,1,0,0,0,0,0,0,0,0,1,0,1,0,2,1,1,1,1,0,0,0,0,0,0,0,0,0,1,2,2,2,3,2,1,1,2,2,1,0,0,0,0,0,0,0,0,1,0,0,0,0,0,0,0,0,0,0,0
syn_aggregate_02085,22,1.0,3,3,3,2,1,1,1,0,0,0,0,0,0,0,0,0,0,0,3,2,2,2,1,1,2,1,2,2,2,1,1,1,1,1,1,2,1,1,1,3,3,3,4,3,3,3,2,2,3,0,0,0,0,0,0,0,0,1,3,1,2,2,1,2,2,1,2,2,3
syn_aggregate_02086,18,2.0,3,3,2,3,2,2,1,1,2,0,0,0,0,0,0,0,0,0,1,0,0,0,0,0,0,0,0,0,2,2,3,2,2,2,2,2,1,1,3,4,4,4,4,3,3,3,3,3,3,0,0,0,0,0,0,1,0,0,0,2,4,4,3,4,3,3,4,3,3
syn_aggregate_02087,18,1.0,3,3,3,3,2,2,2,0,1,0,0,0,0,2,0,0,0,0,0,4,4,4,4,4,4,4,3,4,3,2,3,3,2,3,2,3,2,2,1,4,4,4,4,3,4,3,3,3,3,0,0,0,0,0,0,0,0,1,1,1,2,2,1,2,0,0,1,0,1
syn_aggregate_02088,51,1.0,1,1,0,1,0,0,0,0,0,0,0,0,0,0,0,0,0,0,4,2,1,1,1,1,1,1,1,1,1,4,4,4,3,3,4,3,3,3,1,2,2,1,2,1,1,0,0,1,3,0,0,1,0,0,0,0,1,0,0,2,4,3,2,4,2,2,3,2,4
syn_aggregate_02089,19,2.0,3,3,3,3,3,3,3,2,2,1,1,1,0,1,1,0,1,1,1,2,2,1,1,1,1,1,1,1,0,2,3,2,2,2,2,2,3,2,1,4,4,4,4,3,4,4,4,3,4,0,1,0,0,0,0,0,0,0,0,0,2,3,1,2,1,2,2,2,1
syn_aggregate_02090,21,1.0,3,3,3,3,3,3,2,2,1,0,0,0,0,0,0,0,0,0,2,3,4,4,4,3,4,3,2,2,3,4,4,4,4,4,4,4,4,3,4,0,0,0,0,0,2,0,0,0,0,0,0,0,0,0,0,0,0,0,2,1,4,4,2,4,2,3,3,3,2
syn_aggregate_02091,18,2.0,0,1,0,1,0,0,0,0,0,0,0,0,0,0,0,0,0,0,0,1,2,1,1,1,2,1,1,0,1,0,0,0,0,0,0,0,0,0,2,1,1,1,1,0,1,0,0,1,0,0,0,0,0,0,0,0,0,0,1,0,1,1,0,0,0,0,0,0,0
syn_aggregate_02092,22,2.0,3,3,3,3,2,3,2,2,2,2,2,2,2,2,1,1,2,1,2,1,2,1,1,1,1,1,1,1,1,3,4,4,4,3,3,3,4,3,1,2,2,2,2,2,2,1,1,2,2,0,1,0,0,0,0,0,0,0,0,1,4,4,2,4,3,3,4,3,3
syn_aggregate_02093,21,2.0,0,0,0,0,0,0,0,0,0,0,0,0,0,0,0,0,0,0,0,0,0,0,0,0,0,0,0,0,0,0,0,0,0,0,0,0,0,0,0,0,0,0,0,0,0,0,0,0,0,0,0,0,0,0,0,0,0,0,0,0,0,0,0,2,0,0,0,0,0
syn_aggregate_02094,20,2.0,1,1,0,1,0,0,0,0,0,0,0,0,0,0,0,0,0,0,3,0,0,0,0,0,0,0,0,0,4,4,4,4,4,4,4,4,3,3,3,2,2,2,2,2,2,1,2,2,1,0,0,0,0,0,0,0,0,0,0,1,4,3,2,3,2,2,3,2,3
syn_aggregate_02095,19,1.0,3,3,2,3,2,3,1,0,0,1,2,2,1,1,2,1,1,1,0,1,1,1,1,0,1,1,0,0,0,3,4,3,3,3,3,3,3,3,3,4,4,4,4,3,4,3,3,3,4,1,1,1,0,2,1,0,2,1,2,1,3,3,1,2,2,1,2,2,1
syn_aggregate_02096,19,2.0,3,3,3,3,3,3,3,2,2,3,3,3,2,2,2,2,2,2,1,4,4,4,4,4,3,4,4,4,4,4,4,4,4,4,4,4,4,4,4,4,4,4,4,4,4,4,4,4,4,2,3,2,2,2,2,2,2,2,3,3,4,4,3,4,4,4,4,4,4
syn_aggregate_02097,21,1.0,3,2,1,2,0,0,0,0,0,0,0,0,0,0,0,0,0,0,0,0,0,0,0,0,0,0,0,0,0,0,0,0,0,0,0,0,0,0,4,0,0,0,0,0,0,0,0,2,0,0,0,0,0,0,0,0,0,0,1,0,1,0,0,0,0,0,0,0,0
syn_aggregate_02098,19,1.0,0,1,0,2,0,0,0,0,0,0,0,0,0,0,0,0,0,1,0,2,3,2,3,2,2,2,2,1,3,1,2,2,2,2,2,1,2,1,1,1,0,0,1,0,0,0,0,0,0,0,1,0,0,0,0,0,0,0,0,0,0,0,0,0,0,0,0,0,0
syn_aggregate_02099,22,2.0,3,3,3,2,2,2,1,0,0,2,2,2,1,1,1,1,1,1,1,4,4,4,3,4,3,4,4,4,3,3,4,4,3,4,3,4,3,3,3,3,2,2,3,2,2,2,1,2,1,1,2,1,1,1,1,2,0,1,1,3,4,4,3,4,4,4,4,4,3
syn_aggregate_02100,51,1.0,1,1,1,1,1,0,0,0,0,0,0,0,0,0,0,0,0,0,0,0,0,0,0,0,0,0,0,1,2,2,2,2,1,2,1,2,2,2,2,0,0,0,0,0,0,0,0,0,3,0,0,0,0,0,2,0,0,0,0,0,2,2,0,2,1,1,2,2,0
syn_aggregate_02101,18,1.0,1,1,1,0,0,0,0,0,0,1,1,1,1,1,0,0,1,1,1,4,4,4,4,4,4,4,4,4,3,0,0,0,0,0,1,1,0,0,0,2,2,2,3,2,2,1,2,2,2,0,0,0,0,0,0,0,0,0,0,1,2,2,1,2,1,1,2,2,2
syn_aggregate_02102,46,2.0,3,3,2,3,2,2,1,1,1,0,1,0,0,1,0,1,0,1,0,2,2,1,2,1,2,2,1,2,2,0,2,1,1,1,0,1,2,1,2,2,2,1,2,2,2,2,1,2,1,0,1,0,0,0,0,0,0,0,0,2,4,4,3,4,3,3,4,3,3
syn_aggregate_02103,18,2.0,3,3,3,3,3,3,2,2,3,1,1,1,1,1,1,1,1,1,0,4,4,4,3,4,4,4,3,3,4,4,4,4,4,4,4,4,4,3,4,4,4,4,4,3,4,3,4,4,4,0,0,0,0,0,0,0,0,0,2,4,4,4,4,4,4,4,4,4,3
syn_aggregate_02104,22,2.0,3,3,3,3,2,3,2,2,1,0,0,0,0,0,0,0,0,1,1,3,3,3,3,3,3,3,2,2,2,2,2,2,2,2,1,2,2,1,2,0,0,0,0,0,0,0,0,0,3,0,0,0,0,0,1,1,0,0,0,0,1,0,0,0,0,0,0,0,0
syn_aggregate_02105,18,2.0,1,1,1,1,1,0,0,0,0,0,1,0,0,0,0,0,0,0,0,4,4,4,3,3,4,4,3,3,4,4,4,4,4,4,4,4,4,3,4,2,2,1,2,0,1,0,0,0,2,0,0,0,0,0,0,0,0,2,0,0,3,2,1,2,2,2,2,2,1
syn_aggregate_02106,18,2.0,3,3,2,2,2,2,2,0,0,1,1,1,0,1,1,0,1,1,0,4,4,3,4,3,4,3,3,2,2,3,4,4,4,4,4,3,4,3,3,4,4,4,4,4,4,3,4,4,4,2,3,2,2,2,3,2,2,1,3,2,4,4,3,4,3,3,4,4,2
syn_aggregate_02107,20,2.0,1,1,2,1,0,1,1,0,0,0,0,0,0,0,0,0,0,0,0,3,4,3,3,3,4,3,3,3,3,0,0,0,0,0,0,0,0,0,0,4,4,4,4,3,4,4,4,4,4,0,1,0,0,0,1,0,0,0,0,1,4,4,2,3,3,3,3,3,2
syn_aggregate_02108,18,1.0,1,0,0,0,0,0,0,0,0,0,0,0,0,0,0,0,0,0,3,0,0,0,0,0,0,0,0,0,2,0,1,1,1,0,1,0,0,1,0,0,1,0,0,0,0,0,0,0,0,0,0,0,0,0,1,0,0,0,0,0,1,1,0,1,0,0,1,2,0
syn_aggregate_02109,20,2.0,3,3,2,2,1,2,1,1,1,0,0,0,0,0,0,0,1,0,2,4,4,4,4,3,4,3,4,4,4,3,4,4,3,3,4,4,3,3,3,4,4,4,4,4,3,3,3,3,3,0,1,1,0,1,1,0,1,0,1,2,4,4,3,4,4,4,4,4,2
syn_aggregate_02110,19,2.0,3,3,3,3,3,3,3,3,2,1,1,1,0,1,1,0,0,0,0,4,4,4,4,4,4,4,4,3,3,3,4,4,3,3,3,3,3,2,4,4,4,4,4,4,4,4,4,3,0,1,1,1,1,1,1,1,1,1,0,4,4,4,4,4,4,4,4,4,4
syn_aggregate_02111,19,2.0,0,0,0,0,0,0,0,0,0,0,1,0,0,0,0,0,0,0,0,1,1,1,1,1,1,1,1,2,1,1,2,1,1,1,1,1,1,0,0,2,1,2,2,2,1,1,1,2,1,1,1,1,1,0,1,0,1,1,0,1,3,2,1,2,1,1,2,2,2
syn_aggregate_02112,22,2.0,3,3,2,1,1,1,2,1,1,0,0,0,0,0,0,0,0,1,0,0,0,0,0,0,0,0,2,0,0,0,1,1,1,1,0,1,0,1,0,1,0,0,0,0,0,0,0,1,0,0,0,0,0,0,0,0,0,0,0,0,1,0,0,0,0,0,0,1,0
syn_aggregate_02113,21,2.0,3,3,2,3,2,3,1,1,1,0,0,0,0,0,0,0,0,3,0,3,3,2,3,2,3,2,2,1,3,3,4,4,3,3,4,4,3,3,2,2,2,2,3,1,2,1,2,1,2,1,2,1,1,2,1,2,1,0,1,4,4,4,4,4,3,3,4,4,3
syn_aggregate_02114,35,1.0,0,1,0,1,0,0,0,0,0,0,0,0,0,0,0,0,1,1,1,4,4,3,4,4,4,3,3,3,4,1,2,2,1,1,1,1,1,0,0,4,4,4,4,3,4,3,3,4,3,0,1,1,0,0,1,0,1,0,1,0,1,1,0,1,0,0,1,0,0
syn_aggregate_02115,22,2.0,3,3,2,3,2,2,1,0,1,1,1,1,1,1,0,0,1,0,4,3,3,2,2,2,2,2,1,2,2,4,4,4,4,4,3,3,4,3,4,4,4,4,4,3,4,3,3,3,3,2,2,1,1,1,1,1,1,1,1,0,1,1,0,0,0,0,0,0,0
syn_aggregate_02116,22,1.0,0,0,0,0,0,0,0,0,0,0,0,0,0,0,0,0,0,0,0,0,1,0,0,0,1,0,0,0,0,0,0,0,0,0,0,0,0,0,0,1,1,1,1,1,0,0,0,1,0,0,0,0,0,0,0,0,0,0,0,0,0,0,0,1,0,1,1,0,0
syn_aggregate_02117,25,1.0,2,2,1,2,1,1,1,0,0,0,0,0,0,0,0,0,0,0,4,3,3,3,3,2,3,3,3,3,2,2,3,3,2,2,2,2,2,2,2,1,1,1,1,1,1,0,0,1,1,1,2,1,1,1,2,1,1,1,1,1,3,3,2,3,2,2,3,2,2
syn_aggregate_02118,21,2.0,0,0,0,0,0,0,0,0,0,0,0,0,0,0,0,0,0,0,0,0,0,0,0,0,0,0,0,0,0,0,0,0,0,0,0,0,0,0,0,1,0,0,0,0,0,0,0,0,0,0,0,0,0,0,0,0,0,0,0,0,0,0,0,0,0,0,0,0,0
syn_aggregate_02119,22,1.0,2,3,2,2,1,1,0,0,0,0,0,0,0,0,0,0,0,0,0,2,2,2,3,2,2,2,2,2,2,2,3,3,2,2,2,2,1,1,0,1,1,0,1,0,1,0,0,1,1,1,1,1,1,1,1,1,1,0,0,0,0,0,0,0,0,0,0,0,0
syn_aggregate_02120,20,1.0,3,3,3,3,3,3,3,2,3,3,4,3,3,3,3,2,3,3,4,3,3,3,3,3,4,4,3,3,3,3,4,4,4,4,4,4,4,3,2,4,4,4,4,4,4,3,4,3,4,1,2,1,1,1,2,1,1,1,1,4,4,4,3,4,4,3,4,3,2
syn_aggregate_02121,22,2.0,1,2,1,1,0,1,0,1,0,0,0,0,0,0,0,0,1,1,0,0,1,0,0,0,0,0,1,0,0,2,3,2,3,2,3,2,2,3,3,0,0,0,0,0,0,0,0,0,0,0,0,0,0,0,0,0,0,0,0,0,1,1,0,2,1,0,1,1,0
syn_aggregate_02122,19,2.0,2,2,2,2,1,1,0,0,0,0,1,0,0,0,0,0,0,2,0,3,2,2,3,2,3,2,2,2,2,3,3,3,3,2,2,3,2,2,2,3,4,3,4,3,3,2,2,3,2,1,1,1,0,1,1,0,1,0,1,1,4,4,2,4,3,3,3,3,2
syn_aggregate_02123,22,2.0,1,1,1,1,0,0,0,0,0,0,0,0,0,0,0,0,0,0,0,0,0,0,0,0,0,0,0,0,0,0,0,0,0,0,0,0,0,0,0,0,0,0,0,0,0,0,0,0,0,0,0,0,0,0,0,0,0,0,0,0,0,0,0,0,0,0,0,0,2
syn_aggregate_02124,20,2.0,1,0,0,0,0,0,0,0,0,0,0,0,0,0,0,0,0,0,1,0,0,0,0,0,0,0,0,0,0,4,4,4,4,4,3,4,4,4,2,2,2,1,2,1,2,1,1,1,3,0,0,0,0,0,0,0,0,0,2,0,2,2,0,2,1,1,1,1,0
syn_aggregate_02125,21,2.0,3,3,1,2,1,1,0,0,0,0,1,0,0,0,0,0,0,0,0,3,3,3,4,3,3,3,3,3,4,1,2,1,2,2,1,2,1,1,2,0,0,0,0,0,0,1,0,0,2,0,0,0,0,0,0,0,0,0,0,3,4,4,4,4,4,4,4,4,4
syn_aggregate_02126,22,1.0,0,0,0,0,0,0,0,0,0,0,0,0,0,0,0,0,0,1,0,0,0,0,0,0,0,0,0,0,4,0,0,0,0,0,0,0,0,0,0,0,0,0,0,0,0,0,0,0,0,0,1,0,0,0,1,0,0,0,0,0,2,2,0,2,0,0,0,0,0
syn_aggregate_02127,18,2.0,0,0,0,0,0,0,0,0,0,0,0,0,0,0,0,0,0,0,0,0,0,1,0,0,0,0,0,0,0,1,1,2,1,2,1,2,1,2,1,0,0,0,1,0,0,0,0,0,2,0,0,0,0,0,0,0,0,0,0,2,4,3,2,4,2,2,3,3,0
syn_aggregate_02128,22,1.0,3,3,3,3,3,3,0,0,0,1,2,2,1,1,1,1,2,2,0,4,4,4,4,4,4,4,4,3,4,3,4,4,3,3,3,3,3,2,2,4,4,4,4,3,4,4,3,4,3,2,2,2,1,1,2,1,2,2,2,4,4,4,4,4,4,4,4,3,4
syn_aggregate_02129,24,2.0,2,2,1,2,1,1,1,0,1,0,0,0,0,0,0,0,0,0,0,0,1,0,0,0,0,0,0,0,3,4,4,4,4,4,4,4,4,3,3,4,4,4,4,3,4,3,3,3,4,1,1,1,1,1,1,1,1,1,1,0,2,1,0,1,0,1,1,1,1
syn_aggregate_02130,22,1.0,3,3,3,2,2,2,2,0,0,0,0,0,0,0,0,0,0,0,4,4,4,4,4,4,4,4,4,4,3,2,3,2,2,2,2,2,2,2,2,4,4,4,4,4,4,4,4,4,4,1,2,1,0,1,2,1,0,1,1,1,3,2,1,2,1,2,2,2,3
syn_aggregate_02131,20,2.0,2,2,2,2,1,1,1,0,0,0,0,0,0,0,0,0,0,0,1,0,1,0,1,1,0,0,0,0,0,0,1,0,0,0,0,0,0,0,0,2,2,1,2,1,1,1,1,0,0,0,0,0,0,0,0,0,0,2,0,3,4,4,3,4,3,2,3,2,2
syn_aggregate_02132,28,1.0,1,1,0,1,0,0,0,0,0,0,0,0,0,0,0,0,0,1,0,3,3,2,3,2,2,2,2,2,2,3,3,3,3,3,3,3,2,2,2,2,2,2,2,1,1,0,1,0,0,0,1,1,0,0,1,1,0,0,0,0,2,1,0,2,0,1,1,1,1
syn_aggregate_02133,22,2.0,2,2,1,2,1,1,1,0,0,0,0,0,0,0,0,0,0,0,3,3,3,3,4,3,3,3,2,2,2,3,4,4,3,3,4,3,3,3,2,4,4,4,4,3,3,3,3,4,2,0,0,1,0,0,0,1,0,0,0,2,4,4,2,4,3,3,3,2,2
syn_aggregate_02134,20,2.0,3,3,2,2,1,1,1,0,0,0,0,0,0,0,0,0,0,0,4,4,4,4,4,4,4,4,4,4,4,3,4,4,4,4,3,4,3,3,2,3,4,3,4,3,3,3,4,2,3,1,1,1,0,1,1,1,0,1,1,3,4,4,3,4,3,3,4,4,2
syn_aggregate_02135,20,1.0,3,3,3,3,3,3,3,2,3,1,1,1,1,2,1,1,1,1,1,3,3,3,3,3,3,3,3,3,4,4,4,4,4,4,4,4,4,2,3,4,4,4,4,4,4,4,4,3,4,2,2,2,2,1,2,2,1,1,1,4,4,4,4,4,4,4,4,4,4
syn_aggregate_02136,22,2.0,3,3,2,3,2,3,2,1,1,1,1,1,1,1,0,0,0,0,0,2,2,2,2,2,2,1,1,2,2,4,4,4,4,3,4,4,3,3,3,4,4,4,4,3,3,3,3,2,2,1,1,1,1,1,1,1,0,0,1,0,3,3,1,3,2,1,3,2,1
syn_aggregate_02137,33,2.0,3,3,2,2,1,1,1,0,0,0,1,0,0,0,0,0,0,3,0,2,2,2,1,2,2,2,2,1,2,1,2,2,1,2,1,2,1,1,1,0,0,0,0,0,0,0,0,0,2,0,0,0,0,0,0,1,0,0,0,0,0,0,0,0,0,0,0,0,3
syn_aggregate_02138,20,2.0,3,3,3,3,2,2,2,1,1,0,0,0,0,0,0,0,0,0,0,2,3,2,2,1,2,1,1,1,3,3,3,3,3,3,2,3,3,2,2,3,2,2,3,2,2,2,2,2,2,0,0,0,0,0,0,0,0,1,2,3,4,4,3,4,4,4,4,4,4
syn_aggregate_02139,30,2.0,3,3,3,3,3,3,3,2,2,1,1,1,0,0,1,0,0,1,0,1,2,1,1,1,1,1,2,1,1,0,1,1,1,1,1,0,1,0,0,4,4,4,4,4,4,3,4,3,3,2,2,2,2,2,3,2,2,2,2,1,3,3,1,3,2,2,3,2,2
syn_aggregate_02140,18,2.0,1,1,1,2,1,0,1,0,0,0,0,0,0,0,1,0,0,0,1,2,3,2,3,2,2,2,2,1,2,1,1,1,1,1,1,1,1,1,0,1,0,0,1,0,0,0,0,0,0,0,0,0,0,0,0,0,0,0,4,0,1,1,0,0,0,0,1,0,0
syn_aggregate_02141,20,2.0,3,3,3,3,2,3,3,2,1,0,0,0,0,0,0,0,0,2,0,3,3,3,3,2,2,3,2,2,1,1,2,2,1,2,1,1,1,1,0,1,0,0,0,0,0,0,0,0,0,0,0,0,0,0,0,0,0,0,4,0,4,3,1,3,3,2,3,2,4
syn_aggregate_02142,44,2.0,3,3,2,3,2,3,2,1,0,1,1,1,0,0,1,0,0,1,3,4,4,4,4,3,4,3,3,3,3,3,3,3,3,3,3,3,3,2,2,2,2,2,2,2,1,1,1,2,2,0,2,0,0,0,0,0,0,0,0,0,2,2,0,2,0,0,2,2,0
syn_aggregate_02143,18,2.0,1,1,2,2,0,0,0,0,0,1,1,1,0,1,0,0,0,1,0,0,0,0,0,0,0,0,0,0,3,0,1,1,0,1,1,1,1,0,0,1,1,1,1,1,0,0,0,0,0,0,0,0,0,1,0,0,0,0,0,0,2,2,0,2,1,1,1,1,0
syn_aggregate_02144,21,2.0,2,2,1,1,0,1,1,0,0,0,0,0,0,3,0,0,0,0,0,3,3,2,3,2,3,2,2,2,1,3,4,4,4,3,3,3,4,2,2,3,3,3,3,3,3,3,3,3,3,1,2,1,0,1,1,1,1,2,2,1,3,2,1,2,2,2,3,2,2
syn_aggregate_02145,18,1.0,0,1,0,0,0,0,0,0,0,0,0,1,0,0,0,0,1,0,0,1,1,1,1,0,0,0,0,0,2,0,1,0,0,1,0,1,0,0,0,0,0,0,0,1,0,0,0,1,0,1,0,0,0,0,0,0,0,0,0,1,2,2,1,2,1,1,2,1,2
syn_aggregate_02146,22,1.0,2,1,1,1,1,1,0,0,0,1,2,2,1,1,1,1,1,1,1,2,2,2,2,2,2,2,2,2,2,0,1,1,0,1,0,0,0,0,0,1,0,0,0,0,0,0,0,0,0,0,1,0,0,1,0,1,0,0,1,3,4,4,3,4,3,3,4,4,3
syn_aggregate_02147,20,2.0,3,3,2,3,2,2,1,1,1,0,0,0,0,0,0,0,4,0,0,1,1,1,1,1,2,1,2,0,2,2,3,2,2,2,2,3,2,2,3,4,4,4,4,4,4,4,3,3,3,0,0,0,0,0,2,0,0,0,0,2,4,4,3,4,3,3,4,4,3
syn_aggregate_02148,22,1.0,3,3,2,3,1,2,2,0,0,0,0,0,0,0,0,0,0,1,0,0,0,0,0,0,0,0,0,0,0,0,0,0,0,0,0,0,0,0,0,0,0,0,0,0,0,0,0,1,1,0,0,0,0,0,0,0,0,0,3,0,0,1,0,0,0,0,0,0,0
syn_aggregate_02149,18,2.0,2,3,2,2,1,2,1,0,1,0,0,0,0,0,0,0,0,0,2,3,3,2,4,3,4,3,3,2,1,0,0,0,0,0,0,0,0,0,3,0,0,0,0,1,0,0,0,0,0,0,0,0,0,0,0,0,0,0,0,0,1,1,0,1,0,0,1,0,0
syn_aggregate_02150,19,2.0,1,0,0,0,0,0,0,0,0,0,0,0,0,0,0,0,0,0,0,0,0,0,0,0,0,0,0,0,2,1,2,2,1,1,2,2,1,1,2,3,2,2,2,0,0,0,0,0,0,0,0,0,0,0,0,0,0,0,0,0,0,0,0,0,0,0,0,0,0
syn_aggregate_02151,18,2.0,2,3,1,2,1,2,1,0,0,0,0,0,0,0,0,0,0,0,0,0,1,0,1,0,1,0,0,1,1,1,1,1,0,1,0,1,1,1,1,2,1,1,2,1,0,0,1,1,0,0,0,0,0,0,0,0,0,0,0,1,2,2,1,2,2,2,2,2,1
syn_aggregate_02152,19,2.0,3,3,2,3,2,2,2,1,0,0,0,0,0,0,0,0,0,0,4,3,4,3,4,3,4,3,2,3,2,2,3,2,2,2,1,2,3,1,2,2,2,2,3,2,1,1,2,2,3,1,1,1,1,1,1,1,2,1,1,3,4,4,3,4,4,4,4,4,4
syn_aggregate_02153,20,2.0,1,1,1,1,1,0,0,0,0,1,2,2,1,2,1,1,1,2,1,3,3,2,3,2,3,2,2,2,1,0,1,1,0,0,0,1,1,0,0,2,2,2,3,1,2,1,1,2,0,0,0,1,0,0,1,0,0,0,0,0,1,0,0,0,0,0,0,0,0
syn_aggregate_02154,23,2.0,3,3,3,3,2,3,3,2,2,0,0,0,0,1,1,0,0,0,0,1,1,1,1,1,1,1,1,0,0,1,2,2,1,2,2,3,2,1,3,3,3,2,3,2,3,2,2,2,3,2,3,2,2,2,3,3,2,1,2,1,3,3,1,3,2,2,2,2,3
syn_aggregate_02155,37,2.0,3,3,3,3,3,3,2,1,0,1,1,1,0,1,1,0,1,1,0,4,4,4,4,4,4,4,4,3,4,3,3,3,3,3,3,3,2,2,2,4,4,4,4,4,4,4,4,4,4,2,2,2,2,3,2,3,1,2,2,4,4,4,3,4,3,3,4,3,3
syn_aggregate_02156,20,1.0,2,3,2,3,1,1,1,0,0,0,1,0,0,0,0,0,0,0,0,3,3,3,4,3,4,3,3,2,4,4,4,4,4,4,4,2,3,2,3,2,2,1,2,2,1,1,1,1,1,0,0,0,0,0,0,0,0,0,2,3,4,4,3,4,4,4,4,3,2
syn_aggregate_02157,20,2.0,2,2,1,2,1,1,1,0,0,0,0,0,0,0,0,0,0,0,0,3,3,2,3,2,2,2,2,2,1,3,4,3,3,3,3,3,3,2,4,3,2,2,3,2,2,2,1,2,2,1,1,0,0,0,1,1,0,1,1,0,0,0,0,0,0,0,0,0,0
syn_aggregate_02158,21,1.0,2,2,1,1,1,1,0,0,0,0,0,0,0,0,0,0,0,2,0,3,4,3,3,3,4,4,3,2,3,0,0,0,0,0,0,0,0,0,0,2,1,1,2,1,0,0,0,1,0,0,0,1,0,0,0,0,0,0,0,1,3,3,1,3,2,2,2,2,2
syn_aggregate_02159,21,2.0,2,2,1,1,1,0,1,0,0,0,0,0,0,0,0,0,2,0,0,1,2,1,1,1,1,1,1,1,1,2,2,2,2,2,1,2,1,2,1,0,0,0,0,0,0,0,0,0,4,0,0,0,0,0,0,0,0,2,1,0,0,0,0,0,0,0,0,0,2
syn_aggregate_02160,18,2.0,3,3,2,3,2,3,2,1,2,0,0,0,0,0,0,0,0,0,4,3,3,2,3,2,2,3,2,1,2,2,3,3,2,2,2,2,2,2,1,4,3,4,4,3,4,3,4,4,3,1,2,2,1,1,2,2,1,1,1,3,4,4,3,4,3,3,3,2,2
syn_aggregate_02161,20,2.0,1,1,0,1,0,0,0,0,0,0,0,0,0,0,0,0,0,0,2,0,1,1,1,1,2,2,1,2,0,2,3,2,2,2,2,2,2,1,2,2,3,2,3,2,2,1,1,2,2,0,0,0,0,0,0,0,0,0,3,3,4,4,2,4,3,3,3,3,3
syn_aggregate_02162,20,2.0,3,3,2,2,1,1,1,0,0,0,0,0,0,0,0,0,0,0,0,0,0,0,1,0,0,0,0,0,0,3,4,3,3,3,2,3,2,3,2,3,2,2,3,2,2,1,2,3,2,0,0,0,0,0,0,0,0,0,0,3,4,4,3,4,4,4,4,4,2
syn_aggregate_02163,19,2.0,3,3,3,3,2,3,3,2,2,2,2,2,2,2,1,1,2,2,1,4,4,4,4,3,4,4,4,2,1,3,4,4,3,4,4,3,3,3,3,3,3,3,3,2,2,2,3,3,2,1,2,1,0,1,1,1,1,0,1,2,3,3,2,3,2,2,3,2,2
syn_aggregate_02164,18,1.0,0,0,0,0,0,0,0,0,0,0,0,0,0,0,0,0,0,0,0,0,0,0,0,0,0,0,0,0,2,1,2,2,2,2,1,1,2,1,2,0,1,0,0,0,0,0,0,0,0,0,0,1,0,0,0,0,0,0,0,0,1,0,0,0,0,0,0,0,0
syn_aggregate_02165,20,2.0,1,1,0,1,0,0,0,0,0,0,0,0,0,0,0,0,0,0,1,0,0,0,1,0,0,1,0,0,0,1,2,2,2,2,1,2,2,1,1,1,1,0,1,0,0,0,0,0,0,0,0,0,0,0,0,0,0,0,1,0,3,2,1,2,2,1,2,2,2
syn_aggregate_02166,19,2.0,3,3,2,2,1,1,0,0,0,0,0,0,0,0,2,0,0,0,0,1,1,1,1,1,1,1,1,2,1,2,3,3,3,3,3,3,3,2,2,2,2,2,3,2,2,1,1,2,1,0,0,0,0,0,0,0,0,0,4,1,3,3,2,3,2,2,2,2,1
syn_aggregate_02167,35,1.0,3,3,3,3,3,3,3,3,3,1,1,1,1,1,0,0,0,0,0,4,4,4,4,3,3,3,3,3,3,3,4,3,3,3,2,3,3,2,1,2,2,1,2,2,2,1,2,1,3,1,1,1,1,1,1,2,1,1,1,1,2,2,1,2,2,2,2,2,3
syn_aggregate_02168,40,2.0,2,2,1,1,1,1,1,0,0,0,1,0,0,0,1,0,0,0,0,2,2,2,2,2,2,2,2,2,2,3,3,3,3,3,2,2,2,2,3,4,4,4,4,4,4,4,3,3,3,1,2,1,1,1,1,1,1,1,2,3,4,3,2,4,2,3,3,3,2
syn_aggregate_02169,19,1.0,1,2,1,2,0,1,0,0,0,0,1,1,0,0,0,0,0,0,0,1,1,1,1,1,1,1,0,1,1,2,3,3,2,2,2,2,3,2,0,2,2,1,2,1,1,1,1,1,3,0,0,1,0,0,0,0,1,0,0,3,4,4,3,4,4,3,4,4,3
syn_aggregate_02170,27,2.0,3,3,2,2,1,2,1,1,0,0,0,1,0,0,0,0,0,0,0,2,2,2,2,2,2,2,2,2,2,0,1,0,0,0,0,0,0,0,0,2,2,3,2,2,2,2,2,2,1,0,0,0,0,0,0,0,0,0,3,0,2,2,0,2,1,1,1,1,0
syn_aggregate_02171,20,1.0,3,3,3,3,3,3,3,3,3,0,1,1,0,0,0,0,0,0,0,3,3,2,3,2,2,2,2,2,2,4,4,4,3,3,4,4,3,3,3,2,2,2,2,1,2,1,1,1,2,0,0,0,0,0,0,0,0,0,1,0,4,3,2,4,3,3,3,2,3
syn_aggregate_02172,22,2.0,1,1,0,1,1,0,0,0,0,0,0,0,0,0,0,0,0,3,0,1,1,1,1,0,0,0,0,1,1,0,0,0,0,0,0,0,0,0,0,0,0,0,1,1,0,0,0,0,0,0,0,0,0,0,0,0,0,0,0,0,1,1,0,1,1,0,1,0,0
syn_aggregate_02173,22,2.0,3,3,0,0,0,0,2,2,0,0,0,1,0,0,0,0,0,1,0,2,2,1,2,1,1,1,0,1,0,3,4,3,3,3,3,3,3,3,3,2,2,1,2,1,2,1,1,2,1,0,0,0,0,0,0,0,0,0,1,0,1,0,0,1,0,0,0,0,0
syn_aggregate_02174,19,1.0,3,3,2,2,1,3,1,0,0,0,0,0,0,0,0,0,0,0,1,4,4,4,4,4,4,4,3,4,4,4,4,4,4,4,3,4,4,3,2,3,3,4,3,2,4,3,2,3,4,3,3,3,2,2,2,2,3,2,2,3,4,4,2,4,3,3,3,2,1
syn_aggregate_02175,21,2.0,1,2,1,1,0,0,1,0,0,0,0,1,0,0,0,0,0,0,0,4,4,3,4,3,4,4,3,3,4,2,3,2,2,2,2,2,2,1,2,3,2,2,3,2,2,2,1,2,2,0,0,0,0,0,0,0,0,1,0,2,4,4,2,4,3,3,3,4,3
syn_aggregate_02176,30,1.0,1,1,0,1,0,0,0,0,0,0,0,0,0,0,0,0,0,0,1,0,0,0,0,0,0,1,0,0,0,0,0,0,0,0,0,0,0,0,1,0,0,0,0,1,0,0,0,1,0,0,0,0,0,0,0,0,0,0,0,0,2,1,0,2,1,0,1,1,0
syn_aggregate_02177,18,1.0,3,3,2,3,2,2,2,1,0,0,0,0,0,0,0,0,0,0,2,0,1,0,0,0,0,0,0,0,0,4,4,4,4,3,4,4,3,3,2,4,4,4,4,3,4,3,3,3,3,0,1,0,0,1,0,0,0,1,0,2,4,4,2,4,3,3,3,3,1
syn_aggregate_02178,20,1.0,0,0,0,1,0,0,0,0,0,0,0,0,0,0,0,0,0,0,0,2,2,2,1,1,2,1,2,1,1,0,2,1,1,1,1,1,2,1,2,0,0,0,0,0,0,0,0,0,0,0,0,0,0,0,0,0,0,3,0,1,3,3,1,3,1,1,2,2,2
syn_aggregate_02179,46,2.0,0,2,0,0,0,0,0,0,0,0,0,0,0,0,0,0,0,0,1,2,2,2,2,1,2,2,1,2,1,3,4,3,4,3,3,4,3,4,1,2,1,1,2,1,1,1,1,1,2,0,0,0,1,0,0,0,0,0,0,3,4,4,4,4,4,3,3,3,3
syn_aggregate_02180,21,1.0,3,3,2,3,2,3,2,1,0,0,0,0,0,0,0,0,0,0,4,4,4,4,4,4,4,4,4,3,4,4,4,4,4,4,4,4,4,4,4,4,4,4,4,4,4,4,4,4,4,1,2,1,1,1,2,1,1,1,1,3,4,4,3,4,4,4,4,3,4
syn_aggregate_02181,18,2.0,3,3,2,3,2,3,1,0,0,0,0,0,0,0,0,0,0,0,4,2,3,2,3,2,2,2,2,2,3,2,3,3,3,3,2,3,2,2,1,2,2,2,2,2,2,1,1,2,3,0,0,1,0,0,0,0,0,0,0,2,4,4,2,4,4,4,4,4,4
syn_aggregate_02182,19,2.0,3,3,3,3,3,3,3,3,1,0,0,0,0,0,0,0,0,0,0,1,2,1,1,1,2,1,2,1,3,2,3,3,2,2,3,2,2,2,1,2,2,2,2,2,2,2,1,2,1,0,0,0,0,0,0,3,0,0,0,2,4,4,2,4,3,2,3,3,3
syn_aggregate_02183,19,2.0,1,1,0,1,0,0,0,0,0,0,0,0,0,0,0,0,0,0,0,1,1,1,1,1,1,1,1,0,0,1,2,1,2,1,1,1,2,1,0,3,3,2,3,2,2,2,2,2,1,0,0,0,0,0,0,0,0,0,3,0,1,0,0,0,0,0,1,0,0
syn_aggregate_02184,46,1.0,3,3,2,3,2,3,2,1,1,1,1,1,0,1,0,0,0,0,0,4,4,4,4,4,4,4,4,3,4,2,3,3,3,3,3,2,3,3,1,3,3,3,3,2,2,2,2,3,2,0,0,0,0,0,0,0,0,0,4,0,2,2,1,2,1,2,2,2,1
syn_aggregate_02185,19,2.0,1,1,0,0,0,0,0,0,0,0,0,0,0,0,0,0,3,0,0,0,0,0,0,0,0,0,0,1,0,0,0,0,0,0,0,0,0,0,1,0,0,0,0,0,0,0,0,1,0,0,1,0,0,0,0,0,0,0,0,0,1,1,0,1,0,0,0,0,0
syn_aggregate_02186,20,2.0,3,3,3,3,3,3,2,2,1,1,1,1,0,0,0,0,0,1,0,4,4,4,4,4,4,3,4,4,3,4,4,4,4,3,4,3,4,4,1,4,4,4,4,3,3,3,3,3,3,1,1,1,1,1,1,1,1,1,1,1,3,3,1,3,2,2,2,2,1
syn_aggregate_02187,19,2.0,3,3,2,3,2,3,2,0,1,0,0,1,0,0,0,0,0,0,0,3,3,3,3,3,4,4,3,3,3,3,4,3,3,3,4,3,3,3,3,3,2,3,3,2,2,2,1,2,2,1,2,1,1,1,1,1,1,2,1,3,4,4,2,4,3,3,3,3,3
syn_aggregate_02188,19,2.0,3,3,3,3,2,3,2,2,2,3,3,3,2,2,2,2,2,2,1,2,2,2,2,2,2,2,2,2,2,4,4,4,4,4,4,3,4,3,3,2,2,2,2,1,2,1,2,2,1,1,1,1,1,1,2,1,1,1,0,1,4,4,2,4,2,2,3,2,1
syn_aggregate_02189,47,2.0,2,0,0,0,0,0,0,0,0,0,0,0,0,0,0,0,0,0,0,0,0,0,0,0,0,0,0,2,0,0,0,0,0,0,0,0,0,0,0,0,0,0,0,0,0,0,0,0,0,0,0,0,0,0,0,0,0,0,0,0,0,0,0,0,0,0,0,0,0
syn_aggregate_02190,19,1.0,0,0,0,0,0,0,0,0,0,0,0,0,0,0,0,0,0,0,0,0,0,0,0,0,0,0,0,2,0,0,0,0,0,0,0,0,0,0,0,0,0,0,0,0,0,0,0,0,0,0,1,0,0,0,0,0,0,0,0,0,0,0,0,0,0,0,0,0,0
syn_aggregate_02191,47,2.0,2,3,2,3,2,2,1,0,1,0,0,1,0,0,0,0,0,0,0,1,1,1,1,1,1,1,1,1,1,0,0,0,0,0,0,0,0,1,0,4,4,3,4,3,4,2,2,0,2,0,0,0,0,0,0,0,0,2,0,2,3,3,1,2,2,2,2,2,2
syn_aggregate_02192,20,1.0,1,1,1,1,0,0,0,0,0,0,1,0,0,0,1,0,0,0,0,2,2,1,2,1,2,2,1,2,3,1,2,1,1,2,1,1,1,1,0,2,2,2,3,2,2,2,2,2,3,0,0,0,0,0,0,0,4,0,0,0,1,1,1,1,1,0,1,1,1
syn_aggregate_02193,18,2.0,3,3,3,3,3,3,2,2,2,0,0,0,0,0,0,0,0,2,0,2,3,2,3,2,3,2,2,2,3,3,3,3,3,3,3,3,3,3,3,2,1,1,2,1,1,0,1,1,1,0,0,1,0,0,0,0,0,1,0,1,3,2,1,2,2,1,2,2,2
syn_aggregate_02194,19,1.0,1,1,0,0,0,0,0,0,0,0,0,0,0,0,0,0,0,4,0,3,3,3,3,3,2,2,2,2,1,2,3,2,2,2,2,2,3,2,2,4,4,4,4,3,4,3,3,3,4,0,0,0,0,0,0,0,0,0,0,0,1,1,0,1,0,0,1,0,0
syn_aggregate_02195,20,2.0,3,3,3,3,3,3,2,1,0,0,1,0,0,0,0,0,0,0,0,3,3,3,3,3,3,3,2,3,2,4,4,4,4,4,3,4,3,4,3,3,3,3,3,2,3,2,2,3,3,0,1,0,0,1,0,1,0,0,0,1,3,2,1,3,2,2,2,2,2
syn_aggregate_02196,19,2.0,1,0,0,0,0,0,0,0,0,0,0,0,0,0,0,0,0,2,0,0,0,0,0,0,0,0,0,0,0,0,1,1,0,1,0,1,1,0,1,0,1,0,0,0,0,0,0,0,0,0,1,0,0,0,0,0,0,0,0,0,0,0,0,0,0,0,0,0,0
syn_aggregate_02197,40,2.0,3,3,2,2,1,0,0,0,0,0,0,0,0,0,0,0,0,4,0,1,0,0,1,0,0,1,0,0,0,3,3,3,2,3,2,2,2,2,2,2,1,1,1,1,1,0,1,1,1,0,0,0,0,0,0,0,0,0,3,3,4,4,3,4,3,3,4,4,3
syn_aggregate_02198,21,2.0,2,3,1,1,0,1,1,1,0,2,3,2,2,2,2,2,2,2,2,4,4,4,4,4,3,4,4,4,4,4,4,4,4,3,4,3,4,3,3,4,4,4,4,4,4,4,4,4,4,0,0,0,0,0,0,0,0,0,0,1,3,3,1,3,2,2,2,2,2
syn_aggregate_02199,18,2.0,1,0,0,0,0,0,0,0,0,0,0,0,0,0,0,0,0,0,0,0,0,0,0,0,0,0,0,0,1,0,0,0,0,0,0,0,0,2,0,0,1,0,0,1,0,0,0,0,0,0,1,0,0,0,0,0,0,2,0,0,0,0,0,0,0,0,0,0,0
syn_aggregate_02200,33,2.0,3,3,3,2,1,2,2,1,0,0,1,1,0,1,0,1,1,1,0,0,0,0,0,0,1,0,0,0,0,2,3,3,3,3,2,2,3,2,1,1,2,1,1,1,1,0,1,1,1,0,1,0,0,0,0,0,0,1,0,3,4,4,3,4,4,4,4,4,4
syn_aggregate_02201,31,1.0,1,2,1,2,0,1,0,0,0,0,0,0,0,0,0,0,0,0,1,3,3,2,3,2,2,2,2,2,2,1,1,2,1,1,1,1,1,1,0,3,3,2,3,2,2,2,2,2,2,0,0,0,0,0,0,0,0,0,1,0,1,0,0,0,0,0,0,3,0
syn_aggregate_02202,20,2.0,3,3,3,3,2,2,2,1,1,0,0,0,1,0,1,0,0,0,0,4,4,4,4,4,4,4,3,4,3,3,4,4,3,3,4,4,3,3,2,1,1,1,1,2,1,1,1,1,0,2,0,0,0,0,0,0,0,0,1,3,4,4,3,4,4,3,4,4,4
syn_aggregate_02203,30,1.0,1,1,1,1,0,1,0,0,0,0,0,0,0,0,1,0,0,0,0,4,3,3,3,3,3,2,2,3,3,1,1,1,0,1,0,1,1,0,1,1,1,1,1,0,0,0,0,0,0,0,0,0,0,0,0,0,0,4,0,0,2,1,0,2,1,1,1,1,0
syn_aggregate_02204,28,2.0,3,3,2,3,2,2,2,1,1,0,0,1,0,1,0,0,1,1,0,4,4,4,4,4,4,4,4,4,2,3,4,3,3,3,3,3,3,3,2,1,2,1,2,1,1,1,1,1,1,0,1,0,0,0,0,0,0,0,0,4,4,4,4,4,3,3,4,4,3
syn_aggregate_02205,22,1.0,0,2,0,0,0,0,0,0,0,1,2,1,0,1,0,0,0,0,1,0,0,0,0,0,0,0,0,0,0,0,1,1,0,1,0,0,0,0,0,0,0,0,0,0,0,0,0,0,4,0,0,0,0,0,1,0,0,0,0,0,1,1,0,1,0,0,0,0,2
syn_aggregate_02206,19,2.0,0,0,0,0,0,0,0,0,0,0,1,1,0,0,0,0,1,0,0,4,4,3,4,3,3,3,3,3,2,0,0,0,0,0,0,4,0,0,0,3,4,3,4,3,4,3,3,3,2,0,0,0,0,0,0,0,1,1,0,0,1,1,0,2,1,1,2,1,0
syn_aggregate_02207,39,2.0,3,3,3,3,2,3,2,2,3,0,0,0,0,0,0,0,0,0,4,3,3,3,3,3,3,3,3,3,3,2,3,3,2,2,2,2,2,2,2,0,0,0,1,0,1,0,0,0,0,0,0,0,0,0,0,0,0,3,0,0,1,1,0,1,0,0,1,0,0
syn_aggregate_02208,20,2.0,3,3,2,3,2,2,1,0,1,0,1,1,0,1,0,0,1,0,0,4,4,4,4,4,4,3,3,4,4,0,1,1,1,1,1,1,1,1,0,0,1,0,0,0,0,0,0,0,0,1,1,1,1,1,1,1,1,2,1,1,2,2,1,2,0,0,2,1,2
syn_aggregate_02209,42,1.0,3,3,3,3,3,3,3,3,0,1,1,1,0,2,1,1,1,1,1,4,4,4,4,4,4,4,4,4,4,3,3,3,3,3,3,3,2,2,2,4,4,4,4,4,4,3,4,3,4,0,1,1,0,1,1,0,1,0,0,2,4,4,3,4,3,3,3,4,3
syn_aggregate_02210,18,2.0,3,3,2,3,2,3,2,2,0,1,1,1,1,1,1,0,0,1,1,4,4,4,4,4,4,4,4,4,3,4,4,4,4,4,4,4,4,4,4,3,3,2,3,2,2,1,2,2,2,1,1,1,1,2,1,1,1,1,2,4,4,4,4,4,4,4,4,4,4
syn_aggregate_02211,29,1.0,2,3,1,2,1,1,1,0,0,0,0,0,0,0,0,0,0,0,4,4,4,4,4,4,4,3,4,4,4,3,4,4,3,4,3,3,3,3,2,4,4,4,4,4,4,4,3,4,3,1,1,1,2,1,2,1,1,1,1,3,4,4,4,4,4,4,4,4,3
syn_aggregate_02212,21,2.0,1,2,1,1,0,0,1,0,0,0,0,0,0,0,0,0,0,0,0,1,2,1,1,1,2,1,1,0,2,0,1,1,0,0,0,0,0,0,0,0,0,0,1,0,0,0,0,0,0,0,0,0,0,0,0,0,0,0,1,0,0,0,0,0,0,0,0,0,4
syn_aggregate_02213,36,2.0,0,0,0,0,0,0,0,0,0,0,0,0,0,0,0,0,0,0,0,0,0,0,0,0,0,0,0,0,0,0,0,0,0,0,0,0,0,0,0,0,0,0,0,0,0,0,0,0,0,0,0,0,0,0,0,0,0,0,0,0,0,0,0,0,0,0,0,0,0
syn_aggregate_02214,45,1.0,3,3,2,3,2,3,2,1,0,0,1,0,1,0,0,1,0,1,1,3,3,3,3,2,3,3,3,2,4,0,1,0,0,0,0,0,0,0,0,0,0,0,0,0,0,0,1,0,0,1,1,1,1,1,1,1,1,1,0,0,1,1,1,1,1,0,1,1,0
syn_aggregate_02215,19,2.0,1,1,0,1,1,0,0,0,0,0,0,0,0,0,0,0,0,1,0,0,1,0,0,0,0,0,0,0,0,0,1,0,0,1,0,0,0,0,0,1,1,0,1,0,0,0,0,1,0,0,0,0,0,0,0,0,0,0,0,0,0,0,0,0,1,1,0,0,0
syn_aggregate_02216,19,2.0,1,0,0,0,0,0,0,0,0,0,0,0,0,0,0,0,0,0,0,0,0,0,0,0,0,0,0,0,0,0,0,0,1,0,0,0,0,0,0,0,0,0,0,0,0,0,0,0,0,0,0,0,0,0,0,0,0,0,4,0,0,0,0,0,0,0,0,0,0
syn_aggregate_02217,19,2.0,2,3,2,3,1,2,2,0,0,1,2,2,1,1,1,0,1,1,3,4,4,4,4,4,4,4,3,4,3,2,4,3,3,3,3,3,4,3,3,3,3,2,3,2,2,2,2,2,1,1,2,1,1,0,1,1,1,2,2,1,3,3,1,3,2,2,1,2,2
syn_aggregate_02218,19,1.0,3,3,3,3,3,3,3,3,1,1,2,1,0,1,1,1,1,1,2,2,2,2,2,2,3,2,2,3,1,3,3,3,3,3,2,2,2,2,3,2,2,1,2,1,1,1,0,1,1,1,1,1,1,0,1,1,0,1,1,0,2,2,0,2,1,0,1,0,0
syn_aggregate_02219,45,2.0,0,1,0,0,0,0,0,0,0,0,1,0,0,0,0,0,0,0,0,3,3,3,3,2,3,3,3,2,3,2,2,2,1,1,1,2,2,1,2,0,0,0,0,0,0,0,0,0,1,0,0,0,0,0,1,1,0,0,0,0,2,2,0,2,1,1,2,1,0
syn_aggregate_02220,19,2.0,2,3,3,3,1,2,2,1,0,0,0,0,0,0,0,4,0,0,0,1,1,0,1,1,0,1,0,1,1,4,4,4,4,3,3,3,4,4,2,4,4,4,4,4,4,4,3,3,4,0,1,0,0,0,1,0,0,0,0,1,3,2,1,2,0,0,2,1,1
syn_aggregate_02221,21,2.0,3,3,2,2,1,2,0,0,0,0,0,0,0,0,0,0,0,0,3,2,2,2,2,2,3,2,2,2,2,1,2,2,1,1,0,2,1,0,0,1,1,1,1,1,1,1,1,1,1,0,1,0,0,0,0,0,0,0,0,0,0,1,0,0,0,0,1,0,0
syn_aggregate_02222,19,1.0,2,2,1,1,1,0,1,0,0,0,1,0,0,0,0,0,0,0,0,4,4,4,4,4,4,4,4,3,4,0,0,0,0,0,0,0,0,0,0,1,0,0,2,0,0,0,0,0,0,0,0,0,0,0,0,0,0,0,1,4,4,4,4,4,4,3,4,3,3
syn_aggregate_02223,20,2.0,2,3,2,2,1,2,1,0,0,0,0,0,0,0,1,0,0,0,0,4,4,4,4,4,4,4,3,4,4,2,3,3,2,3,3,2,3,2,2,4,4,4,4,3,4,3,3,4,3,0,1,0,0,0,1,0,0,0,0,1,3,2,2,3,2,2,3,2,1
syn_aggregate_02224,18,2.0,3,3,2,3,1,1,0,0,0,0,0,0,0,0,0,0,0,0,3,1,2,1,0,1,2,1,0,0,3,3,4,4,4,4,4,4,4,3,3,0,1,0,1,0,0,0,0,0,0,0,0,0,0,0,0,0,0,0,0,3,4,4,3,4,3,3,3,3,2
syn_aggregate_02225,40,2.0,3,3,2,2,1,1,0,0,0,0,0,0,0,0,0,0,0,0,3,0,1,0,0,0,1,0,1,0,2,4,4,4,3,4,4,4,3,4,2,4,4,4,4,3,3,3,3,3,2,1,1,1,1,1,1,1,1,1,1,0,0,0,0,0,0,0,2,0,0
syn_aggregate_02226,19,2.0,3,3,3,3,3,3,3,2,2,1,2,2,1,1,1,0,2,2,1,4,4,4,4,4,3,4,3,4,3,4,4,4,4,4,4,4,3,4,4,4,4,4,4,4,4,4,4,4,4,1,2,1,1,2,1,1,2,1,2,2,4,4,2,4,3,3,3,3,2
syn_aggregate_02227,18,2.0,0,0,1,1,0,0,1,0,0,0,1,0,0,0,0,0,1,0,0,3,3,3,3,3,4,3,3,3,3,0,0,0,0,0,0,0,0,0,4,3,3,3,3,3,3,2,3,3,2,1,2,1,1,1,1,1,2,1,1,0,1,1,0,1,0,0,1,0,0
syn_aggregate_02228,18,2.0,3,3,2,3,2,2,2,1,1,2,2,2,2,2,2,1,1,1,2,3,3,3,3,3,3,3,3,3,2,3,4,4,4,4,3,4,3,3,2,3,2,2,3,1,2,2,2,1,2,1,2,1,1,1,1,1,1,1,2,3,4,4,3,4,4,4,4,4,3
syn_aggregate_02229,18,2.0,1,2,1,1,0,0,1,0,0,0,1,0,0,0,0,0,0,0,0,0,1,0,0,0,0,0,0,0,0,3,3,3,3,3,3,3,2,2,3,2,3,2,2,2,2,1,2,2,2,0,1,0,0,0,0,0,0,1,0,0,0,1,0,1,0,0,0,0,0
syn_aggregate_02230,48,1.0,3,3,3,3,3,3,2,2,3,1,2,1,1,1,1,0,1,2,2,4,4,4,4,4,4,4,4,4,4,4,4,4,4,4,4,4,4,3,4,4,4,4,4,4,4,4,4,4,3,1,1,1,1,1,1,1,1,1,1,4,4,4,3,4,4,4,4,4,4
syn_aggregate_02231,44,2.0,2,2,1,1,0,1,1,0,0,0,0,0,0,0,0,0,0,0,1,1,1,1,1,1,1,1,1,1,2,2,3,3,2,2,2,2,2,1,1,3,3,3,3,2,3,2,2,2,3,1,2,1,1,1,2,1,1,1,1,1,3,3,1,3,2,2,3,2,1
syn_aggregate_02232,40,1.0,3,3,2,2,1,3,1,0,1,0,0,0,0,0,0,0,0,0,1,0,0,0,0,0,0,0,0,0,0,1,2,2,1,1,1,1,1,1,2,1,1,1,1,1,0,0,0,1,0,0,0,0,0,0,0,0,0,0,0,0,0,0,0,0,0,0,0,0,1
syn_aggregate_02233,50,2.0,1,0,0,0,0,0,0,0,0,0,0,0,0,0,0,0,0,0,3,3,3,3,3,3,3,3,3,2,2,1,2,2,2,2,1,1,2,2,0,3,3,3,3,2,2,2,2,2,3,0,0,1,0,0,0,0,0,0,0,1,2,2,1,2,1,1,1,1,2
syn_aggregate_02234,18,1.0,3,3,2,2,0,2,1,0,1,0,0,0,0,0,0,0,0,0,0,2,2,2,2,2,2,2,1,1,2,0,1,0,0,1,0,1,0,0,2,0,0,0,0,0,0,0,1,1,1,0,0,0,0,0,1,1,0,0,0,0,1,0,0,0,0,0,1,0,0
syn_aggregate_02235,36,2.0,2,2,1,2,1,1,0,0,0,1,1,1,0,1,1,0,0,0,0,3,4,3,3,2,3,3,3,3,1,3,4,3,2,2,3,2,1,2,2,4,4,4,4,4,4,3,4,3,4,1,1,0,0,0,1,0,0,0,0,3,4,4,3,4,3,3,4,3,4
syn_aggregate_02236,29,2.0,1,0,0,0,0,0,0,0,0,0,0,0,0,0,1,0,0,0,0,0,0,0,0,0,0,1,0,0,0,0,0,0,0,0,0,0,0,0,1,0,1,0,0,0,0,0,0,2,0,0,0,0,0,0,0,0,0,0,0,0,0,0,0,0,0,0,0,0,0
syn_aggregate_02237,22,2.0,2,2,0,2,0,0,0,0,0,0,0,0,0,0,0,0,0,0,2,0,0,0,0,0,0,0,0,2,0,1,2,2,1,2,1,2,2,1,1,2,2,2,2,2,2,1,2,1,1,1,2,1,0,1,1,1,0,0,1,0,1,1,0,1,0,0,1,0,0
syn_aggregate_02238,19,2.0,2,2,2,2,0,1,1,0,0,0,0,0,0,0,0,0,0,1,1,1,2,1,1,1,2,1,1,1,1,3,3,3,2,3,2,3,2,2,2,3,3,3,3,3,2,2,2,3,2,0,1,0,0,0,0,0,0,0,0,1,3,3,2,3,2,2,3,2,1
syn_aggregate_02239,22,2.0,3,3,2,3,2,2,1,0,0,0,0,0,0,0,0,0,0,2,0,4,4,4,4,3,4,4,3,3,3,3,3,3,3,2,3,2,3,2,2,4,4,4,4,3,4,4,3,4,4,0,0,0,0,0,0,0,0,0,0,0,2,1,0,2,1,0,1,1,0
syn_aggregate_02240,18,1.0,2,2,1,2,1,1,1,0,0,1,2,2,1,1,1,1,1,1,1,0,0,0,1,0,0,0,0,1,0,3,3,3,3,3,2,3,3,2,2,4,4,4,4,4,4,4,4,4,4,4,4,4,3,4,3,3,3,3,3,3,4,4,3,4,4,3,4,4,2
syn_aggregate_02241,20,2.0,3,3,3,3,3,3,3,2,0,0,0,0,0,0,0,0,0,0,2,2,2,1,2,2,2,2,1,2,2,1,2,1,1,2,1,1,2,0,0,1,1,1,0,0,0,0,0,0,0,0,0,0,0,0,0,0,0,1,0,0,2,1,0,1,1,0,1,1,0
syn_aggregate_02242,31,2.0,3,3,3,3,2,3,2,2,3,0,0,0,0,0,0,0,3,0,0,3,3,3,3,2,4,3,3,3,2,4,4,4,4,4,4,4,4,3,3,4,4,4,4,3,4,4,4,4,4,2,3,2,2,2,3,3,2,2,2,3,4,4,3,4,3,4,4,4,3
syn_aggregate_02243,19,2.0,1,1,0,1,0,0,0,0,0,0,0,0,0,0,0,0,0,0,1,3,3,3,3,3,3,3,3,3,3,3,4,3,3,3,3,3,3,2,3,3,2,2,3,2,2,1,1,2,2,0,0,0,0,0,0,0,1,2,0,0,1,1,0,1,1,0,1,0,1
syn_aggregate_02244,18,2.0,1,2,1,1,0,1,0,0,0,0,0,0,0,0,0,0,0,1,0,0,0,0,0,0,0,0,0,2,0,0,0,1,0,0,0,0,0,0,2,0,0,0,0,0,0,0,0,0,0,0,0,1,0,0,0,0,0,0,0,2,3,3,2,3,2,2,3,3,2
syn_aggregate_02245,18,1.0,3,3,2,3,2,2,1,0,1,0,0,0,0,0,1,0,0,0,0,2,3,2,2,2,3,2,2,3,1,4,4,4,4,4,3,4,3,4,3,0,0,0,1,1,0,0,0,0,0,0,0,1,0,0,0,0,0,0,0,3,4,3,3,4,3,3,3,3,4
syn_aggregate_02246,18,2.0,3,3,2,3,2,2,2,1,1,1,1,1,0,1,1,0,0,0,0,4,4,4,4,4,3,3,4,3,3,4,4,4,4,4,4,4,3,4,4,0,0,0,0,0,4,0,0,0,0,0,1,0,0,0,0,0,0,0,0,1,3,2,1,2,2,1,2,2,3
syn_aggregate_02247,22,2.0,1,1,1,1,1,1,1,0,0,0,0,0,0,1,0,0,0,1,1,0,0,0,0,0,0,0,0,0,2,4,4,4,4,4,4,4,3,4,4,1,1,1,1,1,1,0,0,1,0,1,1,1,1,1,1,1,1,1,1,0,1,0,0,0,0,0,0,0,0
syn_aggregate_02248,20,1.0,1,2,1,2,0,1,1,0,1,0,0,0,0,0,0,0,0,0,4,0,0,0,0,0,2,0,0,0,0,3,3,3,3,3,2,2,2,2,2,2,2,2,2,2,1,2,2,2,1,0,1,0,0,0,0,0,0,0,0,1,3,3,2,3,2,2,3,2,2
syn_aggregate_02249,20,2.0,3,3,3,3,3,3,2,1,1,2,3,3,2,2,2,1,2,3,1,4,4,3,4,4,4,3,3,3,3,3,4,3,3,3,3,4,3,3,2,0,0,0,0,0,0,0,0,0,2,0,0,0,0,0,0,0,0,0,1,3,4,4,3,4,4,4,4,4,2
syn_aggregate_02250,22,2.0,1,2,1,1,1,0,1,0,0,0,1,0,0,0,0,0,0,1,0,2,2,1,2,1,2,1,2,2,2,0,2,0,0,0,0,0,0,0,0,2,2,2,3,2,2,1,2,2,2,0,1,0,0,0,0,0,0,0,0,0,0,0,0,2,0,0,0,0,0
syn_aggregate_02251,22,1.0,3,3,2,3,2,2,2,1,0,1,1,1,1,1,1,0,0,1,0,4,4,4,4,3,4,3,3,4,3,2,3,3,2,3,2,2,3,2,2,2,2,2,2,1,2,1,2,1,2,1,1,1,1,1,1,1,1,1,1,1,4,4,2,4,3,3,3,4,2
syn_aggregate_02252,19,1.0,1,2,1,1,0,0,0,0,0,0,1,1,0,1,0,0,1,0,4,0,0,0,1,0,0,1,0,0,0,1,2,1,1,1,0,2,1,1,2,4,4,3,4,3,4,3,3,4,4,0,0,0,0,0,0,0,0,0,0,0,2,1,0,2,1,0,1,0,0
syn_aggregate_02253,43,2.0,0,0,0,0,1,0,0,0,0,0,0,0,0,0,0,0,0,1,0,2,3,2,2,2,2,2,2,2,2,3,4,4,4,4,3,3,4,3,3,3,3,3,3,3,3,3,2,3,3,0,0,1,0,0,0,0,0,0,0,0,3,2,1,2,2,1,2,1,4
syn_aggregate_02254,20,1.0,2,2,1,2,1,1,0,0,1,1,2,2,1,1,1,1,1,1,1,4,4,4,4,3,4,3,3,4,4,4,4,4,4,4,4,4,4,3,4,4,4,3,4,3,3,2,3,3,4,1,2,1,1,1,2,1,1,1,1,0,2,2,1,3,2,2,2,2,2
syn_aggregate_02255,26,2.0,0,0,0,1,0,0,0,0,0,1,1,0,0,0,0,0,0,0,0,0,0,0,1,0,0,0,0,0,0,0,0,0,0,0,0,0,0,0,0,0,0,0,0,0,0,0,0,0,1,0,0,0,0,0,0,0,0,0,0,0,1,0,0,0,0,0,0,0,0
syn_aggregate_02256,19,2.0,3,3,2,2,1,1,1,1,0,0,0,0,0,0,0,0,0,2,0,4,4,4,4,4,4,4,3,3,1,2,2,2,2,2,2,2,1,1,3,4,4,4,4,3,4,4,4,3,3,0,0,0,0,0,1,0,2,0,0,4,4,4,4,4,4,4,4,3,3
syn_aggregate_02257,20,2.0,3,3,2,3,0,0,0,0,0,0,1,0,0,1,0,0,1,1,0,1,1,0,1,1,1,1,0,1,0,2,3,3,2,2,2,2,2,2,2,2,2,2,2,1,2,2,1,2,2,0,1,0,0,0,1,0,0,0,0,0,2,1,0,1,0,1,0,1,0
syn_aggregate_02258,46,2.0,0,2,0,1,0,1,0,1,0,0,0,0,0,0,0,0,0,0,0,1,1,1,1,1,0,1,1,0,1,0,0,0,0,0,0,0,0,1,0,0,0,0,0,0,0,0,0,0,0,0,0,0,0,0,0,0,0,0,3,0,3,2,1,2,2,1,2,2,2
syn_aggregate_02259,22,2.0,3,3,3,3,3,3,3,2,3,2,3,3,2,2,2,1,2,2,1,4,4,4,4,3,4,4,3,3,4,4,4,4,4,4,4,4,3,4,4,4,4,4,4,3,4,4,4,3,3,1,2,2,1,1,1,1,1,1,1,1,4,4,1,4,4,4,4,4,3
syn_aggregate_02260,40,1.0,1,1,0,1,0,0,1,0,2,0,0,0,0,0,0,0,0,0,2,0,0,0,0,0,0,0,0,0,0,0,0,0,0,0,0,0,0,0,1,0,0,0,1,0,0,0,0,0,0,0,0,0,0,0,0,0,0,0,0,0,0,0,0,0,0,0,0,0,3
