ID,W1_age_r,W1_sex_r,W1_depression_it1,W1_depression_it2,W1_depression_it3,W1_depression_it4,W1_depression_it5,W1_depression_it6,W1_depression_it7,W1_depression_it8,W1_depression_it9,W1_separation_anxiety_it1,W1_separation_anxiety_it2,W1_separation_anxiety_it3,W1_separation_anxiety_it4,W1_separation_anxiety_it5,W1_separation_anxiety_it6,W1_separation_anxiety_it7,W1_separation_anxiety_it8,W1_separation_anxiety_it9,W1_separation_anxiety_it10,W1_specific_phobia_it1,W1_specific_phobia_it2,W1_specific_phobia_it3,W1_specific_phobia_it4,W1_specific_phobia_it5,W1_specific_phobia_it6,W1_specific_phobia_it7,W1_specific_phobia_it8,W1_specific_phobia_it9,W1_specific_phobia_it10,W1_social_anxiety_it1,W1_social_anxiety_it2,W1_social_anxiety_it3,W1_social_anxiety_it4,W1_social_anxiety_it5,W1_social_anxiety_it6,W1_social_anxiety_it7,W1_social_anxiety_it8,W1_social_anxiety_it9,W1_social_anxiety_it10,W1_panic_it1,W1_panic_it2,W1_panic_it3,W1_panic_it4,W1_panic_it5,W1_panic_it6,W1_panic_it7,W1_panic_it8,W1_panic_it9,W1_panic_it10,W1_agoraphobia_it1,W1_agoraphobia_it2,W1_agoraphobia_it3,W1_agoraphobia_it4,W1_agoraphobia_it5,W1_agoraphobia_it6,W1_agoraphobia_it7,W1_agoraphobia_it8,W1_agoraphobia_it9,W1_agoraphobia_it10,W1_generalized_anxiety_it1,W1_generalized_anxiety_it2,W1_generalized_anxiety_it3,W1_generalized_anxiety_it4,W1_generalized_anxiety_it5,W1_generalized_anxiety_it6,W1_generalized_anxiety_it7,W1_generalized_anxiety_it8,W1_generalized_anxiety_it9,W1_generalized_anxiety_it10
syn_aggregate_00001,18,2.0,2,2,1,1,0,1,1,0,0,1,1,1,1,1,0,0,0,1,0,1,2,1,1,1,0,0,0,0,0,1,1,0,0,0,0,0,0,0,0,2,1,1,2,1,1,1,1,1,1,1,1,1,1,0,1,0,1,0,1,0,1,0,0,0,0,0,0,0,2
syn_aggregate_00002,22,1.0,1,2,1,1,0,0,1,0,0,0,0,0,0,0,0,0,0,4,0,1,1,0,1,1,1,1,0,1,1,0,0,0,0,0,0,0,0,0,0,1,1,1,1,1,1,1,1,1,2,1,1,1,1,1,1,1,0,0,0,1,1,1,0,1,1,0,1,1,0
syn_aggregate_00003,18,2.0,1,1,1,0,0,0,1,0,0,0,0,0,0,0,0,0,0,0,3,3,2,2,2,2,2,2,2,2,2,0,1,0,0,1,0,1,0,0,0,0,0,1,0,0,1,0,0,0,1,0,4,0,0,0,0,0,0,1,1,0,0,0,0,1,0,0,0,1,0
syn_aggregate_00004,19,1.0,0,0,0,0,0,0,0,0,0,0,0,0,0,0,0,0,0,0,3,0,0,0,0,0,0,0,0,0,0,0,0,0,1,0,0,0,0,0,0,0,0,0,0,0,0,0,0,0,0,0,0,0,0,0,3,0,0,0,0,0,0,0,0,0,0,1,0,0,0
syn_aggregate_00005,21,2.0,1,1,0,0,0,0,0,0,0,0,0,0,0,0,0,0,0,0,2,0,0,0,0,0,0,0,0,0,0,1,2,2,2,2,1,1,2,1,1,0,0,0,0,0,0,0,0,1,1,0,0,2,0,0,0,0,0,0,0,0,1,0,0,0,0,0,0,0,0
syn_aggregate_00006,19,2.0,2,2,1,1,0,1,1,0,0,1,2,2,1,1,1,1,1,2,1,2,2,1,2,1,2,2,2,2,2,2,2,2,2,2,1,2,2,2,2,2,2,1,2,1,1,0,1,1,0,2,3,2,2,2,3,2,2,2,3,0,2,2,1,1,0,1,2,1,0
syn_aggregate_00007,21,2.0,0,1,0,1,0,0,0,0,0,0,0,1,0,0,0,0,0,0,0,0,1,0,0,0,0,0,0,0,0,0,1,0,0,0,0,0,0,0,0,0,0,0,0,1,0,0,0,0,1,0,0,0,0,0,0,0,0,0,0,0,1,0,0,0,0,0,0,0,0
syn_aggregate_00008,20,1.0,0,0,0,0,0,0,0,0,0,0,0,0,0,0,0,0,0,0,0,0,0,1,0,0,0,0,1,0,0,0,0,0,0,0,0,0,0,0,4,0,0,0,0,0,0,0,0,0,0,0,0,0,0,0,0,0,0,0,4,0,0,0,0,1,0,0,0,0,0
syn_aggregate_00009,21,2.0,1,2,1,1,1,0,0,0,1,1,2,1,1,2,1,1,1,1,1,2,2,2,2,1,1,1,1,1,1,0,1,1,0,1,0,1,0,1,0,1,1,0,1,0,1,0,0,0,0,1,1,1,0,1,1,1,1,1,1,0,2,1,1,2,0,1,2,1,0
syn_aggregate_00010,21,1.0,1,1,1,1,1,0,0,0,0,0,0,1,0,0,0,0,0,1,0,1,2,2,2,1,1,1,1,1,1,0,0,0,0,0,0,0,0,1,2,2,2,2,2,1,2,2,2,2,2,0,0,0,0,0,1,0,0,0,0,0,1,1,0,1,0,0,1,1,0
syn_aggregate_00011,32,2.0,1,1,1,1,1,0,1,0,0,0,0,0,0,0,0,0,0,0,1,0,0,0,0,0,0,0,0,0,1,0,0,0,0,0,0,0,0,3,0,0,0,0,0,0,0,0,0,0,0,0,0,0,0,0,0,0,0,1,0,0,1,2,0,0,0,0,0,0,0
syn_aggregate_00012,19,2.0,0,1,0,0,0,0,0,0,0,0,0,0,0,0,0,0,0,0,0,1,1,1,1,1,1,1,1,1,1,0,1,1,0,1,0,1,1,1,0,0,0,0,0,0,0,0,0,0,0,0,0,0,0,0,0,0,0,0,0,0,1,0,0,1,0,0,0,0,0
syn_aggregate_00013,22,1.0,2,2,1,1,1,0,0,0,1,0,0,0,0,0,0,0,0,0,2,0,1,0,0,0,1,0,0,0,0,0,1,1,0,1,0,1,1,1,1,0,0,0,0,0,0,0,0,0,0,1,1,1,0,1,1,0,1,1,2,0,1,0,0,0,0,0,1,0,0
syn_aggregate_00014,18,2.0,2,3,2,2,1,2,1,0,0,0,1,2,0,0,0,0,0,0,0,2,2,1,2,1,1,1,1,1,2,3,4,4,3,3,3,3,4,3,2,0,0,0,0,2,0,0,0,0,0,0,1,1,0,1,0,1,1,0,3,0,2,1,0,1,0,0,2,1,0
syn_aggregate_00015,23,1.0,2,2,2,2,1,1,1,1,1,2,1,2,1,1,1,1,1,2,1,3,2,2,3,2,2,3,2,2,1,2,3,3,2,2,2,2,2,3,2,1,1,1,1,1,0,0,1,0,0,1,1,1,0,0,1,1,0,0,0,0,2,2,0,2,1,1,2,1,2
syn_aggregate_00016,22,2.0,0,0,0,0,0,0,0,0,0,0,0,0,0,0,0,0,0,0,4,1,1,1,1,0,1,1,1,0,0,0,0,0,0,0,0,0,1,0,0,0,0,0,0,1,0,0,0,0,0,0,0,0,0,0,0,0,0,0,0,0,2,0,0,0,0,0,0,0,0
syn_aggregate_00017,20,2.0,1,0,0,0,0,0,0,0,0,1,1,1,0,1,1,0,1,1,1,0,0,0,0,0,0,0,1,1,0,0,1,0,0,0,0,0,0,0,0,2,0,0,0,0,0,0,0,0,0,1,1,0,0,0,0,0,0,0,0,0,0,0,0,1,0,0,0,0,0
syn_aggregate_00018,19,1.0,1,1,1,1,1,0,0,0,0,0,0,0,0,0,0,0,0,0,3,2,2,2,2,1,2,1,2,2,1,1,2,2,1,2,1,1,1,0,1,0,0,0,0,0,0,0,0,0,4,1,1,1,0,1,0,1,0,0,1,1,3,2,1,3,2,2,1,2,1
syn_aggregate_00019,20,2.0,1,1,1,1,1,1,1,0,0,0,1,0,0,0,0,0,0,0,0,1,1,1,1,0,1,1,1,0,1,0,1,1,0,1,1,1,1,1,0,0,0,0,0,0,0,0,0,0,1,0,0,1,0,1,0,1,0,0,0,0,1,1,0,1,0,0,1,0,0
syn_aggregate_00020,21,2.0,2,2,1,1,0,1,1,0,0,0,1,0,0,0,2,0,0,0,0,1,1,0,1,0,0,0,1,1,0,1,2,1,1,1,1,1,0,0,2,1,2,0,0,1,0,0,0,1,0,0,0,0,0,0,1,0,0,0,0,0,2,1,0,2,0,1,1,1,1
syn_aggregate_00021,18,2.0,2,2,1,1,1,1,1,0,0,1,2,1,1,1,1,0,1,0,0,1,1,1,1,1,1,1,1,1,1,1,2,2,1,1,1,1,1,1,2,1,1,0,1,0,0,0,0,0,0,0,0,0,0,1,0,0,0,0,0,0,2,1,0,2,1,0,1,0,0
syn_aggregate_00022,18,2.0,1,2,1,1,0,0,0,0,0,1,2,1,1,1,2,1,1,1,2,0,1,0,0,0,0,0,0,0,0,0,0,0,0,0,0,0,0,0,3,0,2,0,0,0,0,0,0,0,0,1,1,1,0,1,1,1,0,0,1,0,1,0,0,0,0,0,2,0,0
syn_aggregate_00023,39,2.0,1,1,1,1,1,1,0,0,0,0,0,0,0,0,0,0,0,0,0,0,0,0,0,0,0,0,0,3,1,0,1,1,0,1,1,1,1,0,0,2,2,2,2,1,2,1,1,1,1,1,1,0,1,1,1,1,0,0,1,0,2,2,0,1,1,1,1,1,3
syn_aggregate_00024,49,1.0,2,2,1,2,1,1,1,1,1,1,1,1,0,1,0,1,0,0,0,1,1,1,1,1,1,1,2,2,0,0,1,1,0,1,0,1,1,1,0,1,1,1,1,0,0,0,0,0,1,0,0,0,0,0,0,0,0,2,0,0,2,2,0,2,1,1,1,0,1
syn_aggregate_00025,31,2.0,1,2,1,2,1,1,0,0,0,0,0,0,0,0,0,0,0,0,0,1,1,0,1,1,1,0,1,0,0,0,1,1,1,1,0,0,0,0,0,0,0,0,0,0,0,0,0,2,0,0,0,0,0,0,0,0,0,1,0,0,0,0,0,0,0,0,0,0,0
syn_aggregate_00026,18,2.0,0,2,0,0,0,0,0,0,0,1,1,1,0,1,1,0,1,1,1,1,1,0,1,0,2,1,0,1,0,0,0,1,0,0,0,0,0,0,0,1,0,0,0,0,0,0,0,0,0,1,1,0,0,0,1,0,0,0,1,0,2,1,0,1,0,0,1,1,0
syn_aggregate_00027,36,2.0,2,3,2,2,1,1,1,1,0,1,1,0,0,1,0,0,0,1,0,0,0,0,0,0,0,0,0,0,3,0,1,1,0,1,0,1,0,1,0,1,0,0,1,0,0,0,0,0,0,0,0,0,0,0,0,2,0,0,0,0,1,1,0,1,1,1,1,1,0
syn_aggregate_00028,19,2.0,1,2,1,1,0,0,1,0,1,0,0,0,0,0,0,0,0,0,0,0,1,0,0,0,0,0,0,0,0,1,2,1,1,1,2,1,1,1,2,0,0,0,0,2,0,0,0,0,0,0,1,0,0,0,1,0,0,0,0,0,1,1,0,1,0,0,1,0,0
syn_aggregate_00029,38,2.0,1,2,1,2,1,1,1,0,0,1,2,1,1,2,1,0,1,2,0,2,2,1,1,1,1,1,1,1,1,3,4,4,4,3,4,3,4,3,2,1,1,0,1,0,1,0,1,0,1,2,2,2,2,2,2,2,2,2,1,0,1,1,0,2,1,1,2,0,0
syn_aggregate_00030,32,2.0,1,1,1,1,1,1,0,0,0,0,0,0,0,0,0,0,0,1,0,0,1,0,0,0,0,0,0,1,0,0,0,0,0,0,0,0,0,0,0,0,0,0,0,0,1,0,0,0,0,1,2,1,1,1,2,1,1,1,1,0,1,1,0,1,0,0,1,1,0
syn_aggregate_00031,21,1.0,1,1,0,1,0,0,0,0,0,0,1,0,0,0,0,0,0,0,0,1,2,1,1,1,2,1,0,1,2,0,2,0,0,0,0,0,0,0,0,0,0,0,0,0,0,0,0,0,0,0,0,0,0,0,2,0,0,0,0,0,0,0,0,0,0,0,2,0,0
syn_aggregate_00032,20,1.0,1,2,1,2,1,1,1,0,0,0,0,0,0,0,0,0,0,0,1,0,1,0,0,1,0,0,1,1,2,0,0,0,0,0,0,0,0,0,4,0,0,0,0,0,0,0,0,0,0,1,1,1,1,1,1,1,0,0,0,1,2,2,1,2,1,2,2,1,1
syn_aggregate_00033,20,2.0,2,3,2,3,0,0,0,0,0,0,0,0,0,0,0,0,0,0,2,0,1,0,0,0,1,0,0,1,0,0,0,0,0,0,0,0,0,0,3,0,0,1,0,0,0,0,0,1,1,0,0,0,0,0,0,0,0,0,1,0,1,1,0,1,1,0,1,1,0
syn_aggregate_00034,45,2.0,2,3,2,2,1,2,1,0,0,1,2,2,1,1,1,1,1,1,1,1,2,1,1,1,2,1,1,1,0,3,4,4,4,4,3,3,3,3,2,1,1,0,0,0,1,0,0,1,0,1,2,1,1,1,2,1,1,0,2,0,2,2,1,2,1,1,2,2,2
syn_aggregate_00035,19,2.0,1,1,1,1,1,0,0,0,0,1,2,2,1,1,1,1,1,2,0,3,3,3,3,3,3,3,3,2,3,1,2,1,1,1,0,1,1,1,0,0,0,0,0,0,0,0,0,0,0,1,2,1,2,1,2,1,1,1,2,0,2,2,0,2,0,0,2,1,0
syn_aggregate_00036,40,2.0,1,2,1,2,1,1,1,0,0,0,0,0,0,0,0,0,0,0,4,0,1,0,0,0,0,0,0,0,0,1,2,1,0,1,0,1,1,0,0,0,0,0,0,0,0,0,0,0,1,0,0,0,0,0,0,0,0,0,2,0,2,1,0,2,1,1,2,2,2
syn_aggregate_00037,19,2.0,1,2,1,1,0,1,1,0,0,1,2,1,1,1,1,1,1,1,1,3,3,3,4,4,4,3,2,2,2,0,1,1,0,1,1,1,1,2,0,1,1,0,1,1,0,0,0,0,0,1,2,1,1,1,2,1,1,1,2,0,2,1,0,1,0,0,2,0,0
syn_aggregate_00038,20,1.0,2,2,1,1,1,1,0,0,0,0,0,0,0,1,0,1,0,0,0,2,1,1,2,1,2,1,1,1,2,1,1,1,1,1,0,0,1,1,0,2,1,1,1,0,0,0,0,1,0,0,0,0,0,0,2,0,0,0,0,0,2,2,0,2,0,0,0,0,0
syn_aggregate_00039,43,2.0,1,0,0,1,0,0,0,0,0,0,0,0,0,0,0,0,0,0,0,0,0,0,0,0,0,0,0,0,0,0,0,1,0,0,0,0,1,0,0,0,0,0,0,0,0,0,0,0,0,0,0,0,0,0,0,0,0,0,0,0,0,0,0,0,0,0,0,0,0
syn_aggregate_00040,20,2.0,2,3,1,2,2,2,1,0,0,3,4,4,3,3,3,3,3,3,3,1,1,1,1,1,1,1,1,1,1,3,3,4,3,4,3,4,3,3,3,1,2,1,2,1,1,1,1,1,1,4,4,4,3,3,4,4,3,2,3,0,2,2,0,2,1,1,1,1,0
syn_aggregate_00041,22,2.0,1,0,0,0,0,0,0,0,0,0,1,0,0,0,0,0,0,0,0,0,0,0,0,0,0,0,0,4,0,0,0,0,0,0,0,0,0,0,4,0,0,0,0,0,0,0,0,0,1,0,0,0,0,0,0,3,0,0,0,0,1,1,0,0,0,0,0,0,0
syn_aggregate_00042,22,2.0,1,1,0,2,0,0,0,0,0,1,1,1,1,1,0,1,0,1,0,1,1,1,0,1,1,1,0,1,0,1,2,2,1,1,1,1,1,1,0,0,0,0,0,0,0,0,0,1,0,1,1,1,1,1,1,1,1,0,0,0,2,1,0,1,0,0,1,1,0
syn_aggregate_00043,18,2.0,1,1,0,1,0,0,1,0,0,1,1,1,1,1,1,1,1,1,1,2,1,1,0,0,1,0,0,0,0,0,0,0,0,0,0,0,0,4,0,0,0,0,0,0,0,0,0,0,3,0,0,0,0,0,0,0,0,0,0,0,0,1,0,0,0,0,0,0,0
syn_aggregate_00044,19,1.0,2,2,1,1,1,0,0,0,0,0,0,0,0,0,4,0,0,0,0,1,1,1,0,0,1,1,1,0,0,1,2,2,1,2,1,1,2,1,2,0,0,0,0,0,3,0,0,0,0,0,0,0,0,0,0,0,0,0,0,0,1,0,0,0,0,0,0,0,0
syn_aggregate_00045,22,2.0,0,0,0,0,0,0,0,0,0,0,0,0,0,0,0,0,0,0,0,0,0,0,0,0,0,0,0,0,1,0,0,0,0,0,0,0,2,0,0,0,0,0,0,0,0,0,0,0,0,0,0,0,0,0,0,0,0,0,2,0,1,0,0,2,0,0,0,0,0
syn_aggregate_00046,19,2.0,2,2,2,2,1,2,1,0,0,0,0,0,0,0,0,0,0,3,0,1,1,0,1,1,1,0,1,1,1,0,1,0,0,0,0,0,0,0,0,1,0,0,1,0,3,3,3,0,0,0,0,0,0,0,0,0,0,0,3,0,1,1,0,0,0,0,0,0,0
syn_aggregate_00047,35,2.0,1,1,1,1,1,0,1,0,0,0,0,0,0,0,0,0,0,0,2,0,0,0,0,0,0,0,0,0,0,0,1,1,1,1,2,1,0,0,0,1,0,0,0,0,0,0,0,0,1,0,0,0,0,0,0,0,0,0,0,0,1,1,0,1,0,0,1,1,1
syn_aggregate_00048,20,1.0,0,0,3,0,0,0,0,0,0,1,1,1,1,1,0,0,0,0,0,2,2,1,1,1,2,1,1,1,1,0,0,0,0,0,0,0,1,0,0,0,0,0,0,0,0,0,0,4,0,1,1,1,1,1,1,1,1,1,1,0,1,1,0,1,0,0,1,0,0
syn_aggregate_00049,21,2.0,0,0,1,0,0,0,0,0,0,0,0,0,0,0,0,0,0,0,0,0,0,0,0,0,0,0,0,0,0,0,0,0,0,0,0,0,0,0,0,0,0,0,0,0,0,0,0,0,0,0,0,0,0,0,0,0,0,0,0,0,0,0,0,0,0,0,0,0,0
syn_aggregate_00050,20,2.0,2,2,1,1,0,0,0,0,0,1,1,1,0,1,1,1,0,1,0,0,1,0,0,1,1,0,0,0,0,0,1,1,0,1,1,0,1,0,0,0,0,0,0,0,0,0,0,0,2,0,1,0,0,0,0,0,0,0,1,1,2,1,0,1,1,1,1,0,0
syn_aggregate_00051,32,2.0,0,1,0,0,0,0,0,0,0,0,2,0,0,0,0,0,0,0,0,0,1,0,0,0,0,0,0,2,0,0,1,1,0,1,0,1,1,1,0,1,1,1,2,1,0,0,0,2,2,0,0,0,4,0,0,0,0,0,0,0,1,1,0,1,0,0,0,0,0
syn_aggregate_00052,19,2.0,3,3,3,2,2,2,1,0,1,3,4,3,4,3,3,3,4,2,2,2,3,2,2,2,2,2,2,1,2,2,3,3,2,2,2,2,1,1,1,4,4,4,4,3,4,3,4,4,2,1,2,2,1,2,1,1,1,1,2,1,3,3,1,3,2,2,3,3,3
syn_aggregate_00053,28,2.0,2,2,1,2,1,1,1,0,0,0,1,1,0,1,1,0,0,1,0,0,0,0,0,0,2,0,0,0,0,0,0,0,0,0,0,0,0,0,3,0,0,0,0,0,0,0,1,0,0,0,0,0,0,0,0,0,0,1,3,0,1,1,0,0,0,0,0,0,0
syn_aggregate_00054,,2.0,1,1,1,1,1,0,1,0,1,0,0,0,0,0,0,0,0,0,0,1,1,1,0,1,1,0,1,1,1,0,1,0,0,0,1,0,1,0,0,0,0,0,0,0,0,0,0,4,0,0,0,0,0,0,0,0,0,0,4,0,1,1,0,1,0,0,1,0,2
syn_aggregate_00055,19,1.0,2,1,0,1,0,1,0,0,0,0,0,0,0,0,0,0,0,0,0,1,1,0,0,0,1,0,0,0,0,0,0,0,1,0,0,0,0,1,0,0,0,0,0,0,0,0,0,0,0,0,0,0,0,0,0,0,0,0,0,0,0,0,0,0,0,0,0,0,4
syn_aggregate_00056,43,2.0,1,2,1,1,0,0,0,0,0,0,1,1,0,0,0,0,0,0,0,0,0,0,0,0,0,0,0,0,0,0,0,0,0,0,0,0,0,1,0,0,0,0,0,0,0,0,0,1,0,0,0,0,0,0,0,0,1,0,0,0,2,0,0,0,0,0,0,0,0
syn_aggregate_00057,22,2.0,0,1,0,0,1,0,0,0,0,1,1,1,1,1,0,1,0,1,0,1,2,1,2,1,2,0,1,2,1,0,1,1,1,1,0,1,1,0,0,0,0,0,1,0,0,0,0,0,0,0,0,0,0,0,0,0,0,0,3,0,1,1,0,1,1,0,1,1,0
syn_aggregate_00058,21,2.0,1,2,1,1,0,1,0,0,0,0,0,0,0,0,0,0,0,0,0,2,2,1,2,1,1,1,2,1,2,1,2,2,1,1,1,2,2,1,1,1,1,0,1,0,0,0,0,0,0,0,1,0,0,0,0,0,0,1,0,0,1,2,0,1,1,0,1,1,0
syn_aggregate_00059,21,2.0,1,2,1,2,0,0,0,0,0,1,1,1,0,1,1,0,1,1,1,1,1,1,1,1,2,1,2,1,1,1,2,2,1,1,1,2,2,1,2,2,2,2,2,1,2,1,1,1,2,1,2,1,1,1,2,1,1,1,1,0,2,2,0,2,1,1,2,2,1
syn_aggregate_00060,29,1.0,2,2,1,1,0,1,0,0,1,2,2,2,1,2,2,1,1,2,1,2,2,1,2,1,2,1,1,1,0,2,3,3,2,2,3,2,2,3,2,2,2,1,2,1,1,1,1,1,0,0,0,0,0,0,0,0,0,0,2,0,1,1,0,1,1,0,1,0,0
syn_aggregate_00061,20,2.0,2,2,1,2,1,1,0,0,0,1,2,1,1,1,1,1,1,2,1,1,1,0,1,0,1,0,0,0,0,0,2,1,0,1,1,1,1,1,0,2,1,1,2,1,1,0,0,1,1,1,2,1,1,1,2,1,1,0,1,0,1,1,0,1,0,0,0,0,0
syn_aggregate_00062,18,2.0,2,2,1,1,0,0,1,0,0,0,1,0,0,0,0,0,0,0,0,1,1,1,1,1,1,0,1,1,1,0,0,0,0,0,1,0,0,0,0,1,1,1,1,1,1,1,1,1,1,1,1,1,0,1,1,0,0,0,1,0,2,2,0,1,0,0,1,1,0
syn_aggregate_00063,20,2.0,1,1,1,1,0,0,1,0,0,0,0,0,0,0,0,0,0,0,0,1,1,0,1,0,1,1,0,0,1,1,1,1,1,1,0,1,1,0,0,0,0,1,0,0,0,0,0,0,0,0,0,0,0,0,0,0,0,0,0,0,0,0,0,0,0,0,0,0,0
syn_aggregate_00064,22,2.0,1,2,0,2,1,1,1,0,0,0,0,0,0,0,0,0,0,0,0,2,2,2,2,1,2,2,2,2,0,0,2,1,0,1,1,2,1,0,0,0,0,0,0,0,0,0,0,2,0,0,0,1,0,0,0,0,0,0,0,0,0,0,0,0,0,0,0,0,0
syn_aggregate_00065,21,2.0,1,1,1,1,0,0,1,0,0,1,2,1,1,1,0,0,0,0,0,1,1,1,1,1,1,1,0,1,1,0,1,1,0,1,0,1,1,0,0,1,0,0,0,0,0,0,0,0,0,0,0,0,0,0,0,0,0,0,3,0,2,0,0,0,0,0,0,0,0
syn_aggregate_00066,20,2.0,1,2,1,2,2,0,0,0,0,0,0,0,0,0,0,0,0,4,0,2,2,2,2,1,2,1,2,2,1,1,2,1,1,2,1,1,2,1,1,1,1,1,1,1,0,0,0,0,0,1,2,1,1,1,1,0,1,1,1,1,2,1,1,2,1,0,2,1,2
syn_aggregate_00067,19,1.0,2,2,1,1,0,0,0,0,0,0,0,0,0,0,0,0,0,1,1,0,0,0,0,0,0,0,0,0,3,0,1,1,0,1,1,0,1,0,0,0,0,0,1,0,1,0,1,0,0,0,0,0,0,0,0,0,0,0,2,0,1,0,0,1,0,0,1,0,0
syn_aggregate_00068,41,2.0,1,1,1,1,1,1,0,0,0,0,0,0,0,0,0,0,0,0,1,0,0,0,0,0,0,0,0,0,0,0,0,0,0,0,0,0,0,0,0,0,0,0,0,0,0,0,0,0,0,0,0,0,0,0,0,0,0,1,1,0,0,0,0,0,0,0,0,0,0
syn_aggregate_00069,35,2.0,2,2,2,2,1,1,1,0,0,1,1,1,0,1,1,1,0,0,0,1,1,0,1,0,1,0,0,0,0,1,2,1,1,1,1,1,1,0,0,2,0,0,0,0,0,0,0,0,0,0,0,0,0,0,0,0,1,0,0,0,2,1,0,1,1,0,1,1,1
syn_aggregate_00070,51,2.0,0,0,0,0,0,0,0,2,0,0,0,0,0,0,0,0,0,0,3,0,0,0,0,0,0,0,1,1,0,0,0,0,0,0,0,0,0,0,0,0,0,0,0,0,0,0,0,0,2,0,0,0,0,0,0,0,0,0,0,0,0,0,0,0,0,0,0,0,0
syn_aggregate_00071,29,2.0,0,1,0,1,0,0,0,0,0,0,0,0,0,0,0,0,0,0,0,0,1,0,1,1,1,0,1,0,0,0,0,0,0,0,0,0,0,1,0,0,1,0,0,1,0,0,0,0,0,0,0,0,0,0,0,0,0,0,2,0,0,0,0,0,0,0,0,0,0
syn_aggregate_00072,19,2.0,0,0,1,1,1,0,1,0,0,1,1,1,0,1,0,0,1,1,1,2,2,1,2,2,2,2,1,0,0,0,1,0,0,1,0,0,0,0,0,1,1,0,1,1,0,0,0,0,0,1,2,1,0,1,2,1,1,0,1,0,1,1,0,1,0,0,1,0,0
syn_aggregate_00073,20,2.0,0,0,0,0,0,0,0,1,0,0,1,0,0,0,0,0,0,0,0,0,0,0,0,0,0,0,0,0,0,0,1,0,0,0,0,0,0,0,0,0,0,0,0,0,0,0,0,0,0,0,0,0,0,0,0,0,0,0,4,0,0,0,0,0,0,0,0,3,0
syn_aggregate_00074,22,2.0,2,2,1,1,1,1,0,0,1,0,0,0,0,0,0,0,0,0,3,1,1,1,1,1,1,1,1,1,1,0,1,1,1,1,1,1,1,1,0,0,0,0,0,0,0,0,0,0,2,1,1,1,1,1,1,1,1,1,1,0,1,1,0,1,0,1,1,1,0
syn_aggregate_00075,43,2.0,2,2,1,2,1,0,0,0,0,0,1,1,0,1,0,0,0,0,0,1,1,0,1,0,1,0,0,1,0,0,0,0,0,0,0,0,1,0,0,0,1,0,0,0,0,0,0,1,0,0,0,0,0,0,0,2,0,0,0,0,1,1,0,1,0,0,1,1,0
syn_aggregate_00076,20,2.0,1,1,1,1,1,0,0,0,0,1,1,2,1,1,1,1,1,1,0,0,2,1,1,1,2,0,1,1,2,1,2,2,1,1,1,2,1,0,0,1,0,0,1,0,1,0,0,1,0,0,1,1,0,0,1,1,0,0,0,0,1,1,0,1,1,0,1,0,0
syn_aggregate_00077,18,2.0,1,2,1,1,0,0,1,0,0,0,0,0,0,0,0,0,0,0,0,1,1,0,1,1,1,0,1,0,1,0,1,1,0,0,1,0,1,0,0,1,1,0,0,0,0,0,0,0,0,1,2,1,1,2,1,1,1,1,1,0,1,0,0,0,0,0,1,0,0
syn_aggregate_00078,22,2.0,3,3,2,2,1,2,1,0,0,1,1,1,1,1,0,0,0,0,0,0,1,0,0,0,0,0,0,0,0,0,1,1,1,1,0,1,0,0,0,1,1,0,1,1,0,0,1,1,0,1,2,1,1,1,1,1,1,1,1,0,2,1,0,1,0,0,1,0,0
syn_aggregate_00079,20,1.0,1,1,1,1,0,0,1,0,0,0,0,0,0,0,0,0,0,0,4,0,0,0,0,0,0,0,0,2,0,0,0,0,0,0,0,0,0,0,1,1,0,0,1,0,0,0,0,0,0,1,1,0,0,0,1,1,0,0,1,0,1,1,0,1,0,0,1,0,0
syn_aggregate_00080,31,2.0,1,1,1,0,0,0,0,0,0,0,0,0,0,0,0,0,0,0,4,2,2,2,2,1,2,2,1,1,2,0,0,0,0,0,0,0,0,0,0,0,0,0,1,0,0,0,0,0,1,0,0,0,0,0,0,0,0,0,1,0,0,0,0,1,0,0,0,0,0
syn_aggregate_00081,18,2.0,1,2,0,2,0,0,0,0,0,3,3,3,2,2,2,2,2,2,1,1,1,0,1,1,1,1,0,2,0,0,0,0,0,0,0,0,0,0,0,0,0,0,0,0,0,0,0,0,0,1,1,1,1,1,1,1,1,0,1,0,2,1,1,1,1,1,1,1,0
syn_aggregate_00082,18,2.0,1,2,1,2,1,1,1,0,0,1,1,2,0,1,1,1,1,1,0,4,4,3,3,3,4,3,3,4,3,1,1,1,1,1,0,0,1,1,1,2,1,1,2,1,1,0,1,1,2,1,2,1,1,1,2,1,1,1,1,0,2,1,0,2,1,1,2,1,0
syn_aggregate_00083,22,2.0,3,3,1,2,1,1,0,0,0,0,1,1,0,0,0,0,0,0,0,0,0,0,0,0,0,0,0,0,1,1,2,2,1,1,1,1,1,1,1,1,1,0,1,1,0,0,0,1,0,0,0,0,0,0,0,0,0,0,1,1,2,2,1,1,0,0,1,1,0
syn_aggregate_00084,20,1.0,3,3,1,2,1,1,1,0,0,2,2,2,1,2,2,1,2,1,1,1,2,1,2,1,1,1,1,1,1,2,3,2,2,2,2,1,2,1,1,2,1,1,2,1,1,0,1,1,0,1,1,1,1,1,1,1,1,1,0,1,1,1,1,1,0,0,0,0,0
syn_aggregate_00085,19,2.0,0,1,0,1,0,0,0,0,1,0,1,0,0,0,0,1,0,0,0,0,0,0,0,0,0,0,0,0,0,1,1,1,0,0,1,0,1,0,0,0,0,0,0,0,1,0,0,0,3,1,1,1,1,1,1,1,0,0,1,0,0,0,0,0,0,0,0,0,4
syn_aggregate_00086,18,2.0,0,0,0,0,0,0,0,0,0,1,2,2,1,1,1,0,1,0,0,0,0,0,0,0,0,0,0,0,4,0,1,1,0,1,0,1,1,0,0,0,1,0,0,0,0,0,1,0,0,0,0,0,0,0,0,0,0,0,4,0,2,1,0,1,0,0,1,1,0
syn_aggregate_00087,22,2.0,0,0,0,0,0,0,0,0,0,0,0,0,0,0,0,0,0,3,0,1,2,1,1,1,1,1,1,2,1,0,0,0,0,0,0,0,0,0,1,1,1,0,1,0,0,0,0,0,1,1,1,1,1,1,1,1,0,1,1,0,1,1,0,1,0,0,1,0,0
syn_aggregate_00088,19,2.0,1,0,0,0,0,0,0,0,0,0,0,0,0,0,0,0,0,0,0,1,1,0,1,0,1,0,0,0,0,0,1,0,0,0,0,0,0,0,0,0,0,0,1,0,0,0,2,0,0,0,0,0,0,0,0,0,0,0,1,0,0,0,0,0,0,0,0,0,1
syn_aggregate_00089,38,1.0,1,1,1,1,1,0,0,0,0,0,0,0,0,0,0,0,0,1,1,0,1,1,0,0,1,1,0,0,0,0,0,0,0,1,0,0,0,0,0,0,0,0,0,0,0,0,0,0,1,0,1,0,0,0,0,0,0,0,0,0,2,1,0,1,0,0,1,1,0
syn_aggregate_00090,22,1.0,0,1,0,0,0,0,0,0,1,0,0,0,0,0,0,0,0,0,0,2,2,2,1,2,2,1,2,2,1,0,0,0,0,0,0,0,0,0,3,1,0,0,0,0,0,0,0,0,1,0,0,1,0,0,0,0,0,0,0,0,1,0,0,0,0,1,0,0,0
syn_aggregate_00091,21,2.0,0,1,0,0,0,0,0,0,1,0,0,0,0,0,0,0,0,0,0,0,0,0,0,0,0,0,2,0,0,0,0,0,0,0,0,0,1,1,0,1,0,0,0,0,0,0,0,0,0,0,0,0,0,0,0,0,0,0,0,0,1,0,0,0,0,0,0,0,0
syn_aggregate_00092,18,2.0,1,1,0,2,0,0,0,0,0,0,0,0,0,0,0,0,0,0,0,1,2,1,1,1,1,1,1,1,1,1,2,2,1,1,1,1,2,1,2,0,0,0,0,0,0,0,0,0,0,0,0,0,0,0,1,0,1,0,0,0,0,0,0,0,0,0,0,0,0
syn_aggregate_00093,20,1.0,0,0,2,0,0,0,0,0,0,0,0,0,0,0,0,0,0,0,0,0,0,0,0,0,0,0,0,0,0,0,2,1,1,1,0,1,1,0,0,0,0,0,1,0,0,0,0,0,2,0,0,0,0,0,0,0,0,3,0,0,2,1,0,1,0,0,1,1,2
syn_aggregate_00094,21,2.0,1,1,1,1,1,0,0,0,0,0,0,0,0,0,0,0,0,0,0,0,0,0,0,0,0,0,0,0,0,0,0,0,0,0,0,0,0,0,0,0,0,0,0,0,0,0,0,0,0,0,0,0,0,0,0,0,0,0,0,0,0,0,0,0,0,0,0,0,0
syn_aggregate_00095,20,2.0,1,0,0,0,0,0,0,0,0,1,1,0,0,0,1,0,0,0,0,1,1,0,1,0,1,1,0,1,1,0,0,0,0,0,0,0,0,0,4,0,0,0,0,0,0,0,0,0,2,0,0,0,0,0,0,0,0,0,3,0,0,0,0,0,0,0,2,0,0
syn_aggregate_00096,21,1.0,0,0,0,0,0,0,0,0,0,0,0,0,0,0,0,0,0,1,0,0,0,0,0,0,0,0,0,0,2,0,0,0,0,0,0,0,0,0,0,0,0,0,1,0,0,0,0,0,2,0,1,0,0,0,0,0,0,0,0,0,0,0,0,0,0,0,0,0,0
syn_aggregate_00097,22,2.0,1,1,1,1,1,0,1,0,0,0,0,0,0,0,0,0,0,0,4,0,0,1,0,0,0,0,0,0,0,1,1,1,1,1,0,0,0,0,0,0,0,0,0,0,0,0,0,0,1,0,0,0,1,0,0,0,0,0,0,0,2,2,0,2,1,0,2,2,1
syn_aggregate_00098,21,2.0,0,0,0,0,0,0,0,0,0,0,0,0,0,0,0,0,0,0,0,1,1,0,1,1,1,1,0,1,0,0,0,0,0,0,0,0,0,0,0,0,0,1,0,0,0,1,0,0,0,0,0,0,0,0,0,0,0,0,0,0,0,0,0,0,0,0,0,0,1
syn_aggregate_00099,18,2.0,2,2,1,1,0,1,0,0,0,1,2,2,1,0,1,0,0,1,0,0,0,0,0,0,0,0,0,1,2,0,0,0,0,0,0,0,0,0,0,1,0,0,1,0,0,0,0,0,0,2,2,2,2,1,2,2,2,2,2,0,1,1,0,1,0,0,1,1,0
syn_aggregate_00100,45,1.0,1,1,1,1,1,1,1,1,1,0,0,0,0,0,0,0,0,2,0,1,1,1,1,1,1,1,1,1,2,1,2,2,1,1,0,1,1,1,0,3,2,2,2,2,2,1,2,2,1,0,0,0,0,0,0,0,0,0,3,0,0,0,0,0,0,0,0,0,0
syn_aggregate_00101,19,1.0,2,2,1,1,0,0,1,0,0,0,1,0,0,0,0,0,0,0,0,0,0,0,0,0,0,0,0,3,0,0,0,1,0,0,0,0,0,0,0,0,1,0,0,0,0,0,0,0,0,1,1,1,1,1,1,1,0,1,0,0,2,1,0,1,0,0,1,0,0
syn_aggregate_00102,39,2.0,1,1,1,1,1,1,0,0,0,0,0,0,0,0,0,0,0,0,0,0,0,0,0,0,0,0,1,1,0,0,0,0,0,1,0,0,0,0,0,0,0,0,0,0,0,0,0,0,2,0,1,0,0,0,0,0,0,0,0,0,1,0,0,0,0,0,0,0,0
syn_aggregate_00103,21,1.0,2,2,1,1,0,1,1,0,0,0,0,0,0,2,0,0,0,0,0,0,0,1,0,0,0,1,0,0,0,0,1,1,1,1,1,1,1,1,2,0,0,0,0,0,0,0,0,0,0,0,0,0,0,0,0,0,0,0,0,0,0,0,0,0,0,0,0,0,2
syn_aggregate_00104,22,2.0,1,1,1,1,1,0,0,0,0,0,0,0,0,0,0,0,0,0,2,0,0,0,0,0,0,0,0,4,0,0,0,0,0,0,0,0,0,1,0,0,0,0,1,0,0,0,0,0,0,0,0,0,0,0,0,0,0,0,1,0,0,0,0,0,0,0,0,0,2
syn_aggregate_00105,36,2.0,1,1,1,1,1,1,0,0,0,1,1,1,1,1,1,1,1,1,0,1,1,1,1,0,1,0,0,0,0,0,1,1,0,1,0,1,0,0,0,1,0,1,1,0,0,0,0,0,1,0,0,0,0,0,0,0,0,0,0,0,2,2,0,1,1,0,1,1,0
syn_aggregate_00106,20,2.0,2,2,1,1,1,1,0,0,1,0,0,0,0,1,0,0,0,0,0,0,0,0,0,0,0,0,0,4,0,1,2,1,1,2,1,1,2,1,2,0,0,0,0,0,0,0,0,0,2,1,2,1,1,1,1,1,1,1,1,0,2,1,0,1,1,0,1,1,0
syn_aggregate_00107,20,1.0,1,2,1,1,1,1,1,0,0,1,1,1,0,1,1,1,1,1,0,1,1,1,1,1,0,0,0,0,0,1,1,1,0,1,1,0,1,1,1,1,0,0,1,0,0,0,0,0,0,1,2,1,1,1,2,1,1,0,1,0,2,2,0,2,0,0,2,0,0
syn_aggregate_00108,18,1.0,2,2,2,1,1,1,1,0,0,0,0,0,0,0,1,0,0,0,0,1,2,1,2,1,1,1,1,2,2,2,2,2,2,2,2,2,2,1,1,2,0,0,0,0,0,0,0,0,0,0,2,0,0,0,0,0,0,0,0,0,1,1,0,1,0,0,1,0,0
syn_aggregate_00109,19,2.0,1,1,1,1,1,1,0,0,0,0,0,0,0,0,0,0,0,0,3,1,2,1,1,1,2,1,1,0,1,0,1,2,1,1,1,1,1,1,0,1,1,0,1,1,0,0,1,0,1,0,0,0,0,0,0,0,0,0,0,0,0,0,0,0,0,0,0,4,0
syn_aggregate_00110,27,2.0,2,2,1,2,1,2,1,0,0,0,0,0,0,0,0,0,0,0,0,0,1,0,1,0,1,0,0,0,0,2,2,3,2,2,1,2,2,2,2,0,0,0,0,0,1,2,1,0,0,0,0,0,0,0,0,0,2,0,0,0,2,1,0,1,0,0,2,0,0
syn_aggregate_00111,19,2.0,3,2,2,3,1,1,1,1,0,0,1,0,0,0,0,0,0,0,0,2,3,2,2,2,2,2,2,2,1,0,1,1,1,2,1,1,1,1,0,0,0,0,0,0,0,0,0,0,1,0,0,0,0,0,0,0,0,3,0,0,2,2,0,1,0,0,2,1,0
syn_aggregate_00112,21,2.0,1,1,1,1,0,0,0,0,0,0,1,1,0,0,1,0,1,0,0,0,1,0,0,0,0,0,0,1,0,1,1,1,0,1,0,1,1,1,0,0,0,0,0,0,0,0,0,0,0,0,0,1,0,0,0,0,0,0,0,0,0,0,0,0,0,0,0,0,0
syn_aggregate_00113,45,2.0,0,1,0,1,0,0,0,0,0,0,0,0,0,0,0,0,0,2,2,0,1,0,0,0,0,0,0,0,0,0,1,1,0,1,0,1,0,1,0,0,0,0,0,0,0,0,0,3,0,0,1,0,0,0,0,1,0,0,0,0,1,0,0,1,0,0,1,0,0
syn_aggregate_00114,,1.0,0,0,0,0,0,0,0,0,0,0,0,0,0,0,0,0,0,0,1,0,0,0,0,0,0,0,0,0,2,0,0,0,0,0,1,0,0,0,0,0,0,0,0,0,1,0,0,0,0,0,0,0,0,0,0,0,0,0,2,0,0,0,0,0,0,0,0,0,0
syn_aggregate_00115,18,1.0,1,1,1,1,0,0,0,0,0,0,0,0,0,0,0,0,0,0,0,0,1,0,0,1,0,1,0,0,0,0,0,0,0,0,0,0,0,3,0,0,0,0,0,0,1,0,0,1,0,1,1,1,0,2,1,1,1,1,1,0,1,0,0,0,0,0,0,1,0
syn_aggregate_00116,20,2.0,0,0,1,1,1,0,1,0,0,0,0,0,0,0,0,0,0,0,0,0,0,0,0,0,0,0,0,0,0,0,0,0,0,0,0,0,0,0,0,0,0,0,0,0,0,0,0,0,0,0,0,0,0,0,0,0,0,0,0,0,1,1,0,1,0,0,1,0,0
syn_aggregate_00117,35,1.0,2,2,1,2,1,0,1,0,0,0,1,0,0,1,0,0,0,0,0,1,1,1,1,1,2,1,1,1,2,1,2,1,1,1,1,1,1,1,1,2,2,2,2,2,1,0,1,1,1,1,2,2,1,1,2,2,1,1,1,0,2,2,1,2,1,0,2,2,2
syn_aggregate_00118,19,2.0,1,2,1,1,0,0,0,0,0,0,0,0,0,0,0,1,0,0,0,1,2,1,1,1,2,0,1,1,0,2,2,3,2,2,2,2,2,1,2,1,1,0,1,0,0,0,0,1,0,1,2,1,1,1,1,2,0,0,0,0,2,1,0,2,0,0,1,1,0
syn_aggregate_00119,18,2.0,1,1,1,1,1,0,0,0,0,0,0,4,0,0,0,0,0,0,0,0,0,0,0,0,0,0,0,0,0,1,2,2,1,1,1,1,2,1,1,1,0,0,1,0,0,0,0,0,0,1,1,1,1,0,1,1,1,1,0,0,2,2,0,2,1,1,1,1,2
syn_aggregate_00120,19,2.0,1,1,1,1,1,1,1,0,0,0,0,0,0,0,0,0,1,2,0,0,0,0,0,0,0,0,0,0,0,0,1,0,0,1,0,0,0,0,0,0,0,0,0,0,0,0,0,0,2,0,0,0,0,0,1,1,0,0,0,0,0,0,0,0,0,0,0,0,1
syn_aggregate_00121,19,1.0,2,2,1,2,0,1,0,0,0,0,0,0,0,0,0,0,0,0,0,0,0,0,0,0,0,0,0,0,0,0,0,0,0,0,0,0,0,0,0,0,0,0,0,0,0,0,0,0,0,0,0,0,0,0,0,0,0,0,1,0,0,1,0,0,0,0,0,0,0
syn_aggregate_00122,21,2.0,2,2,1,1,1,0,1,0,0,0,0,0,0,0,0,0,0,0,0,0,0,0,0,0,0,0,0,2,0,0,1,0,0,0,0,0,0,1,0,0,0,0,0,0,0,0,0,0,0,0,0,0,0,0,0,0,0,0,0,0,1,1,0,1,0,0,1,1,0
syn_aggregate_00123,20,2.0,2,2,1,1,0,0,0,0,1,0,0,0,0,0,0,0,0,0,0,1,1,1,1,1,2,2,1,1,1,0,0,0,0,0,0,0,0,0,4,1,1,1,1,0,0,1,1,0,1,0,0,0,0,0,0,0,0,0,0,0,1,1,0,1,0,0,0,0,0
syn_aggregate_00124,51,2.0,2,1,1,2,1,1,0,0,0,0,1,0,0,0,0,0,1,0,0,3,4,3,4,3,3,3,3,3,3,2,3,2,2,2,2,2,1,1,2,4,4,4,4,4,3,3,3,4,3,3,3,3,2,2,3,3,2,3,2,1,3,3,1,3,2,2,3,2,3
syn_aggregate_00125,21,2.0,0,0,0,0,0,0,0,0,0,0,1,0,0,0,0,0,0,0,0,0,0,0,0,0,0,0,0,0,0,0,0,0,0,0,0,0,0,0,0,0,0,0,0,0,0,0,0,0,0,0,0,0,0,0,0,0,0,0,0,0,0,0,0,0,0,0,0,0,0
syn_aggregate_00126,18,1.0,1,1,1,1,1,0,0,0,0,0,0,0,0,0,0,0,0,0,0,0,1,0,0,0,0,0,0,0,1,0,0,0,0,0,0,0,0,0,0,0,0,0,0,0,0,0,0,0,0,0,0,0,0,0,0,0,0,1,0,0,0,0,0,3,0,0,0,0,0
syn_aggregate_00127,19,2.0,2,2,1,1,1,1,1,0,0,0,0,0,0,0,0,0,0,4,0,1,1,1,1,1,1,1,2,2,2,4,3,4,4,3,4,3,4,3,3,3,2,2,3,2,2,2,2,2,2,1,1,1,0,1,2,1,0,1,1,0,2,2,1,2,2,1,2,2,1
syn_aggregate_00128,19,2.0,1,2,1,1,0,0,0,0,0,0,1,0,0,0,0,0,0,0,0,1,1,0,1,0,1,0,0,0,0,0,1,0,0,0,0,0,0,0,2,0,0,0,0,0,0,0,0,0,0,0,0,0,0,0,0,0,0,1,0,0,0,0,0,0,0,0,0,1,1
syn_aggregate_00129,20,1.0,3,3,2,3,2,2,2,1,0,1,2,1,1,2,1,1,1,1,1,1,1,1,1,0,1,1,1,0,1,0,2,1,1,2,1,1,1,1,0,0,0,1,0,0,0,0,0,0,0,1,1,1,1,0,1,1,1,0,1,0,3,2,0,2,1,1,2,1,2
syn_aggregate_00130,25,2.0,1,2,1,1,0,1,1,0,0,1,1,2,1,1,1,0,0,0,0,2,2,1,1,1,1,1,1,1,2,3,4,4,3,3,3,3,3,3,1,0,1,0,0,0,0,0,0,0,0,1,1,1,0,1,1,1,0,1,1,0,2,1,0,1,0,0,1,1,0
syn_aggregate_00131,18,1.0,2,2,1,2,1,2,1,0,0,1,2,1,1,2,1,1,1,1,1,1,1,1,1,1,1,1,0,0,0,0,0,0,0,0,0,0,0,1,0,0,0,0,0,0,0,1,0,1,0,0,0,0,0,0,0,0,0,0,0,0,1,1,0,1,1,0,1,0,0
syn_aggregate_00132,22,1.0,2,2,1,2,1,0,1,0,0,0,0,0,1,0,0,0,0,0,0,2,2,1,2,2,1,1,1,1,1,1,2,2,1,1,0,1,2,1,0,2,2,2,2,2,2,1,2,2,2,1,1,1,1,0,1,0,1,1,1,0,1,1,0,1,0,0,1,0,0
syn_aggregate_00133,19,1.0,2,2,0,1,0,0,1,0,0,0,1,0,0,0,0,0,0,1,0,0,0,0,0,0,0,0,0,3,0,0,0,0,0,0,0,1,1,1,0,0,0,0,0,0,0,0,0,1,0,0,0,0,0,0,0,0,0,0,4,0,1,1,0,2,0,1,1,1,0
syn_aggregate_00134,22,1.0,0,0,1,0,0,0,0,0,0,0,1,1,0,0,0,0,0,0,0,1,1,0,1,1,1,0,0,1,0,0,0,0,0,1,0,0,0,1,0,1,0,0,1,0,1,1,0,0,0,0,0,0,0,0,1,0,0,0,0,0,0,0,0,0,0,0,0,0,3
syn_aggregate_00135,28,1.0,2,2,1,2,1,2,1,1,1,0,1,0,0,1,0,0,1,0,0,1,1,1,1,1,1,1,1,0,0,0,1,1,0,1,0,1,1,0,1,0,0,0,0,0,0,0,0,0,1,0,0,0,0,0,2,0,0,0,0,0,2,1,0,1,0,0,1,1,0
syn_aggregate_00136,51,2.0,3,3,2,2,2,1,1,0,0,0,0,1,0,0,0,0,0,0,3,1,1,0,1,0,1,0,0,0,0,1,1,2,1,1,2,1,2,1,1,1,1,1,1,1,1,1,1,1,1,0,0,0,0,0,0,0,0,0,0,0,1,1,0,1,0,0,0,0,0
syn_aggregate_00137,19,1.0,1,1,1,1,1,0,1,0,0,1,1,1,0,1,1,0,1,1,0,1,1,1,1,1,1,1,0,0,0,0,2,1,1,2,0,1,2,1,1,1,0,1,1,0,0,0,0,0,0,0,0,0,0,0,4,0,0,0,0,0,2,2,0,2,1,1,1,1,0
syn_aggregate_00138,20,1.0,2,2,1,1,1,1,1,0,0,0,0,0,0,0,0,0,0,0,1,0,0,0,0,0,0,0,0,0,0,1,1,1,1,1,1,1,1,1,2,0,1,0,0,0,0,0,0,0,1,0,0,0,0,0,0,0,0,0,2,0,2,1,0,2,1,1,1,1,1
syn_aggregate_00139,32,1.0,2,3,2,2,1,1,1,0,0,0,0,0,0,0,0,0,0,0,2,1,2,0,2,1,2,1,1,2,1,0,0,0,0,0,0,0,0,0,0,0,0,0,0,0,0,0,0,1,1,0,0,0,0,0,0,0,0,0,2,1,4,4,2,3,1,1,3,2,2
syn_aggregate_00140,19,2.0,1,2,1,2,1,0,1,0,1,0,0,2,0,0,0,0,0,0,0,1,1,1,1,0,1,0,1,1,1,0,2,1,1,1,1,1,2,1,0,0,0,0,0,0,0,0,0,0,0,0,0,0,0,0,0,0,0,0,2,0,1,1,0,1,0,0,1,0,0
syn_aggregate_00141,20,2.0,1,0,0,0,0,0,0,0,0,0,0,0,0,0,0,0,0,0,0,1,1,0,0,1,0,0,0,0,0,0,1,0,0,0,0,0,0,0,0,0,0,0,0,0,0,0,0,0,0,0,0,0,0,0,0,0,0,1,0,0,0,0,0,1,0,0,0,0,0
syn_aggregate_00142,20,2.0,0,2,0,0,0,0,0,0,0,0,0,0,0,0,0,0,0,0,1,2,1,1,2,1,1,1,1,1,0,0,2,2,1,1,1,1,1,2,0,1,0,0,0,0,0,0,0,0,0,0,0,0,0,0,0,3,0,0,0,0,1,1,0,1,0,0,1,1,0
syn_aggregate_00143,22,1.0,1,1,1,1,0,0,0,0,2,2,3,3,2,2,2,1,2,2,1,0,0,0,0,0,0,0,0,0,3,0,0,0,0,0,0,0,0,0,4,0,0,0,1,0,0,0,0,0,0,0,0,1,0,0,0,0,0,0,0,0,1,1,0,1,0,0,1,1,0
syn_aggregate_00144,36,2.0,3,3,2,3,2,2,1,1,0,0,1,0,0,0,0,0,0,0,0,1,1,0,1,0,1,0,1,0,0,1,2,1,1,1,1,1,1,1,1,0,0,0,0,0,0,0,0,0,1,0,0,0,0,0,0,0,0,0,3,0,0,0,0,1,0,0,0,0,0
syn_aggregate_00145,18,2.0,1,1,0,1,1,0,1,0,1,0,1,0,0,0,0,0,0,0,0,2,2,1,2,2,1,0,1,1,2,0,2,1,1,1,0,1,1,0,0,1,0,0,0,1,0,0,0,0,0,1,1,1,1,1,0,0,0,1,0,1,2,1,1,2,1,1,1,1,0
syn_aggregate_00146,19,1.0,1,1,1,1,1,0,0,0,0,2,3,2,2,1,1,1,1,1,2,2,1,1,1,1,1,1,1,1,1,0,1,1,0,1,0,1,1,1,0,1,0,0,0,0,0,0,1,0,1,0,0,0,1,0,0,0,1,1,1,0,1,1,1,1,1,1,1,1,2
syn_aggregate_00147,20,1.0,2,2,1,1,1,1,1,0,0,1,2,2,1,1,1,1,1,1,2,2,2,1,1,1,2,1,1,1,1,3,4,3,4,3,3,3,3,3,3,1,1,0,1,0,0,0,0,0,0,1,1,1,1,1,1,1,1,1,1,0,2,2,1,2,1,1,1,1,2
syn_aggregate_00148,33,2.0,0,1,0,1,0,0,0,0,0,0,0,0,0,0,1,0,0,0,0,0,0,0,0,0,0,0,0,1,0,0,2,1,0,0,0,0,1,0,0,0,0,0,0,0,0,0,0,0,0,0,0,0,0,0,0,0,0,0,0,0,1,1,0,1,1,0,1,1,0
syn_aggregate_00149,19,2.0,2,2,1,1,0,0,0,0,0,1,2,1,0,2,1,0,1,1,0,0,0,0,0,0,0,0,0,0,4,0,1,0,0,1,0,0,0,0,0,0,0,0,0,0,1,0,0,1,0,1,1,1,1,1,1,1,1,0,0,0,1,1,0,1,0,0,1,0,0
syn_aggregate_00150,22,2.0,0,2,0,0,0,0,0,0,0,0,0,0,0,0,0,0,0,0,3,0,0,0,0,1,0,0,0,0,0,0,1,0,0,0,0,1,0,0,1,1,0,0,1,0,0,0,0,0,1,1,2,1,1,1,2,1,1,1,1,0,1,0,0,1,0,0,0,0,0
syn_aggregate_00151,38,1.0,1,1,1,2,0,0,0,0,0,0,1,0,0,0,0,0,0,0,0,1,1,1,1,0,1,1,0,0,1,0,0,0,1,0,0,0,1,0,0,0,0,0,0,0,0,0,0,0,2,0,0,0,0,0,0,0,0,0,3,0,0,1,0,0,0,0,1,0,0
syn_aggregate_00152,20,1.0,1,1,1,1,1,1,0,0,0,0,0,1,0,0,0,0,0,0,0,2,2,1,2,1,2,1,2,1,2,1,1,1,1,0,1,1,1,0,0,1,2,1,1,1,1,1,1,1,1,0,0,0,0,0,0,0,0,0,3,1,3,2,0,2,1,1,2,2,3
syn_aggregate_00153,22,1.0,2,1,0,2,0,1,2,0,0,0,0,0,0,0,0,4,0,0,0,0,0,0,0,0,0,0,0,0,2,1,1,1,1,1,0,0,0,0,0,0,1,0,1,0,0,0,0,0,1,0,1,0,0,1,0,0,0,0,0,0,2,1,0,1,0,0,1,1,1
syn_aggregate_00154,21,1.0,1,0,1,0,0,0,0,0,0,0,1,0,0,0,0,0,0,0,0,0,1,0,0,0,1,0,0,0,0,0,0,0,0,0,0,0,0,4,0,1,0,0,1,0,0,0,0,0,0,0,0,0,1,0,0,0,0,0,0,0,0,0,0,0,0,0,0,2,0
syn_aggregate_00155,18,2.0,2,2,1,1,1,1,0,0,0,0,1,0,0,0,0,0,1,0,0,1,2,1,2,1,2,1,0,1,0,0,0,0,0,0,1,0,0,0,0,0,0,0,0,0,0,0,0,1,2,1,2,1,1,1,1,2,1,1,1,0,1,2,0,1,0,0,1,1,0
syn_aggregate_00156,19,1.0,1,1,1,1,0,1,0,1,1,0,0,0,0,0,0,0,0,0,1,0,0,0,0,0,0,0,0,0,0,0,0,0,0,0,0,0,0,0,0,0,0,0,0,0,0,0,0,0,0,0,0,0,0,0,0,0,0,0,0,0,1,1,0,1,0,0,1,1,0
syn_aggregate_00157,18,2.0,1,1,0,1,0,0,0,0,0,0,0,0,0,0,1,0,0,0,0,0,0,0,0,0,0,0,0,2,0,2,2,2,1,2,1,1,1,1,1,0,0,0,1,1,0,0,1,0,0,2,2,2,1,1,2,1,1,1,3,1,2,2,1,2,1,0,1,1,2
syn_aggregate_00158,18,2.0,2,2,1,1,1,0,0,0,1,1,1,1,0,0,0,0,0,0,0,0,0,0,0,0,0,0,0,0,0,0,0,0,0,0,1,0,0,0,0,0,0,0,1,0,0,0,0,0,0,0,1,0,0,0,0,0,0,1,0,1,1,1,0,1,1,1,0,1,0
syn_aggregate_00159,21,1.0,2,2,1,1,0,0,0,0,0,0,0,0,0,0,0,4,0,0,0,2,2,3,3,1,2,1,2,3,2,2,3,3,2,2,2,2,3,2,3,0,0,0,0,0,0,0,0,4,0,3,3,3,3,3,3,3,2,2,3,3,3,3,2,3,2,2,3,2,3
syn_aggregate_00160,19,1.0,1,1,1,1,1,0,0,0,0,0,0,0,0,0,0,0,0,0,0,1,1,1,1,1,1,1,0,0,0,0,1,0,0,0,0,0,1,0,0,0,0,0,0,0,0,0,0,0,3,0,0,0,0,0,1,0,0,0,2,0,1,1,0,1,0,0,1,0,0
syn_aggregate_00161,21,2.0,2,1,1,1,1,0,0,0,0,1,2,1,1,2,1,1,1,1,1,2,2,2,2,1,2,2,1,1,1,1,1,1,1,1,1,0,1,0,0,2,1,1,2,1,1,1,1,1,1,1,1,0,1,1,1,1,0,1,1,0,1,1,0,1,1,0,1,1,1
syn_aggregate_00162,18,2.0,1,1,1,1,1,1,1,0,0,0,0,0,0,0,0,0,0,0,2,0,1,1,0,1,1,0,1,1,2,0,1,1,1,1,0,0,1,0,0,0,0,0,1,0,0,0,0,1,0,0,0,0,0,0,2,0,0,0,0,0,1,1,0,1,0,0,1,0,0
syn_aggregate_00163,34,2.0,2,2,1,2,0,0,1,0,0,3,3,3,2,3,3,2,2,3,3,1,1,1,1,1,1,1,1,1,1,1,1,1,1,1,2,1,1,1,1,0,0,0,0,0,1,0,1,0,0,0,0,0,0,0,0,0,0,0,0,0,2,2,0,2,1,1,1,1,1
syn_aggregate_00164,19,2.0,2,2,1,1,1,1,0,0,0,0,1,0,0,0,1,0,0,0,0,1,1,0,1,0,0,0,0,0,0,0,0,0,0,0,0,0,0,0,0,0,0,0,0,0,0,0,0,3,0,1,1,1,0,0,0,0,0,0,0,0,1,0,0,0,0,0,0,0,0
syn_aggregate_00165,21,2.0,2,2,1,1,1,0,0,0,0,1,1,1,0,1,1,0,1,0,0,1,1,0,1,0,1,0,0,1,1,0,1,1,0,0,0,0,0,0,0,0,0,0,0,0,0,0,0,0,0,0,0,0,0,0,0,0,0,0,3,0,3,3,0,3,1,1,2,2,1
syn_aggregate_00166,20,2.0,2,3,2,2,0,1,0,0,0,0,1,0,0,0,0,0,0,0,0,1,1,1,1,0,1,1,0,1,1,0,0,0,0,0,1,1,0,0,0,0,0,0,0,0,0,0,0,0,0,1,1,1,0,0,1,0,0,0,0,0,1,1,0,0,0,0,0,0,0
syn_aggregate_00167,36,1.0,2,2,1,1,0,0,0,0,0,0,0,0,0,0,0,0,0,1,2,0,0,0,0,0,0,0,0,0,3,0,0,0,1,1,0,0,0,0,0,0,0,0,0,0,0,0,0,1,1,0,0,0,0,0,0,0,0,0,0,0,0,0,0,0,0,0,2,0,0
syn_aggregate_00168,21,2.0,1,2,1,1,1,1,1,0,0,2,3,2,2,2,3,2,2,2,2,4,3,3,4,3,4,4,2,3,2,1,2,2,1,1,1,2,1,1,0,3,3,3,3,2,2,2,2,1,0,1,2,1,1,1,2,1,1,1,1,0,3,2,0,2,2,1,2,2,3
syn_aggregate_00169,20,2.0,1,1,0,0,0,0,0,0,0,0,0,0,0,0,0,0,0,0,0,0,1,0,0,0,1,0,0,0,0,0,0,0,0,0,1,0,1,0,0,0,0,0,0,0,0,0,0,1,0,0,0,0,0,0,0,0,0,0,3,0,0,0,0,0,0,0,0,0,2
syn_aggregate_00170,22,1.0,1,2,1,2,0,0,0,0,0,0,0,0,0,0,0,0,0,0,0,0,0,0,0,0,0,0,0,0,0,0,0,0,0,0,0,0,0,0,1,0,0,0,0,1,0,0,0,0,0,1,1,0,0,0,0,0,0,2,0,0,2,2,0,2,0,0,1,0,0
syn_aggregate_00171,21,2.0,1,2,1,0,0,0,0,0,0,1,1,2,1,1,1,1,1,1,0,3,2,2,3,2,3,2,2,2,3,0,1,1,1,1,0,1,1,1,1,0,0,0,0,0,0,0,0,0,4,1,2,1,1,1,1,1,0,1,2,1,2,2,1,2,1,1,2,1,2
syn_aggregate_00172,28,2.0,2,2,2,2,1,1,0,0,0,0,0,0,0,0,0,3,0,0,0,1,2,1,1,1,1,1,1,1,1,0,2,1,0,1,1,0,1,1,0,2,1,1,2,1,1,1,0,0,0,1,2,1,1,1,2,1,1,1,1,0,2,1,0,2,0,1,1,1,0
syn_aggregate_00173,18,2.0,1,1,1,1,0,0,0,0,0,1,2,1,1,1,1,1,1,1,0,1,1,1,0,0,0,0,0,0,0,0,0,0,0,0,0,0,0,0,3,0,0,0,0,0,0,0,1,1,0,0,0,0,0,0,0,0,0,0,2,0,0,0,0,1,0,0,0,0,0
syn_aggregate_00174,32,2.0,0,0,1,1,1,0,1,0,0,1,1,1,0,1,1,0,0,1,0,0,0,0,0,0,0,0,0,0,4,0,0,0,0,0,0,0,0,0,0,0,0,0,1,0,0,0,0,0,0,0,0,0,0,0,0,0,0,0,0,0,0,0,0,0,0,0,0,4,0
syn_aggregate_00175,31,1.0,3,3,3,3,2,3,1,1,1,1,2,2,1,2,2,1,2,1,3,1,2,1,1,1,1,1,1,2,2,2,3,2,2,2,3,2,2,2,2,1,1,1,2,0,0,0,0,0,0,1,1,1,1,1,1,1,1,2,0,1,3,2,2,2,2,1,2,2,3
syn_aggregate_00176,36,2.0,2,3,2,3,1,1,0,0,0,1,1,1,0,1,1,0,1,1,0,0,0,0,0,0,0,0,1,1,0,2,3,2,2,3,2,2,2,2,3,2,1,1,1,1,1,0,1,1,1,2,1,1,1,1,2,2,1,1,2,0,2,2,0,2,1,0,1,1,0
syn_aggregate_00177,20,1.0,2,2,1,2,1,1,1,0,0,1,1,1,0,1,0,0,1,0,0,2,3,2,2,2,3,2,2,2,2,1,2,1,1,1,1,1,1,1,0,0,0,0,0,1,0,0,0,0,0,0,0,0,0,0,0,0,0,0,3,0,0,0,0,0,0,0,0,0,1
syn_aggregate_00178,22,1.0,1,1,1,1,1,0,0,0,0,1,1,1,1,0,1,0,1,1,0,0,0,0,0,0,0,0,0,0,4,0,1,1,0,1,0,1,1,0,0,0,0,0,1,0,1,0,0,1,0,0,0,0,0,0,1,1,0,0,0,0,0,1,0,0,2,0,0,0,0
syn_aggregate_00179,21,2.0,1,1,1,1,1,0,0,0,0,0,0,1,0,0,0,0,0,0,3,1,1,1,1,0,2,2,1,0,2,0,1,1,0,1,1,1,1,1,0,1,1,1,1,1,1,0,0,1,1,0,0,0,0,0,0,0,0,0,1,0,1,1,0,1,0,0,0,1,0
syn_aggregate_00180,21,1.0,0,1,0,0,0,0,0,0,0,0,0,2,0,0,0,0,0,0,0,0,0,0,0,0,0,0,0,1,0,0,0,0,0,0,0,0,0,1,0,1,0,0,0,0,0,0,0,0,0,0,0,0,0,0,1,0,0,0,0,0,0,0,0,0,0,0,0,0,3
syn_aggregate_00181,18,1.0,1,2,1,2,1,1,0,0,0,0,0,0,0,0,1,0,0,0,1,1,1,0,0,0,0,0,0,0,0,1,2,1,1,1,1,2,2,1,0,0,0,0,0,1,0,0,0,1,0,0,0,0,0,0,0,0,0,0,2,0,1,0,0,0,0,0,0,0,0
syn_aggregate_00182,22,1.0,2,2,1,2,0,1,0,0,0,0,0,0,0,0,0,0,0,0,0,0,0,0,0,0,0,0,0,0,0,0,0,0,0,0,0,0,0,0,0,0,0,0,0,0,0,0,0,0,0,0,1,0,0,0,0,0,0,0,0,0,1,1,0,1,1,0,1,0,1
syn_aggregate_00183,19,1.0,3,3,2,2,1,1,0,0,0,0,0,0,0,0,0,0,0,1,0,1,1,0,1,1,1,1,0,0,0,0,2,1,0,1,1,1,0,0,0,0,0,0,0,0,0,0,0,3,0,1,2,1,1,1,2,1,1,1,1,1,3,2,1,3,2,1,2,2,2
syn_aggregate_00184,20,2.0,1,1,0,0,0,0,0,0,0,0,0,1,0,0,0,0,0,0,0,0,0,0,0,0,0,0,0,2,0,0,0,0,0,0,0,0,0,1,0,0,0,0,0,0,1,0,0,0,0,0,0,0,0,0,0,0,0,2,0,0,1,1,0,0,0,0,0,0,0
syn_aggregate_00185,19,2.0,2,2,1,1,1,0,1,0,1,1,1,1,1,1,1,1,1,1,1,1,2,1,2,1,1,1,1,1,1,2,3,3,2,3,2,2,2,2,1,2,1,1,1,2,1,1,1,1,1,2,2,1,1,2,1,1,1,2,1,0,2,1,0,2,0,0,1,1,0
syn_aggregate_00186,19,2.0,2,3,2,1,1,1,1,0,0,0,0,0,0,0,0,0,0,2,0,2,2,2,2,2,1,2,1,2,2,0,1,0,0,1,0,1,0,0,0,0,0,0,0,0,0,0,0,0,2,0,0,0,0,0,0,0,0,0,0,0,2,1,1,2,1,1,1,1,1
syn_aggregate_00187,49,1.0,1,2,1,1,1,0,1,0,1,0,0,0,0,0,0,0,0,0,1,0,0,0,0,0,0,0,0,0,1,1,1,0,0,0,0,0,0,1,0,0,0,0,2,0,0,0,0,0,0,0,0,0,0,0,0,0,0,0,0,0,0,0,1,0,0,0,0,0,0
syn_aggregate_00188,41,2.0,2,3,2,2,2,2,1,0,0,0,0,0,0,0,0,0,0,0,2,2,2,1,2,1,2,1,1,1,2,2,3,3,3,3,3,2,3,2,2,2,2,1,2,1,1,0,0,1,1,1,1,1,1,1,1,0,0,0,0,1,3,3,2,3,2,3,3,2,1
syn_aggregate_00189,36,1.0,2,2,1,2,1,0,1,0,0,0,0,0,0,0,0,0,0,0,1,2,2,2,3,2,2,1,1,2,2,2,2,2,1,2,1,1,2,1,4,1,0,0,0,0,0,0,0,0,0,0,0,0,0,0,0,0,0,0,4,0,2,2,1,1,1,0,1,0,0
syn_aggregate_00190,22,2.0,1,1,0,0,0,0,0,0,0,0,0,0,0,0,0,0,0,2,0,1,1,1,1,1,1,1,2,1,0,1,1,1,0,1,1,1,1,0,1,0,0,0,0,0,0,0,0,0,2,0,0,0,0,0,0,0,0,0,3,0,0,0,0,0,0,0,0,0,4
syn_aggregate_00191,22,2.0,0,0,0,0,0,0,0,0,0,0,0,0,0,0,0,0,0,0,0,0,0,0,0,0,0,0,1,0,0,0,1,0,0,0,0,0,0,0,0,0,0,0,0,0,0,0,0,0,0,0,0,0,0,0,0,0,0,0,1,0,1,1,0,1,0,0,1,1,0
syn_aggregate_00192,19,2.0,1,2,1,1,0,1,0,0,0,0,0,0,1,0,0,0,0,0,1,1,1,0,1,1,1,1,1,1,0,1,2,2,1,1,1,1,1,1,1,1,1,0,1,0,1,0,0,1,0,1,2,1,1,0,1,1,2,1,2,0,1,1,0,1,0,0,1,1,0
syn_aggregate_00193,36,1.0,1,1,0,1,1,0,0,0,0,0,0,0,0,0,0,0,0,0,0,1,1,0,1,1,0,0,0,0,0,1,2,1,1,1,1,1,1,1,1,0,0,0,0,0,0,0,1,0,0,0,0,0,0,0,0,0,0,0,0,0,0,0,0,0,0,0,0,0,1
syn_aggregate_00194,29,2.0,2,2,1,2,1,1,1,1,0,0,1,0,0,0,0,0,0,0,0,1,1,0,1,0,1,0,0,1,1,1,1,1,1,1,1,1,1,1,1,0,0,0,0,0,0,0,0,0,4,1,1,1,2,1,1,1,1,1,1,0,2,1,0,1,1,0,1,1,2
syn_aggregate_00195,19,2.0,1,1,1,1,0,1,0,0,0,0,0,0,0,0,0,0,0,0,0,1,1,1,1,0,1,0,0,0,0,0,1,1,0,1,0,1,1,1,1,1,0,0,0,0,0,0,0,0,0,0,0,0,0,0,0,0,0,0,0,0,1,1,0,1,0,0,1,0,0
syn_aggregate_00196,21,1.0,1,2,1,1,0,1,1,0,0,0,0,0,0,0,0,0,0,0,0,1,2,1,1,1,1,1,1,1,1,1,2,2,1,1,1,1,2,1,0,0,0,0,0,0,0,0,0,0,1,0,0,0,0,1,0,0,1,0,0,0,2,1,0,2,0,0,1,0,0
syn_aggregate_00197,22,2.0,0,0,0,0,0,0,0,0,0,0,0,0,0,0,0,0,0,0,0,0,0,0,0,0,0,0,0,0,0,0,1,0,0,0,0,0,0,0,0,0,0,0,0,0,0,0,0,0,3,0,0,0,0,0,0,0,0,0,0,0,0,0,0,0,0,0,0,1,0
syn_aggregate_00198,20,1.0,2,2,2,2,1,2,2,0,0,1,2,1,0,1,1,1,1,1,3,3,3,2,3,2,4,2,1,2,2,1,2,2,1,2,2,2,2,1,2,2,2,1,2,1,1,1,0,1,0,2,2,1,2,1,1,2,1,1,1,1,3,3,1,2,1,1,2,2,3
syn_aggregate_00199,22,1.0,3,3,2,2,1,2,1,0,1,2,3,3,2,3,2,2,2,2,2,1,1,0,1,1,1,0,1,1,0,2,3,2,2,3,2,2,3,1,0,2,1,1,1,1,0,0,0,0,0,0,0,0,0,0,1,1,0,0,0,0,2,2,0,2,1,1,1,0,0
syn_aggregate_00200,47,2.0,3,3,2,3,2,2,2,2,0,3,3,3,2,2,2,2,2,2,1,1,1,0,1,0,1,0,0,0,0,4,4,4,3,4,4,4,4,3,4,1,1,0,1,0,0,0,0,0,0,1,1,1,1,1,2,1,1,1,1,1,3,3,1,3,2,2,2,2,2
syn_aggregate_00201,27,1.0,2,2,1,1,1,1,1,0,0,1,1,0,1,1,0,0,0,0,0,1,1,0,1,1,1,0,1,1,1,1,2,1,1,2,1,1,1,1,0,1,1,0,1,1,0,0,0,1,0,2,2,1,2,1,2,1,1,1,2,1,0,0,0,0,0,0,2,2,3
syn_aggregate_00202,49,2.0,1,1,1,1,0,0,0,0,0,0,1,0,0,0,0,0,0,0,0,0,0,0,0,0,0,0,0,1,0,0,0,0,0,0,0,0,0,0,2,0,0,0,0,0,0,0,1,0,0,0,0,0,0,0,0,0,0,1,0,0,2,1,0,1,0,0,1,1,0
syn_aggregate_00203,19,1.0,2,3,2,2,1,1,0,0,0,0,1,0,0,1,0,0,1,0,0,2,2,1,2,1,2,1,1,1,1,2,3,3,2,2,2,2,2,2,2,1,1,1,1,1,1,1,1,1,2,1,1,1,1,1,1,0,1,0,1,1,2,2,1,2,1,1,2,2,3
syn_aggregate_00204,22,2.0,2,2,1,2,1,1,1,0,0,0,0,1,0,0,0,0,0,1,0,0,0,0,0,0,0,0,0,0,4,0,2,1,1,1,0,1,1,1,2,0,0,0,0,0,2,0,0,0,0,0,0,0,0,0,0,0,0,0,2,0,1,0,0,0,0,0,0,0,0
syn_aggregate_00205,46,1.0,1,0,0,0,0,0,0,0,0,0,0,0,0,0,0,0,0,0,2,0,0,0,0,0,0,0,0,3,0,1,1,1,0,0,0,0,1,1,0,1,0,0,1,0,0,0,0,0,0,1,2,1,1,1,2,1,1,1,1,0,1,1,0,0,0,0,1,0,0
syn_aggregate_00206,43,1.0,1,1,1,1,0,0,0,0,0,0,0,0,0,0,0,0,0,0,1,0,0,0,0,0,0,0,0,0,2,0,0,0,0,0,0,0,0,0,0,0,0,0,1,0,0,0,0,0,0,0,1,0,0,0,0,0,0,0,0,0,0,0,0,0,0,0,0,0,0
syn_aggregate_00207,18,1.0,2,2,1,1,1,1,1,0,0,1,1,1,0,1,1,1,0,1,0,0,0,0,1,0,0,0,0,0,0,3,3,3,3,3,2,3,3,2,2,1,0,0,1,0,0,0,0,0,0,2,2,2,2,2,2,2,2,2,2,2,4,3,3,3,3,2,3,3,3
syn_aggregate_00208,19,1.0,1,1,1,2,0,1,0,0,0,0,0,0,0,0,0,0,0,0,1,0,0,0,0,0,0,0,0,0,0,0,0,0,0,0,0,0,0,0,0,1,2,1,1,1,1,0,1,1,1,0,0,0,0,0,0,0,2,0,0,0,1,1,0,1,0,0,0,0,0
syn_aggregate_00209,22,2.0,0,1,0,1,0,0,0,0,0,1,2,1,1,2,1,0,1,1,1,0,0,0,0,0,0,1,0,0,0,1,1,1,1,1,0,1,1,0,0,0,0,0,0,0,0,0,0,0,0,0,0,0,0,0,0,1,0,0,0,0,2,2,0,2,0,0,1,0,1
syn_aggregate_00210,18,2.0,0,0,0,0,0,0,0,0,0,0,0,0,0,1,0,0,0,1,0,0,0,0,0,0,0,0,0,1,3,0,0,0,0,0,0,0,0,0,2,1,0,0,1,0,0,0,0,0,0,0,1,0,0,0,1,0,0,0,0,0,1,0,0,0,0,0,0,0,0
syn_aggregate_00211,19,1.0,1,0,0,0,0,0,0,0,0,0,0,0,0,0,0,0,0,0,0,0,0,0,0,0,0,0,0,0,0,0,0,0,0,0,0,0,0,0,0,0,0,0,0,0,0,0,0,0,0,0,0,0,0,0,0,0,0,0,0,0,0,0,0,0,0,0,0,0,0
syn_aggregate_00212,20,2.0,2,2,1,2,1,0,0,0,0,0,0,0,0,0,0,0,0,4,0,1,2,1,2,1,1,1,1,1,1,2,2,2,1,1,2,2,2,1,1,0,0,0,0,0,0,0,0,0,2,0,0,0,1,0,0,0,0,1,0,0,1,1,0,1,1,1,1,1,0
syn_aggregate_00213,22,2.0,2,2,1,2,0,1,0,0,0,2,2,2,2,2,2,1,2,2,1,0,0,0,0,0,0,0,0,3,0,0,1,1,1,1,0,1,1,0,0,3,2,2,3,2,1,2,2,2,2,0,0,0,0,0,0,0,0,0,2,0,1,1,0,1,0,0,1,0,0
syn_aggregate_00214,21,1.0,1,1,0,0,0,0,0,0,0,0,0,0,0,0,0,0,0,0,2,1,1,1,1,1,1,1,1,1,1,0,1,1,1,1,0,1,1,0,0,1,1,0,0,0,0,0,0,0,0,0,0,0,0,0,0,0,0,2,0,0,1,1,0,1,0,0,1,0,0
syn_aggregate_00215,19,2.0,2,2,0,1,1,1,1,0,1,0,0,0,0,0,0,0,0,0,0,1,1,1,2,1,1,1,1,1,1,1,2,1,1,1,1,2,1,1,0,1,0,0,0,1,0,0,0,1,0,0,0,0,0,0,0,0,0,0,4,0,2,2,0,2,1,1,2,1,1
syn_aggregate_00216,20,2.0,0,0,0,0,0,0,0,0,0,0,0,1,0,0,0,0,0,0,0,1,1,0,0,0,1,0,0,0,0,1,2,1,1,2,1,2,1,1,1,2,2,2,2,1,2,1,2,1,1,0,1,0,0,0,0,0,0,0,0,0,0,0,0,0,0,0,0,0,0
syn_aggregate_00217,19,2.0,2,3,2,2,1,0,0,0,1,0,0,0,0,0,0,0,0,1,0,0,0,0,0,0,0,0,0,0,2,0,0,0,0,0,0,0,0,0,0,0,0,0,0,0,0,0,0,3,0,0,0,0,0,0,0,0,0,1,1,0,1,0,0,0,0,0,0,0,0
syn_aggregate_00218,19,2.0,1,2,1,2,1,1,1,0,0,1,2,1,0,1,1,1,2,1,0,1,1,1,1,1,1,1,1,1,1,0,0,0,0,0,0,0,0,1,0,2,2,1,2,1,1,1,1,1,2,0,0,0,0,0,0,0,0,0,4,0,1,1,0,1,0,0,1,1,0
syn_aggregate_00219,20,2.0,1,2,1,1,0,0,1,0,0,1,2,1,1,1,1,0,1,1,1,2,2,1,2,1,1,1,1,2,1,0,0,0,0,0,0,1,0,1,0,1,1,0,1,1,1,0,1,1,0,0,0,0,1,0,0,0,0,0,0,0,2,1,0,2,0,0,1,0,1
syn_aggregate_00220,21,2.0,1,1,1,1,1,0,0,0,0,0,1,0,0,0,0,0,0,0,0,1,1,0,1,0,1,1,0,1,0,0,1,0,0,0,0,0,0,0,0,1,1,0,1,1,0,0,1,1,1,0,0,0,0,0,0,0,0,0,0,0,1,0,0,0,0,0,0,0,0
syn_aggregate_00221,20,2.0,3,3,2,3,2,2,2,1,0,1,1,1,0,1,1,0,1,1,0,4,4,4,4,4,4,4,4,4,4,0,1,1,0,1,2,2,2,1,1,2,1,1,2,2,1,1,1,2,0,0,0,0,0,0,0,0,0,0,1,2,3,3,2,3,2,2,3,2,3
syn_aggregate_00222,21,2.0,1,1,0,1,0,0,1,0,0,0,0,0,0,0,0,0,0,0,4,0,0,0,0,0,0,0,0,0,3,0,1,1,0,0,0,0,0,0,0,0,0,0,0,0,0,0,0,0,4,0,1,0,0,0,0,0,0,0,0,0,0,1,0,0,0,0,0,0,0
syn_aggregate_00223,19,2.0,1,2,1,1,0,1,0,0,1,0,0,0,0,1,0,0,0,0,0,0,0,0,0,0,0,0,0,0,2,0,1,0,0,0,0,0,0,0,0,1,0,0,0,0,0,0,0,0,0,0,0,0,0,0,0,1,0,0,1,0,1,1,0,0,0,0,0,0,0
syn_aggregate_00224,19,1.0,3,3,2,2,1,0,0,0,0,0,1,1,0,1,0,0,1,1,0,0,0,0,4,0,0,0,0,0,0,1,1,1,0,0,0,1,0,0,0,1,0,0,1,0,0,0,0,0,0,0,0,0,0,0,0,0,0,0,2,0,2,1,0,1,1,0,1,0,0
syn_aggregate_00225,20,2.0,1,1,1,1,0,0,0,0,0,0,0,0,0,0,0,0,0,0,0,0,0,0,0,0,0,0,0,0,1,0,0,0,0,0,0,0,0,0,0,0,0,0,0,0,0,0,0,1,1,0,0,0,0,0,0,0,0,0,0,0,0,0,0,0,0,0,0,0,0
syn_aggregate_00226,19,2.0,1,1,1,1,1,0,0,0,0,1,1,0,0,0,0,0,0,0,0,2,2,2,1,1,1,1,1,1,2,0,1,1,1,1,1,1,1,1,0,0,0,0,0,1,0,0,0,0,0,0,0,0,0,0,0,0,0,0,0,0,2,1,0,1,0,0,1,0,0
syn_aggregate_00227,20,2.0,1,2,1,1,0,0,0,0,0,0,0,0,0,0,0,1,0,0,0,0,1,0,0,0,0,0,0,0,0,0,1,0,0,0,0,0,0,0,0,0,0,0,0,0,0,0,0,0,1,0,0,0,0,0,0,0,0,0,2,0,0,0,0,0,0,0,0,0,1
syn_aggregate_00228,18,2.0,1,1,1,0,0,0,0,0,0,0,1,1,0,1,0,0,1,1,0,0,0,0,0,0,1,0,0,0,0,0,0,0,0,0,0,0,0,0,0,0,0,0,0,0,0,0,0,0,3,0,0,0,0,1,0,0,0,0,1,0,2,2,0,2,1,1,1,1,0
syn_aggregate_00229,19,2.0,2,2,2,2,2,2,1,0,1,1,1,1,1,1,1,1,1,1,1,1,1,0,0,0,1,0,0,0,0,0,2,1,1,1,0,1,1,1,0,1,1,0,1,1,1,0,1,1,1,1,1,1,1,0,0,1,0,1,2,0,1,1,0,1,1,1,1,1,0
syn_aggregate_00230,18,2.0,1,2,1,2,1,1,1,0,0,0,0,0,0,0,1,0,0,0,1,0,0,0,0,0,0,0,0,2,0,1,1,2,1,1,1,1,2,1,1,0,0,0,2,0,0,0,0,0,0,1,1,1,0,1,1,1,1,1,1,0,1,0,0,0,0,0,0,0,0
syn_aggregate_00231,22,2.0,3,3,2,3,1,2,1,0,1,0,0,0,0,0,0,0,0,2,0,0,1,0,0,0,1,0,0,0,1,0,0,0,0,0,0,0,0,0,0,0,0,0,0,0,0,0,0,0,0,0,0,0,0,0,0,0,0,0,0,0,1,1,0,1,0,0,1,1,0
syn_aggregate_00232,32,1.0,0,0,0,0,0,0,0,0,0,0,0,0,0,0,0,0,0,0,0,0,0,0,0,0,0,0,0,0,0,0,0,0,0,0,0,0,0,0,0,0,0,0,0,0,0,0,0,0,0,0,0,0,0,0,0,0,1,0,0,0,0,0,0,1,0,0,0,0,0
syn_aggregate_00233,21,2.0,2,2,1,1,1,1,1,0,0,1,1,1,0,1,0,1,0,1,0,1,1,1,1,1,1,1,1,1,4,0,1,1,0,1,0,1,0,1,0,0,0,0,0,0,0,0,0,0,4,0,0,1,0,1,0,1,0,1,0,0,1,0,0,1,0,0,0,0,0
syn_aggregate_00234,20,1.0,1,1,1,0,0,0,0,0,0,0,0,0,0,1,0,0,0,0,0,2,2,1,2,1,2,1,0,0,0,0,1,0,0,1,0,1,0,0,0,0,0,0,0,0,0,0,0,2,0,0,0,1,0,0,0,0,0,0,0,0,2,2,0,2,1,1,1,1,0
syn_aggregate_00235,21,1.0,0,0,0,0,0,0,0,0,0,0,0,0,0,0,0,0,2,0,0,0,0,0,0,0,0,0,0,1,0,0,0,0,0,0,0,0,0,0,0,1,0,0,0,0,0,0,0,0,1,0,0,0,0,0,0,0,0,0,1,0,0,0,0,0,0,0,0,0,0
syn_aggregate_00236,18,2.0,3,3,2,3,1,2,2,0,0,0,1,0,0,0,0,0,0,0,0,0,1,0,0,0,0,0,0,0,0,1,1,1,1,0,0,0,0,0,2,2,1,1,1,1,0,0,0,0,0,0,0,0,1,0,0,0,0,0,2,0,2,1,0,1,0,0,1,0,0
syn_aggregate_00237,20,2.0,1,0,0,0,0,0,0,0,0,0,0,0,0,0,0,0,0,0,0,0,0,0,0,0,0,0,0,0,4,0,0,0,0,0,0,0,0,0,0,0,0,0,0,0,0,0,0,0,1,1,1,1,1,1,1,1,0,0,0,0,1,1,0,1,0,0,1,0,0
syn_aggregate_00238,22,2.0,2,2,1,1,1,1,0,0,0,1,1,1,0,1,0,0,1,1,0,2,1,1,2,1,1,1,1,1,1,0,0,0,0,0,1,0,1,0,0,0,0,0,0,0,0,1,0,0,1,0,0,0,0,0,0,0,0,2,0,1,3,3,2,3,2,2,3,2,3
syn_aggregate_00239,22,1.0,2,3,2,2,1,1,1,0,0,0,0,0,0,0,0,0,0,0,4,1,2,1,1,1,1,0,1,1,2,2,3,3,3,2,2,2,2,2,1,3,2,2,3,2,2,1,1,2,2,2,2,2,1,2,2,2,2,2,2,0,1,1,0,1,0,0,0,0,0
syn_aggregate_00240,20,2.0,2,2,1,2,1,1,0,1,0,3,4,3,3,3,3,3,3,2,3,2,2,2,2,2,2,2,2,2,2,2,3,3,3,3,3,3,3,2,2,1,1,0,1,1,0,0,0,1,0,2,2,1,2,1,2,2,1,1,2,2,4,4,3,4,3,2,4,3,2
syn_aggregate_00241,46,1.0,3,3,2,3,1,2,2,0,1,1,2,2,1,1,1,1,1,1,1,1,2,0,1,1,1,1,2,0,0,2,2,3,2,3,2,2,3,2,2,0,1,0,0,1,0,0,1,0,0,0,1,0,0,0,0,0,0,0,0,0,1,1,0,1,0,0,1,1,0
syn_aggregate_00242,18,2.0,1,2,1,2,1,0,1,0,0,3,4,3,3,3,3,2,3,3,3,3,3,2,2,2,3,2,2,3,2,3,4,4,4,4,4,3,3,3,2,2,2,1,2,2,1,1,1,1,1,1,2,1,1,1,2,1,1,1,1,1,3,2,1,3,2,1,2,2,4
syn_aggregate_00243,48,2.0,2,2,1,2,0,0,0,0,0,0,2,0,0,0,0,0,0,0,0,0,0,0,0,0,0,0,0,1,0,0,2,1,1,1,1,1,2,0,0,0,0,0,1,0,0,0,0,0,0,0,0,0,0,0,0,0,0,2,0,0,0,0,0,0,0,0,0,0,4
syn_aggregate_00244,19,1.0,2,3,1,2,1,1,1,0,0,0,0,0,0,0,0,0,0,0,1,0,0,0,0,0,0,0,0,0,0,1,1,1,1,1,1,1,1,1,1,0,0,0,2,0,0,0,0,0,0,1,1,1,1,1,1,1,0,0,0,0,2,1,0,1,0,0,2,1,1
syn_aggregate_00245,,2.0,2,2,1,2,1,0,1,0,0,0,0,0,0,0,0,0,0,0,4,2,2,1,1,1,1,1,1,1,1,0,1,1,0,1,0,1,1,1,0,0,0,0,0,0,0,0,0,0,1,0,0,0,0,0,0,0,0,0,2,0,1,1,0,1,0,0,1,1,0
syn_aggregate_00246,18,2.0,3,3,2,3,1,1,1,1,1,1,2,2,0,1,2,0,1,1,0,3,3,3,3,2,3,3,2,3,2,1,2,2,1,2,2,2,2,1,2,2,2,1,2,1,1,1,1,1,1,0,0,0,0,0,0,0,2,0,0,1,3,2,1,2,2,1,2,2,1
syn_aggregate_00247,19,2.0,0,0,0,0,0,0,0,0,0,0,0,0,0,0,0,0,0,0,0,0,0,0,0,0,0,0,0,1,0,0,0,0,0,0,0,0,1,0,0,0,0,0,1,0,0,0,0,0,0,0,0,0,0,0,0,0,0,0,0,0,0,0,0,0,0,0,0,0,0
syn_aggregate_00248,18,2.0,0,0,0,0,0,0,0,0,0,0,1,0,0,0,0,0,0,0,0,1,1,0,0,0,1,1,0,0,0,1,1,0,0,1,0,1,1,0,1,0,0,0,0,0,0,0,0,0,0,0,1,0,0,0,0,0,1,0,0,0,2,1,0,1,0,0,0,0,1
syn_aggregate_00249,33,2.0,2,2,1,1,1,1,1,0,0,0,0,0,0,0,0,0,1,1,0,0,0,1,0,0,1,0,0,0,0,0,0,0,0,0,0,0,0,0,2,1,0,0,1,0,0,0,0,0,0,0,1,0,0,0,0,0,0,0,0,0,1,1,0,1,0,0,1,2,0
syn_aggregate_00250,19,2.0,0,2,0,0,0,0,0,0,0,0,0,0,0,0,0,0,0,0,0,0,0,0,0,0,1,0,1,0,0,0,0,0,0,0,0,0,0,0,0,0,0,0,0,0,0,0,0,0,0,0,0,0,0,0,0,0,0,0,0,0,0,0,0,0,0,0,0,0,0
syn_aggregate_00251,18,1.0,2,3,2,3,1,1,1,0,1,0,0,0,0,0,0,0,0,0,3,2,1,0,1,1,1,1,1,1,0,1,1,1,1,0,1,1,0,1,1,2,2,1,2,1,0,0,0,0,0,0,0,0,0,0,0,0,0,0,2,0,2,2,0,2,1,1,2,2,1
syn_aggregate_00252,24,2.0,2,2,1,2,1,1,0,0,0,0,0,1,0,0,1,1,1,0,0,1,1,1,1,1,1,1,1,1,1,2,2,2,2,2,1,1,2,2,1,0,0,0,0,0,0,0,0,0,0,0,0,0,0,0,1,1,0,0,0,0,0,1,0,0,0,0,0,0,0
syn_aggregate_00253,20,1.0,1,0,0,0,0,0,0,0,0,1,2,1,1,1,1,1,1,1,0,2,3,2,2,2,3,2,1,2,1,0,1,0,0,0,0,0,0,0,0,1,1,0,1,0,0,0,0,1,0,1,2,2,1,1,2,2,1,1,0,0,2,2,0,1,0,0,2,0,0
syn_aggregate_00254,19,2.0,2,2,1,2,1,1,2,0,1,0,1,1,0,1,0,0,1,1,1,1,1,0,1,0,1,0,0,0,0,1,2,2,1,1,1,1,1,1,2,0,0,0,0,0,0,0,0,0,4,0,0,0,0,0,0,0,0,3,0,0,1,0,0,0,0,0,0,0,0
syn_aggregate_00255,19,1.0,1,1,1,1,1,0,0,0,0,1,2,1,0,1,1,1,1,1,0,1,2,1,1,1,1,1,1,2,2,0,1,0,0,1,0,0,1,0,0,0,0,0,0,0,0,0,0,0,0,0,0,0,0,0,0,0,0,0,4,0,0,1,0,0,0,0,0,0,0
syn_aggregate_00256,18,2.0,1,1,0,0,0,0,0,0,0,0,0,1,0,0,0,0,0,0,0,0,0,0,0,0,0,0,0,0,0,0,1,0,1,0,1,1,0,0,0,2,2,1,2,1,1,0,0,1,1,2,2,1,2,1,1,1,1,1,2,0,1,0,0,0,0,0,0,0,0
syn_aggregate_00257,21,2.0,0,0,0,0,0,0,0,0,0,0,0,0,0,0,0,0,0,0,0,0,0,0,0,0,0,0,0,1,0,0,0,0,0,0,0,0,0,0,4,0,1,0,0,0,0,0,0,0,0,0,0,0,0,0,0,0,0,0,0,0,1,0,0,1,0,0,0,0,0
syn_aggregate_00258,20,1.0,3,3,0,0,0,0,0,0,0,0,0,1,0,0,0,0,1,0,0,1,1,0,1,0,1,0,1,0,0,0,1,1,1,1,1,1,1,0,0,0,0,0,0,0,0,0,0,0,2,0,0,0,0,0,0,0,0,0,4,0,1,1,0,1,1,0,1,1,0
syn_aggregate_00259,18,1.0,2,2,2,1,0,0,0,0,0,0,0,0,0,0,0,0,0,4,0,1,2,1,2,1,1,1,1,1,2,0,1,1,0,1,0,1,0,1,0,1,0,0,0,0,0,0,0,0,2,0,1,0,0,0,1,0,0,0,0,0,1,1,0,1,0,0,1,0,0
syn_aggregate_00260,46,2.0,2,3,2,2,1,2,1,0,1,0,1,0,0,0,0,0,0,0,0,2,2,2,2,1,2,2,1,1,2,0,2,1,0,1,0,1,1,0,0,0,0,0,0,0,1,0,0,2,0,0,0,0,0,0,0,0,2,0,0,0,2,2,0,2,0,1,1,1,1
syn_aggregate_00261,21,2.0,0,0,0,0,0,0,0,0,2,0,0,0,0,0,0,0,0,0,2,0,0,0,0,0,0,0,0,0,4,0,0,0,0,0,0,0,0,0,1,0,0,0,0,0,0,0,0,0,0,1,1,0,0,0,0,0,0,0,0,0,2,1,0,1,0,0,1,1,0
syn_aggregate_00262,18,2.0,1,1,0,0,0,0,0,0,0,0,0,0,1,0,0,0,2,0,0,1,1,0,1,1,0,1,1,1,0,1,1,2,1,1,1,1,1,1,0,0,0,0,0,0,0,0,0,0,0,0,0,0,0,0,0,0,0,0,0,0,0,0,0,2,0,0,0,0,0
syn_aggregate_00263,20,1.0,0,0,0,0,0,0,0,0,0,0,0,0,0,0,0,0,0,0,2,1,1,1,1,0,1,1,0,1,0,0,1,1,0,1,0,1,0,1,1,0,0,0,0,0,0,0,0,0,2,1,1,1,1,1,1,0,0,0,0,0,0,0,0,0,0,0,0,0,2
syn_aggregate_00264,21,1.0,2,2,1,1,1,1,0,0,1,0,1,0,0,1,0,0,0,1,0,1,1,1,1,1,0,0,0,1,1,0,0,0,0,0,0,0,0,0,0,0,0,0,1,0,0,0,0,0,0,0,0,0,0,0,0,0,0,0,3,0,1,1,0,1,0,0,0,0,0
syn_aggregate_00265,20,2.0,0,1,0,0,0,0,1,0,0,0,0,0,0,0,1,0,0,0,0,1,1,0,0,1,1,0,0,0,0,0,0,0,0,0,0,0,0,0,0,0,1,0,0,0,0,0,1,0,0,1,1,1,1,0,1,1,0,1,1,0,1,1,0,1,0,0,1,1,0
syn_aggregate_00266,19,1.0,1,1,1,1,1,1,1,1,0,2,2,2,1,1,1,1,1,0,1,1,2,1,2,1,2,1,0,1,2,1,2,2,1,2,1,1,1,1,2,0,0,0,0,1,0,0,0,2,0,0,0,0,0,0,0,0,0,0,1,3,4,4,3,4,2,2,3,3,2
syn_aggregate_00267,18,1.0,2,2,1,1,1,0,1,0,0,0,0,0,0,0,0,0,0,0,4,0,0,0,0,0,0,0,0,0,4,0,0,0,0,0,0,0,0,0,2,0,0,0,0,0,0,0,0,0,2,0,0,0,0,0,0,0,0,0,0,0,1,0,0,1,0,0,1,0,1
syn_aggregate_00268,19,2.0,2,2,1,1,1,1,1,0,0,0,0,0,0,0,0,0,0,0,1,1,1,1,1,1,1,1,0,0,1,0,1,0,0,0,0,0,0,1,0,0,0,0,0,1,2,0,0,0,0,0,0,0,0,0,0,0,0,0,1,0,0,0,0,0,0,0,0,2,0
syn_aggregate_00269,21,2.0,1,2,1,1,1,0,1,0,0,0,1,0,0,0,0,0,0,0,0,1,1,1,1,0,1,0,0,0,0,0,0,0,0,0,0,0,0,0,1,0,0,0,0,0,0,0,0,3,0,0,0,0,0,0,1,0,0,0,0,0,2,1,0,1,0,0,1,1,0
syn_aggregate_00270,19,2.0,1,2,1,2,0,0,1,1,0,1,1,1,0,0,0,0,1,0,0,2,3,2,3,2,2,2,2,2,2,0,1,1,0,1,0,1,1,1,0,1,0,0,0,0,0,0,0,0,0,1,1,1,0,1,0,1,0,0,0,0,1,1,0,1,0,0,1,1,0
syn_aggregate_00271,21,2.0,1,1,0,1,0,0,1,0,2,0,0,0,0,0,0,0,0,0,3,0,1,0,0,0,0,0,0,0,0,0,0,0,0,0,0,3,0,0,0,0,0,0,0,0,0,0,0,0,1,0,0,0,0,0,0,0,0,0,2,0,1,2,0,1,0,0,1,2,0
syn_aggregate_00272,19,2.0,0,1,0,0,0,0,0,0,0,0,0,1,0,0,0,0,0,0,0,0,0,0,0,0,0,1,0,0,1,0,0,0,0,0,1,0,0,0,0,0,0,0,0,0,0,0,1,0,0,0,0,0,0,0,0,0,0,0,0,0,1,1,0,0,0,0,0,0,0
syn_aggregate_00273,20,1.0,1,1,1,1,1,0,0,0,0,0,0,0,0,0,0,0,0,0,0,1,1,0,1,1,1,0,0,1,1,0,0,0,0,0,0,0,0,0,3,0,0,0,0,0,0,0,0,0,2,1,1,0,0,0,0,0,0,0,0,0,0,0,0,0,0,0,0,0,0
syn_aggregate_00274,19,1.0,2,2,1,2,1,2,1,1,0,0,0,0,0,0,0,0,0,1,0,2,3,2,3,2,2,2,2,2,2,1,1,1,1,1,0,1,1,0,0,2,1,2,2,1,1,0,0,1,0,0,0,0,0,0,0,0,0,0,4,0,2,2,1,2,1,1,1,1,0
syn_aggregate_00275,18,1.0,1,0,0,0,0,0,0,0,0,0,1,0,0,0,0,0,0,0,0,1,1,1,1,1,1,1,0,1,1,0,0,0,0,0,0,0,0,0,0,0,0,0,0,0,0,0,1,0,0,0,0,0,0,0,1,1,0,0,0,0,2,0,0,0,0,0,0,0,0
syn_aggregate_00276,20,1.0,1,2,0,1,0,0,0,0,1,0,0,0,0,0,0,0,0,0,4,1,1,0,0,1,1,1,0,0,1,0,2,1,1,0,0,1,1,0,0,0,0,0,1,0,0,0,0,0,2,0,0,0,0,0,0,0,0,0,2,0,1,0,0,0,0,0,0,0,0
syn_aggregate_00277,20,2.0,1,2,1,2,0,0,1,0,0,0,1,0,0,0,1,0,0,0,0,1,2,1,1,1,2,1,1,1,1,0,0,0,1,0,0,0,0,0,0,0,0,0,0,0,0,0,0,2,0,0,0,0,0,0,0,0,0,1,0,0,1,0,0,0,0,0,1,0,0
syn_aggregate_00278,19,2.0,2,2,1,1,1,1,0,0,0,0,0,0,0,0,0,0,0,1,0,1,2,1,1,1,2,1,1,1,1,1,2,1,1,1,0,1,0,2,0,0,0,0,0,0,0,0,0,0,2,0,0,0,0,0,0,0,0,0,0,0,1,0,0,1,0,0,1,0,0
syn_aggregate_00279,19,2.0,2,2,2,2,1,2,1,1,0,3,3,3,3,3,2,2,3,3,2,2,2,2,2,1,3,2,1,1,2,2,3,3,2,2,2,2,3,2,2,1,1,1,1,1,0,0,0,0,0,1,2,2,1,1,1,1,2,1,1,2,4,4,2,4,3,3,4,3,3
syn_aggregate_00280,21,2.0,2,2,1,2,1,0,1,0,0,0,1,0,0,0,0,0,0,0,0,2,2,2,2,2,2,2,2,2,2,1,2,1,1,1,1,1,1,0,1,0,0,0,0,0,0,0,0,0,4,1,1,0,0,0,0,0,0,0,2,0,1,1,0,1,0,0,1,0,0
syn_aggregate_00281,22,2.0,1,1,1,1,1,1,0,0,0,0,0,0,0,0,0,0,0,0,0,0,0,1,0,0,0,0,1,0,0,0,0,0,0,0,0,0,0,0,1,1,1,0,1,0,0,0,0,0,1,1,1,1,1,0,1,0,1,0,0,0,1,1,0,1,0,0,1,0,2
syn_aggregate_00282,20,2.0,2,2,1,2,0,0,0,0,0,2,2,2,2,2,1,2,2,2,2,3,3,2,3,3,2,2,2,2,2,1,2,2,1,2,2,2,1,2,1,1,1,0,1,1,0,1,1,1,0,1,1,1,1,0,1,1,0,1,1,0,2,1,0,2,1,0,2,1,0
syn_aggregate_00283,23,1.0,0,1,0,0,0,0,0,0,0,0,0,0,0,0,0,0,0,0,0,0,0,0,0,0,0,0,0,0,3,0,0,0,0,0,0,2,0,0,0,0,0,0,0,0,0,0,0,0,1,1,2,1,1,1,1,1,1,1,1,0,1,0,0,1,0,0,0,0,1
syn_aggregate_00284,20,2.0,2,2,1,1,1,1,1,0,0,0,0,0,0,0,0,0,0,1,2,0,0,0,0,0,0,0,0,0,0,0,0,0,0,0,0,0,0,0,3,0,0,0,0,0,0,0,0,0,0,0,0,0,0,1,0,0,0,0,0,0,2,1,0,1,0,0,1,1,1
syn_aggregate_00285,51,2.0,3,3,2,2,1,1,0,0,0,1,2,2,1,2,1,1,1,2,1,3,3,3,3,3,3,3,3,3,4,0,1,1,1,0,1,0,1,0,1,2,1,1,2,1,0,0,0,1,2,0,1,0,0,1,0,1,0,0,1,1,3,3,1,3,2,2,2,2,2
syn_aggregate_00286,42,2.0,2,2,2,2,2,2,1,1,0,1,1,1,0,1,1,0,0,1,0,1,2,1,1,1,1,1,1,1,1,1,2,2,1,2,1,2,1,1,1,2,2,2,2,2,1,2,2,2,1,1,2,1,1,1,1,1,1,1,1,0,2,2,0,2,1,1,2,2,1
syn_aggregate_00287,19,2.0,1,2,1,1,1,1,1,0,0,0,0,1,0,0,0,0,0,0,0,0,1,0,0,0,0,0,0,1,0,0,1,0,0,0,0,0,0,1,0,0,1,0,1,0,0,0,0,1,0,0,0,0,0,0,0,0,0,0,3,0,2,1,0,2,0,1,2,1,0
syn_aggregate_00288,21,2.0,0,0,0,0,0,0,0,0,0,0,0,0,0,0,0,0,0,0,1,1,1,0,1,0,1,1,0,1,0,0,0,0,0,0,0,0,0,0,0,0,0,0,2,0,0,0,0,0,0,0,0,0,0,0,0,0,3,0,0,0,1,1,0,1,1,0,1,1,0
syn_aggregate_00289,21,1.0,2,2,1,1,1,0,0,0,0,1,1,1,0,1,1,1,1,1,1,3,3,3,3,3,3,3,2,3,2,1,2,1,0,1,0,1,2,0,0,1,0,0,1,0,0,0,0,0,1,0,0,0,0,0,0,0,0,0,4,1,3,3,2,3,2,2,3,2,1
syn_aggregate_00290,22,2.0,1,1,1,1,1,0,0,0,0,0,0,1,0,0,0,0,0,0,0,1,1,1,1,1,1,1,1,0,1,0,0,0,0,0,0,0,3,0,0,2,2,2,2,2,1,1,2,2,1,0,0,0,0,0,0,0,0,0,4,1,2,2,1,2,1,0,2,1,2
syn_aggregate_00291,21,1.0,3,3,2,3,1,2,1,0,1,3,3,3,2,2,2,1,1,1,1,1,2,1,1,1,1,1,2,1,2,1,2,2,1,1,1,2,1,1,1,2,1,1,2,1,1,0,0,0,0,1,2,1,1,1,2,1,1,1,1,0,2,2,1,2,1,1,2,0,1
syn_aggregate_00292,21,2.0,1,1,1,1,0,0,0,0,0,0,0,0,0,0,0,1,0,0,0,0,0,0,0,0,0,0,0,1,0,0,0,0,0,0,0,0,0,0,2,0,0,0,0,0,0,0,0,0,2,1,1,1,1,1,0,0,1,0,0,0,0,0,0,1,0,0,0,0,0
syn_aggregate_00293,22,2.0,2,2,1,1,0,1,1,0,1,0,0,0,0,0,0,0,0,4,0,0,0,0,0,0,0,0,0,0,0,0,1,0,0,0,0,0,1,0,0,1,1,1,1,0,0,0,0,1,0,1,1,1,1,1,1,1,1,1,2,0,2,2,0,2,0,0,1,1,0
syn_aggregate_00294,20,2.0,2,2,1,1,0,0,0,0,1,0,0,0,0,0,0,0,0,0,3,0,0,0,0,0,0,0,0,0,0,1,2,2,1,1,1,1,1,1,1,0,0,1,0,0,0,0,0,0,0,0,0,0,0,0,0,0,0,1,0,0,1,1,0,0,0,0,0,0,0
syn_aggregate_00295,18,2.0,1,1,0,0,0,0,0,0,0,0,0,0,0,0,0,0,0,1,0,3,3,2,3,2,3,2,2,2,2,0,0,0,0,0,0,0,0,2,0,0,0,1,0,0,0,0,0,0,0,0,0,0,0,0,0,0,0,0,0,0,2,1,0,1,0,1,1,1,0
syn_aggregate_00296,20,1.0,1,1,0,0,0,0,0,0,0,0,0,0,0,3,0,0,0,0,0,0,0,0,0,0,0,0,0,0,3,0,0,0,1,0,0,0,0,0,0,0,0,0,0,0,0,0,0,3,0,0,0,0,0,0,0,0,0,4,0,0,1,1,0,1,1,1,0,2,0
syn_aggregate_00297,19,2.0,2,2,1,0,0,0,0,0,0,0,0,0,0,0,0,0,0,0,0,0,1,0,0,0,0,0,1,0,0,0,0,2,0,0,0,0,0,0,0,0,0,0,0,0,0,0,0,0,1,0,0,0,0,0,0,0,0,0,0,0,0,0,0,0,0,0,2,0,0
syn_aggregate_00298,19,2.0,2,2,1,2,1,1,1,0,0,0,0,0,0,0,0,0,0,0,2,0,0,0,0,0,0,0,0,0,2,0,0,0,0,0,0,0,0,0,4,0,0,0,0,0,0,0,0,1,0,0,0,1,0,0,0,0,0,0,1,0,1,1,0,1,0,0,0,0,0
syn_aggregate_00299,20,1.0,1,2,0,1,1,1,1,0,0,1,1,1,0,1,1,0,0,1,0,1,1,0,1,0,1,0,0,0,0,0,1,0,1,0,0,0,0,1,0,0,0,0,0,0,1,1,1,1,1,0,0,0,1,0,0,0,0,0,0,0,2,2,0,2,1,1,2,2,2
syn_aggregate_00300,22,2.0,1,1,1,1,1,0,0,0,0,0,0,0,0,0,0,1,1,0,0,0,1,0,0,0,0,0,0,0,0,0,1,0,0,0,0,0,0,0,0,1,0,0,1,0,0,0,0,0,0,0,0,0,0,0,0,0,0,0,1,0,1,1,0,2,1,0,1,1,0
syn_aggregate_00301,19,1.0,2,2,1,2,1,1,0,0,0,1,2,1,0,1,1,1,2,1,1,4,4,4,4,4,4,3,3,3,3,4,4,4,4,3,4,4,4,3,2,0,0,0,0,3,0,0,0,0,0,0,0,0,0,0,4,0,0,0,0,0,2,2,0,3,0,0,2,1,0
syn_aggregate_00302,42,2.0,1,1,0,1,0,0,1,0,2,0,0,1,0,1,0,0,0,1,0,0,0,0,0,0,1,1,0,0,0,0,0,0,0,0,0,0,0,0,0,0,0,0,0,0,0,0,0,0,0,0,1,0,0,0,0,0,0,0,0,0,1,0,0,1,0,0,0,0,0
syn_aggregate_00303,49,2.0,0,0,0,0,0,0,0,0,0,0,0,0,0,0,0,0,0,0,0,0,0,0,0,0,0,0,0,0,4,0,0,0,0,0,0,0,0,0,0,0,0,0,0,0,0,0,0,0,1,0,0,0,0,0,0,0,0,1,0,0,0,0,0,0,0,0,0,3,0
syn_aggregate_00304,21,2.0,3,3,2,2,1,2,1,0,0,2,1,2,1,1,1,1,1,1,1,0,1,0,1,0,1,0,1,0,0,2,3,3,2,3,2,2,2,2,2,3,3,2,3,2,2,2,2,3,2,2,2,1,2,1,2,1,1,1,1,1,2,2,1,2,2,1,2,2,1
syn_aggregate_00305,22,1.0,1,1,0,0,0,0,0,0,0,0,1,0,0,0,0,0,0,0,0,2,2,1,1,1,1,1,1,0,1,2,3,2,2,3,2,2,2,1,1,0,0,0,0,0,1,0,0,0,0,0,0,0,0,0,0,0,0,0,1,0,1,0,0,2,0,0,0,0,0
syn_aggregate_00306,18,1.0,2,3,2,2,1,1,1,0,1,2,2,1,1,1,2,1,0,1,0,0,0,0,0,0,0,0,0,0,1,0,0,0,0,0,0,0,0,0,4,1,1,0,1,1,0,0,0,0,0,2,2,2,1,2,2,1,2,1,1,1,3,3,2,3,2,2,2,2,2
syn_aggregate_00307,22,2.0,1,1,1,1,0,0,0,0,0,0,1,0,0,0,0,0,0,0,0,1,1,1,1,0,1,0,0,0,0,2,2,2,2,2,1,2,2,2,2,1,1,1,1,1,2,0,1,1,1,0,1,0,0,0,0,0,0,0,0,0,1,1,0,1,0,0,0,0,0
syn_aggregate_00308,21,2.0,1,1,1,1,1,0,0,0,0,0,0,0,0,0,0,0,0,0,1,0,0,0,0,0,1,0,0,0,0,1,2,1,1,1,1,1,1,1,1,0,0,0,1,0,0,0,0,0,1,0,0,1,1,0,1,1,0,0,0,0,1,0,0,0,0,0,0,0,3
syn_aggregate_00309,22,1.0,1,2,1,1,0,0,1,0,1,0,1,0,0,0,0,0,0,0,0,1,1,0,1,1,1,0,1,0,1,0,1,0,0,0,0,0,0,0,2,1,0,0,0,0,0,0,0,0,2,0,0,0,0,0,2,0,0,0,0,0,1,1,0,2,1,0,1,1,0
syn_aggregate_00310,19,2.0,1,1,0,0,0,0,0,0,0,0,0,0,0,0,0,0,0,0,0,0,0,0,0,0,0,0,0,0,0,0,0,0,0,0,0,0,0,0,0,1,1,0,0,0,0,0,0,0,0,0,0,1,0,0,0,1,0,1,0,0,1,1,0,2,1,0,1,1,0
syn_aggregate_00311,33,2.0,3,3,2,3,3,2,2,1,1,1,2,1,1,1,0,0,2,1,0,4,4,4,4,4,4,4,4,3,4,2,3,2,2,2,2,2,2,1,2,1,1,0,1,0,1,0,0,0,0,1,2,1,1,1,1,1,2,1,1,0,2,2,1,2,1,1,2,1,2
syn_aggregate_00312,22,2.0,2,2,1,2,1,0,0,0,0,0,0,0,0,0,0,0,0,0,2,1,1,2,2,1,2,1,0,1,1,0,0,0,0,0,0,0,0,0,0,0,0,0,0,0,0,0,0,0,3,0,0,0,0,0,0,0,0,2,0,0,0,0,0,0,0,0,2,0,0
syn_aggregate_00313,49,1.0,0,1,0,1,0,0,0,0,0,2,2,2,2,2,1,1,1,1,1,2,2,2,2,2,2,1,2,2,2,3,4,3,3,3,3,2,3,2,2,0,0,0,0,0,1,0,0,0,0,0,0,0,0,0,0,0,0,0,4,0,1,1,0,1,0,1,1,1,1
syn_aggregate_00314,21,1.0,2,2,1,1,1,0,1,0,0,0,1,1,0,1,1,0,1,2,0,0,0,0,0,0,0,0,0,0,3,1,2,2,3,2,2,2,3,2,1,0,0,0,0,0,0,0,0,0,0,1,1,1,1,1,2,2,1,1,1,0,0,0,0,4,0,0,0,0,0
syn_aggregate_00315,19,2.0,2,3,2,3,1,2,0,0,0,0,1,0,0,0,0,0,0,0,0,0,0,0,0,0,0,0,0,0,0,0,1,0,0,0,0,0,0,0,0,0,0,0,0,0,0,0,0,0,0,0,0,0,0,0,1,0,1,0,0,0,1,0,0,0,0,0,0,0,0
syn_aggregate_00316,19,2.0,0,0,0,0,0,0,0,0,0,0,0,0,0,0,0,0,0,0,0,0,0,0,0,0,0,0,0,0,2,0,1,0,0,1,0,0,0,0,0,1,0,0,1,0,0,0,0,0,0,1,1,1,1,1,1,0,0,0,0,0,1,1,0,0,0,0,0,0,0
syn_aggregate_00317,21,1.0,1,2,1,1,0,0,1,0,0,0,1,0,0,0,0,0,0,0,2,2,2,1,2,1,2,1,1,2,2,1,2,1,2,1,1,1,2,1,2,3,2,2,3,2,2,2,1,1,2,1,2,2,1,1,2,1,1,1,1,0,2,2,0,2,0,0,4,0,0
syn_aggregate_00318,19,2.0,1,1,1,1,1,0,0,0,0,0,0,0,0,0,0,0,0,2,0,0,0,0,0,0,0,0,0,0,1,0,0,0,0,0,0,0,0,0,0,1,0,0,0,0,0,2,0,0,0,0,0,0,0,0,0,0,0,4,0,0,0,0,0,0,0,0,0,0,0
syn_aggregate_00319,22,2.0,1,1,1,1,0,0,1,0,0,0,0,0,1,1,0,0,0,0,0,0,0,0,0,0,2,0,0,0,0,0,0,0,0,0,0,0,0,0,4,2,1,1,2,1,1,0,1,2,1,0,0,0,0,0,1,0,0,0,0,0,0,0,0,4,0,0,0,0,0
syn_aggregate_00320,40,2.0,2,2,1,2,1,1,0,0,0,1,1,1,1,1,1,1,1,1,1,2,2,1,2,1,2,2,1,1,2,1,1,1,0,1,0,1,0,0,0,0,0,0,0,0,0,0,0,0,0,0,0,0,0,0,2,0,0,0,0,0,2,1,0,2,1,1,2,1,1
syn_aggregate_00321,21,1.0,1,1,0,0,0,0,0,0,0,1,1,1,0,0,0,0,0,0,0,0,0,0,0,0,0,0,0,0,1,0,0,1,0,0,0,0,0,0,0,0,0,0,0,0,0,0,0,0,3,0,0,0,0,0,0,0,0,0,4,0,1,1,1,1,1,1,1,1,1
syn_aggregate_00322,21,1.0,2,2,1,1,1,1,0,0,0,0,1,0,0,0,0,0,0,0,0,1,1,0,1,0,1,0,0,1,1,0,0,0,0,0,0,0,0,0,2,0,1,0,0,0,0,0,1,0,0,0,0,0,0,0,0,0,0,0,4,0,1,0,0,1,0,0,0,0,0
syn_aggregate_00323,20,1.0,2,2,1,1,0,0,0,0,0,1,1,1,0,1,1,0,1,1,0,0,1,0,1,1,1,0,0,0,0,1,1,1,1,0,0,0,1,0,0,0,0,0,0,0,0,0,0,0,0,0,0,0,0,0,1,0,0,0,0,0,2,2,0,2,1,1,1,1,0
syn_aggregate_00324,21,2.0,1,1,1,2,1,1,1,0,0,0,1,0,0,0,1,0,0,0,0,0,0,0,0,0,0,0,0,0,3,0,0,0,0,0,0,0,0,0,0,0,0,0,0,0,0,0,0,0,0,0,0,0,0,0,0,0,0,0,2,0,2,1,0,0,0,0,1,0,0
syn_aggregate_00325,25,2.0,0,0,0,0,0,0,0,0,0,0,0,0,0,0,0,0,2,0,0,0,0,0,0,0,0,0,0,0,0,0,0,2,0,0,0,0,0,0,0,0,1,0,0,0,0,0,0,0,0,0,0,0,0,0,0,0,0,0,1,0,0,0,0,0,0,0,0,0,2
syn_aggregate_00326,19,2.0,1,2,1,2,1,0,1,0,0,0,0,0,0,0,0,0,0,0,2,2,2,1,1,1,1,1,1,1,1,1,2,2,1,1,0,1,1,1,1,1,1,1,1,1,0,0,1,1,1,0,0,0,0,0,0,0,0,1,2,0,0,0,0,0,0,0,0,0,4
syn_aggregate_00327,20,2.0,2,2,1,1,0,1,1,0,0,0,0,0,0,0,0,0,0,0,2,0,0,0,0,0,0,0,0,0,2,0,0,0,0,0,0,0,0,0,1,0,1,0,0,1,0,0,0,1,0,0,0,0,0,0,0,0,0,0,1,0,1,1,0,1,0,0,1,0,0
syn_aggregate_00328,20,2.0,1,1,0,1,0,0,0,0,0,1,1,1,0,1,0,0,0,0,0,1,1,1,1,1,1,1,1,1,0,0,0,0,0,0,0,0,0,0,2,0,0,0,0,0,0,0,0,0,1,0,0,1,0,0,0,0,0,0,0,0,2,1,0,2,0,0,2,0,0
syn_aggregate_00329,18,2.0,3,3,2,3,2,1,0,0,0,1,1,1,1,1,0,0,1,1,0,1,1,0,1,0,1,0,0,1,0,0,0,1,0,0,0,1,0,0,0,1,1,0,1,0,0,0,0,0,0,1,1,1,1,0,0,1,0,1,0,1,3,3,2,3,2,3,3,2,4
syn_aggregate_00330,21,2.0,0,0,0,0,0,0,0,0,0,0,0,0,0,0,0,1,0,0,0,0,0,0,0,0,0,0,0,0,0,0,0,0,0,0,0,0,0,0,2,0,0,0,0,0,0,0,0,0,1,0,0,0,0,0,0,0,0,0,0,0,0,0,0,1,0,0,0,0,0
syn_aggregate_00331,40,2.0,2,3,2,2,1,2,1,0,0,1,2,2,0,1,1,1,1,1,0,1,1,1,1,1,0,0,1,0,0,0,0,0,0,0,0,0,0,0,4,0,2,0,0,0,0,0,0,0,0,1,1,1,1,1,1,1,1,0,1,0,2,1,0,2,1,1,2,1,0
syn_aggregate_00332,20,2.0,3,3,2,3,2,2,0,0,0,0,1,1,0,0,0,0,0,0,0,3,3,3,2,2,3,2,2,2,1,2,2,2,2,2,2,2,2,1,2,2,1,1,2,0,1,0,0,1,1,1,2,1,1,1,1,1,1,2,1,0,2,1,0,1,1,0,1,0,0
syn_aggregate_00333,43,2.0,1,1,1,1,1,0,0,0,0,0,0,0,0,0,0,0,0,0,1,0,0,0,0,0,0,0,0,4,0,0,0,1,0,0,0,0,1,0,0,1,1,0,1,1,0,0,0,1,0,0,0,0,0,0,0,0,0,0,0,0,0,0,0,0,0,0,0,0,0
syn_aggregate_00334,21,1.0,1,1,1,2,1,0,0,0,0,0,0,1,0,0,0,0,0,0,0,0,0,0,0,0,0,0,0,0,0,0,0,0,0,0,0,0,0,0,1,1,1,0,1,0,0,0,0,0,0,2,3,2,3,2,2,1,2,3,2,0,0,1,0,0,0,0,0,0,0
syn_aggregate_00335,22,2.0,1,1,1,1,0,0,0,0,0,0,0,1,0,0,0,0,0,0,0,0,0,0,0,0,0,0,4,0,0,0,0,0,0,0,0,0,0,0,0,0,0,0,0,0,0,0,0,1,0,0,0,0,0,0,0,1,0,0,0,0,0,0,0,0,0,0,2,0,0
syn_aggregate_00336,20,1.0,2,2,2,2,2,2,1,0,0,0,0,0,0,0,0,0,0,0,4,0,1,0,0,1,0,0,0,0,0,1,3,3,2,2,2,2,2,1,3,1,0,0,1,0,0,0,0,0,0,1,1,1,1,1,1,1,1,1,1,0,1,1,0,1,1,0,2,1,0
syn_aggregate_00337,21,2.0,1,2,1,2,1,1,0,0,0,1,1,1,1,1,1,1,1,2,0,0,0,0,0,0,1,0,0,0,0,1,2,1,1,1,0,1,1,1,0,2,1,1,1,1,1,1,1,1,1,1,2,1,2,1,1,1,1,0,3,1,1,1,0,1,0,1,1,0,0
syn_aggregate_00338,41,1.0,2,2,1,2,1,0,0,0,0,0,0,0,0,0,0,0,0,0,0,2,3,2,2,2,2,2,2,2,3,0,0,1,0,0,0,0,3,0,0,0,0,0,0,0,0,1,0,0,0,1,1,1,1,1,0,1,0,0,0,0,1,1,0,1,0,0,1,1,0
syn_aggregate_00339,47,2.0,2,2,2,2,1,1,0,0,0,0,0,0,0,0,0,0,0,0,4,0,0,0,0,0,0,0,0,0,2,0,0,0,0,0,0,0,0,0,2,0,0,0,0,0,0,0,0,0,2,0,1,0,0,0,1,0,0,0,0,0,1,0,0,0,0,0,0,0,0
syn_aggregate_00340,21,1.0,2,2,2,2,0,0,2,0,0,1,2,1,1,1,1,0,1,1,0,2,2,2,2,2,2,2,1,1,2,1,1,1,1,1,0,0,0,1,0,1,1,1,1,1,0,0,0,0,0,0,0,0,0,0,0,0,0,0,3,0,2,2,0,1,1,1,1,0,0
syn_aggregate_00341,19,2.0,2,3,2,2,1,1,1,1,0,0,0,0,0,0,0,0,0,0,0,0,1,0,1,1,1,1,0,1,0,1,1,1,1,0,0,1,0,1,0,0,0,0,1,0,0,0,0,0,0,1,1,1,1,1,1,1,0,1,1,1,2,1,0,1,1,0,1,0,0
syn_aggregate_00342,31,1.0,1,1,0,0,0,0,0,0,0,0,0,0,0,0,0,0,0,0,4,2,2,1,2,1,2,1,1,2,1,0,0,0,1,1,0,0,0,0,0,1,0,0,1,0,0,0,0,0,0,0,0,0,0,0,0,0,0,0,1,0,2,0,0,0,0,0,0,0,0
syn_aggregate_00343,36,2.0,3,0,0,0,0,0,0,0,0,0,0,0,0,0,0,0,0,1,0,2,3,2,3,2,3,2,1,2,1,0,0,0,0,0,0,0,0,0,1,0,0,0,0,0,0,0,0,2,0,0,0,0,0,0,0,0,3,0,0,0,0,0,0,0,0,0,2,0,0
syn_aggregate_00344,20,2.0,3,3,3,3,3,3,3,2,3,3,3,2,2,2,3,2,2,2,3,3,3,3,3,2,2,2,2,2,1,2,3,3,2,3,2,3,2,2,2,3,3,4,4,3,3,2,3,3,3,2,2,1,2,1,1,1,1,1,2,1,4,4,2,4,3,3,3,4,3
syn_aggregate_00345,20,2.0,3,3,2,2,1,1,1,0,0,0,0,0,0,0,0,0,4,0,0,1,1,0,0,0,0,0,1,1,0,0,1,1,0,0,0,0,0,0,0,1,0,0,1,0,0,0,0,0,0,0,1,0,0,0,0,0,0,1,0,0,1,1,0,1,0,0,1,1,0
syn_aggregate_00346,19,2.0,0,1,1,2,1,0,0,0,0,0,0,1,0,0,0,0,0,0,0,0,0,0,0,0,2,0,0,0,0,0,0,0,0,0,0,0,0,0,0,1,0,0,0,0,0,0,0,0,0,0,1,0,0,0,0,0,0,0,0,0,1,0,0,0,0,0,0,0,0
syn_aggregate_00347,25,2.0,2,2,2,2,1,2,2,1,0,1,2,1,1,1,2,1,1,2,2,2,2,1,2,1,2,2,0,0,0,0,2,1,0,1,0,1,2,1,2,2,1,1,1,1,1,0,0,2,1,1,2,1,1,1,2,1,0,1,1,0,2,2,0,1,1,2,1,1,1
syn_aggregate_00348,22,2.0,1,2,1,2,1,1,1,0,0,0,0,0,0,0,0,0,0,3,0,1,1,0,1,0,0,0,0,0,1,1,2,1,1,1,1,1,1,1,1,0,0,0,0,0,1,0,0,0,0,0,0,0,0,0,0,0,0,0,3,0,1,1,0,1,0,0,1,1,0
syn_aggregate_00349,19,2.0,2,2,1,1,0,1,1,0,1,0,0,0,1,0,0,0,0,0,1,0,0,0,0,0,1,0,0,0,0,0,0,0,0,0,0,0,0,0,4,1,0,0,1,0,0,0,0,0,0,1,1,1,0,0,1,1,0,0,1,0,2,2,0,2,1,1,1,1,0
syn_aggregate_00350,18,1.0,3,3,2,2,1,2,1,0,0,1,2,1,0,1,1,1,0,0,0,1,1,1,1,1,1,1,0,0,1,0,0,0,0,0,0,0,0,0,4,1,0,0,0,0,0,0,0,0,0,1,1,1,1,0,1,1,0,1,1,1,3,2,1,3,2,2,3,2,1
syn_aggregate_00351,18,1.0,0,1,0,1,0,0,0,0,0,0,0,0,0,0,0,0,0,0,0,1,1,1,1,0,1,1,0,1,0,0,1,0,0,0,0,0,0,0,0,0,0,0,0,0,0,0,0,1,1,0,0,1,0,0,0,1,0,0,0,0,1,1,0,1,0,0,1,0,0
syn_aggregate_00352,21,1.0,1,2,1,1,0,1,0,0,0,2,3,2,2,2,2,1,2,3,3,3,3,3,3,3,3,3,3,2,2,1,1,1,1,1,1,1,1,1,1,2,2,1,2,1,1,1,1,1,2,2,3,2,2,2,3,2,2,1,2,1,3,2,1,2,2,1,2,2,2
syn_aggregate_00353,22,1.0,1,1,1,1,1,0,0,0,0,1,1,1,0,1,1,0,0,1,0,2,3,2,3,2,2,2,2,2,1,0,0,2,0,0,0,0,0,0,0,1,0,0,0,0,0,0,0,0,0,0,0,0,0,0,0,0,0,0,0,0,1,1,0,1,0,0,1,0,0
syn_aggregate_00354,45,1.0,2,2,0,1,0,0,0,0,0,0,0,0,0,0,0,0,0,0,2,1,2,1,2,1,2,1,0,0,4,0,0,0,0,0,0,0,0,0,0,0,0,0,0,2,0,0,0,0,0,0,1,0,0,0,1,0,0,0,0,0,1,0,0,0,0,0,0,0,0
syn_aggregate_00355,19,2.0,0,2,0,0,0,0,0,0,0,0,0,0,0,0,0,0,0,1,0,0,0,0,0,0,0,0,0,0,0,0,0,0,0,0,0,0,0,0,0,0,0,0,0,0,0,0,0,0,2,0,0,0,0,0,0,0,0,0,0,0,2,1,0,1,1,0,1,1,0
syn_aggregate_00356,18,2.0,2,3,1,2,1,2,1,0,0,0,0,0,0,1,0,0,0,0,0,1,2,0,1,1,2,0,0,1,3,1,2,2,1,1,1,1,1,1,1,0,0,0,1,0,0,0,0,0,0,0,0,0,0,1,0,1,0,0,0,0,3,2,1,2,2,1,2,2,1
syn_aggregate_00357,22,1.0,0,2,0,0,0,0,0,0,0,0,0,0,0,0,0,0,0,0,3,0,0,0,0,0,0,0,0,4,0,1,1,1,1,1,1,0,1,1,1,0,0,0,0,0,0,0,0,0,0,0,0,0,0,0,0,0,0,1,0,0,0,0,0,0,0,0,0,0,1
syn_aggregate_00358,19,1.0,1,2,1,1,0,0,0,0,0,2,2,2,1,2,2,1,1,1,0,1,1,1,1,1,0,0,0,0,0,0,0,0,0,0,0,0,0,0,2,1,0,0,1,0,0,0,0,0,0,0,0,0,0,0,0,0,2,0,0,0,2,2,0,2,0,0,1,0,0
syn_aggregate_00359,20,2.0,2,3,2,2,1,1,1,0,1,0,0,0,0,0,0,0,0,0,4,2,2,2,2,2,2,2,1,2,2,1,2,1,1,1,2,1,1,1,1,3,2,2,3,2,2,2,2,2,2,1,2,1,2,1,1,1,1,1,2,3,4,4,3,4,3,3,4,3,2
syn_aggregate_00360,18,2.0,1,1,1,1,0,0,0,0,0,0,0,0,0,0,0,0,0,0,0,0,0,0,0,0,0,0,0,0,1,0,1,0,0,0,0,0,0,0,0,0,0,0,0,0,0,0,0,0,0,0,0,1,0,0,0,0,0,0,0,0,0,0,0,0,0,0,0,0,1
syn_aggregate_00361,47,2.0,3,2,2,2,1,2,1,0,0,0,0,0,0,0,0,0,0,0,3,4,4,4,4,3,4,3,3,3,3,0,1,1,1,1,0,1,1,0,0,2,1,1,1,1,0,0,0,1,0,1,1,1,0,1,1,1,0,1,0,0,1,0,0,0,0,0,0,0,0
syn_aggregate_00362,19,2.0,1,1,0,0,0,0,0,0,0,1,2,1,1,1,1,1,1,1,1,1,1,1,1,1,1,1,1,1,1,0,0,0,0,0,0,0,0,3,0,1,1,0,1,0,0,0,0,0,0,1,1,1,0,1,1,1,0,1,2,1,2,2,1,2,1,0,2,0,1
syn_aggregate_00363,21,2.0,1,1,1,1,0,1,0,0,0,1,1,1,0,0,0,0,0,0,0,0,0,0,0,0,1,0,1,2,0,0,0,0,0,0,0,0,0,0,1,0,0,0,0,0,2,0,0,0,0,0,1,0,0,0,0,0,0,0,3,0,1,1,0,1,0,0,1,0,0
syn_aggregate_00364,20,1.0,2,1,0,2,0,0,0,0,0,0,0,0,0,0,0,0,0,0,0,2,1,2,1,1,2,2,1,1,2,0,1,2,0,1,0,2,1,0,0,0,0,0,0,0,0,0,0,0,2,0,0,0,0,0,0,0,0,0,0,0,1,0,0,0,0,0,1,0,2
syn_aggregate_00365,36,2.0,3,3,2,3,2,3,2,1,0,1,1,1,1,1,0,1,1,1,0,3,3,3,3,2,3,3,2,2,2,2,2,2,2,2,1,1,2,1,2,2,1,1,2,1,1,1,0,1,1,0,1,0,0,1,0,0,1,0,0,1,3,2,1,3,2,2,3,2,2
syn_aggregate_00366,20,1.0,1,1,0,1,1,0,0,0,0,0,0,0,0,0,0,0,0,0,4,0,0,0,0,0,0,1,0,1,0,0,0,0,0,0,0,0,1,0,0,0,0,0,0,2,0,0,0,0,0,0,0,0,0,0,0,0,0,0,1,0,0,0,0,0,0,1,0,0,0
syn_aggregate_00367,22,2.0,2,1,1,1,0,0,2,0,0,0,0,0,0,0,0,0,0,0,1,1,1,1,1,1,1,0,1,0,0,0,0,0,0,0,0,0,1,0,0,0,0,0,0,0,0,0,0,4,0,0,0,0,0,0,0,0,0,0,2,1,2,1,1,2,0,0,1,0,0
syn_aggregate_00368,22,2.0,2,2,1,1,1,0,0,0,0,1,1,0,1,1,0,1,0,1,0,1,1,1,1,1,1,1,1,1,1,0,1,0,0,0,0,0,0,0,0,0,0,0,0,0,0,0,0,2,0,1,1,2,1,1,1,1,1,1,1,0,0,0,0,0,0,0,0,0,3
syn_aggregate_00369,19,2.0,1,1,0,1,0,0,0,0,0,0,0,0,0,0,0,0,0,0,3,0,0,0,0,0,0,0,0,0,4,0,1,1,1,1,1,0,1,1,0,0,0,0,0,0,0,0,0,0,0,0,0,0,0,0,2,0,0,0,0,0,1,0,0,0,0,0,0,0,0
syn_aggregate_00370,19,2.0,3,3,2,2,1,2,1,0,0,1,2,1,1,1,1,1,1,1,1,3,3,2,3,2,3,2,2,2,2,1,2,1,1,2,1,2,1,1,0,2,2,1,2,1,1,1,1,1,1,0,0,0,0,0,0,0,0,0,0,1,2,3,1,2,1,1,2,2,2
syn_aggregate_00371,19,2.0,1,1,1,1,1,0,0,0,0,1,1,0,0,0,1,0,1,1,0,3,2,1,2,2,3,2,1,2,2,0,1,1,1,1,1,1,1,1,1,0,0,0,0,0,0,0,0,1,0,0,0,0,0,0,0,0,0,0,0,0,1,1,0,1,0,0,1,1,1
syn_aggregate_00372,48,1.0,1,1,0,1,0,0,0,0,0,0,0,0,0,0,0,0,0,2,0,0,0,0,0,0,0,0,0,1,0,0,0,0,0,0,0,0,0,1,0,0,0,0,0,0,0,0,0,0,2,0,0,0,0,0,0,0,0,0,0,0,0,0,0,0,0,0,0,0,4
syn_aggregate_00373,21,2.0,1,1,1,2,1,1,1,0,1,1,1,0,0,0,0,0,0,0,3,1,2,1,1,1,2,1,1,1,0,1,2,2,1,1,1,2,1,1,1,2,2,2,2,1,2,1,2,1,2,0,0,0,1,1,0,0,1,0,0,0,1,1,0,1,0,0,1,0,0
syn_aggregate_00374,20,2.0,1,2,1,2,1,0,0,0,0,2,2,2,1,1,1,1,1,1,1,0,0,0,0,1,0,0,0,0,0,0,1,0,0,0,0,0,0,0,0,0,0,0,0,1,0,0,0,0,1,0,0,0,0,0,0,0,0,0,1,0,1,1,0,2,1,0,1,0,0
syn_aggregate_00375,48,2.0,1,1,1,1,1,0,0,0,0,0,0,1,0,0,0,0,0,0,0,1,1,1,1,1,1,1,1,1,1,0,0,0,0,0,0,0,0,0,3,1,1,0,0,0,0,0,0,0,0,1,1,1,0,0,1,1,0,0,0,0,2,1,0,1,0,0,1,0,0
syn_aggregate_00376,21,2.0,2,2,1,1,1,0,1,0,0,0,0,0,0,0,0,0,0,0,0,1,1,0,1,1,1,1,1,1,1,2,3,2,2,2,1,2,2,1,1,2,1,1,2,1,1,0,1,0,1,1,1,1,1,1,1,1,1,1,2,0,2,1,0,1,1,0,1,1,0
syn_aggregate_00377,19,2.0,1,1,0,0,0,0,0,0,0,2,3,2,1,2,2,3,2,3,2,2,3,2,3,2,2,2,2,2,2,2,3,2,2,2,2,2,2,1,1,1,1,0,1,1,0,0,0,0,0,0,0,0,0,0,1,0,0,0,0,0,1,1,0,1,0,0,1,0,0
syn_aggregate_00378,22,1.0,0,0,0,0,0,0,0,0,0,0,0,0,0,0,0,0,0,0,0,0,0,0,0,0,0,0,0,0,2,0,0,0,0,0,0,0,2,0,0,1,0,0,0,0,0,0,0,0,0,0,0,0,0,0,0,0,0,2,0,0,1,1,0,1,0,0,0,0,0
syn_aggregate_00379,28,1.0,1,1,1,1,0,0,0,0,0,0,0,0,0,0,1,0,2,0,0,0,0,0,0,0,0,0,0,0,0,0,0,0,0,0,0,0,0,0,0,0,0,0,0,0,0,0,0,0,0,0,0,0,0,0,0,0,0,1,2,0,0,0,0,0,0,0,0,0,0
syn_aggregate_00380,19,2.0,3,3,2,2,1,1,1,0,0,1,1,1,0,1,1,1,0,1,1,1,1,0,1,0,0,1,0,1,1,0,0,0,0,0,0,0,1,0,0,1,0,0,1,0,0,0,0,0,0,1,1,0,0,0,0,0,0,0,0,0,2,2,0,1,0,0,0,1,1
syn_aggregate_00381,48,1.0,2,2,2,2,1,1,1,0,0,0,0,0,0,0,0,0,0,4,0,0,1,0,0,0,0,0,1,0,0,1,2,1,1,1,1,1,2,1,1,0,0,0,0,0,0,0,0,0,0,1,1,1,0,1,1,1,1,1,1,0,2,2,0,2,0,0,1,1,0
syn_aggregate_00382,18,2.0,1,0,0,0,1,0,0,0,1,0,1,0,0,0,0,0,0,0,0,0,0,0,0,0,1,0,0,0,0,0,0,0,0,0,0,0,0,0,0,0,0,0,0,0,0,0,1,1,0,0,0,0,0,0,0,0,0,0,1,0,1,1,0,1,1,1,1,1,0
syn_aggregate_00383,20,1.0,1,2,1,2,1,1,1,0,0,0,0,0,0,0,0,0,0,0,0,3,3,3,3,3,4,3,3,2,3,0,2,2,1,2,1,1,1,1,0,1,1,1,1,0,1,0,0,0,3,2,3,2,2,2,2,3,2,2,2,2,4,3,2,3,2,3,3,3,2
syn_aggregate_00384,19,2.0,1,0,0,0,0,0,0,0,0,0,0,0,0,0,0,0,0,0,3,2,2,1,2,2,2,2,1,1,2,0,1,0,0,1,0,1,0,0,0,1,1,1,1,1,1,0,0,0,0,0,0,0,0,0,0,1,0,0,0,0,0,0,0,0,0,0,1,2,0
syn_aggregate_00385,20,2.0,1,1,0,1,0,0,0,0,0,0,0,0,0,0,0,0,0,0,0,0,0,1,0,0,1,0,0,0,0,0,1,1,0,1,0,0,0,0,0,0,0,0,0,0,0,0,2,0,0,0,1,0,0,0,0,0,0,0,0,0,0,0,0,0,0,0,0,0,0
syn_aggregate_00386,48,2.0,2,2,1,1,0,1,0,0,0,0,0,0,0,0,0,0,0,0,0,0,0,0,0,0,0,0,0,0,0,0,0,0,0,0,0,0,0,0,0,0,0,0,0,0,0,0,0,0,0,0,0,0,0,0,0,0,0,0,0,0,0,0,0,0,0,0,0,0,1
syn_aggregate_00387,20,2.0,1,1,0,1,1,0,1,0,0,0,0,0,0,1,0,1,0,1,0,0,0,0,0,0,0,0,0,0,0,0,0,0,0,0,0,0,0,0,4,0,0,0,0,0,0,0,0,1,0,0,0,0,0,0,0,0,0,1,2,0,1,1,0,1,0,0,1,0,1
syn_aggregate_00388,20,1.0,1,2,0,1,0,0,0,0,0,0,0,0,0,0,0,0,0,0,0,0,0,0,0,0,0,0,0,0,3,0,1,0,0,0,0,0,0,1,0,0,0,0,0,0,0,0,0,0,0,0,0,0,0,0,0,0,1,0,2,0,1,0,0,0,0,0,0,0,0
syn_aggregate_00389,20,1.0,1,1,0,1,0,1,0,0,0,0,0,0,0,0,0,0,0,0,2,1,2,1,1,1,2,1,1,2,1,0,0,0,0,0,0,0,1,0,0,1,1,0,1,0,0,0,0,0,0,0,0,0,0,0,0,2,0,0,0,0,2,2,0,2,1,0,2,1,1
syn_aggregate_00390,19,2.0,1,2,1,2,1,0,1,0,0,2,3,3,2,2,2,2,3,2,3,1,1,2,1,1,2,1,1,1,2,1,2,1,1,1,1,1,1,2,1,2,2,2,2,2,2,2,2,2,2,1,1,1,1,1,1,1,1,2,0,0,2,3,1,3,1,2,2,1,2
syn_aggregate_00391,20,2.0,2,3,2,2,2,2,1,1,1,1,1,0,0,0,0,0,0,0,0,2,2,2,2,1,2,2,2,2,1,1,2,1,1,2,1,1,1,1,1,2,2,1,2,1,1,1,1,1,1,1,2,2,1,1,2,1,1,1,1,0,2,2,0,2,1,0,2,1,0
syn_aggregate_00392,19,1.0,1,1,1,1,1,1,0,0,0,1,1,1,1,1,0,0,0,0,0,1,1,1,0,0,1,1,0,0,1,0,1,1,0,1,1,0,1,1,0,0,0,0,0,0,0,0,0,0,1,1,1,1,1,1,1,1,1,1,1,0,1,0,0,0,0,0,0,0,0
syn_aggregate_00393,19,2.0,0,0,1,0,0,0,0,0,0,0,0,0,0,0,0,0,0,0,0,1,1,1,1,0,1,0,0,1,1,0,1,1,0,1,0,1,0,1,0,0,0,0,0,0,2,0,0,0,0,1,1,1,1,1,1,1,1,1,1,0,1,1,0,1,0,1,1,0,1
syn_aggregate_00394,48,2.0,0,0,0,0,0,0,0,0,0,0,0,0,0,0,0,0,0,0,0,1,1,1,0,1,1,0,1,0,0,0,0,0,0,1,0,0,0,0,1,0,0,0,0,0,0,0,0,0,1,0,0,0,0,0,0,0,0,1,3,0,0,0,0,0,0,0,0,0,0
syn_aggregate_00395,20,2.0,3,3,2,3,2,3,2,2,2,1,1,1,1,2,1,1,1,1,2,4,4,4,4,4,4,4,3,4,3,2,3,3,2,2,2,3,2,2,1,4,4,4,4,3,4,3,3,3,4,2,2,2,2,1,1,1,1,1,2,2,3,3,2,3,2,2,3,2,2
syn_aggregate_00396,19,2.0,0,0,0,0,0,0,0,0,0,0,0,1,0,0,0,0,0,0,0,1,1,0,1,0,1,0,0,2,0,0,0,0,0,0,0,0,0,0,2,0,0,0,0,0,0,0,0,0,0,0,0,0,0,0,1,1,0,0,0,0,1,1,0,0,0,0,0,0,0
syn_aggregate_00397,51,2.0,2,2,1,2,0,0,1,0,0,0,0,0,0,0,0,0,1,2,0,0,1,0,0,0,0,0,0,0,0,0,1,1,0,1,0,1,1,0,0,1,0,0,1,0,0,0,0,0,0,1,1,0,0,0,2,1,1,0,0,0,2,1,0,2,1,1,1,1,1
syn_aggregate_00398,21,1.0,0,1,0,1,0,0,0,0,0,0,0,0,0,0,0,0,0,0,2,0,0,0,0,0,0,0,0,2,0,1,1,1,1,1,1,0,1,1,0,0,0,0,0,1,0,0,0,0,0,0,0,0,0,0,0,0,0,0,2,0,0,0,0,0,1,0,2,0,0
syn_aggregate_00399,21,2.0,1,2,1,1,0,1,0,0,0,0,0,0,0,0,0,0,0,0,2,0,0,0,0,0,4,0,0,0,0,0,0,0,0,0,0,0,0,0,2,0,0,0,0,0,0,0,0,0,2,0,0,0,0,0,0,0,0,0,0,0,0,0,0,0,0,0,0,0,0
syn_aggregate_00400,19,2.0,1,2,1,2,0,0,0,0,0,0,0,0,0,0,0,0,0,1,0,0,0,0,0,0,0,0,0,0,3,0,0,0,0,0,0,0,0,0,2,0,0,0,0,0,1,0,0,0,0,0,0,0,0,0,0,2,0,0,0,0,0,0,0,0,0,0,0,0,0
syn_aggregate_00401,22,2.0,2,2,1,1,0,0,1,0,0,0,0,0,0,0,0,0,0,2,0,1,2,1,1,1,2,1,0,1,2,1,1,1,2,1,2,1,1,1,0,0,0,0,0,0,0,0,0,0,0,0,0,0,0,0,0,0,0,2,0,0,1,1,0,1,0,0,1,0,0
syn_aggregate_00402,19,2.0,1,2,1,1,0,0,0,0,0,0,0,0,0,0,0,0,0,1,0,1,1,1,0,0,0,1,0,1,1,0,1,0,0,0,0,0,0,0,1,0,0,0,0,0,0,0,1,0,0,0,0,0,0,0,0,0,0,0,0,0,0,0,0,0,0,0,0,3,0
syn_aggregate_00403,19,2.0,2,2,1,2,0,1,1,0,0,0,0,0,0,0,0,0,0,4,0,0,1,0,0,0,0,0,0,0,0,0,1,1,1,1,0,0,0,0,0,0,0,0,0,0,1,0,1,0,0,1,1,1,1,1,1,1,1,0,0,0,1,0,0,1,0,0,0,0,0
syn_aggregate_00404,20,1.0,2,2,1,1,0,0,0,0,0,0,0,0,0,0,0,0,0,0,0,1,1,0,1,0,0,0,0,0,0,0,0,0,0,0,0,0,0,0,4,0,0,0,0,0,0,0,0,0,0,0,0,0,0,0,0,0,0,0,0,0,0,0,0,4,0,0,0,0,0
syn_aggregate_00405,19,2.0,1,0,0,0,0,0,0,0,0,0,0,0,0,1,0,0,0,0,0,0,0,0,0,0,0,0,0,0,0,0,0,0,0,0,0,0,0,0,3,0,0,0,0,0,0,0,0,0,0,0,0,0,0,0,0,0,0,0,0,1,2,1,1,2,1,1,2,1,0
syn_aggregate_00406,19,1.0,0,1,0,0,0,0,0,0,0,0,0,0,0,0,0,0,0,0,0,0,0,0,0,0,0,0,0,0,2,1,1,1,1,1,1,0,1,0,0,0,0,0,0,0,0,0,0,0,3,0,0,0,0,0,0,0,0,1,0,0,2,1,0,1,0,0,1,1,3
syn_aggregate_00407,19,2.0,0,0,1,1,0,0,1,0,0,0,0,0,0,0,0,0,0,3,0,0,0,0,0,0,0,0,0,0,0,0,0,0,0,0,0,0,0,0,0,0,0,0,0,0,0,0,0,0,0,0,0,0,0,0,0,0,0,0,0,0,1,0,0,0,0,0,0,0,0
syn_aggregate_00408,20,2.0,0,0,0,0,0,0,0,0,0,0,0,0,0,0,0,0,0,0,0,0,0,0,0,0,0,0,0,0,0,0,0,0,0,0,0,0,0,0,0,0,0,0,0,0,0,0,0,0,0,0,0,0,0,0,0,0,0,0,0,0,1,0,0,0,0,0,0,0,0
syn_aggregate_00409,20,2.0,1,1,1,1,1,0,1,0,1,0,0,1,0,0,0,0,0,1,0,1,1,0,2,1,2,1,0,1,4,1,2,1,1,1,0,1,1,0,0,2,1,1,2,0,0,0,0,1,1,1,1,1,0,1,0,1,1,0,0,0,1,1,0,1,0,0,1,1,0
syn_aggregate_00410,20,2.0,3,3,2,3,2,1,1,0,0,1,1,2,1,1,1,0,1,0,0,2,2,1,2,1,2,1,1,1,0,2,3,2,2,2,2,2,2,2,1,2,2,1,2,1,1,1,0,1,1,1,1,1,1,1,2,1,1,1,1,1,3,3,0,2,2,2,2,2,3
syn_aggregate_00411,20,2.0,2,3,2,2,1,1,0,0,0,1,1,1,1,1,1,0,0,1,1,1,1,0,1,0,1,0,1,0,0,1,2,2,1,1,1,1,1,0,0,0,0,0,0,0,2,0,0,0,0,1,1,1,1,1,0,0,0,0,0,0,2,1,0,2,0,0,1,0,0
syn_aggregate_00412,18,2.0,0,1,0,1,0,0,1,0,0,1,2,1,0,2,1,2,1,1,0,0,0,0,0,0,3,0,0,0,0,1,1,1,1,1,1,1,1,1,1,1,0,0,1,0,0,0,0,0,0,0,0,0,0,0,0,0,0,0,3,0,2,2,0,2,1,1,1,1,0
syn_aggregate_00413,19,2.0,2,3,2,2,1,1,1,0,0,0,0,1,0,0,0,0,0,0,0,0,1,0,0,0,0,0,0,1,0,0,0,0,0,0,0,0,0,0,4,0,0,0,0,0,0,0,0,0,0,1,2,1,1,1,2,1,1,1,2,0,1,0,0,0,0,0,0,0,0
syn_aggregate_00414,20,2.0,2,2,1,2,1,0,1,0,0,1,1,1,1,1,1,0,0,0,0,2,2,2,3,2,2,2,3,2,2,2,3,3,2,3,2,2,2,2,1,1,1,1,1,1,1,0,0,0,0,0,1,0,0,0,0,0,0,0,0,1,3,2,1,2,1,2,2,2,1
syn_aggregate_00415,35,2.0,1,0,0,0,0,0,0,0,0,0,0,0,0,0,0,0,0,0,0,1,1,0,1,0,1,0,0,0,1,0,0,0,0,0,0,0,0,0,0,0,0,0,0,0,0,0,0,1,0,0,0,1,0,0,0,0,0,0,0,0,2,1,0,1,0,0,1,0,0
syn_aggregate_00416,19,2.0,2,3,3,3,2,2,3,2,1,1,2,1,1,1,1,1,1,2,1,3,3,3,4,3,4,3,3,3,2,1,2,2,1,1,1,1,2,1,2,1,0,0,1,0,0,0,0,1,0,1,1,1,0,1,1,1,0,1,1,1,3,2,1,2,2,1,2,2,1
syn_aggregate_00417,23,1.0,0,2,0,1,0,0,0,0,0,0,0,0,0,0,0,0,0,0,1,1,1,0,1,1,1,0,0,0,0,0,0,0,0,0,0,0,0,2,0,1,1,1,1,0,0,0,0,0,0,0,0,0,0,0,0,0,0,0,0,0,1,0,0,0,0,0,0,1,0
syn_aggregate_00418,20,2.0,1,2,1,2,1,1,1,0,0,0,0,0,0,0,0,0,0,0,0,1,1,1,1,1,1,1,0,1,1,0,1,1,0,1,0,1,1,0,0,0,0,0,0,0,0,0,0,0,1,0,0,0,0,0,0,0,0,3,0,0,1,1,0,1,0,0,1,1,0
syn_aggregate_00419,,2.0,0,1,0,0,0,0,0,0,0,0,0,1,0,1,0,0,1,0,0,3,2,2,3,2,2,1,2,2,2,2,3,3,2,2,2,2,3,2,2,1,1,0,1,1,1,1,1,0,0,2,2,1,2,1,2,1,2,1,1,1,2,2,0,1,0,0,0,0,0
syn_aggregate_00420,26,2.0,2,2,1,1,1,0,1,0,0,0,1,0,0,0,0,0,0,0,0,0,0,0,0,0,0,0,0,0,0,1,2,2,1,1,2,1,1,1,1,0,0,0,0,0,0,0,0,0,1,0,0,0,0,0,0,0,0,1,0,0,2,1,0,2,0,0,1,1,1
syn_aggregate_00421,19,2.0,1,2,1,1,0,1,1,0,0,0,0,0,0,0,0,0,0,0,0,1,1,1,1,0,1,0,1,0,0,0,0,0,0,0,0,0,0,0,2,0,0,0,0,1,0,0,0,0,0,0,0,0,0,0,0,0,0,0,4,0,1,0,0,0,0,0,1,0,0
syn_aggregate_00422,20,2.0,1,1,1,0,0,0,0,0,0,0,0,1,0,0,0,0,1,0,0,0,0,0,0,0,0,0,0,0,0,1,1,1,0,1,0,1,1,0,0,0,0,0,0,0,0,0,0,2,0,0,0,0,0,0,0,0,1,0,1,0,1,1,0,1,1,1,1,1,0
syn_aggregate_00423,22,2.0,2,2,1,2,1,1,0,0,0,0,1,1,0,0,1,0,1,0,0,1,1,1,1,1,1,1,0,0,0,1,1,1,0,1,0,1,1,0,1,0,0,1,0,0,4,0,0,0,0,1,1,1,1,1,1,1,1,0,0,0,2,1,0,2,0,0,1,0,0
syn_aggregate_00424,19,2.0,0,1,0,2,0,0,1,0,0,0,0,0,0,0,0,0,0,0,0,0,0,0,0,0,0,0,0,0,3,1,1,1,1,1,1,1,1,1,1,0,0,0,0,1,0,2,0,0,0,0,0,0,0,1,0,0,0,0,0,0,2,1,1,1,1,1,2,1,0
syn_aggregate_00425,19,2.0,0,1,0,1,0,0,0,0,0,0,0,0,0,0,0,0,0,0,1,0,0,0,0,0,0,0,0,0,2,0,1,1,0,0,0,0,1,0,0,0,0,0,0,0,1,0,0,0,0,0,0,0,0,0,0,1,1,0,0,0,1,0,0,0,0,0,1,0,0
syn_aggregate_00426,51,2.0,2,2,2,2,1,1,1,0,1,1,2,1,0,1,1,0,1,1,0,0,0,0,1,0,0,0,0,0,1,1,2,1,1,1,1,1,1,1,1,1,1,1,1,1,0,1,0,1,3,1,2,1,2,2,2,1,1,1,1,0,3,2,0,3,2,2,2,2,1
syn_aggregate_00427,19,1.0,0,1,0,0,0,0,0,0,0,0,0,0,0,0,0,0,0,0,0,1,0,0,0,0,0,0,0,0,0,0,1,0,0,0,1,0,0,0,0,0,0,0,0,0,0,0,0,0,0,0,0,0,0,0,0,0,0,0,0,0,1,0,0,0,0,0,0,0,2
syn_aggregate_00428,19,1.0,3,3,2,2,2,2,1,0,0,1,2,1,1,1,1,0,1,1,1,1,1,1,1,0,1,1,0,1,0,2,3,2,2,2,2,2,3,2,2,2,1,1,2,1,1,1,1,1,1,1,1,1,0,1,1,1,0,1,1,1,3,3,2,3,2,2,2,2,2
syn_aggregate_00429,20,2.0,3,3,0,2,0,0,1,0,0,2,3,3,2,3,2,2,3,2,3,0,2,1,1,0,2,0,0,0,0,1,2,2,1,1,1,1,1,1,1,1,1,1,1,1,0,0,1,1,1,2,2,1,1,1,1,2,1,1,2,1,2,2,1,2,2,2,2,2,1
syn_aggregate_00430,20,1.0,2,2,1,1,1,0,1,1,0,1,1,1,0,1,0,1,1,0,0,1,2,1,1,1,2,1,1,1,1,1,1,1,1,1,1,1,2,1,1,1,1,0,1,0,0,0,0,0,0,1,2,2,1,1,2,1,0,0,4,0,2,2,0,2,1,1,1,2,0
syn_aggregate_00431,19,2.0,0,0,0,0,0,0,0,0,0,0,0,0,0,0,0,0,0,1,2,1,1,1,0,1,0,0,0,0,0,0,0,0,0,0,0,0,0,0,4,0,0,0,1,0,0,0,0,0,0,1,1,1,1,1,1,1,1,1,1,0,0,0,0,0,0,0,0,0,4
syn_aggregate_00432,19,1.0,0,1,0,1,0,0,2,0,1,1,2,1,1,1,1,0,1,1,2,1,1,1,2,1,1,2,1,1,0,0,1,0,0,1,0,0,0,0,0,2,1,1,2,1,1,1,1,1,1,0,1,1,0,0,1,1,0,2,0,2,3,3,2,3,2,2,3,2,1
syn_aggregate_00433,28,2.0,1,1,0,1,0,1,1,0,0,0,0,0,0,0,0,0,0,2,0,1,1,0,1,0,0,0,0,0,0,1,2,1,1,1,0,1,1,0,0,0,0,0,0,0,0,0,0,0,0,0,1,0,0,0,0,0,1,0,0,0,0,1,0,2,0,0,0,0,0
syn_aggregate_00434,39,2.0,2,3,2,2,1,1,1,0,0,0,0,0,0,0,0,0,0,0,4,1,1,2,2,0,2,1,0,1,4,2,3,2,2,2,2,2,3,1,1,2,2,2,2,2,1,2,1,2,3,2,1,0,0,0,0,0,0,0,0,0,2,2,0,2,1,1,1,1,0
syn_aggregate_00435,20,2.0,1,1,1,1,1,1,0,0,0,0,0,0,0,1,0,0,0,0,3,0,0,0,0,0,1,1,1,0,0,1,3,2,2,2,2,2,2,1,0,0,0,0,0,0,0,0,0,0,0,1,1,1,0,0,1,1,0,1,0,0,1,1,0,1,0,0,1,1,0
syn_aggregate_00436,19,2.0,0,1,0,0,0,0,0,0,0,0,0,0,0,0,0,0,0,0,3,0,0,0,0,0,0,0,1,0,0,0,1,0,0,0,0,0,0,0,0,0,1,0,0,0,0,0,1,0,0,1,2,1,0,1,2,1,0,1,2,0,0,0,0,0,0,0,0,0,0
syn_aggregate_00437,20,2.0,0,0,0,0,0,0,0,0,0,0,0,0,0,0,0,0,0,0,0,0,0,0,0,0,0,0,0,0,0,0,0,0,0,0,0,0,0,0,0,0,0,0,0,0,0,0,0,0,0,0,0,0,0,0,0,0,0,0,0,0,0,0,0,0,0,0,0,0,0
syn_aggregate_00438,21,1.0,3,3,2,3,0,2,0,0,0,1,2,1,1,1,1,1,1,1,1,0,0,0,0,0,0,0,0,0,0,0,1,1,0,1,0,1,1,1,0,0,0,0,1,0,0,0,0,0,0,0,1,0,0,1,0,0,0,0,0,0,1,0,0,0,0,0,0,0,0
syn_aggregate_00439,20,2.0,3,3,2,3,2,2,2,1,1,0,1,0,0,1,0,0,0,0,0,1,2,1,1,2,1,1,1,1,0,0,1,1,0,1,0,1,0,0,2,0,0,0,0,1,0,0,0,0,0,0,0,0,0,0,0,0,0,2,0,0,1,1,0,1,0,0,0,1,1
syn_aggregate_00440,33,1.0,2,2,1,2,1,1,1,1,0,1,2,2,1,1,1,1,1,1,2,3,4,3,4,3,3,3,3,3,3,0,1,1,0,1,0,1,1,0,0,0,0,0,1,0,0,0,1,0,0,1,2,1,1,1,1,1,1,1,1,0,1,1,0,1,1,0,1,1,0
syn_aggregate_00441,36,2.0,1,2,1,2,1,1,1,0,0,2,2,2,2,2,2,2,2,2,2,1,1,1,2,1,2,1,1,2,1,0,1,2,1,1,0,2,1,0,0,0,0,0,1,0,0,1,0,1,0,1,1,1,1,0,1,2,1,0,3,0,1,0,0,0,0,0,0,0,0
syn_aggregate_00442,45,2.0,0,1,0,0,0,0,0,0,1,0,0,1,0,0,0,0,0,0,0,1,1,0,1,0,1,0,0,0,2,0,1,1,0,1,1,1,1,1,0,0,0,1,0,0,0,0,0,0,0,0,1,0,0,0,0,0,0,0,0,0,0,1,0,0,0,0,0,0,0
syn_aggregate_00443,20,2.0,2,2,1,2,1,0,0,0,0,0,0,1,0,0,0,0,0,0,2,0,0,0,0,1,0,0,0,0,3,1,2,2,1,1,1,2,1,1,2,0,0,0,0,0,0,0,0,0,1,0,0,0,0,0,0,0,0,1,2,0,2,1,0,2,0,0,1,1,0
syn_aggregate_00444,47,1.0,2,2,2,1,0,1,0,0,0,0,0,0,0,1,1,0,0,0,0,0,0,0,0,0,0,0,0,0,4,1,1,1,1,1,1,1,1,0,0,0,0,0,1,0,0,0,0,0,0,1,2,1,0,1,1,1,1,1,2,0,1,1,1,2,1,0,1,1,0
syn_aggregate_00445,19,2.0,1,1,0,1,0,0,0,0,0,0,1,0,0,0,1,0,0,0,0,1,2,1,2,1,2,1,1,1,2,0,0,0,0,0,0,0,1,0,0,0,1,0,0,0,0,0,0,0,0,0,1,0,0,0,0,0,0,0,0,0,1,1,0,1,0,0,1,0,0
syn_aggregate_00446,21,2.0,2,2,1,2,1,1,0,0,0,0,1,0,0,0,0,0,0,0,0,0,0,0,0,0,1,1,0,0,0,0,0,0,0,0,0,0,0,0,0,1,1,1,1,1,0,1,0,2,0,1,1,1,0,1,1,1,0,1,1,0,1,0,0,1,0,0,0,0,0
syn_aggregate_00447,49,1.0,2,2,2,2,1,0,0,0,0,1,1,1,0,0,0,0,0,0,0,0,1,1,1,1,1,1,0,1,1,1,2,1,1,2,1,1,1,1,0,2,2,1,2,1,1,0,0,0,2,0,0,0,1,0,0,0,0,0,0,0,2,1,0,2,0,0,1,1,0
syn_aggregate_00448,18,1.0,1,2,1,1,0,0,0,0,0,0,0,1,0,0,0,0,0,0,0,1,1,0,1,1,1,1,1,0,0,1,2,2,1,1,1,1,2,1,1,0,1,0,1,0,0,0,0,0,0,0,0,0,0,0,0,4,0,0,0,0,1,1,0,1,1,0,0,0,0
syn_aggregate_00449,36,2.0,2,2,1,2,0,1,0,0,0,0,0,0,0,0,0,0,0,4,0,1,1,1,1,0,1,0,0,1,0,0,1,0,0,0,0,0,0,0,2,0,0,0,0,0,0,0,0,0,3,0,0,0,0,0,0,0,0,0,0,0,1,0,0,0,0,0,1,0,0
syn_aggregate_00450,22,1.0,1,0,0,0,0,0,0,0,0,0,0,0,0,0,0,0,0,0,0,0,0,0,0,0,0,0,0,0,2,0,0,0,0,0,0,0,2,0,0,0,0,0,0,0,0,0,0,0,0,0,0,0,0,0,0,0,0,0,3,0,0,0,0,0,0,0,2,0,0
syn_aggregate_00451,19,2.0,3,3,2,3,2,2,2,1,1,1,2,1,1,1,1,1,1,2,1,1,1,1,2,1,2,0,1,1,0,1,2,1,1,1,1,1,2,1,1,1,1,0,1,0,1,0,0,1,0,1,2,1,1,1,2,1,1,2,1,0,2,1,0,1,0,0,1,0,0
syn_aggregate_00452,33,2.0,1,1,1,1,1,0,0,0,0,1,1,1,0,1,1,0,1,1,2,0,0,0,0,0,0,0,0,0,4,1,2,1,1,1,1,1,1,0,2,0,1,0,0,0,0,0,0,0,0,0,0,0,0,4,0,0,0,0,0,0,0,0,0,0,0,0,0,0,4
syn_aggregate_00453,19,2.0,2,2,1,1,1,1,0,0,0,0,0,0,0,0,0,0,0,2,0,2,2,2,1,2,1,1,1,1,1,1,1,1,0,1,0,1,1,0,0,3,3,3,3,3,2,3,2,3,3,1,1,1,1,2,1,1,1,2,2,0,2,2,0,1,1,1,1,0,0
syn_aggregate_00454,21,1.0,1,1,1,1,1,1,0,0,1,0,0,0,0,0,0,0,0,0,2,0,0,0,0,0,2,0,0,0,0,0,0,0,0,0,0,0,0,0,4,0,0,0,0,0,0,0,0,1,0,0,0,0,0,0,0,0,0,0,4,0,0,0,0,0,0,0,0,0,0
syn_aggregate_00455,21,2.0,2,2,1,1,1,0,0,0,0,0,0,0,0,3,0,0,0,0,0,0,0,0,0,0,1,0,0,0,0,0,0,0,0,0,0,0,1,1,0,0,0,0,0,0,0,0,0,0,0,0,0,0,0,0,0,0,0,0,0,0,1,0,0,1,0,0,0,1,0
syn_aggregate_00456,19,2.0,1,1,0,1,0,0,0,0,0,0,1,0,0,1,0,0,0,1,0,1,1,1,1,1,1,0,0,1,0,0,1,0,0,0,0,0,1,0,0,1,0,0,1,0,0,0,0,0,0,1,1,1,1,0,1,1,0,0,1,0,0,0,0,0,0,0,0,3,0
syn_aggregate_00457,18,1.0,1,2,1,1,0,1,0,0,0,0,0,0,0,0,0,0,0,0,0,1,1,1,1,0,1,0,1,0,1,0,1,0,0,0,0,0,0,0,0,0,0,0,0,0,0,0,0,0,0,0,0,0,0,0,0,0,0,1,0,0,1,0,0,0,0,0,0,1,0
syn_aggregate_00458,22,2.0,0,1,0,1,0,1,1,0,0,0,0,0,0,0,0,0,0,0,0,0,0,0,0,0,1,0,0,0,0,0,0,0,0,0,0,0,0,0,0,0,0,0,0,0,0,0,0,1,0,0,0,0,0,0,0,0,0,0,1,0,1,0,0,0,0,0,0,0,0
syn_aggregate_00459,19,2.0,2,2,1,1,1,1,1,0,0,0,0,0,0,0,0,0,0,0,2,0,1,0,0,0,1,0,0,1,0,2,3,2,2,2,2,2,2,2,1,1,0,0,0,0,0,0,0,0,0,1,1,1,1,1,0,1,0,1,1,0,2,2,0,1,1,0,2,1,0
syn_aggregate_00460,19,2.0,3,3,2,2,1,1,1,0,0,0,0,0,0,0,0,1,0,1,0,1,1,1,1,1,2,1,1,1,1,1,1,2,1,1,1,2,1,1,1,0,0,0,0,0,1,0,0,1,0,1,1,1,1,1,0,0,0,0,0,0,2,1,0,2,0,0,1,0,0
syn_aggregate_00461,46,2.0,1,1,0,1,0,0,1,0,2,0,0,1,0,0,0,0,0,0,0,0,0,0,0,0,0,0,0,0,0,0,1,0,0,0,0,1,0,0,0,0,0,0,0,0,0,0,0,1,0,0,0,1,0,0,0,0,0,0,0,0,1,1,0,1,0,0,1,0,0
syn_aggregate_00462,22,1.0,1,2,2,3,2,0,1,0,0,0,0,1,0,1,0,0,0,0,0,0,0,0,0,0,0,0,0,1,0,0,0,0,0,0,0,0,0,0,0,0,0,0,0,0,0,0,0,0,0,0,1,0,0,1,0,0,0,0,0,0,0,1,0,0,0,0,0,0,0
syn_aggregate_00463,44,2.0,1,2,1,1,0,1,0,0,0,0,0,0,0,0,0,0,0,3,0,1,1,1,1,1,1,1,1,1,1,0,0,0,0,0,0,0,3,0,0,0,0,0,0,0,0,0,0,0,0,1,2,1,1,1,2,1,1,1,1,0,1,0,0,0,0,0,0,0,0
syn_aggregate_00464,18,2.0,1,2,2,1,1,1,1,0,0,1,1,1,1,1,0,0,0,1,0,2,3,2,3,2,2,2,2,1,2,1,2,2,1,1,1,1,1,1,1,3,2,2,3,2,2,1,1,1,4,1,2,1,1,1,0,0,0,1,0,0,2,2,0,2,1,0,1,0,1
syn_aggregate_00465,35,2.0,2,2,1,2,1,1,1,0,0,3,4,4,3,3,4,2,3,3,3,1,1,0,1,1,1,0,0,0,0,0,0,0,0,1,0,0,0,0,0,2,1,1,2,0,0,0,0,0,0,0,1,1,0,1,1,1,0,1,1,0,2,2,0,2,1,1,1,1,0
syn_aggregate_00466,21,2.0,1,1,0,0,0,0,0,0,0,0,0,0,0,0,0,0,0,2,0,0,0,0,0,0,0,0,0,0,0,0,0,0,0,0,0,0,0,0,0,0,0,0,0,0,0,0,0,0,1,0,0,0,0,0,0,0,0,0,0,0,0,0,0,0,0,0,0,0,0
syn_aggregate_00467,39,1.0,0,1,0,0,0,0,0,0,0,0,0,1,0,0,0,0,0,0,0,1,1,1,1,1,1,1,1,1,2,0,0,0,0,0,0,0,0,3,0,2,2,1,2,1,1,1,0,0,0,1,1,1,1,1,1,2,1,1,1,0,1,1,0,1,0,0,1,1,1
syn_aggregate_00468,19,1.0,0,0,0,1,0,0,0,0,0,0,0,0,0,0,0,0,0,0,3,3,3,2,3,3,2,2,2,2,2,1,1,1,0,0,0,0,0,0,0,0,0,0,0,0,0,0,0,0,3,0,0,0,0,0,1,1,0,0,0,0,0,0,0,0,0,0,0,0,0
syn_aggregate_00469,22,1.0,1,1,1,1,0,0,0,0,0,0,0,0,0,0,0,0,0,0,0,2,1,1,1,2,2,1,1,1,2,0,1,1,0,1,1,1,1,1,0,1,1,1,1,0,0,0,1,0,0,1,2,1,0,1,2,1,1,1,0,0,2,2,0,2,1,1,1,2,0
syn_aggregate_00470,20,2.0,1,1,1,1,1,1,1,0,0,0,0,1,0,0,0,0,0,0,0,0,0,0,0,0,1,0,0,0,0,1,1,1,0,1,0,1,1,0,0,2,2,2,2,2,2,2,2,2,2,1,1,1,1,1,0,1,0,1,0,0,1,1,0,1,1,0,1,1,0
syn_aggregate_00471,30,2.0,1,1,1,1,1,0,0,0,0,0,1,0,0,0,0,0,0,0,0,0,0,0,0,0,0,0,0,1,0,0,0,0,0,0,0,0,0,0,4,0,0,0,0,0,0,0,0,4,0,1,1,1,1,0,1,0,0,1,1,0,1,1,0,1,0,0,0,0,0
syn_aggregate_00472,22,1.0,1,2,1,1,1,0,0,0,0,0,0,0,0,0,0,0,0,3,0,3,2,2,2,3,2,2,2,2,3,1,2,2,1,1,1,1,2,1,1,1,0,0,1,0,0,0,0,0,1,2,3,2,2,3,2,3,2,2,1,0,2,2,0,2,1,1,2,1,0
syn_aggregate_00473,20,2.0,1,1,1,1,1,1,1,0,0,0,0,0,0,0,0,0,0,0,0,3,2,2,3,2,3,2,2,2,3,0,0,0,0,0,0,0,0,0,4,0,0,0,0,0,0,0,0,3,0,0,1,1,0,1,1,0,1,0,1,0,2,1,0,1,0,0,1,1,0
syn_aggregate_00474,33,2.0,2,3,2,2,0,2,0,0,0,1,1,1,0,1,0,1,1,0,0,2,3,2,3,2,2,2,2,1,2,1,2,1,2,1,1,1,1,1,1,1,0,0,1,0,0,0,0,1,0,0,0,0,0,0,0,0,0,0,4,0,2,2,0,2,0,0,2,2,0
syn_aggregate_00475,20,2.0,0,1,0,0,0,0,0,0,0,0,0,0,0,0,0,0,0,0,3,0,0,0,0,0,0,0,0,1,0,0,0,0,0,0,0,0,0,0,2,0,1,0,1,0,0,0,1,0,0,0,0,0,0,0,0,0,0,0,1,0,2,2,0,2,0,0,0,0,1
syn_aggregate_00476,26,2.0,2,2,1,1,1,0,1,0,0,0,1,0,0,1,1,0,0,1,0,1,2,0,1,1,1,0,1,1,0,1,2,1,1,1,1,1,1,1,1,1,1,1,1,1,1,1,1,1,1,0,0,0,0,0,0,0,0,0,4,1,3,3,1,3,2,2,3,2,3
syn_aggregate_00477,18,1.0,1,1,0,1,0,0,0,0,0,1,1,1,1,1,0,0,1,1,1,0,0,0,0,0,0,0,0,1,0,0,0,0,0,0,0,0,0,0,0,1,0,0,1,0,1,0,0,1,0,0,0,0,0,0,1,0,0,0,0,0,2,2,0,1,1,0,2,1,0
syn_aggregate_00478,38,2.0,1,1,1,1,2,1,1,0,0,1,1,1,0,1,1,0,1,1,0,0,0,0,0,1,0,0,1,0,0,0,0,0,0,0,0,0,0,0,0,1,1,1,2,1,0,2,1,1,1,1,1,0,1,1,1,1,0,0,0,0,1,1,0,1,0,0,0,0,0
syn_aggregate_00479,19,2.0,0,1,0,1,0,0,0,0,0,0,0,0,0,0,0,0,0,0,4,0,0,0,0,0,0,0,0,3,0,0,1,0,0,0,0,0,0,0,0,0,0,0,0,0,0,0,0,0,0,0,1,0,0,0,0,0,0,0,0,0,0,1,0,0,0,0,1,0,0
syn_aggregate_00480,21,1.0,2,2,1,1,1,0,1,0,0,0,0,0,0,0,0,0,0,0,0,2,2,1,2,1,1,1,1,1,1,0,0,0,0,0,0,0,0,0,0,0,0,0,0,0,0,0,1,1,0,0,0,0,0,0,0,0,0,1,0,0,1,0,0,0,0,0,0,0,0
syn_aggregate_00481,21,2.0,2,1,1,1,0,0,1,0,0,0,0,0,0,0,0,0,0,0,3,1,2,1,2,1,2,1,1,1,1,0,1,1,1,1,1,1,1,0,1,1,1,1,2,1,1,0,1,2,1,1,1,1,1,1,1,0,0,1,1,0,1,1,0,1,0,0,1,1,1
syn_aggregate_00482,22,2.0,2,2,1,1,0,0,0,0,1,0,0,0,0,0,0,0,0,0,0,1,0,0,0,0,0,0,0,0,0,0,0,0,0,0,0,0,0,0,4,1,1,1,1,1,1,0,0,1,1,0,0,0,0,0,2,0,0,0,0,0,2,2,0,1,1,0,1,0,0
syn_aggregate_00483,22,2.0,0,0,0,0,0,0,0,0,0,0,0,0,0,0,0,0,0,0,4,1,1,1,1,1,2,1,1,1,1,0,0,0,0,0,0,0,0,0,4,1,2,1,2,1,0,1,0,1,1,0,0,0,0,0,0,0,0,0,3,0,0,0,0,0,0,0,0,0,0
syn_aggregate_00484,18,2.0,2,2,1,2,1,0,0,0,0,1,1,1,0,0,0,0,1,1,0,1,1,1,1,0,0,0,0,0,0,1,1,1,1,1,2,1,1,0,1,0,0,0,0,0,0,0,0,0,4,1,1,1,1,1,0,1,1,1,0,1,1,0,0,1,1,0,0,0,0
syn_aggregate_00485,20,2.0,1,0,0,0,0,0,0,0,0,1,2,1,0,1,1,0,1,1,0,1,1,0,1,0,1,0,0,0,0,0,0,0,0,0,0,0,0,0,0,0,0,0,0,0,0,0,0,0,0,0,0,0,0,0,0,0,0,4,0,0,1,1,0,1,0,0,0,0,0
syn_aggregate_00486,45,2.0,3,3,2,2,1,2,1,0,0,0,0,0,0,0,0,0,0,0,4,1,1,1,0,0,1,1,0,1,0,0,1,1,0,1,0,1,1,1,0,0,0,0,0,0,0,0,0,0,0,0,1,0,0,0,0,0,0,0,0,0,2,1,0,1,0,0,1,1,1
syn_aggregate_00487,20,1.0,0,1,0,1,0,0,1,0,0,1,1,0,0,0,0,0,0,0,0,0,0,0,0,0,0,0,0,0,0,0,0,0,0,0,0,0,0,0,4,0,0,0,0,0,0,0,0,1,0,0,0,0,0,0,0,0,0,0,3,0,0,0,0,0,0,0,0,0,0
syn_aggregate_00488,18,2.0,2,2,1,2,1,0,0,0,0,0,0,0,0,0,0,0,0,0,1,1,1,1,2,1,1,0,1,2,2,0,1,1,0,0,1,0,1,0,2,0,0,0,0,0,0,0,0,2,0,0,1,1,0,0,1,0,0,0,0,0,1,1,0,0,0,0,0,2,0
syn_aggregate_00489,20,1.0,2,2,1,2,1,2,1,0,1,0,0,0,0,0,0,0,0,0,4,2,1,0,2,1,2,1,0,1,0,2,2,2,2,2,1,2,2,1,1,1,1,1,1,1,1,0,1,0,1,1,1,1,1,1,1,1,1,1,2,0,1,1,0,1,0,0,1,0,0
syn_aggregate_00490,20,1.0,2,2,1,1,0,0,0,0,0,1,1,1,1,1,1,1,1,1,1,4,4,4,4,4,3,4,3,3,3,1,2,2,1,1,2,1,1,1,2,1,1,1,2,1,1,1,1,1,1,1,2,1,1,1,2,1,1,0,0,0,2,2,0,2,1,1,2,1,1
syn_aggregate_00491,19,2.0,2,2,1,1,0,1,1,0,0,1,2,2,1,1,1,1,1,1,1,1,1,1,1,1,1,1,1,1,1,0,2,1,1,1,1,1,1,1,1,0,0,0,0,0,0,0,0,0,0,0,0,0,0,0,0,0,0,0,0,1,2,2,1,2,2,1,2,1,2
syn_aggregate_00492,21,2.0,1,1,1,1,0,0,0,0,0,0,0,0,0,0,0,0,0,0,2,0,1,0,0,0,1,0,0,0,0,0,0,0,0,0,0,0,0,2,0,1,0,0,0,0,0,0,1,1,0,0,0,0,0,0,0,0,0,0,1,0,0,0,0,0,0,0,0,0,0
syn_aggregate_00493,20,2.0,2,3,1,2,1,1,1,0,0,1,1,1,0,0,1,0,1,0,0,2,3,2,2,1,2,2,2,2,1,0,2,1,1,1,1,1,1,1,0,0,0,0,0,1,0,0,2,0,0,1,1,1,1,1,1,1,1,1,1,1,3,2,2,3,1,1,3,2,1
syn_aggregate_00494,29,1.0,3,3,3,3,2,3,2,1,2,1,2,2,1,2,1,1,1,1,1,0,0,0,0,0,0,0,0,0,0,3,4,4,3,3,3,3,3,3,2,2,1,1,1,1,1,1,1,1,1,1,2,1,1,1,2,1,0,0,3,1,3,3,1,3,2,2,2,2,1
syn_aggregate_00495,18,2.0,2,2,2,2,1,1,1,0,0,1,2,1,0,1,1,0,1,1,0,1,1,0,1,0,0,0,0,1,0,0,0,0,0,0,0,0,0,0,4,0,0,0,0,0,0,0,0,2,0,0,0,1,0,0,0,0,1,0,0,0,1,1,0,1,0,0,0,0,0
syn_aggregate_00496,19,1.0,1,1,1,2,1,1,1,0,1,0,0,0,0,0,0,0,0,0,4,1,2,1,1,1,1,1,0,1,0,0,0,0,0,1,0,0,0,0,1,1,1,0,1,0,0,0,0,0,0,0,0,0,0,0,0,0,0,0,4,0,0,0,0,1,0,0,0,0,0
syn_aggregate_00497,22,2.0,2,3,1,2,1,2,1,0,0,2,2,2,1,2,2,1,2,1,1,4,4,4,3,3,4,3,3,3,3,2,3,3,3,3,2,3,2,2,3,2,0,0,0,0,0,0,0,0,0,1,2,1,1,1,2,2,1,1,2,0,2,2,0,2,0,0,1,0,0
syn_aggregate_00498,19,2.0,1,1,1,1,1,0,0,0,0,0,0,0,0,0,0,0,0,0,0,1,1,0,0,0,1,1,0,0,0,0,1,1,1,1,0,0,0,0,1,0,0,0,0,0,0,0,0,0,0,0,0,0,0,0,2,0,0,0,0,0,1,1,0,1,0,0,0,0,0
syn_aggregate_00499,41,2.0,2,2,1,2,1,0,1,0,0,0,0,0,0,0,0,0,0,0,0,0,0,0,0,0,0,0,0,4,0,0,1,0,0,0,0,0,0,0,0,0,0,0,0,0,0,0,0,0,0,0,0,0,0,0,0,0,0,0,0,0,0,0,0,0,0,0,0,0,0
syn_aggregate_00500,18,2.0,3,3,2,2,1,2,1,0,1,0,0,0,0,0,0,0,0,0,1,2,1,1,2,1,2,0,0,0,0,2,2,2,2,1,1,2,2,1,2,0,0,0,0,0,0,0,0,1,1,0,0,0,0,0,0,0,0,4,0,1,3,3,2,2,2,2,2,2,2
syn_aggregate_00501,20,2.0,0,0,0,0,0,0,0,0,0,1,1,1,0,1,1,1,1,1,1,1,2,1,1,1,1,0,1,0,0,0,0,0,0,1,0,0,0,0,0,0,0,0,0,0,0,0,0,0,0,0,0,0,0,0,0,0,0,0,0,0,0,0,0,0,0,0,0,0,0
syn_aggregate_00502,20,2.0,2,2,1,2,1,0,1,0,0,1,2,1,1,1,1,1,0,1,1,2,2,1,2,1,1,2,0,1,1,1,2,2,1,2,1,1,1,2,2,2,2,2,2,1,1,1,1,0,1,1,2,1,1,1,2,1,1,1,1,0,2,1,0,1,0,0,1,1,1
syn_aggregate_00503,47,2.0,1,1,1,1,1,0,0,0,0,0,0,0,0,2,0,0,0,0,0,0,0,0,0,0,0,0,3,0,0,0,2,1,1,1,1,1,1,1,0,0,0,0,0,0,0,0,4,0,0,1,1,1,1,1,1,0,0,0,0,0,1,0,0,0,0,0,0,0,0
syn_aggregate_00504,22,1.0,2,2,1,1,0,1,1,0,1,1,1,1,0,1,1,1,1,1,0,1,2,1,1,1,1,1,1,1,0,1,1,1,0,1,1,0,1,0,0,1,0,0,2,0,0,0,0,0,0,0,0,0,0,0,0,0,0,0,4,0,2,2,0,1,0,0,2,1,2
syn_aggregate_00505,20,2.0,2,2,0,2,0,0,0,2,0,0,1,0,0,0,1,0,0,0,0,2,2,2,2,1,2,2,2,2,2,3,3,3,3,2,2,3,3,2,2,3,3,2,3,2,2,2,2,2,2,1,2,1,1,1,2,1,1,1,2,0,2,1,0,2,0,1,1,2,0
syn_aggregate_00506,18,2.0,1,1,0,0,0,0,0,0,0,0,1,0,0,0,1,0,0,0,0,1,1,1,1,1,1,1,2,1,1,1,2,1,1,1,1,1,2,1,1,1,1,1,1,1,0,0,0,0,0,0,0,0,0,0,1,1,0,0,0,0,2,2,0,2,1,1,2,1,0
syn_aggregate_00507,41,2.0,3,3,3,3,3,3,3,2,2,0,0,0,0,0,0,0,0,0,0,2,2,2,1,1,2,1,1,2,2,1,2,1,1,1,1,1,2,1,1,1,1,1,1,1,1,1,1,1,1,1,2,1,1,2,1,1,2,0,1,0,3,3,1,4,3,2,4,3,3
syn_aggregate_00508,19,2.0,2,2,1,2,1,1,1,0,0,1,1,2,1,1,1,0,1,1,0,1,1,0,1,1,1,0,0,1,1,2,3,3,2,2,2,2,3,2,2,1,1,0,0,0,0,0,0,0,0,0,0,0,0,0,0,0,0,4,0,0,1,1,0,1,1,0,1,1,1
syn_aggregate_00509,21,2.0,3,3,2,3,1,2,2,1,0,0,0,0,0,0,1,0,0,0,1,0,0,0,0,0,0,0,0,1,0,1,2,2,1,2,1,1,1,1,0,0,0,0,0,0,0,0,0,0,0,0,0,0,0,0,0,0,0,0,4,0,2,2,1,2,1,1,2,1,1
syn_aggregate_00510,21,1.0,0,0,0,0,0,0,0,0,0,0,0,0,0,0,0,0,0,2,0,0,0,0,0,0,0,0,0,0,1,0,1,1,0,1,0,1,1,0,0,0,0,0,0,0,1,0,0,0,0,1,1,1,0,0,1,0,0,0,2,1,3,2,1,2,1,1,2,2,1
syn_aggregate_00511,35,2.0,1,2,1,1,1,1,0,0,0,1,2,2,1,2,1,1,1,0,1,0,0,0,0,0,1,0,0,0,0,0,1,0,0,0,0,0,0,0,0,0,0,0,0,0,0,0,2,0,0,1,2,1,1,1,2,1,1,1,1,0,1,1,0,1,0,0,1,0,0
syn_aggregate_00512,20,2.0,2,3,3,3,2,3,2,1,1,0,0,0,0,0,0,0,0,0,4,2,2,2,3,2,3,2,1,2,2,2,3,3,2,2,2,2,2,2,3,0,0,0,0,0,0,0,0,0,3,1,2,1,1,1,2,1,1,1,1,0,2,2,0,2,0,0,2,2,0
syn_aggregate_00513,20,2.0,2,2,1,2,1,1,1,0,0,0,0,0,0,0,0,0,0,0,4,0,1,0,1,1,0,0,1,1,1,1,1,1,1,0,1,1,0,0,0,1,0,0,1,0,0,0,0,0,0,0,0,0,0,0,0,0,0,0,3,0,1,0,0,1,0,0,1,0,0
syn_aggregate_00514,19,2.0,1,2,1,1,0,0,0,0,0,0,0,0,0,0,0,0,0,0,3,0,0,0,1,0,0,0,0,2,0,1,2,1,1,1,1,2,1,1,1,0,0,0,0,0,0,0,0,0,2,0,0,0,0,0,0,0,0,1,1,0,1,0,0,1,0,0,0,0,0
syn_aggregate_00515,45,2.0,2,2,1,1,0,0,0,0,0,0,0,0,0,0,0,0,0,0,4,0,1,0,0,0,0,0,0,0,0,0,1,1,0,0,1,1,0,0,0,0,0,0,0,1,0,0,0,1,0,0,0,0,0,0,0,0,0,1,0,0,2,1,0,1,0,0,1,1,0
syn_aggregate_00516,24,1.0,3,3,2,2,0,1,0,0,0,0,0,0,0,0,1,0,0,0,0,1,2,1,2,1,2,1,1,1,1,0,1,1,0,1,1,0,1,1,0,1,1,0,1,0,0,0,0,1,2,0,1,0,0,0,1,1,0,1,1,0,1,1,0,1,0,0,0,0,0
syn_aggregate_00517,19,2.0,2,3,2,2,1,1,0,0,0,0,0,0,0,0,0,0,0,0,4,4,3,4,4,3,4,3,3,4,3,3,4,3,4,3,3,3,3,2,3,2,1,1,1,2,1,0,0,1,2,1,2,1,1,1,1,2,1,1,1,1,3,2,1,2,1,1,2,2,2
syn_aggregate_00518,18,2.0,2,3,1,2,0,0,1,0,0,1,2,1,0,1,2,0,1,1,2,2,2,1,2,1,2,1,1,1,1,0,0,0,0,0,0,0,0,0,4,0,0,0,0,0,0,0,0,0,1,2,2,2,1,1,2,2,1,1,1,0,1,0,0,1,0,0,0,0,0
syn_aggregate_00519,19,2.0,1,1,1,1,0,1,0,0,0,0,0,0,0,0,0,0,2,0,1,1,2,1,2,1,1,2,0,1,1,0,1,1,1,1,0,0,1,0,0,1,0,0,1,0,0,0,0,0,0,0,0,0,0,0,0,0,0,0,3,0,1,1,0,1,0,0,1,2,0
syn_aggregate_00520,27,1.0,0,1,0,1,0,0,1,0,0,0,1,1,0,0,0,0,0,0,0,3,3,3,2,2,2,2,2,2,2,0,1,0,0,0,0,0,0,0,0,0,0,0,0,0,0,0,0,0,0,0,0,0,0,1,0,0,1,0,0,0,0,0,0,0,0,0,0,0,4
syn_aggregate_00521,22,2.0,0,0,0,0,0,0,0,0,0,0,0,0,0,0,0,0,0,0,3,0,0,0,0,0,1,0,0,0,0,0,0,0,0,0,0,0,0,0,0,0,0,0,0,0,0,0,0,0,0,0,0,0,0,0,0,0,0,0,0,0,1,0,0,0,0,0,0,0,2
syn_aggregate_00522,18,2.0,2,3,2,2,1,1,0,0,1,1,2,2,1,1,1,1,2,2,1,1,1,0,1,1,1,1,0,1,1,0,1,1,0,1,0,1,2,1,0,1,1,1,1,0,1,1,0,0,0,0,0,0,0,0,2,0,0,0,0,1,2,2,1,2,1,1,2,2,1
syn_aggregate_00523,18,1.0,1,1,1,1,1,1,1,1,1,0,0,1,0,0,0,0,0,0,0,1,2,1,1,1,2,1,1,1,1,0,1,1,0,0,1,0,1,0,0,1,0,0,1,0,0,0,0,0,0,0,0,0,0,0,1,0,1,0,0,0,0,0,0,0,0,0,0,0,3
syn_aggregate_00524,20,1.0,2,2,1,1,0,1,0,0,0,0,0,0,0,0,0,0,0,0,1,1,1,0,1,0,0,1,0,1,1,0,1,1,1,1,1,1,0,0,0,0,0,0,0,0,0,0,0,4,0,0,0,0,0,0,2,0,0,0,0,0,4,2,0,2,0,0,0,0,0
syn_aggregate_00525,18,2.0,2,2,1,1,0,0,0,0,0,0,0,0,0,0,0,0,0,0,0,2,3,2,1,2,3,1,1,2,1,0,0,0,0,0,0,0,0,0,2,0,0,0,0,0,0,0,0,0,0,0,0,0,0,0,0,0,0,0,0,0,1,1,0,1,0,0,1,1,0
syn_aggregate_00526,18,1.0,1,1,1,1,0,1,1,0,0,0,0,0,0,0,0,0,0,0,2,0,0,0,0,1,0,1,0,0,0,0,1,0,0,0,0,0,0,0,0,0,0,0,0,0,0,0,0,0,1,0,0,0,0,0,0,0,0,0,0,0,0,0,0,0,0,0,0,0,0
syn_aggregate_00527,19,2.0,1,1,1,1,0,0,0,0,0,0,0,0,0,0,0,0,0,0,2,0,0,0,0,0,0,0,0,2,0,0,2,2,1,1,0,1,0,0,0,0,0,0,1,0,1,0,0,0,0,0,0,0,0,0,0,0,0,0,2,0,1,1,0,1,1,0,1,1,0
syn_aggregate_00528,19,2.0,0,1,0,0,0,0,1,0,0,0,0,0,0,0,0,0,0,1,0,1,2,1,2,2,2,1,2,2,2,0,0,0,0,0,0,0,0,0,2,0,1,0,0,0,0,0,0,0,0,0,0,0,0,0,0,0,0,0,1,0,0,0,0,0,0,0,0,0,0
syn_aggregate_00529,22,2.0,1,1,1,1,1,0,0,0,0,1,1,0,1,1,0,0,1,0,0,0,0,0,0,0,0,0,0,2,0,0,0,0,0,0,0,1,1,1,0,0,0,0,0,0,0,0,0,0,1,0,0,0,0,0,1,0,0,0,0,0,1,1,0,1,1,0,1,1,0
syn_aggregate_00530,18,1.0,1,1,1,0,0,0,0,0,0,0,0,0,0,0,0,0,0,0,0,0,0,0,0,0,2,0,0,0,0,0,0,0,0,0,0,0,0,0,0,0,0,0,0,0,0,0,0,0,0,0,0,2,0,0,0,0,0,0,0,0,0,0,0,0,0,0,0,0,0
syn_aggregate_00531,20,1.0,1,1,1,1,1,1,0,0,0,0,0,0,0,0,0,0,0,0,4,1,2,1,1,1,1,1,1,1,1,1,2,2,2,1,2,2,1,1,2,0,0,0,0,0,0,0,0,0,0,3,3,3,3,3,3,3,3,4,3,1,2,2,1,2,2,2,2,2,1
syn_aggregate_00532,20,1.0,2,1,1,1,1,0,0,0,1,0,0,0,0,0,0,0,0,0,0,0,0,0,0,0,0,0,0,0,0,0,0,0,0,0,0,0,0,0,3,0,0,0,1,0,0,0,0,0,0,0,1,0,0,0,0,0,0,0,0,0,0,0,0,0,0,0,0,0,4
syn_aggregate_00533,40,2.0,2,2,1,1,1,1,1,0,1,2,3,3,2,2,2,2,3,2,1,2,3,2,3,2,2,1,1,1,0,1,2,1,1,1,1,1,1,1,1,2,1,1,2,1,1,0,0,1,1,2,2,1,1,1,1,1,0,0,3,1,3,3,1,2,1,2,1,1,0
syn_aggregate_00534,22,2.0,3,3,1,2,1,1,1,0,0,1,1,1,0,1,0,0,0,1,1,1,1,1,1,1,0,0,1,1,1,1,2,2,1,2,1,2,1,1,2,0,0,0,1,0,0,0,0,0,0,0,0,0,0,0,0,0,0,0,2,0,1,1,1,1,1,1,2,1,0
syn_aggregate_00535,50,2.0,0,1,0,0,0,0,0,0,0,0,0,1,0,0,0,0,0,0,0,1,1,0,1,1,2,1,0,1,0,0,1,0,0,0,0,0,0,0,0,0,1,0,0,0,0,0,0,0,0,0,0,0,0,0,0,0,0,0,4,0,1,0,0,0,0,0,0,0,0
syn_aggregate_00536,46,2.0,2,2,1,2,1,1,1,0,0,1,2,2,1,1,1,1,1,1,1,1,1,1,1,0,1,1,1,1,1,2,2,2,2,2,2,2,2,2,3,1,0,0,1,1,0,0,0,0,0,1,1,1,1,1,2,1,1,1,1,0,2,1,0,1,0,0,1,0,0
syn_aggregate_00537,20,1.0,2,3,2,3,1,1,0,0,0,1,1,1,1,1,0,0,0,0,0,2,2,1,1,1,1,0,0,0,0,0,0,0,0,0,0,0,0,0,4,1,1,0,1,1,0,0,0,1,0,0,1,0,0,0,0,0,0,0,0,0,1,1,0,1,0,0,0,0,0
syn_aggregate_00538,19,2.0,2,2,1,2,1,1,1,0,1,3,2,3,2,2,2,1,2,3,2,1,1,1,1,1,1,1,1,1,1,0,1,0,0,0,0,0,1,0,0,2,1,1,1,1,1,1,0,1,1,1,1,1,1,1,0,0,0,0,1,2,3,2,1,2,1,0,2,3,4
syn_aggregate_00539,18,2.0,2,2,0,1,1,0,1,0,0,0,0,0,0,0,0,0,0,0,3,0,0,0,0,0,0,0,0,0,3,0,0,0,4,0,0,0,0,0,0,0,0,0,0,0,0,0,0,2,0,1,1,1,0,1,1,1,0,0,0,0,2,2,0,1,1,1,1,1,0
syn_aggregate_00540,22,1.0,1,2,1,2,1,1,1,0,0,0,0,1,0,0,0,0,0,0,0,0,1,0,0,0,1,0,0,0,0,0,1,0,0,0,0,1,0,1,0,0,0,0,1,0,0,0,0,0,0,0,0,0,0,0,0,0,0,0,0,0,1,0,0,0,0,0,1,0,1
syn_aggregate_00541,19,2.0,1,1,1,1,1,1,1,0,0,0,0,0,0,0,0,0,0,0,4,2,2,1,1,1,1,1,1,2,1,0,1,1,0,1,0,1,1,1,0,0,0,1,0,0,0,1,0,0,0,0,1,0,0,0,0,0,0,0,0,0,1,1,0,1,0,0,1,0,0
syn_aggregate_00542,51,1.0,2,2,1,2,1,1,1,0,0,1,1,0,1,1,1,0,0,1,0,0,0,0,0,0,1,0,0,0,0,0,1,0,0,0,0,0,0,0,0,0,0,0,0,0,2,0,0,0,0,1,0,0,0,0,0,0,0,0,0,0,2,1,0,2,0,1,1,1,0
syn_aggregate_00543,19,1.0,2,2,1,1,0,0,0,0,0,0,0,0,0,0,0,0,0,0,0,0,0,0,1,0,0,0,0,0,0,0,0,0,0,0,0,0,0,0,3,1,1,1,1,1,0,0,0,0,0,0,0,1,0,0,0,0,0,0,0,0,1,1,0,0,0,0,1,1,0
syn_aggregate_00544,20,2.0,2,2,1,2,0,0,0,0,0,0,0,0,0,0,0,0,0,1,0,1,1,1,1,1,2,1,1,1,1,0,1,0,0,1,0,0,1,0,0,0,0,0,1,0,0,0,0,0,0,0,0,0,0,0,0,0,0,0,0,0,0,0,0,0,0,0,0,0,0
syn_aggregate_00545,18,1.0,1,1,0,1,0,1,1,0,0,0,1,0,0,1,0,0,0,1,0,2,3,2,2,2,2,3,2,2,2,1,2,1,1,2,1,1,1,2,0,0,0,0,0,0,0,1,1,0,0,1,2,1,1,1,2,1,0,1,1,0,1,1,0,1,1,0,1,1,0
syn_aggregate_00546,21,2.0,1,1,1,1,1,1,1,0,0,1,2,1,1,1,1,1,1,1,1,1,1,0,1,0,1,1,0,0,1,0,2,2,1,2,1,1,1,0,0,1,1,1,1,1,1,0,1,0,1,2,3,2,2,2,2,3,2,2,3,0,2,2,0,2,1,1,2,1,0
syn_aggregate_00547,22,2.0,2,2,1,2,0,1,0,0,0,0,0,0,0,0,0,0,0,1,0,3,3,2,3,2,3,2,3,2,3,0,1,0,0,0,0,0,1,0,0,0,0,0,0,0,0,0,3,0,0,0,0,0,0,0,0,0,0,0,1,0,2,1,0,2,0,0,2,1,0
syn_aggregate_00548,28,1.0,2,3,2,2,1,2,0,0,0,0,0,0,0,0,0,0,0,3,0,2,2,1,2,1,2,1,1,2,2,1,2,2,1,1,1,1,2,1,2,2,2,2,2,2,2,1,2,2,2,1,1,1,1,1,1,1,1,1,1,0,3,3,1,3,2,1,3,2,2
syn_aggregate_00549,20,1.0,3,3,2,3,2,2,2,1,0,2,3,3,2,2,2,3,2,2,3,4,4,4,3,4,4,4,3,4,3,3,4,4,4,3,3,4,3,2,2,2,2,2,2,2,0,0,0,1,1,2,3,2,2,2,2,2,2,2,1,0,2,1,0,2,1,0,1,1,1
syn_aggregate_00550,22,1.0,1,1,0,1,0,0,1,0,0,0,0,0,0,0,0,0,0,1,1,1,1,0,1,0,1,1,0,0,0,1,2,2,1,2,1,1,2,1,1,0,0,0,1,1,0,0,0,0,0,0,1,0,0,0,0,0,0,0,0,0,1,0,0,0,0,0,0,0,0
syn_aggregate_00551,21,1.0,3,3,1,2,1,2,2,0,1,0,0,0,0,0,0,0,1,2,1,0,0,0,0,0,0,0,0,0,4,0,0,0,0,0,0,3,0,0,0,0,0,0,0,0,0,0,0,0,1,0,0,0,0,0,1,0,0,0,0,0,1,1,0,1,0,0,1,0,2
syn_aggregate_00552,22,1.0,1,1,0,0,0,0,0,0,0,0,0,0,0,0,0,0,0,0,3,0,0,0,0,0,0,0,0,0,2,0,1,1,1,0,0,1,1,0,0,0,0,0,0,0,0,0,0,0,4,0,1,0,0,0,0,0,0,0,0,0,1,2,0,1,1,0,1,1,1
syn_aggregate_00553,20,2.0,0,0,1,0,0,0,0,0,0,0,0,1,0,0,0,0,0,0,0,1,1,0,1,1,1,0,0,1,0,0,1,0,0,1,0,0,1,0,1,1,0,0,1,0,1,0,1,0,0,0,0,0,0,0,0,0,0,0,0,0,1,0,0,1,0,0,0,0,0
syn_aggregate_00554,19,1.0,1,2,1,1,0,0,0,0,0,1,2,1,1,1,2,1,1,2,2,2,3,2,3,2,3,2,2,2,2,1,2,2,2,2,1,2,1,1,2,2,2,2,2,1,1,1,1,0,0,2,2,1,1,1,2,1,2,1,2,0,2,1,0,1,1,0,1,1,1
syn_aggregate_00555,19,1.0,1,2,1,2,0,1,1,0,0,0,0,0,0,0,0,0,0,0,0,0,0,0,0,0,1,0,0,0,0,0,1,0,0,0,0,0,0,0,0,0,0,0,1,0,1,0,0,0,0,0,0,0,0,0,0,0,0,0,0,0,1,0,0,1,0,0,0,0,0
syn_aggregate_00556,43,1.0,1,2,1,2,1,1,0,0,0,0,0,0,0,0,0,0,0,0,0,0,0,0,0,0,0,0,0,0,1,0,0,0,1,0,0,0,0,0,0,0,0,0,0,0,0,0,0,1,0,0,0,0,0,0,2,0,0,0,0,0,0,0,0,0,0,0,0,1,3
syn_aggregate_00557,19,2.0,2,2,1,1,1,0,0,0,0,1,2,1,1,2,1,1,1,1,1,1,1,0,1,1,0,1,0,0,1,1,2,1,0,0,1,1,0,1,1,0,0,0,0,0,0,0,0,1,0,0,0,0,0,0,0,0,0,0,2,0,1,1,0,2,0,0,1,1,0
syn_aggregate_00558,18,2.0,0,1,0,1,0,0,0,0,0,1,2,2,1,1,1,1,1,2,1,1,1,1,1,1,1,1,1,1,1,0,1,1,0,1,0,1,1,0,0,2,2,2,2,1,2,1,1,1,2,0,0,0,1,0,0,1,0,0,1,0,1,1,0,1,0,0,1,1,0
syn_aggregate_00559,21,2.0,0,1,0,0,0,0,0,0,0,0,0,0,0,0,0,0,0,2,0,0,0,0,0,0,0,0,0,0,3,0,0,0,0,0,1,0,0,0,0,0,0,0,0,0,0,0,0,0,3,1,1,1,1,1,1,1,1,1,2,0,0,0,0,0,0,0,0,0,0
syn_aggregate_00560,19,2.0,2,3,2,2,1,2,2,0,0,0,0,0,0,0,0,0,0,0,2,1,1,0,1,1,1,0,1,1,0,1,1,1,1,1,1,1,1,1,1,1,0,0,1,0,0,0,0,0,0,0,0,0,0,0,0,3,0,0,0,0,2,1,0,1,1,0,1,1,1
syn_aggregate_00561,19,2.0,2,2,1,1,0,1,1,0,1,2,2,2,1,1,1,1,1,1,1,1,2,1,1,1,1,2,1,1,1,0,2,1,1,1,1,2,1,2,0,1,1,1,1,1,0,0,1,1,0,0,0,1,1,1,0,0,1,1,1,1,2,2,1,2,1,1,1,1,1
syn_aggregate_00562,19,2.0,3,3,1,2,1,1,0,0,0,0,1,0,0,0,0,0,0,0,0,2,3,2,3,2,3,2,2,2,2,1,2,1,1,1,1,2,1,1,2,2,1,0,2,1,1,1,1,1,0,0,0,1,0,0,0,0,0,1,0,0,2,2,0,2,1,0,2,1,0
syn_aggregate_00563,27,2.0,0,1,0,0,0,0,0,0,0,1,1,1,0,1,1,0,1,1,1,0,0,0,0,0,0,0,0,0,0,0,0,0,0,0,0,0,0,0,0,0,0,0,0,0,0,0,0,1,0,0,1,0,0,0,0,0,0,0,0,0,0,0,0,0,0,0,0,0,0
syn_aggregate_00564,20,2.0,1,0,0,0,0,0,0,0,0,0,0,0,0,0,0,0,0,0,0,0,0,0,0,0,0,0,0,0,0,0,0,0,0,0,0,1,0,0,0,0,0,0,0,0,0,0,0,0,0,0,0,0,0,0,0,0,0,0,0,0,1,0,0,0,0,0,0,0,0
syn_aggregate_00565,20,2.0,0,1,0,0,0,0,0,0,0,0,0,0,0,0,0,0,0,0,4,1,1,1,1,1,1,1,0,1,1,0,0,0,1,0,0,0,0,0,0,0,0,0,0,0,0,0,0,0,0,0,0,0,0,0,0,0,0,0,2,0,2,2,1,2,1,0,1,1,0
syn_aggregate_00566,22,1.0,2,2,2,2,1,2,2,0,0,1,1,1,0,1,1,0,1,1,0,1,1,1,1,1,1,0,1,1,0,0,2,1,0,1,2,1,2,1,0,1,0,0,1,0,0,0,0,0,0,0,0,0,0,0,0,0,4,0,0,0,1,1,0,1,1,1,1,1,1
syn_aggregate_00567,19,1.0,1,0,0,1,0,0,1,0,0,0,0,0,0,0,0,0,0,0,3,3,3,2,3,2,2,2,2,2,2,1,2,2,1,1,1,1,1,1,0,2,2,2,3,1,2,2,2,2,3,2,2,2,2,2,2,2,2,2,2,0,2,1,0,1,1,1,1,1,0
syn_aggregate_00568,19,2.0,2,2,0,1,1,1,1,0,0,0,0,0,0,0,0,0,0,0,2,1,1,1,1,1,1,1,1,1,2,0,2,1,0,1,1,1,1,1,1,0,0,0,0,1,0,0,0,1,1,0,0,0,0,0,0,0,0,0,0,0,2,1,0,1,1,1,1,1,1
syn_aggregate_00569,30,2.0,2,2,1,1,1,1,1,0,0,2,3,2,2,2,2,2,2,3,2,4,4,4,4,4,4,4,4,4,4,0,1,1,1,1,1,1,1,1,1,2,3,2,2,2,2,1,1,2,1,2,2,2,1,1,2,2,1,1,1,1,3,3,2,3,2,2,2,2,1
syn_aggregate_00570,36,2.0,3,3,2,3,2,2,1,0,0,0,1,1,0,1,0,0,0,0,0,2,2,1,2,2,2,2,1,1,2,3,4,3,3,3,2,3,3,2,3,0,0,0,1,0,0,0,0,0,1,1,1,1,1,1,0,0,0,0,0,0,2,1,0,1,1,0,2,0,0
syn_aggregate_00571,22,2.0,2,2,1,1,1,1,1,0,0,0,0,0,0,0,0,1,0,0,2,0,0,0,0,0,0,0,0,0,4,1,2,2,1,1,1,1,1,0,0,0,0,0,0,0,0,0,0,1,1,0,0,0,0,0,0,0,1,0,0,0,1,0,0,0,0,0,1,0,1
syn_aggregate_00572,48,1.0,2,2,1,1,0,0,1,0,0,1,1,1,0,1,1,1,1,0,0,3,3,2,3,2,2,2,2,1,2,2,2,2,1,1,1,2,2,1,2,0,0,0,1,0,0,0,0,0,3,2,2,2,2,2,2,2,2,2,2,0,2,1,0,1,0,0,1,1,2
syn_aggregate_00573,20,2.0,2,2,1,1,0,1,1,0,0,1,1,1,0,1,1,0,1,1,0,1,2,1,1,1,2,1,0,2,0,1,1,1,1,1,1,0,1,1,0,0,0,0,0,0,0,0,0,2,2,1,1,1,0,1,1,0,1,2,0,0,1,1,0,1,0,0,1,1,0
syn_aggregate_00574,20,2.0,2,2,1,1,0,0,1,0,0,0,0,0,0,0,0,0,0,0,4,1,1,0,1,1,1,0,1,1,1,1,2,2,1,1,1,1,1,1,1,1,0,0,2,0,0,0,0,0,0,0,0,0,0,0,1,0,0,0,0,0,2,2,0,2,1,1,2,1,1
syn_aggregate_00575,21,2.0,1,0,0,0,0,0,0,0,0,0,0,0,0,0,0,0,0,0,0,1,0,0,0,0,0,0,1,0,0,0,1,0,0,0,0,0,0,0,1,0,0,0,0,0,0,0,0,1,0,0,0,0,0,0,0,0,0,0,0,0,0,0,0,0,0,0,0,0,0
syn_aggregate_00576,22,1.0,2,2,1,1,0,1,1,0,0,1,1,1,0,0,0,0,0,0,1,2,1,1,1,1,1,2,1,1,1,0,1,1,1,1,0,1,1,0,0,1,0,1,1,0,0,0,0,0,0,0,0,0,0,0,0,0,0,2,0,0,0,1,0,2,0,0,0,0,0
syn_aggregate_00577,21,2.0,1,1,0,1,0,1,1,0,0,0,0,0,0,0,0,0,0,2,0,0,1,0,0,0,0,0,0,0,0,0,0,0,0,0,0,0,0,0,4,1,1,0,1,0,0,0,0,0,1,1,2,1,0,1,2,1,1,1,1,0,1,0,0,0,0,0,0,1,0
syn_aggregate_00578,20,1.0,1,2,2,2,0,0,0,0,0,1,1,1,0,1,1,0,0,0,0,0,0,0,0,0,0,0,0,0,0,0,2,1,1,1,0,1,1,0,1,0,0,0,0,0,0,0,0,0,4,0,0,0,0,0,0,0,0,0,4,1,2,1,1,2,1,1,1,1,1
syn_aggregate_00579,19,2.0,0,1,0,1,0,0,1,0,0,0,0,0,0,0,0,0,0,0,3,1,1,0,1,1,0,0,0,0,0,1,2,1,1,1,1,0,0,1,0,1,0,0,1,0,0,0,0,0,1,0,0,0,1,0,0,0,0,0,1,0,0,0,0,0,0,0,0,0,0
syn_aggregate_00580,22,2.0,1,1,1,1,0,0,0,0,0,0,2,0,0,0,0,0,0,0,0,1,2,1,1,1,1,1,1,1,2,1,1,1,0,0,0,0,1,0,0,0,0,0,0,0,0,0,0,1,0,0,1,0,0,0,0,0,0,0,0,0,1,0,0,0,0,0,0,0,0
syn_aggregate_00581,20,2.0,2,2,1,1,0,1,0,0,0,0,0,0,0,0,0,0,0,3,0,1,1,1,1,1,0,0,1,0,0,1,2,1,1,1,1,1,1,1,1,1,1,0,1,1,0,0,1,1,1,0,0,0,0,1,0,0,0,0,0,1,0,0,0,0,1,0,0,0,1
syn_aggregate_00582,20,1.0,3,3,2,2,1,1,0,1,0,2,2,2,1,2,1,1,1,1,2,0,0,0,0,0,0,0,0,0,4,1,2,1,0,0,1,1,0,0,0,1,1,1,1,1,0,0,0,0,0,1,2,1,1,1,2,1,0,1,3,0,2,1,0,2,0,0,1,1,2
syn_aggregate_00583,22,2.0,2,2,1,1,0,0,0,0,1,0,0,0,0,0,0,0,0,0,4,0,0,0,0,0,0,0,0,0,3,0,1,0,1,1,0,1,0,0,0,0,0,0,0,0,1,0,0,0,0,0,0,0,0,0,0,0,0,0,3,0,2,0,0,0,0,0,0,0,0
syn_aggregate_00584,20,1.0,1,1,1,1,1,0,1,0,0,0,0,0,1,0,0,0,0,0,0,1,1,1,1,0,1,1,0,0,0,0,2,0,0,0,0,0,0,0,0,0,0,0,0,0,0,0,0,0,0,0,0,0,0,0,0,0,0,0,0,1,2,1,1,1,1,1,1,1,1
syn_aggregate_00585,18,2.0,0,0,0,0,0,0,0,0,0,0,0,0,0,0,0,0,0,0,0,1,1,0,0,0,0,0,0,0,0,0,0,0,1,0,0,0,0,0,0,0,0,0,0,0,0,0,0,0,1,0,0,0,0,0,0,0,0,0,4,0,0,0,0,0,0,0,0,0,0
syn_aggregate_00586,18,2.0,0,0,0,2,0,0,0,0,0,0,0,1,0,0,0,0,0,0,2,0,0,0,0,0,0,0,0,0,2,0,0,0,0,0,0,0,0,0,3,0,0,0,0,0,0,0,0,0,0,0,0,0,0,0,0,0,0,0,4,0,0,0,0,0,0,2,0,0,0
syn_aggregate_00587,18,2.0,3,3,2,3,1,2,1,0,0,1,1,1,0,1,1,0,2,1,1,1,2,1,2,1,2,1,1,0,0,1,2,1,1,2,1,1,1,2,1,2,1,1,2,1,1,0,1,1,2,2,1,2,1,1,1,1,1,1,2,1,3,2,2,3,2,2,2,1,2
syn_aggregate_00588,19,1.0,1,2,1,1,0,1,1,0,0,1,1,1,0,1,0,0,1,0,0,1,1,1,1,1,1,0,0,1,1,0,0,0,0,0,0,0,0,1,0,0,0,0,0,0,1,0,0,1,0,0,0,0,0,1,0,0,0,0,1,0,2,1,0,2,1,0,1,1,0
syn_aggregate_00589,19,2.0,1,0,0,0,0,0,0,0,0,0,0,0,0,0,0,0,0,0,0,0,0,0,0,0,0,0,0,0,0,0,0,0,0,0,0,0,0,0,0,0,0,0,1,0,0,0,0,0,0,0,0,0,0,0,0,0,0,0,0,0,1,0,0,0,0,0,0,0,0
syn_aggregate_00590,48,1.0,1,0,0,0,0,0,0,0,0,0,0,0,0,0,0,0,0,0,0,1,1,0,1,1,1,1,0,1,0,0,1,1,0,1,1,1,1,0,0,1,0,0,1,0,0,0,0,0,0,0,0,0,0,0,0,0,0,0,0,0,1,1,0,1,0,0,1,1,0
syn_aggregate_00591,50,2.0,1,1,1,1,1,1,1,0,0,0,1,0,0,0,0,0,0,0,0,1,2,2,1,1,2,1,1,1,1,0,0,0,0,0,1,1,1,1,0,0,0,0,0,0,0,0,0,0,0,0,0,0,0,0,0,0,0,0,0,0,0,0,0,0,0,0,0,0,1
syn_aggregate_00592,35,2.0,1,1,0,1,1,0,1,0,0,0,0,0,0,0,0,0,0,0,0,0,0,0,0,0,0,0,0,0,0,0,1,0,0,0,0,0,0,0,0,0,0,0,0,0,0,0,0,0,0,0,0,0,0,0,0,0,0,0,0,0,1,0,0,0,0,0,0,0,0
syn_aggregate_00593,20,2.0,3,3,3,3,2,2,1,0,1,1,1,1,0,1,0,1,0,1,0,2,2,1,1,1,2,1,2,1,2,3,3,3,3,3,3,3,3,3,2,1,1,1,1,1,0,0,0,0,1,1,1,1,1,1,1,1,1,1,1,1,2,2,1,2,1,2,3,2,1
syn_aggregate_00594,19,2.0,1,1,1,1,0,0,0,0,0,0,0,0,0,0,0,0,0,0,1,0,1,0,0,0,0,0,0,0,0,0,1,0,0,0,0,1,0,0,0,0,0,0,0,0,0,0,0,0,0,0,0,0,0,0,0,0,0,0,0,0,1,0,0,0,0,0,1,0,0
syn_aggregate_00595,22,1.0,0,1,0,0,0,0,1,0,0,0,0,0,0,0,2,0,0,0,0,2,2,2,1,1,2,2,1,1,2,0,2,2,1,1,1,1,1,1,1,0,0,0,0,0,0,0,0,1,0,0,0,0,0,0,0,0,0,0,0,0,0,1,0,0,0,0,1,0,0
syn_aggregate_00596,33,2.0,1,1,1,1,0,0,0,0,0,0,0,0,0,0,0,0,0,0,3,3,3,3,3,3,2,3,2,2,3,1,2,2,1,2,1,1,2,0,1,1,0,0,1,0,0,0,0,1,0,1,1,1,1,1,2,1,1,1,1,0,1,2,0,1,0,0,1,1,0
syn_aggregate_00597,37,2.0,3,3,2,2,1,1,2,1,1,0,1,0,0,0,0,0,0,0,0,2,2,1,1,1,2,1,1,2,1,1,2,2,1,2,1,1,2,1,1,3,2,2,2,2,2,2,1,2,1,2,2,2,2,2,2,2,2,1,2,0,2,2,0,2,1,1,2,1,2
syn_aggregate_00598,19,2.0,0,1,1,0,0,0,0,0,0,0,1,0,0,0,0,0,0,0,0,0,1,0,0,0,0,0,0,0,0,0,0,0,0,0,0,0,0,1,0,0,0,0,0,0,0,0,0,0,0,0,0,0,0,0,0,1,0,0,1,0,1,0,0,1,0,0,0,0,0
syn_aggregate_00599,21,2.0,0,0,0,0,0,0,0,0,0,0,0,0,0,0,0,0,0,0,0,0,0,0,1,0,0,0,0,0,0,0,0,0,0,0,0,0,0,0,0,0,0,0,0,0,0,0,0,0,0,0,0,0,0,0,0,0,0,0,0,0,1,0,0,0,0,0,0,0,1
syn_aggregate_00600,40,2.0,0,0,0,0,0,0,0,0,0,0,0,0,0,0,0,0,0,1,0,0,1,0,0,0,0,0,0,0,0,0,0,0,0,0,1,2,0,0,0,0,0,0,0,0,0,0,0,0,0,0,0,0,0,2,0,0,0,0,0,0,2,1,0,1,0,1,1,1,1
syn_aggregate_00601,49,2.0,2,3,2,3,2,2,1,0,0,1,1,1,1,1,1,1,1,1,1,3,3,2,3,2,2,2,2,2,2,0,2,2,1,1,1,1,2,1,1,2,1,1,1,1,1,1,1,0,0,1,1,1,1,1,0,1,0,1,1,1,3,3,2,3,2,2,2,2,2
syn_aggregate_00602,22,2.0,1,2,1,2,0,0,1,0,0,0,1,0,0,0,0,0,0,0,0,0,0,0,0,0,0,0,0,0,0,0,0,1,0,0,0,0,0,0,0,0,0,0,0,0,0,0,0,0,0,0,0,0,0,0,0,0,0,0,0,0,1,0,0,0,0,0,0,0,0
syn_aggregate_00603,19,2.0,1,1,1,1,0,0,0,0,0,0,0,1,0,0,0,0,0,0,3,1,1,1,1,1,1,1,0,0,0,1,2,1,1,1,1,1,2,1,0,0,0,0,0,0,0,0,0,0,0,0,0,0,0,0,0,0,0,2,0,0,1,0,0,0,0,0,0,0,0
syn_aggregate_00604,19,1.0,2,1,0,1,0,1,1,0,0,0,0,1,0,0,0,0,0,0,0,1,1,0,1,0,1,1,0,0,0,0,0,0,0,0,0,0,0,0,1,0,0,0,0,0,0,0,0,0,3,0,0,0,0,0,0,0,0,0,3,0,1,1,0,1,0,0,1,1,0
syn_aggregate_00605,20,1.0,1,1,1,1,0,1,0,0,0,0,0,0,0,0,1,0,0,0,0,3,2,2,3,2,3,2,2,1,3,0,1,1,1,1,0,0,0,0,0,1,1,1,1,1,1,0,0,0,0,0,0,0,0,0,0,0,0,2,0,0,1,0,0,1,0,0,1,0,1
syn_aggregate_00606,18,2.0,0,0,1,1,0,0,1,0,0,0,0,0,0,0,0,0,0,0,2,1,1,1,1,0,0,0,0,0,0,0,0,0,0,0,0,0,0,0,0,2,0,0,0,0,0,0,0,0,0,0,0,0,1,0,0,0,0,0,0,0,0,0,0,0,0,0,0,0,0
syn_aggregate_00607,42,2.0,0,2,0,0,0,0,0,0,0,0,0,0,0,0,0,1,0,0,0,0,1,0,0,0,0,0,0,0,0,0,0,0,0,0,0,1,0,0,0,0,1,0,1,0,0,0,0,0,0,0,1,0,0,0,0,0,0,0,0,0,0,0,0,0,0,0,0,0,0
syn_aggregate_00608,33,2.0,1,1,1,2,0,0,0,0,0,0,0,0,0,0,0,0,0,0,1,1,1,0,1,1,1,1,0,1,1,0,0,0,0,0,0,0,0,0,0,1,0,0,1,0,0,0,0,0,0,0,0,0,0,0,0,0,0,2,0,1,1,1,0,1,0,0,1,0,1
syn_aggregate_00609,23,2.0,0,0,0,0,0,0,0,0,0,0,0,0,0,0,0,0,0,0,2,0,0,0,0,0,0,0,0,0,0,0,0,0,0,0,0,0,0,0,0,1,0,0,1,0,0,0,0,0,0,0,1,0,0,0,0,0,0,0,0,0,0,0,0,1,0,0,0,0,0
syn_aggregate_00610,20,2.0,1,2,1,1,0,1,0,0,0,1,1,2,0,1,1,1,1,1,0,1,2,1,1,1,2,1,1,1,1,0,0,0,0,0,0,0,0,0,0,0,0,0,0,0,0,0,0,0,0,0,0,0,0,0,0,0,1,0,0,0,1,1,0,0,0,0,1,0,0
syn_aggregate_00611,19,1.0,1,1,1,1,1,1,0,0,0,0,0,0,0,0,0,0,0,0,3,0,1,0,0,0,0,0,0,0,2,0,0,0,0,0,0,0,0,0,0,3,3,2,3,2,2,2,2,0,1,1,1,1,1,1,1,1,1,0,2,0,1,0,0,0,0,0,0,0,0
syn_aggregate_00612,28,2.0,0,1,1,0,0,0,1,0,0,0,0,0,0,0,0,0,0,0,0,0,0,0,0,0,0,0,1,1,1,1,1,1,0,1,0,1,1,0,0,0,0,0,0,2,0,0,0,0,0,0,0,0,0,0,0,0,0,0,3,0,1,1,0,1,0,0,1,1,3
syn_aggregate_00613,22,2.0,1,0,0,0,0,0,0,0,0,0,0,0,0,0,0,0,0,0,1,0,0,0,0,0,0,0,0,0,0,0,1,0,0,0,0,0,0,0,0,0,0,0,0,0,1,0,0,0,0,0,0,0,0,0,0,0,0,0,0,0,0,0,0,0,0,0,0,0,0
syn_aggregate_00614,22,2.0,1,1,1,1,1,0,0,0,0,0,0,0,0,0,0,0,0,0,2,1,1,1,2,1,2,1,1,1,1,0,1,1,0,1,0,1,1,1,2,0,1,0,0,0,0,0,0,0,1,0,0,0,0,0,0,0,0,0,1,0,2,1,0,1,0,0,1,1,0
syn_aggregate_00615,18,1.0,1,1,1,1,1,1,0,0,0,0,0,0,0,0,0,0,0,0,2,1,1,1,1,1,0,0,0,0,0,0,0,0,0,0,0,0,0,0,2,0,0,0,0,0,0,0,0,1,0,0,0,1,0,0,0,0,0,0,0,0,1,1,0,2,1,0,1,1,0
syn_aggregate_00616,35,2.0,0,0,0,1,0,0,0,1,0,0,0,0,0,0,0,0,0,0,1,0,0,0,0,1,0,0,0,1,0,0,0,0,0,0,0,0,0,0,0,0,0,0,1,0,0,0,0,0,0,0,0,0,0,0,0,0,0,0,2,0,0,0,0,0,0,0,0,0,0
syn_aggregate_00617,22,2.0,0,1,0,0,0,0,0,0,0,0,0,0,0,0,0,0,0,0,2,1,1,0,0,1,1,0,0,1,1,0,0,0,0,0,0,0,0,0,2,0,0,0,0,0,0,0,0,0,4,0,0,0,0,0,1,1,1,1,0,0,1,1,0,1,0,0,1,1,1
syn_aggregate_00618,42,1.0,0,1,0,0,0,0,0,0,0,0,0,0,0,0,0,0,0,0,2,1,1,1,1,1,1,1,0,0,0,0,0,0,0,0,0,0,0,0,0,0,0,0,0,0,0,0,0,2,0,0,0,0,0,0,0,0,0,0,1,0,1,1,0,1,0,1,1,1,0
syn_aggregate_00619,29,2.0,3,3,1,2,1,1,1,0,0,3,3,3,3,2,3,2,3,2,3,4,4,4,4,3,4,4,4,4,3,1,2,1,1,1,1,2,1,1,1,2,2,2,2,1,1,1,1,1,1,0,0,0,0,0,0,0,0,0,4,1,3,2,1,3,2,2,2,2,1
syn_aggregate_00620,20,2.0,3,3,2,3,0,0,0,0,0,0,0,0,0,0,0,0,0,0,3,1,1,1,1,1,1,0,0,0,0,0,1,1,1,1,0,1,1,0,0,1,1,0,1,0,0,0,1,0,0,0,0,0,0,0,0,0,0,0,1,0,1,0,0,0,0,0,0,0,3
syn_aggregate_00621,19,1.0,2,2,1,2,1,1,0,0,0,1,1,0,0,0,0,0,0,0,1,0,0,0,0,0,0,0,0,0,3,1,1,1,1,1,1,1,0,0,1,0,4,0,0,0,0,0,0,0,0,1,2,1,1,1,2,1,1,1,2,1,3,2,1,2,2,2,2,1,2
syn_aggregate_00622,19,2.0,1,1,1,1,1,0,0,0,1,0,0,0,0,0,0,0,0,0,2,0,0,0,0,0,0,0,2,0,1,0,1,0,0,0,0,0,0,0,0,1,1,0,1,0,0,0,0,0,1,0,0,0,0,0,0,0,0,0,4,0,2,0,0,0,0,0,0,0,0
syn_aggregate_00623,20,2.0,3,3,2,2,1,2,1,0,0,0,0,0,0,0,0,0,0,0,0,1,2,1,2,1,1,1,1,1,1,1,2,1,1,1,1,1,1,0,1,0,0,0,0,0,0,0,0,0,4,0,1,0,0,0,1,0,0,0,1,0,2,2,0,2,0,0,1,1,0
syn_aggregate_00624,18,2.0,1,2,1,1,0,1,0,0,0,0,1,0,0,0,0,0,0,0,0,2,1,1,1,1,1,1,1,1,1,0,1,0,0,0,0,2,0,0,0,1,0,0,1,0,0,0,0,1,0,0,1,1,0,0,1,1,1,0,3,0,1,1,0,1,0,0,1,0,0
syn_aggregate_00625,47,1.0,2,1,1,1,1,0,0,0,0,0,0,0,0,0,0,0,0,0,2,1,1,0,1,1,1,0,0,0,1,0,1,1,0,1,0,1,1,0,0,3,2,2,3,2,2,1,2,2,3,2,2,1,1,1,2,1,1,1,2,0,1,1,0,1,1,0,1,1,0
syn_aggregate_00626,22,2.0,2,2,1,1,1,1,0,0,0,1,2,1,1,1,1,0,1,1,0,1,2,1,0,1,2,1,0,1,0,1,1,1,1,1,0,0,0,0,1,0,0,0,0,0,0,0,0,1,3,0,1,0,1,0,1,0,1,0,0,0,1,0,0,1,0,0,0,0,0
syn_aggregate_00627,33,2.0,3,3,2,2,1,2,1,0,0,1,2,2,0,1,1,1,1,2,1,3,2,2,3,2,2,2,2,2,2,2,3,3,2,2,2,2,2,2,1,1,1,0,1,0,1,0,0,1,0,1,1,1,1,1,0,1,1,1,1,2,4,3,2,3,2,2,3,2,3
syn_aggregate_00628,19,2.0,0,1,0,0,0,0,0,0,0,0,1,0,0,0,0,0,0,0,2,1,1,0,1,0,1,1,1,0,0,0,1,2,1,1,1,1,1,1,0,0,0,1,0,0,0,0,0,0,3,0,0,0,0,0,0,0,0,0,0,0,2,1,0,1,0,0,1,1,0
syn_aggregate_00629,22,1.0,2,2,1,2,0,0,1,0,0,0,0,0,0,0,0,0,0,4,0,1,1,1,1,0,1,1,0,0,0,0,2,2,1,1,1,1,1,0,0,0,1,0,0,0,1,0,0,0,0,0,0,0,1,0,0,0,0,0,0,0,2,2,0,2,1,1,1,1,0
syn_aggregate_00630,20,2.0,1,1,0,0,0,0,0,0,0,0,1,0,0,1,0,0,0,0,0,0,0,0,0,0,0,0,0,0,0,0,0,0,0,0,0,0,0,0,0,1,0,0,1,0,0,0,0,0,1,0,0,0,0,0,0,0,0,2,0,0,0,0,0,0,0,0,0,0,0
syn_aggregate_00631,23,1.0,1,1,1,0,0,0,0,0,0,1,1,1,0,0,0,0,0,0,0,1,2,1,2,1,1,1,1,1,1,1,2,1,1,1,0,1,1,1,1,1,1,0,1,1,0,0,0,0,0,1,1,1,0,0,1,0,0,0,2,0,1,1,0,1,0,0,1,0,0
syn_aggregate_00632,18,1.0,2,2,2,2,1,1,1,1,1,0,1,1,0,0,0,0,0,0,0,2,3,2,3,2,3,2,2,2,3,1,2,2,1,2,1,2,1,2,1,0,0,0,0,4,0,0,0,0,0,1,1,1,1,0,1,1,0,1,0,1,2,1,1,2,1,1,2,2,1
syn_aggregate_00633,22,2.0,0,0,0,0,0,0,0,0,0,0,0,0,0,0,0,0,0,0,0,0,0,0,0,0,0,0,0,0,0,0,0,0,0,0,0,0,0,0,0,0,0,0,0,0,0,0,0,0,0,0,0,0,0,0,0,0,0,0,0,0,0,0,0,0,0,0,0,0,0
syn_aggregate_00634,18,2.0,3,3,1,2,1,1,0,0,0,1,1,1,0,1,1,0,1,1,0,3,3,2,3,2,3,2,2,2,0,0,1,0,0,0,0,0,0,0,0,4,4,3,4,3,4,3,3,3,2,1,1,0,1,1,0,1,0,1,0,1,4,4,2,4,3,3,3,3,2
syn_aggregate_00635,27,2.0,1,2,1,1,0,0,0,0,0,0,0,0,0,0,0,0,0,0,4,0,0,0,0,0,0,0,0,0,0,0,1,1,0,1,1,1,0,0,0,0,0,0,0,0,0,0,0,0,0,0,0,0,0,0,0,0,0,0,0,0,1,1,0,1,0,0,1,1,1
syn_aggregate_00636,21,2.0,2,2,1,1,0,0,1,0,0,0,0,2,0,0,0,0,0,0,0,2,2,2,2,2,2,1,2,2,2,1,2,2,1,1,1,2,1,1,2,0,0,0,0,0,0,1,1,0,0,1,2,1,0,1,2,1,1,0,1,1,3,3,1,3,2,2,2,0,1
syn_aggregate_00637,19,2.0,1,2,1,2,0,1,0,0,0,0,0,0,0,0,0,2,0,0,0,1,1,1,1,2,1,1,1,1,1,0,0,0,0,0,0,0,0,0,3,0,0,0,0,0,0,0,0,0,4,0,0,0,0,0,0,0,0,0,1,0,1,1,0,1,1,1,1,1,1
syn_aggregate_00638,21,2.0,1,1,1,1,0,0,0,0,0,0,0,0,0,0,0,0,0,0,1,0,0,0,0,0,0,0,0,3,0,0,0,0,0,0,0,0,2,0,0,0,0,0,0,0,0,0,0,1,0,0,0,0,0,0,0,0,0,0,2,0,0,0,0,0,0,0,0,0,0
syn_aggregate_00639,19,2.0,2,2,1,2,0,0,0,0,0,0,0,0,0,0,0,0,0,0,4,1,1,0,1,0,1,0,1,0,1,0,0,1,0,0,0,0,0,0,1,0,0,0,1,0,0,0,0,0,0,0,0,0,0,0,0,4,0,0,0,0,1,1,0,1,1,0,1,1,0
syn_aggregate_00640,18,1.0,1,0,0,1,0,0,0,0,0,1,1,1,1,1,0,0,0,0,0,0,1,0,0,1,0,0,1,1,0,0,0,0,0,0,0,0,0,0,0,2,1,1,2,1,1,1,0,1,0,0,0,0,0,0,0,0,0,0,4,0,0,0,0,0,0,0,0,0,0
syn_aggregate_00641,18,1.0,1,1,0,1,0,0,0,0,0,1,2,2,1,2,1,1,1,2,1,0,0,0,0,0,0,0,0,4,0,0,0,0,0,0,0,0,1,1,0,2,0,0,1,0,0,0,0,0,0,0,0,2,0,0,0,0,0,0,0,0,0,0,0,0,0,0,0,0,3
syn_aggregate_00642,20,2.0,1,1,1,1,0,0,0,0,0,0,0,0,0,0,0,0,0,0,2,0,0,0,0,0,3,0,0,0,0,0,0,0,0,0,0,0,0,0,4,0,0,0,1,0,0,0,0,0,0,0,0,0,0,0,0,0,0,0,4,0,1,1,0,1,1,0,1,1,0
syn_aggregate_00643,18,2.0,3,3,2,2,1,1,1,0,0,0,1,0,0,0,0,0,0,0,0,0,0,0,0,0,0,0,0,1,0,0,0,0,0,0,0,0,0,0,4,2,1,1,2,1,1,0,0,1,1,1,1,1,1,1,1,1,1,1,0,0,1,1,0,1,0,0,1,1,0
syn_aggregate_00644,18,2.0,1,2,1,1,1,1,0,0,0,1,1,1,0,1,1,0,0,1,0,0,0,0,0,0,0,0,2,0,0,0,0,0,0,0,0,0,0,0,0,0,0,0,0,0,0,1,0,0,0,0,0,0,0,0,2,0,0,0,0,0,1,1,0,1,0,0,0,0,0
syn_aggregate_00645,19,2.0,1,2,1,1,1,0,1,0,0,0,0,0,0,0,0,0,0,0,2,0,1,0,0,0,0,1,0,0,0,0,0,0,0,0,0,0,0,0,3,1,0,0,1,0,0,0,0,0,1,0,0,0,0,0,0,0,0,0,2,0,2,1,0,2,1,0,1,1,0
syn_aggregate_00646,22,2.0,2,1,0,1,1,0,1,1,0,0,0,0,0,1,0,0,0,0,0,1,1,0,1,1,1,0,1,0,1,0,1,0,1,1,0,0,1,1,0,0,0,0,0,0,0,0,0,2,0,1,1,1,1,1,0,1,0,1,0,0,0,0,0,0,0,0,0,0,3
syn_aggregate_00647,20,2.0,1,1,1,1,1,1,0,0,0,0,0,0,0,0,0,0,0,0,0,0,0,0,0,0,0,0,0,0,3,0,1,0,0,1,0,0,1,0,0,0,0,0,1,0,0,0,0,0,0,0,0,0,0,0,0,0,0,2,0,0,2,1,0,1,1,0,1,1,0
syn_aggregate_00648,31,2.0,0,0,1,0,0,0,1,0,1,2,2,1,1,2,1,1,1,1,2,1,1,0,1,1,1,1,0,0,0,1,2,2,1,2,1,2,2,1,0,0,0,0,0,0,0,0,0,0,2,0,0,0,0,0,2,0,0,0,0,1,2,2,1,2,1,1,2,1,0
syn_aggregate_00649,21,1.0,1,2,1,2,1,0,0,0,0,0,0,0,0,0,0,0,0,1,0,0,0,0,0,0,1,0,0,0,0,0,1,0,0,0,0,0,0,0,0,1,1,1,1,1,1,0,0,2,0,0,1,0,0,0,0,0,0,0,0,0,2,1,0,2,0,0,1,1,0
syn_aggregate_00650,18,2.0,3,3,3,3,2,3,2,1,0,1,1,1,1,1,1,1,1,1,1,4,4,4,4,4,4,4,3,3,3,3,4,4,3,3,3,3,2,2,1,3,3,3,3,3,3,3,2,3,4,2,2,2,1,1,2,2,1,1,2,0,2,1,1,2,1,1,1,1,3
syn_aggregate_00651,44,1.0,0,0,1,1,0,0,1,0,0,0,1,0,0,0,0,0,0,0,0,0,0,0,0,0,0,0,0,1,0,0,0,0,0,0,0,0,2,0,0,0,0,0,0,0,0,0,0,0,1,0,0,0,0,0,0,0,0,0,0,0,0,0,0,0,0,0,0,0,0
syn_aggregate_00652,23,2.0,2,2,2,2,1,2,1,0,0,1,1,1,0,1,1,0,1,1,0,1,1,1,2,1,1,1,0,1,2,0,1,1,0,1,0,1,1,0,1,0,0,0,0,0,0,0,0,0,3,1,1,1,0,1,1,1,0,0,1,1,2,1,1,1,1,1,2,1,0
syn_aggregate_00653,38,2.0,0,1,0,0,0,0,1,0,1,1,1,1,0,1,1,0,1,1,1,1,1,1,1,1,0,0,0,0,0,0,0,0,0,0,0,0,1,0,0,0,0,0,0,0,0,0,0,0,1,0,0,0,0,0,0,0,0,2,0,0,1,0,0,0,0,0,0,0,1
syn_aggregate_00654,19,2.0,1,2,1,2,1,1,0,0,0,0,0,0,0,1,0,1,0,0,0,0,0,0,0,0,0,0,0,0,4,0,1,1,0,0,0,1,1,0,0,0,0,0,0,0,0,0,0,0,0,0,0,0,0,0,0,0,0,0,0,1,2,0,0,1,0,0,0,1,1
syn_aggregate_00655,18,1.0,2,2,1,1,1,1,1,0,0,0,0,0,0,0,0,0,0,0,4,1,1,0,1,0,1,1,0,1,0,1,1,1,1,1,1,1,0,0,0,2,2,1,2,1,1,1,1,1,1,2,2,2,2,2,2,2,2,2,2,0,1,1,0,1,0,0,1,1,0
syn_aggregate_00656,22,2.0,2,2,1,2,0,1,1,0,0,0,0,0,0,0,0,0,0,0,3,1,2,1,2,1,1,1,0,1,1,0,2,2,1,1,1,1,1,2,1,2,0,0,0,0,0,0,0,0,0,1,1,1,0,1,1,1,2,1,1,0,0,0,0,1,0,0,0,1,0
syn_aggregate_00657,32,2.0,1,2,1,1,0,1,0,0,0,1,1,1,0,1,1,0,2,1,0,0,1,0,0,0,0,0,0,0,0,1,1,1,1,1,0,0,0,0,0,1,0,0,1,0,0,0,0,0,0,0,0,0,0,0,0,0,0,0,0,0,1,0,0,0,0,0,1,0,0
syn_aggregate_00658,21,2.0,0,1,1,0,0,0,0,0,0,0,0,0,0,1,0,0,0,0,0,0,0,0,0,0,0,0,0,0,1,0,0,0,1,0,0,0,0,0,0,0,0,0,0,0,0,0,0,0,0,0,0,0,0,2,0,0,0,0,0,0,1,0,0,0,0,0,0,0,0
syn_aggregate_00659,22,2.0,0,1,0,0,0,0,0,0,0,0,0,1,0,0,0,0,0,0,0,1,1,0,1,1,1,0,0,0,1,0,2,0,0,0,0,0,0,0,0,1,1,1,1,1,1,1,1,1,1,1,1,1,1,0,1,1,0,1,0,0,0,0,0,0,0,0,0,0,0
syn_aggregate_00660,20,1.0,1,2,1,2,0,1,0,0,0,0,0,0,0,0,0,0,0,0,0,0,0,0,0,0,0,0,0,0,3,1,3,2,2,2,2,2,1,1,0,0,0,0,1,0,0,0,0,0,0,0,0,0,0,0,1,1,0,1,0,2,2,2,2,2,2,2,2,2,2
syn_aggregate_00661,42,1.0,0,0,0,0,0,0,0,0,0,0,0,0,0,0,0,0,0,0,0,0,1,0,0,0,0,1,0,1,0,1,1,1,1,1,0,0,1,0,0,1,0,0,1,0,0,0,0,0,0,1,1,0,1,0,1,1,0,0,0,0,0,0,0,0,0,0,3,0,0
syn_aggregate_00662,19,1.0,1,0,0,0,0,0,0,0,0,0,0,2,0,0,0,0,0,0,0,0,0,0,0,0,0,0,0,0,0,0,0,0,0,0,0,0,0,0,0,0,0,0,0,0,0,0,0,0,0,0,0,0,0,0,0,0,0,0,0,0,0,0,0,0,0,0,0,0,0
syn_aggregate_00663,20,2.0,1,0,0,0,0,0,0,0,0,0,0,0,0,0,0,0,4,0,0,0,0,0,0,0,1,0,0,0,0,0,1,1,1,1,0,0,1,1,0,1,1,0,1,1,0,0,0,0,0,0,0,1,0,0,0,0,0,0,1,0,1,0,0,1,0,0,0,0,0
syn_aggregate_00664,21,1.0,1,1,2,1,1,1,1,1,0,0,1,0,0,1,0,0,1,0,0,0,0,0,0,0,0,0,0,0,0,0,0,0,0,0,2,0,0,0,0,0,0,0,0,0,0,0,0,1,0,0,0,0,0,0,1,1,0,0,0,0,2,2,0,1,0,1,2,0,0
syn_aggregate_00665,20,2.0,2,2,1,1,1,1,0,0,0,0,0,0,0,0,0,0,0,0,0,1,1,1,1,1,1,0,0,0,0,0,0,0,0,0,0,0,0,0,1,0,0,0,0,0,2,0,0,0,0,0,0,1,0,0,0,0,0,0,0,0,1,1,0,0,0,0,0,0,0
syn_aggregate_00666,45,2.0,1,1,1,2,1,1,0,0,0,0,0,1,0,0,1,0,0,0,0,0,0,0,0,0,2,0,0,0,0,0,1,1,0,1,1,1,1,0,0,0,0,0,0,0,0,0,0,0,2,0,0,0,0,0,0,0,0,0,4,0,1,1,0,1,0,0,1,0,0
syn_aggregate_00667,19,2.0,1,1,0,0,0,0,0,0,0,0,0,0,0,0,0,0,0,0,3,0,0,0,0,0,0,0,2,0,0,1,1,1,1,1,0,0,1,0,0,0,1,0,0,1,0,0,0,0,0,0,0,0,0,0,0,0,0,0,1,0,0,0,0,0,0,0,0,0,0
syn_aggregate_00668,20,2.0,0,2,0,0,0,0,0,0,0,0,0,1,0,1,0,0,0,0,0,1,1,1,1,1,0,0,1,1,1,0,1,0,0,0,0,0,1,0,0,0,0,0,0,0,0,0,0,0,0,0,0,0,0,0,0,0,0,2,0,0,2,1,0,1,0,0,1,1,0
syn_aggregate_00669,20,2.0,1,1,0,0,0,0,0,0,0,0,0,0,0,0,0,0,0,0,0,0,1,0,0,1,0,0,0,1,1,1,2,1,1,1,1,1,2,1,1,1,0,0,0,0,0,0,0,0,0,0,0,0,0,0,0,0,0,1,0,0,1,0,0,3,0,0,0,0,0
syn_aggregate_00670,41,2.0,1,1,0,1,1,0,1,0,0,0,0,0,0,0,0,0,0,0,2,0,0,0,0,0,0,0,0,1,0,0,0,0,0,0,0,0,0,0,4,0,0,0,0,0,0,0,0,0,0,0,0,0,0,0,0,0,0,0,1,0,0,0,0,0,0,0,0,0,3
syn_aggregate_00671,20,2.0,1,1,1,1,1,0,0,0,0,0,0,0,0,0,0,0,0,4,0,4,4,3,4,3,4,3,3,3,3,1,1,1,1,1,1,1,1,1,2,1,1,0,1,0,0,0,0,0,0,0,0,0,0,0,0,0,0,0,4,0,2,1,0,1,1,0,1,1,2
syn_aggregate_00672,34,2.0,0,0,0,0,0,0,0,0,0,0,0,0,0,0,0,0,0,2,0,0,0,0,0,0,0,0,1,0,0,0,0,0,1,0,0,0,0,0,0,1,0,0,1,0,0,0,0,0,0,0,0,1,0,0,0,1,0,1,0,0,1,0,0,0,0,0,0,1,0
syn_aggregate_00673,18,1.0,3,3,1,2,1,2,1,0,0,0,0,0,0,0,0,0,0,0,3,0,0,0,0,0,0,0,0,1,0,0,0,0,0,0,0,0,0,0,2,1,0,0,0,0,0,0,0,0,0,0,1,0,0,1,0,2,0,0,0,0,1,1,0,1,0,0,1,0,0
syn_aggregate_00674,20,2.0,1,2,0,0,0,0,0,0,0,0,0,0,0,0,0,0,0,0,0,0,0,0,0,0,0,0,0,0,1,0,1,0,0,0,0,0,0,0,0,1,0,0,1,0,0,0,0,0,0,0,0,0,0,0,0,0,0,0,0,0,0,0,0,0,0,0,0,0,0
syn_aggregate_00675,19,2.0,1,1,1,1,1,1,0,0,0,3,4,3,3,3,4,3,3,2,3,2,3,1,3,2,3,2,1,2,2,1,2,2,1,1,2,2,1,1,1,2,2,2,2,1,2,1,1,1,1,1,1,1,1,0,1,0,0,0,0,1,2,2,1,2,1,1,2,2,1
syn_aggregate_00676,23,2.0,1,1,1,1,0,0,1,0,0,0,0,0,0,0,0,0,0,4,0,4,4,4,4,3,4,4,3,4,2,1,2,1,1,1,1,1,2,1,2,1,1,1,1,1,0,0,1,0,1,1,1,1,0,1,1,1,0,1,1,0,2,1,0,1,0,0,1,1,0
syn_aggregate_00677,22,2.0,2,2,1,1,1,0,1,0,0,0,0,0,0,0,0,0,0,0,4,2,2,1,2,1,2,1,1,1,2,1,1,1,1,1,0,0,0,0,0,1,1,0,1,0,1,0,0,0,0,0,1,0,0,0,1,0,1,0,1,1,3,3,1,3,2,2,2,2,2
syn_aggregate_00678,31,2.0,1,2,1,1,1,0,1,0,0,0,0,0,0,0,0,0,0,1,1,0,0,0,0,0,1,0,0,0,0,0,1,0,0,0,0,0,0,0,0,0,0,0,0,0,0,0,0,0,3,0,0,0,0,0,0,0,0,0,2,0,1,1,0,1,0,0,0,1,0
syn_aggregate_00679,37,2.0,2,2,1,1,0,1,1,1,1,0,1,1,0,0,0,0,0,0,0,2,2,1,1,1,2,1,0,1,3,3,4,4,3,3,3,3,4,2,1,0,1,0,0,0,0,0,0,0,0,0,0,0,0,0,0,0,0,0,4,0,2,1,0,1,0,0,1,1,0
syn_aggregate_00680,21,1.0,1,0,0,0,0,0,0,0,0,0,0,0,0,0,0,0,0,1,2,0,1,0,0,0,0,0,2,0,0,0,1,0,0,0,0,1,0,0,0,0,0,0,0,0,0,0,0,0,0,0,0,0,0,0,0,0,0,0,0,0,0,0,0,0,0,0,0,0,0
syn_aggregate_00681,22,1.0,2,2,1,2,1,0,0,0,0,3,3,3,2,2,2,2,2,2,2,3,3,2,3,2,3,2,2,2,2,1,2,1,1,1,0,1,1,1,1,4,4,4,4,4,4,3,4,4,4,2,2,2,2,2,2,2,1,1,2,0,2,1,0,2,1,1,1,1,0
syn_aggregate_00682,20,2.0,3,3,2,3,2,2,1,0,0,2,2,2,2,2,1,2,1,2,2,2,2,2,1,1,2,1,1,1,1,1,2,2,0,1,0,1,1,1,2,4,4,4,4,3,3,3,3,4,2,1,2,2,1,2,1,2,2,2,1,2,4,4,2,4,3,3,3,3,2
syn_aggregate_00683,41,2.0,1,2,1,1,1,1,0,0,0,0,0,1,0,0,0,0,0,1,0,0,0,0,1,0,0,0,0,0,2,0,1,0,0,0,0,0,0,0,0,0,0,0,0,0,0,0,0,0,1,0,0,0,0,0,0,0,0,0,1,0,1,0,0,1,0,0,0,0,0
syn_aggregate_00684,20,2.0,1,1,0,0,0,0,0,0,0,0,0,0,0,0,0,0,0,0,4,0,0,1,0,0,0,0,0,0,0,1,1,1,1,1,1,1,1,1,1,2,0,0,0,0,0,0,0,0,0,0,1,0,0,1,0,0,0,0,0,0,2,1,0,2,1,0,1,2,2
syn_aggregate_00685,49,2.0,3,2,2,2,1,1,1,1,1,0,1,0,0,0,0,0,0,0,4,2,2,2,2,2,2,1,2,2,2,0,1,1,1,1,0,1,1,1,0,2,1,1,2,1,1,1,2,1,2,1,1,1,1,1,1,1,0,0,1,0,2,1,0,1,1,0,1,1,1
syn_aggregate_00686,20,2.0,1,2,1,1,0,0,0,0,1,0,0,0,0,0,0,1,1,0,0,2,2,1,1,1,1,2,1,1,1,0,1,1,1,1,1,1,1,1,1,1,0,0,1,0,0,0,0,0,0,0,1,0,0,0,0,1,0,0,0,0,2,1,1,2,0,1,1,1,1
syn_aggregate_00687,22,2.0,3,3,2,2,2,1,1,0,0,0,1,1,0,1,0,0,1,0,0,2,2,1,2,1,2,1,2,1,2,0,1,1,0,1,1,1,1,1,0,0,0,0,0,1,0,0,0,1,0,0,0,0,0,0,0,0,0,0,1,0,1,0,0,1,0,0,0,0,0
syn_aggregate_00688,45,1.0,1,1,1,1,1,0,0,0,0,0,0,0,0,0,0,0,0,4,0,0,0,0,0,0,0,0,0,0,2,0,0,0,1,0,0,0,0,0,0,0,0,0,0,0,0,0,0,0,1,1,1,1,1,1,1,1,0,0,0,0,2,2,1,2,1,1,1,0,0
syn_aggregate_00689,21,2.0,2,2,1,2,0,1,0,0,0,0,0,0,0,0,0,0,0,0,0,2,3,2,2,2,3,2,1,2,1,2,2,2,2,2,3,3,2,2,2,0,0,0,0,0,0,3,0,0,0,2,2,1,1,1,2,1,1,1,1,2,4,4,2,4,3,3,4,3,3
syn_aggregate_00690,24,2.0,1,1,1,1,1,0,0,0,0,0,0,0,0,0,0,0,3,0,0,1,1,1,1,1,1,1,1,1,1,1,2,2,1,2,1,1,1,1,1,1,2,1,1,1,1,1,1,1,1,0,0,0,0,0,0,0,0,0,1,0,1,1,0,1,0,0,1,1,0
syn_aggregate_00691,18,1.0,0,0,0,0,0,0,0,0,0,0,0,0,0,0,0,0,0,0,0,0,0,0,0,0,0,0,0,0,0,0,0,0,0,0,0,0,0,0,0,0,0,0,0,0,0,0,0,0,0,0,0,0,0,0,0,0,0,0,0,0,0,0,0,0,0,0,0,0,0
syn_aggregate_00692,19,2.0,1,0,0,0,0,0,0,0,0,0,0,0,0,0,0,0,0,0,0,1,1,1,0,1,1,1,1,1,0,0,0,0,0,0,0,1,1,0,0,0,0,0,0,0,0,0,2,0,0,0,0,0,0,0,0,0,0,0,1,0,0,0,0,2,0,0,0,0,0
syn_aggregate_00693,25,1.0,1,1,1,1,1,0,0,0,0,1,1,1,0,0,0,0,0,1,2,0,0,0,0,0,0,0,2,0,0,0,0,0,0,0,0,0,0,0,0,0,0,0,0,0,0,0,0,1,0,0,1,0,0,1,0,0,0,1,0,0,1,1,0,1,1,0,1,1,0
syn_aggregate_00694,45,2.0,3,3,2,3,2,3,2,1,0,2,2,1,1,2,1,1,2,1,2,4,4,4,4,4,4,4,4,3,4,2,3,2,2,2,1,2,2,1,1,1,1,1,1,0,1,0,1,1,0,1,2,1,1,1,2,1,1,1,1,1,3,3,2,3,2,2,2,2,2
syn_aggregate_00695,20,2.0,3,3,2,3,1,2,1,0,0,1,1,1,1,0,1,0,1,1,2,2,2,2,2,2,2,2,1,2,2,1,1,1,1,1,1,0,1,1,1,3,3,3,3,2,2,2,2,1,1,1,1,1,1,1,1,1,1,1,1,1,4,4,1,3,3,3,4,2,0
syn_aggregate_00696,19,1.0,1,1,1,1,1,0,0,0,0,2,2,3,2,2,2,1,2,2,2,2,2,1,2,1,1,1,1,1,2,1,1,1,1,1,1,1,1,1,1,1,1,1,2,1,1,1,1,1,1,0,1,1,0,0,1,0,1,0,0,1,1,1,1,1,1,0,1,1,1
syn_aggregate_00697,21,2.0,1,1,1,1,1,1,0,0,0,0,0,0,0,0,0,0,0,0,2,0,0,0,0,0,1,0,0,0,0,0,1,0,0,0,0,0,0,0,0,0,0,0,0,0,0,0,0,1,0,0,0,0,0,0,0,0,0,0,4,1,2,1,0,2,0,1,1,1,1
syn_aggregate_00698,19,1.0,2,2,1,1,0,0,0,1,1,0,0,0,0,0,0,0,0,0,0,0,0,0,0,0,0,0,0,0,0,0,1,0,0,1,0,0,0,1,1,0,0,0,0,0,0,0,0,0,0,0,0,0,0,0,0,0,0,0,0,0,0,0,0,0,0,0,0,0,0
syn_aggregate_00699,22,2.0,1,2,1,2,0,1,1,1,0,2,3,2,1,2,1,1,2,2,1,1,1,0,1,1,1,0,0,0,1,0,1,0,0,1,0,0,1,0,1,0,0,0,1,0,0,0,0,0,2,0,0,0,0,0,0,0,0,3,0,0,2,2,0,2,1,1,2,1,0
syn_aggregate_00700,18,2.0,0,0,1,1,0,0,0,0,1,0,0,0,0,4,0,0,0,0,0,1,1,0,1,1,0,0,0,1,1,1,1,1,1,1,0,1,1,1,0,0,0,0,0,0,0,0,0,0,1,0,0,0,0,0,1,1,0,0,0,0,0,0,0,0,0,0,0,1,2
syn_aggregate_00701,19,1.0,3,3,1,2,1,1,0,0,0,0,0,0,0,0,0,0,0,0,4,2,3,2,2,1,2,2,3,2,2,0,1,1,0,0,0,1,0,0,0,1,0,0,0,0,0,0,0,0,2,0,0,0,0,0,2,0,0,0,0,0,1,1,0,1,1,0,1,1,0
syn_aggregate_00702,18,1.0,0,2,0,0,0,0,0,0,0,0,0,0,0,0,0,0,0,0,2,0,0,0,0,0,0,1,0,0,0,0,0,0,0,0,0,0,0,0,0,0,0,0,0,0,0,0,0,0,0,0,0,0,0,0,0,0,0,0,0,0,0,0,0,0,0,0,0,0,0
syn_aggregate_00703,29,2.0,1,1,1,0,0,0,0,0,0,0,0,0,0,0,0,0,0,3,0,0,0,0,0,0,0,0,0,0,4,0,1,0,0,0,0,0,0,0,0,0,0,0,0,0,0,0,0,0,0,0,0,0,0,0,1,0,0,0,0,0,0,0,0,0,0,0,0,0,0
syn_aggregate_00704,50,2.0,2,2,1,2,1,0,0,0,0,0,0,0,0,0,0,0,0,4,0,2,2,2,2,1,2,1,1,2,2,0,1,1,0,0,0,0,1,0,0,0,0,0,1,0,0,0,0,0,0,0,0,0,0,0,0,0,0,0,2,0,1,1,0,1,0,0,1,0,0
syn_aggregate_00705,19,2.0,2,2,1,1,0,0,0,0,0,0,0,0,0,0,0,0,0,0,0,0,1,0,0,0,0,0,0,1,2,0,2,1,0,1,0,1,1,0,0,0,0,0,0,0,0,0,0,0,2,1,1,1,0,1,2,1,1,1,1,0,1,1,0,1,0,0,1,1,0
syn_aggregate_00706,22,2.0,2,2,2,2,2,2,2,0,0,3,3,3,2,2,2,2,1,1,2,0,0,0,1,0,0,0,1,0,0,2,3,2,2,2,2,2,3,2,1,1,1,1,1,1,1,1,1,0,0,1,2,1,1,1,1,1,1,1,1,0,2,2,0,1,1,1,2,1,0
syn_aggregate_00707,21,2.0,3,3,2,2,1,0,0,0,0,0,0,0,0,0,0,0,0,3,0,1,1,1,1,1,1,1,1,1,1,1,1,1,1,1,0,1,1,1,0,0,0,0,0,0,2,0,0,0,0,1,1,0,1,0,1,0,0,0,2,0,0,0,0,0,0,0,0,0,4
syn_aggregate_00708,22,1.0,2,2,1,1,1,1,1,0,0,0,1,0,0,0,0,0,0,0,0,1,1,1,0,0,0,0,0,0,3,0,0,0,0,0,0,0,0,0,0,0,0,0,0,0,0,1,0,0,0,0,0,0,0,0,0,0,0,0,2,0,1,1,0,1,1,0,1,0,0
syn_aggregate_00709,41,2.0,0,1,0,0,0,0,0,0,0,0,0,0,0,0,0,0,0,0,2,0,0,0,0,0,1,0,0,0,1,0,0,0,0,0,0,0,0,0,0,0,1,0,0,0,0,0,0,1,0,0,0,0,0,0,0,0,0,1,0,0,1,1,0,1,0,1,1,0,0
syn_aggregate_00710,19,2.0,1,1,1,1,1,0,1,0,1,0,0,0,0,0,2,0,0,0,0,0,0,0,1,0,0,0,0,0,0,0,1,1,0,0,0,1,1,0,2,0,0,0,0,0,0,0,0,0,0,0,0,0,0,0,0,0,0,0,1,0,1,0,0,1,0,0,0,1,0
syn_aggregate_00711,21,2.0,2,2,2,2,1,1,1,0,0,0,0,0,0,0,0,0,0,0,0,1,1,0,1,1,1,0,0,0,0,2,3,2,2,2,2,2,3,2,2,1,1,1,1,1,2,0,2,1,1,0,0,0,0,0,0,0,0,0,4,0,1,1,0,1,0,0,1,1,0
syn_aggregate_00712,18,2.0,0,0,0,0,0,0,0,0,0,0,0,0,0,0,0,0,0,0,1,1,1,0,1,1,1,1,0,0,1,1,2,1,0,1,1,1,2,0,1,1,0,0,1,0,0,0,0,0,0,1,1,1,1,1,0,1,1,0,0,0,1,1,0,1,0,0,1,0,0
syn_aggregate_00713,19,2.0,1,1,1,1,0,1,1,0,1,0,0,0,0,0,0,0,2,0,0,1,2,1,1,1,2,1,1,1,1,0,0,0,0,0,1,1,1,0,0,0,0,0,0,0,0,0,0,0,2,0,0,0,0,0,0,0,0,0,0,0,1,1,0,1,1,0,1,1,0
syn_aggregate_00714,18,2.0,2,2,1,0,0,0,0,0,0,0,0,0,0,0,0,0,0,0,3,1,1,0,1,1,1,1,0,1,1,1,2,2,1,2,1,1,1,1,1,1,1,1,1,1,1,0,1,1,1,1,1,1,1,1,1,1,1,1,1,0,0,0,0,2,0,0,0,0,0
syn_aggregate_00715,21,2.0,2,2,1,1,1,0,1,0,1,2,2,2,2,2,2,1,2,1,2,2,2,1,1,1,1,1,1,1,1,1,2,1,1,1,1,1,2,1,1,1,0,0,1,0,0,0,0,0,0,2,2,2,1,1,1,1,1,1,1,0,1,1,0,1,1,0,1,1,0
syn_aggregate_00716,21,1.0,1,1,0,1,0,0,0,0,0,0,0,0,0,0,0,0,0,2,0,1,1,1,1,1,1,0,0,0,0,1,2,1,1,1,1,1,1,1,1,0,0,0,0,0,0,0,0,3,0,0,0,0,0,0,0,0,0,0,3,0,1,0,0,1,0,0,0,0,0
syn_aggregate_00717,19,2.0,0,1,0,1,0,0,1,0,0,0,0,0,0,0,0,0,0,0,0,1,1,0,1,0,1,1,0,0,0,0,0,0,0,0,0,0,0,0,0,0,0,0,0,0,0,0,0,0,0,0,0,0,0,0,0,0,0,0,0,0,0,1,0,1,0,0,0,0,0
syn_aggregate_00718,21,2.0,1,1,1,0,0,0,0,0,0,0,0,0,0,0,0,0,0,2,0,0,0,0,0,0,0,0,0,1,1,0,0,0,0,0,0,0,0,0,0,0,0,0,0,0,0,0,0,0,0,0,0,0,0,0,0,0,0,0,0,0,0,0,0,0,0,0,0,0,0
syn_aggregate_00719,31,2.0,1,2,1,2,1,0,0,0,0,0,0,0,0,1,0,0,1,0,0,1,2,1,1,1,2,1,1,1,1,0,1,1,1,1,0,0,0,0,0,0,0,0,0,0,0,0,0,1,2,0,1,0,0,0,0,0,0,0,0,0,0,0,0,0,0,0,0,0,3
syn_aggregate_00720,34,2.0,1,1,2,2,0,1,0,0,0,1,1,1,0,1,1,1,1,1,0,1,1,0,1,1,1,0,1,1,2,0,0,0,0,0,0,0,0,0,3,0,0,0,0,0,0,0,0,0,3,0,0,0,0,0,0,0,0,0,4,0,1,0,0,0,0,0,0,0,0
syn_aggregate_00721,20,1.0,1,1,1,1,1,0,0,0,0,0,1,0,0,0,1,0,1,0,0,1,1,1,0,0,1,0,0,0,0,0,1,0,0,0,0,0,0,0,0,0,0,0,0,0,0,0,0,0,3,1,1,1,1,1,0,0,0,0,1,0,0,0,0,0,0,0,2,0,0
syn_aggregate_00722,20,1.0,1,0,1,0,0,0,0,0,0,0,0,0,0,0,0,0,0,1,0,0,0,0,1,0,0,0,0,0,0,1,1,1,1,1,0,1,1,0,0,4,4,4,4,4,0,0,0,0,0,0,1,0,0,1,0,1,0,0,1,0,1,1,0,1,0,1,1,1,0
syn_aggregate_00723,22,2.0,2,2,1,1,0,0,0,0,0,0,0,0,0,0,0,0,0,0,1,0,1,0,1,0,1,0,0,0,0,0,0,0,0,0,0,0,0,1,0,0,0,0,1,0,0,0,0,0,1,0,0,0,0,0,0,0,0,2,0,0,1,1,0,1,0,0,1,1,0
syn_aggregate_00724,21,2.0,0,0,0,0,2,0,0,0,0,0,0,0,0,0,0,0,0,0,4,0,0,0,0,0,0,0,0,0,0,0,0,0,0,0,0,0,0,0,0,0,0,0,0,0,0,0,0,0,1,0,0,0,0,0,0,0,0,0,0,0,0,0,0,1,0,0,0,0,0
syn_aggregate_00725,20,2.0,0,0,0,0,0,0,0,0,0,0,0,0,0,0,0,0,0,3,0,0,0,0,0,0,1,0,1,0,0,0,1,0,0,0,0,0,0,0,0,0,0,0,0,0,1,0,2,0,0,0,0,0,0,0,0,0,0,0,0,0,0,0,0,0,0,0,0,0,0
syn_aggregate_00726,22,2.0,0,1,0,1,0,0,0,0,0,0,0,0,0,0,0,0,0,0,3,1,1,0,0,0,1,1,0,1,1,0,0,0,0,0,0,0,0,1,0,0,0,0,0,0,0,0,0,0,1,0,0,0,0,0,1,0,0,0,1,0,0,0,0,1,0,0,0,0,0
syn_aggregate_00727,19,2.0,1,2,1,2,1,1,0,0,0,1,2,2,1,1,1,1,1,1,1,2,2,1,2,1,2,1,1,2,1,0,1,0,0,1,0,0,0,1,0,0,0,0,0,0,0,0,0,0,2,2,2,2,1,1,1,1,1,1,2,0,2,1,0,2,1,0,2,1,1
syn_aggregate_00728,20,1.0,2,2,1,1,1,0,1,0,0,1,2,1,1,2,1,1,1,1,2,3,2,2,3,2,3,2,2,1,3,4,4,4,4,4,4,4,4,3,0,1,1,1,1,0,0,0,0,0,1,3,3,2,2,2,3,2,3,2,2,1,3,3,2,3,2,2,2,2,3
syn_aggregate_00729,20,1.0,0,1,0,1,0,0,0,0,0,0,0,0,0,0,0,0,1,0,1,0,0,1,0,0,0,0,0,0,0,0,1,0,0,1,0,0,1,0,0,0,0,0,0,0,0,0,0,0,1,1,1,1,1,1,1,1,0,0,1,0,0,0,0,0,0,0,0,0,4
syn_aggregate_00730,21,2.0,2,2,2,2,2,2,1,0,1,0,0,0,0,1,0,0,0,0,0,4,4,4,4,4,4,4,4,3,3,0,0,0,0,0,0,0,0,2,0,1,0,0,0,0,0,0,0,1,0,0,0,0,0,0,0,0,0,0,4,0,0,0,0,0,0,0,0,3,0
syn_aggregate_00731,18,2.0,2,2,2,2,1,2,0,0,0,0,0,0,0,0,1,1,0,0,0,0,0,0,0,0,0,0,0,3,0,1,1,0,0,0,1,1,0,0,0,1,1,0,1,0,0,0,0,0,0,0,0,0,0,2,0,0,0,0,0,0,1,1,0,1,0,0,1,1,0
syn_aggregate_00732,32,2.0,1,1,0,0,0,0,0,0,0,0,0,0,0,0,0,0,0,0,1,0,0,0,0,0,0,0,0,0,2,1,1,1,1,1,1,1,1,2,1,0,0,0,1,0,0,0,0,0,1,0,0,0,0,0,2,0,0,0,0,0,1,1,0,1,1,0,1,1,0
syn_aggregate_00733,51,2.0,3,3,2,3,2,2,1,1,1,1,2,1,1,1,1,1,1,1,0,1,1,1,1,0,1,1,1,2,2,0,0,0,0,0,0,0,1,0,0,2,2,2,2,2,1,1,1,1,2,0,0,0,0,0,1,1,0,1,1,0,2,2,0,2,0,1,1,1,0
syn_aggregate_00734,49,2.0,0,0,1,1,0,0,0,0,0,0,0,4,0,0,0,0,0,0,0,0,1,0,0,0,0,0,0,0,0,0,0,0,0,0,0,0,0,0,2,0,0,0,0,0,0,0,0,1,1,0,0,0,0,0,0,0,0,0,0,0,1,1,0,1,0,0,1,0,2
syn_aggregate_00735,41,2.0,1,2,1,2,1,0,1,1,0,0,0,0,0,0,0,0,0,0,3,1,1,0,1,0,1,1,1,0,0,1,2,1,1,1,1,1,1,1,1,0,0,0,0,0,0,0,0,0,1,0,1,0,0,0,0,0,1,0,2,0,1,1,0,1,0,0,1,0,0
syn_aggregate_00736,20,2.0,2,2,1,2,1,1,0,0,0,0,1,0,0,0,0,0,0,0,0,1,1,1,1,1,1,1,1,1,0,1,1,1,1,1,1,1,0,0,0,1,1,0,1,0,0,0,0,0,0,1,2,1,0,1,1,0,0,0,2,0,1,0,0,1,0,0,0,0,0
syn_aggregate_00737,39,2.0,2,2,1,1,1,1,1,0,0,0,0,0,0,0,0,0,0,0,0,0,0,0,0,0,0,0,0,0,2,0,0,0,0,0,0,1,1,0,0,0,0,0,0,0,0,0,0,3,0,0,0,0,0,0,0,0,0,0,0,0,0,0,0,0,0,0,0,0,0
syn_aggregate_00738,22,1.0,0,0,0,0,0,0,0,0,0,0,1,0,0,0,0,0,0,0,0,0,0,0,0,0,0,0,0,0,0,0,0,0,0,2,0,0,0,0,0,0,0,0,0,0,0,0,0,0,0,0,0,0,0,0,1,0,0,0,0,0,0,0,0,0,0,0,1,0,1
syn_aggregate_00739,18,2.0,0,0,0,0,0,0,0,0,0,0,0,0,0,0,0,0,0,0,0,1,1,1,1,1,0,0,1,0,0,0,0,0,0,0,0,0,0,0,0,0,0,0,0,0,1,0,0,0,0,0,0,1,0,0,0,0,0,0,0,0,0,0,0,0,0,0,0,0,0
syn_aggregate_00740,40,2.0,1,2,1,2,0,0,0,0,0,0,0,0,0,0,0,0,0,0,1,0,0,0,0,0,2,0,0,0,0,1,1,1,1,1,1,1,1,0,0,1,0,0,1,0,0,0,0,0,0,0,0,0,0,0,0,0,2,0,0,0,1,0,0,0,0,0,0,1,0
syn_aggregate_00741,19,1.0,0,0,0,0,0,0,0,0,0,0,0,0,0,0,0,0,0,0,1,0,0,0,0,0,0,0,0,2,0,1,2,1,1,1,1,1,1,1,0,0,0,0,1,0,0,0,0,0,0,0,0,0,1,0,0,0,0,0,0,0,0,0,0,0,0,0,0,0,0
syn_aggregate_00742,24,2.0,2,3,2,3,1,1,0,0,0,1,1,1,1,1,1,1,1,1,1,1,1,1,0,0,1,0,0,0,0,1,2,2,1,1,1,1,1,1,2,1,0,0,0,0,0,0,0,0,0,2,2,2,1,2,1,1,2,1,2,0,2,2,1,2,0,0,1,1,0
syn_aggregate_00743,20,2.0,2,3,1,2,1,2,1,0,0,1,2,1,1,2,1,1,1,2,1,0,1,0,1,0,1,0,0,0,0,0,1,1,0,1,0,0,1,0,0,0,0,0,0,0,1,0,0,0,0,1,1,1,1,1,0,0,0,0,1,0,2,1,0,1,0,0,1,1,1
syn_aggregate_00744,19,2.0,0,1,1,1,0,0,0,0,0,0,0,0,0,0,0,0,0,0,2,2,2,1,2,1,1,2,0,1,2,0,2,1,1,2,1,1,1,0,0,1,1,0,1,0,0,0,0,0,0,1,1,1,1,0,1,0,0,0,1,0,2,1,0,2,1,1,2,1,0
syn_aggregate_00745,18,1.0,1,0,0,0,0,0,0,0,0,1,2,1,1,1,0,0,1,1,0,1,2,1,2,1,1,1,1,2,1,1,2,1,1,1,0,1,1,1,1,2,2,2,2,2,1,1,2,1,2,1,1,0,1,0,1,0,1,0,1,0,1,0,0,0,0,0,0,0,0
syn_aggregate_00746,19,2.0,2,2,1,1,1,0,0,1,0,2,2,2,2,2,2,2,1,2,0,1,1,1,1,0,1,1,0,0,0,0,0,0,0,0,0,0,0,0,2,1,0,0,0,0,0,0,0,1,0,2,2,2,1,2,2,1,1,1,2,0,0,0,0,0,0,0,0,0,0
syn_aggregate_00747,20,1.0,2,2,1,0,0,1,0,0,0,0,0,0,0,0,0,0,0,0,0,0,0,0,0,0,0,0,0,0,2,0,0,0,0,0,0,0,0,0,0,0,0,0,1,0,0,0,0,0,0,0,0,0,0,0,0,1,0,0,1,0,0,0,0,0,0,0,0,0,0
syn_aggregate_00748,36,2.0,1,1,0,0,0,0,0,0,0,0,0,0,0,0,0,0,0,0,1,1,1,0,0,0,0,0,1,1,1,0,0,0,0,0,0,0,0,1,1,0,0,0,0,0,0,0,0,2,0,0,0,0,0,0,0,0,0,0,0,0,1,1,0,1,1,0,1,1,2
syn_aggregate_00749,21,2.0,0,0,0,0,0,0,0,0,0,0,1,0,0,0,0,0,0,0,0,0,0,0,0,0,0,0,0,0,0,0,0,0,0,0,0,0,0,0,0,0,0,0,0,0,0,0,0,0,0,0,0,0,0,0,0,0,0,0,2,0,0,0,0,2,0,0,0,0,0
syn_aggregate_00750,18,2.0,1,1,0,1,0,0,1,0,2,0,0,0,0,0,0,0,0,1,0,1,1,0,2,1,2,1,0,1,0,0,0,0,0,0,0,0,0,0,0,1,1,0,0,0,0,0,0,0,0,0,1,0,0,0,1,0,0,0,0,0,0,0,0,0,0,0,0,0,0
syn_aggregate_00751,18,2.0,2,2,1,1,1,0,1,0,0,0,0,0,0,0,0,0,0,2,0,1,1,1,1,1,1,1,1,1,1,0,1,0,0,0,0,0,0,0,0,1,0,0,0,0,0,0,0,0,0,0,0,0,0,0,0,0,0,2,0,0,2,1,0,1,1,1,1,1,0
syn_aggregate_00752,48,2.0,3,3,2,2,1,1,0,0,0,0,0,0,0,0,0,0,0,2,0,1,1,1,1,1,1,1,1,1,1,1,1,1,1,1,1,1,2,1,1,1,1,0,1,0,0,0,0,0,0,0,0,0,0,0,0,0,0,4,0,0,1,1,0,1,0,0,0,1,0
syn_aggregate_00753,20,1.0,1,1,1,1,1,0,0,0,1,0,0,0,1,0,0,0,0,0,0,0,0,0,0,0,0,0,0,0,0,0,0,0,0,0,0,0,0,4,0,0,0,0,0,0,0,0,0,0,0,0,1,0,0,0,0,0,0,0,0,0,0,0,0,0,0,1,0,0,0
syn_aggregate_00754,36,1.0,2,2,1,1,1,1,1,0,0,0,1,1,0,1,0,1,0,0,0,1,1,1,0,0,1,0,0,0,0,0,0,0,0,0,0,0,0,0,3,1,1,1,1,1,1,0,1,0,1,0,0,0,4,0,0,0,0,0,0,0,2,1,0,2,0,0,1,0,0
syn_aggregate_00755,18,2.0,1,1,1,1,1,1,0,0,0,0,0,0,0,0,0,0,0,0,3,0,0,0,0,0,0,0,0,0,0,0,0,0,0,0,0,0,0,0,0,0,0,0,0,0,0,0,0,1,0,0,0,0,0,0,0,0,0,4,0,0,0,0,0,0,0,0,0,0,0
syn_aggregate_00756,32,1.0,0,1,1,0,0,0,0,0,0,0,0,0,0,0,0,0,0,0,0,0,0,0,2,0,0,0,0,0,0,0,0,0,0,0,0,0,0,0,0,0,0,1,0,0,0,0,0,0,0,0,1,0,0,0,0,0,0,0,0,0,1,0,0,0,0,0,0,0,2
syn_aggregate_00757,31,1.0,0,1,1,1,0,0,0,0,0,0,0,0,0,0,0,0,0,0,1,2,2,1,2,1,2,1,2,1,2,0,0,0,0,0,0,0,0,0,0,1,0,0,0,0,0,0,0,0,1,0,0,0,0,0,0,0,0,0,0,0,1,0,0,0,0,0,0,0,2
syn_aggregate_00758,20,2.0,0,2,0,0,0,0,0,0,0,0,0,1,0,0,0,0,0,1,0,0,1,0,0,0,0,0,0,0,0,0,1,0,0,0,1,0,0,1,0,1,0,0,1,0,0,0,0,0,0,0,0,0,0,0,1,0,0,1,2,0,1,0,0,1,0,0,1,0,0
syn_aggregate_00759,20,1.0,0,1,0,0,0,1,0,0,0,0,0,0,0,0,0,0,0,0,0,0,0,0,0,0,0,0,0,0,3,0,1,0,0,0,0,0,0,0,0,1,0,0,1,0,0,0,0,0,0,0,0,0,0,0,0,0,0,0,1,0,1,0,0,0,0,0,0,0,3
syn_aggregate_00760,20,2.0,3,3,2,3,2,3,2,0,0,1,1,1,0,0,0,0,0,0,0,2,3,2,2,2,3,2,3,2,3,1,1,1,1,1,1,1,1,1,1,0,0,0,0,0,0,0,0,0,0,1,1,1,0,1,1,0,1,1,0,0,2,2,0,2,1,1,1,0,0
syn_aggregate_00761,21,2.0,3,3,2,3,1,2,2,1,0,3,3,3,3,3,2,2,2,3,3,2,3,2,3,2,2,2,2,2,3,1,1,2,1,1,1,1,1,2,0,1,2,1,2,1,1,1,0,1,0,0,0,0,0,0,0,0,0,0,0,3,4,4,3,4,4,4,4,3,3
syn_aggregate_00762,42,1.0,0,1,0,0,0,0,0,0,0,0,0,0,0,0,0,0,0,0,4,1,1,0,1,1,1,1,0,1,1,0,0,0,0,0,0,0,0,0,2,1,0,0,1,0,0,0,0,0,0,0,0,0,0,0,0,0,0,0,0,0,1,0,0,0,0,0,0,0,0
syn_aggregate_00763,31,2.0,0,1,0,0,0,0,0,0,0,0,0,1,0,0,0,0,0,0,2,0,0,0,1,0,0,0,0,0,0,0,0,0,0,0,0,0,0,0,1,0,0,0,0,0,0,0,0,1,0,1,2,1,1,1,2,1,1,1,1,0,2,1,0,1,0,0,1,1,0
syn_aggregate_00764,22,2.0,2,1,1,2,0,0,0,0,0,1,2,2,0,1,1,0,1,2,0,2,2,1,2,1,1,1,1,1,1,1,1,0,1,0,1,0,1,1,1,2,2,2,2,1,1,1,1,1,1,1,2,1,1,1,2,1,0,0,1,1,3,3,1,2,2,2,2,1,3
syn_aggregate_00765,20,2.0,1,1,1,1,0,0,0,0,0,0,0,0,0,0,1,0,0,0,0,2,2,1,2,2,2,1,2,2,2,0,0,0,0,0,1,0,0,0,0,0,1,0,0,0,0,0,0,0,0,0,1,0,0,1,0,0,1,0,1,0,1,0,0,0,0,0,0,0,2
syn_aggregate_00766,45,2.0,1,1,0,1,0,0,1,0,0,1,1,1,0,1,1,0,1,0,0,0,0,1,0,0,0,0,0,0,0,0,1,1,0,0,0,0,1,1,0,0,0,0,1,0,0,0,0,0,3,1,1,1,1,1,2,2,1,1,1,0,0,0,0,2,0,0,0,0,0
syn_aggregate_00767,36,2.0,2,2,1,1,1,1,0,0,0,0,1,0,0,0,0,0,0,0,0,1,1,0,0,0,0,0,0,0,0,1,2,1,1,1,1,2,0,1,1,0,0,0,0,0,0,0,0,0,1,0,0,0,0,0,0,0,0,0,0,0,1,1,0,1,0,0,1,0,0
syn_aggregate_00768,37,1.0,1,1,1,1,1,1,1,0,0,1,1,1,0,1,1,1,1,1,0,0,0,1,0,0,0,0,0,0,0,0,0,0,0,0,0,0,0,1,3,0,0,0,0,0,0,0,1,1,0,0,0,0,0,0,0,0,0,0,3,0,1,1,0,1,1,0,1,1,1
syn_aggregate_00769,18,1.0,0,0,0,0,0,0,0,0,0,1,1,0,0,0,0,0,0,3,0,0,0,0,0,0,0,0,0,1,0,0,1,1,0,1,0,1,1,1,0,0,0,0,0,0,0,0,0,0,0,0,1,0,0,1,0,0,0,1,1,0,0,0,0,0,0,0,0,0,0
syn_aggregate_00770,20,2.0,1,1,1,1,0,0,1,0,0,0,0,0,0,0,0,0,0,2,0,0,0,0,0,0,0,0,0,1,0,0,0,0,0,0,0,0,0,0,2,0,0,0,0,0,0,0,1,0,0,0,0,0,0,0,0,0,0,0,2,0,0,0,0,0,0,0,0,0,0
syn_aggregate_00771,19,2.0,1,1,1,0,0,0,0,0,0,0,0,0,0,0,0,0,0,4,0,1,1,1,1,1,1,1,1,1,1,0,0,0,0,0,0,0,0,0,1,0,0,0,0,1,0,0,0,0,0,0,0,0,0,0,0,2,0,0,0,0,2,2,0,1,0,0,1,0,0
syn_aggregate_00772,20,2.0,1,1,0,1,0,0,1,0,0,0,0,0,0,0,1,0,0,0,0,1,1,2,1,1,2,1,1,1,2,1,2,1,1,1,0,1,1,1,0,2,1,1,1,0,0,0,0,1,0,1,1,1,1,1,2,2,1,1,1,0,1,0,0,0,0,0,0,0,0
syn_aggregate_00773,21,2.0,1,2,1,2,1,1,1,0,0,2,2,2,2,2,2,1,2,2,2,2,2,2,2,2,2,2,2,2,3,1,2,1,1,1,1,1,1,1,1,2,1,1,2,1,1,1,1,1,1,1,2,1,1,2,1,1,2,1,1,0,1,1,0,1,1,0,1,1,0
syn_aggregate_00774,18,2.0,1,2,0,1,0,1,0,0,0,0,0,0,0,0,0,0,0,0,4,0,0,0,0,0,0,0,1,0,0,0,0,0,0,1,0,0,0,0,0,0,0,0,1,0,0,0,0,0,0,0,0,0,0,0,0,0,0,0,0,0,1,1,0,1,0,0,1,1,0
syn_aggregate_00775,20,1.0,3,3,2,2,0,1,0,0,0,0,1,0,0,0,0,0,0,0,0,1,2,1,1,1,2,1,1,1,0,1,1,1,1,1,0,1,1,0,0,0,0,0,0,0,0,0,0,4,0,0,1,0,0,0,0,1,0,0,0,0,2,1,0,2,0,1,1,0,0
syn_aggregate_00776,21,2.0,1,1,2,2,1,1,1,0,0,1,1,1,1,1,0,0,0,0,0,2,2,1,2,1,2,1,1,1,1,1,2,2,1,2,1,1,2,1,1,0,0,1,0,0,0,0,0,0,0,1,1,1,1,1,1,1,1,1,1,0,2,1,0,1,0,0,1,1,0
syn_aggregate_00777,19,2.0,1,2,1,1,0,1,1,0,0,0,0,1,0,0,0,0,0,0,1,0,0,0,0,0,0,0,1,0,0,0,0,1,0,0,0,0,0,0,0,1,0,0,0,0,0,0,0,0,0,0,0,0,0,0,0,0,0,0,2,0,1,0,0,1,0,0,0,0,1
syn_aggregate_00778,38,2.0,2,2,1,1,0,1,0,0,0,1,2,2,0,1,1,1,1,1,2,1,1,0,1,1,1,1,0,1,1,1,2,2,1,2,1,2,2,1,0,1,1,1,1,0,0,1,0,0,0,1,1,1,0,1,0,0,1,0,0,0,2,2,0,2,1,1,2,1,0
syn_aggregate_00779,22,1.0,1,2,1,2,1,0,0,0,1,4,4,4,3,4,4,3,3,3,2,2,3,2,2,2,2,2,2,2,2,2,2,2,2,2,2,2,2,1,0,1,1,1,0,1,1,0,1,1,2,1,2,1,1,1,2,1,1,1,1,0,1,1,0,1,0,0,1,1,1
syn_aggregate_00780,19,1.0,2,3,0,0,0,0,0,0,0,0,0,0,0,0,0,0,0,4,0,1,1,1,1,1,1,2,0,0,0,0,0,0,2,0,0,0,0,0,0,1,1,1,2,1,0,0,0,1,0,1,1,1,1,1,1,0,1,1,1,0,1,1,0,1,0,1,1,1,1
syn_aggregate_00781,50,1.0,0,0,0,0,0,0,0,3,0,0,0,0,0,0,0,0,0,0,4,0,1,0,0,0,0,0,0,0,0,1,1,1,1,1,1,1,1,0,0,0,0,0,0,0,0,0,0,0,4,0,0,0,0,0,0,0,0,0,3,0,1,1,0,1,0,0,1,0,0
syn_aggregate_00782,20,1.0,2,2,1,1,0,1,0,0,0,1,1,1,1,1,0,0,0,1,0,0,0,0,2,0,0,0,0,0,0,0,0,0,0,0,0,0,0,0,1,0,0,0,0,0,0,1,0,0,0,1,2,1,1,1,2,2,1,0,1,0,1,1,0,1,0,0,0,0,0
syn_aggregate_00783,19,2.0,1,2,1,1,0,0,1,0,0,0,0,0,0,0,0,0,4,0,0,0,0,0,0,0,0,1,0,0,0,1,1,1,0,1,0,1,0,1,0,1,0,0,1,0,0,0,1,0,0,0,0,0,0,0,0,0,0,0,0,0,2,2,0,1,0,0,2,1,0
syn_aggregate_00784,18,1.0,1,1,1,1,1,0,0,0,0,0,0,0,0,0,0,0,0,0,3,1,1,1,1,0,1,0,0,0,1,0,2,2,0,1,1,1,1,1,0,0,0,0,0,0,0,0,1,0,0,0,0,0,0,0,0,0,0,0,0,0,0,0,0,1,0,0,0,0,0
syn_aggregate_00785,22,1.0,1,1,1,2,0,1,0,0,0,0,0,0,0,0,1,0,0,0,0,2,2,2,2,1,2,2,2,1,2,1,1,1,1,1,1,1,1,1,1,1,0,0,1,0,0,0,0,0,0,0,0,0,0,0,1,0,0,0,0,0,1,0,0,1,0,0,0,0,0
syn_aggregate_00786,44,1.0,2,2,1,2,1,1,1,1,1,1,1,1,0,1,0,1,0,1,2,3,3,2,3,2,2,2,2,2,3,1,1,1,0,1,1,1,0,0,0,1,1,0,1,1,0,0,0,0,0,0,1,1,0,1,0,1,1,1,0,0,2,2,0,2,1,1,1,1,0
syn_aggregate_00787,24,2.0,2,2,1,2,1,0,1,0,0,0,0,0,0,0,0,0,0,0,2,0,1,0,1,0,1,0,0,0,1,0,1,0,0,0,0,0,1,0,0,0,0,0,0,0,0,0,0,0,0,0,0,0,0,0,0,0,0,1,0,0,1,1,0,1,0,0,0,0,0
syn_aggregate_00788,19,2.0,2,2,1,2,0,0,0,0,0,0,0,0,0,0,0,0,0,1,1,0,0,0,0,0,0,0,0,2,0,1,2,2,1,1,1,1,1,1,2,0,0,0,0,0,1,0,0,0,0,1,1,1,0,1,1,1,0,0,0,1,3,3,2,3,2,2,2,3,1
syn_aggregate_00789,18,2.0,1,1,1,1,1,0,1,0,0,0,1,0,0,0,0,0,0,0,3,3,3,2,3,2,3,3,2,2,2,3,4,3,3,3,3,4,2,2,2,2,2,1,2,1,1,1,2,1,0,1,2,1,1,1,2,2,0,1,2,0,2,1,0,2,1,0,1,2,0
syn_aggregate_00790,22,2.0,0,0,0,0,0,0,0,0,0,0,0,0,0,0,0,0,0,0,2,0,0,0,0,0,0,0,0,1,2,0,0,0,0,0,0,0,0,0,0,1,0,0,0,0,0,0,0,0,0,0,0,0,0,0,0,0,0,0,3,0,0,0,0,0,0,0,0,0,0
syn_aggregate_00791,46,1.0,1,1,0,0,0,0,0,0,0,1,1,1,0,0,0,0,1,1,1,1,1,1,1,1,1,0,0,0,0,0,2,2,1,2,1,2,2,1,1,1,1,0,1,1,0,0,0,0,0,1,1,1,1,1,2,1,1,1,1,0,2,2,0,2,1,1,2,1,0
syn_aggregate_00792,22,2.0,1,1,1,1,0,0,0,0,0,0,0,0,0,0,0,0,0,0,1,0,0,0,0,0,0,0,0,0,0,0,1,0,0,0,0,0,0,0,0,0,0,0,0,0,0,0,0,0,0,0,0,0,0,0,0,0,1,0,0,0,0,0,0,0,0,0,0,0,0
syn_aggregate_00793,22,2.0,1,1,0,0,1,0,0,0,0,1,1,1,1,1,1,1,1,1,1,1,1,0,1,1,0,1,1,0,1,0,1,1,0,0,0,1,0,0,0,2,2,1,2,1,1,1,1,1,2,0,1,0,0,1,0,0,0,0,0,0,2,1,0,1,1,0,1,1,0
syn_aggregate_00794,29,2.0,1,1,1,1,1,1,0,0,0,1,2,1,1,1,1,1,1,1,0,0,0,0,0,0,1,1,0,0,0,0,0,0,0,0,0,0,1,0,0,0,0,0,0,0,0,0,0,0,4,0,0,0,0,0,0,0,3,0,0,0,2,1,0,2,1,1,1,1,0
syn_aggregate_00795,28,2.0,1,1,0,1,0,0,0,0,0,0,0,0,0,0,0,0,0,3,0,1,1,0,1,1,1,1,0,0,0,0,1,1,1,0,0,0,0,0,0,0,0,0,0,0,0,0,0,0,4,0,1,1,0,0,1,0,1,0,2,0,1,0,0,1,0,0,0,0,0
syn_aggregate_00796,20,1.0,1,2,1,1,1,0,1,0,0,0,1,0,0,0,1,0,0,0,0,1,1,0,1,1,1,0,0,0,1,1,2,1,1,1,1,1,1,1,0,0,0,0,0,0,0,0,0,0,2,1,1,1,0,1,1,1,0,0,3,0,0,0,0,0,0,0,0,0,0
syn_aggregate_00797,19,1.0,2,2,1,1,0,1,1,0,0,0,1,0,0,1,0,0,0,0,0,0,1,0,0,0,0,0,0,0,1,1,1,1,1,1,0,0,0,0,0,0,0,0,1,1,0,0,0,0,0,0,0,0,0,0,0,0,1,0,1,0,2,2,0,1,1,0,1,2,0
syn_aggregate_00798,19,2.0,2,3,1,2,1,1,1,0,0,0,0,0,0,0,0,0,0,0,3,1,1,0,1,1,1,0,0,0,0,1,1,1,0,0,1,1,1,1,1,0,0,0,0,0,0,0,0,0,3,0,0,0,0,0,0,0,0,0,0,0,2,1,0,2,0,1,1,1,0
syn_aggregate_00799,21,1.0,1,1,0,1,0,0,0,0,0,0,0,0,0,0,0,0,0,0,0,1,2,0,1,0,1,0,0,0,1,0,0,0,0,0,0,0,0,0,0,0,1,0,1,1,0,0,0,0,0,0,0,0,0,0,0,0,0,4,0,0,0,0,0,0,0,0,0,0,0
syn_aggregate_00800,21,2.0,2,2,1,2,0,0,1,0,0,1,1,1,0,1,1,0,1,1,0,3,3,3,2,2,3,2,2,2,2,0,0,0,0,0,1,0,0,0,2,2,1,1,2,1,0,0,0,1,1,2,2,1,1,1,1,2,2,0,2,0,2,2,0,2,1,1,1,1,2
syn_aggregate_00801,46,2.0,1,1,0,0,0,0,0,0,0,0,0,0,0,0,0,0,0,0,0,0,0,0,0,0,0,0,0,0,2,0,0,0,0,1,0,0,0,0,0,1,0,0,0,0,0,0,0,0,0,0,0,0,0,0,1,0,0,0,0,0,1,1,0,1,0,0,0,0,0
syn_aggregate_00802,46,2.0,2,2,1,1,0,1,0,0,0,1,1,1,0,1,0,0,1,1,0,1,2,1,2,1,1,1,1,1,2,0,1,0,0,0,0,0,1,0,0,0,0,0,0,0,0,1,0,0,0,0,0,0,0,0,0,0,0,0,4,0,1,1,0,1,1,0,1,0,0
syn_aggregate_00803,20,2.0,1,1,1,1,0,1,2,1,0,1,1,1,0,1,1,0,1,0,0,0,0,0,0,0,0,0,1,0,0,0,0,0,0,0,0,0,0,0,2,1,0,0,1,0,0,0,0,0,1,1,1,1,1,1,1,1,0,0,0,0,0,0,0,0,0,0,0,0,4
syn_aggregate_00804,51,2.0,0,1,0,0,0,0,0,0,0,0,0,0,0,0,0,0,0,0,3,1,1,1,1,1,0,0,1,0,1,0,2,1,1,1,2,2,1,1,1,0,1,0,0,0,0,0,0,0,0,1,1,1,0,1,1,1,0,1,0,0,0,0,0,0,0,0,0,1,1
syn_aggregate_00805,20,1.0,1,1,1,1,1,1,0,0,0,0,0,0,0,0,1,0,0,1,1,1,2,1,1,1,2,1,1,2,2,2,3,2,2,2,2,2,2,2,2,2,2,2,2,1,1,1,1,0,0,2,3,2,2,2,2,1,2,3,2,0,1,1,0,1,0,0,1,0,0
syn_aggregate_00806,49,1.0,2,2,1,2,0,1,1,0,0,0,0,0,0,0,2,0,0,0,0,0,0,0,0,0,0,0,0,0,0,0,0,0,0,0,0,0,0,0,1,0,0,0,1,0,0,0,0,0,0,0,0,0,0,0,0,0,0,3,0,0,1,0,0,0,0,0,1,0,0
syn_aggregate_00807,19,1.0,0,2,0,0,0,0,0,0,0,0,0,0,0,0,0,0,0,0,3,0,0,0,0,0,0,0,3,0,0,0,0,1,0,0,0,0,0,0,0,0,0,0,0,0,0,0,0,0,0,0,0,0,0,0,1,0,0,0,0,0,1,1,0,0,0,0,1,0,0
syn_aggregate_00808,19,2.0,2,2,0,1,0,0,1,0,0,1,1,1,0,1,1,0,1,0,0,0,0,0,0,0,0,0,0,1,0,0,0,0,0,0,0,0,0,2,0,2,1,1,2,1,1,0,1,0,0,1,1,0,0,0,0,0,0,0,0,0,1,1,0,0,0,0,0,0,0
syn_aggregate_00809,19,1.0,2,2,1,1,1,1,0,0,0,0,0,0,0,0,0,0,0,0,0,0,0,0,0,0,1,0,1,1,0,0,0,0,0,0,0,0,0,0,2,0,0,0,0,0,0,0,0,0,2,0,0,0,0,0,0,0,0,0,1,0,2,1,0,1,1,1,1,1,1
syn_aggregate_00810,19,2.0,0,1,0,0,0,0,0,0,0,0,0,0,0,0,0,0,0,0,2,0,0,0,0,0,0,0,0,1,0,0,0,0,0,0,0,0,2,0,0,0,0,0,0,0,0,0,0,0,0,0,0,0,0,0,0,0,0,0,0,0,0,0,0,0,0,0,0,0,0
syn_aggregate_00811,21,1.0,2,3,2,2,1,1,1,0,0,2,2,2,2,1,2,1,1,2,2,1,1,0,0,0,1,0,1,0,0,0,1,0,0,0,0,1,0,0,0,0,0,0,1,0,0,0,0,0,0,2,3,2,2,2,2,3,2,2,2,2,4,4,2,4,3,3,4,3,3
syn_aggregate_00812,21,2.0,0,0,0,0,0,0,0,0,0,0,0,0,0,0,0,0,0,0,0,0,0,0,0,0,0,0,0,0,0,0,0,0,0,0,0,0,0,0,0,0,0,0,0,0,0,0,0,0,0,0,0,0,0,0,0,0,0,0,0,0,0,0,0,1,0,0,0,0,0
syn_aggregate_00813,22,2.0,3,3,2,2,1,1,1,1,0,1,2,1,1,1,1,1,1,1,1,1,1,1,1,1,1,1,2,1,1,1,2,1,1,1,1,1,1,1,1,1,1,0,1,1,0,1,1,1,1,1,2,1,1,1,2,1,1,0,1,3,4,4,3,4,3,3,4,4,2
syn_aggregate_00814,18,2.0,1,1,0,1,0,1,1,0,0,0,0,0,0,0,0,0,2,0,0,3,3,3,3,2,3,2,2,3,2,0,0,0,0,0,0,0,0,0,4,1,1,1,1,0,0,0,0,0,2,0,0,0,0,0,0,0,0,0,3,0,2,2,1,2,0,0,2,2,0
syn_aggregate_00815,19,2.0,0,0,0,0,0,0,0,0,0,0,0,0,0,0,0,0,0,0,0,0,0,0,0,0,0,0,0,0,0,0,0,0,0,0,0,0,0,0,0,0,0,0,0,0,0,0,0,0,0,1,0,0,3,0,0,0,0,0,0,0,0,0,0,0,0,0,0,0,0
syn_aggregate_00816,36,2.0,0,0,0,0,0,0,0,0,0,0,0,0,0,0,0,0,0,0,0,0,0,0,0,0,0,0,0,2,0,0,0,0,0,0,0,0,0,0,1,0,0,0,0,0,0,0,0,0,1,0,0,0,0,0,0,0,0,0,1,0,0,0,0,0,0,0,0,0,0
syn_aggregate_00817,19,2.0,2,2,1,1,1,1,0,0,0,0,0,0,0,0,0,0,0,0,0,2,2,1,1,1,1,1,1,1,1,0,0,0,0,0,0,0,2,0,0,0,1,0,0,1,0,0,1,1,0,0,1,0,0,0,0,0,0,0,0,0,1,1,0,1,0,0,1,1,1
syn_aggregate_00818,18,2.0,0,2,0,0,0,0,0,0,0,0,1,0,0,0,0,0,0,0,0,0,0,0,0,0,0,0,0,0,1,0,1,1,0,1,0,0,1,0,0,0,0,0,0,0,0,0,0,0,0,0,0,0,0,0,0,0,0,0,0,0,2,2,1,2,1,0,2,1,1
syn_aggregate_00819,20,2.0,2,2,1,1,0,1,1,0,1,1,1,1,1,1,0,1,0,2,2,2,3,2,3,2,2,2,1,2,2,2,2,2,1,1,2,2,1,1,0,1,1,0,1,0,1,0,0,0,0,1,1,1,0,0,1,1,0,0,1,0,1,1,0,1,0,0,0,1,0
syn_aggregate_00820,23,1.0,2,2,1,2,1,1,1,0,0,0,0,0,0,0,0,0,0,0,1,1,1,1,1,1,1,1,1,1,1,2,2,2,1,2,1,2,2,1,2,1,2,1,2,1,1,0,1,1,1,1,1,1,0,1,1,1,0,0,2,0,1,0,0,1,0,0,0,0,0
syn_aggregate_00821,21,2.0,3,3,2,2,2,2,0,0,0,1,1,0,0,0,0,0,1,0,2,4,4,3,4,3,4,3,3,3,0,0,1,1,0,1,0,1,0,0,0,1,1,0,1,1,0,0,0,0,0,0,1,1,0,1,1,1,1,1,1,1,3,3,1,3,2,2,2,1,2
syn_aggregate_00822,19,2.0,3,3,3,3,2,1,1,0,1,1,1,1,1,2,0,0,0,0,0,2,3,2,3,2,3,2,2,2,2,2,3,2,2,2,1,2,2,1,0,2,3,2,3,2,2,1,2,2,2,1,1,1,1,1,1,1,1,1,1,1,3,2,1,3,1,1,2,2,1
syn_aggregate_00823,19,2.0,1,2,0,2,0,1,1,0,1,0,0,0,0,0,0,0,0,0,0,1,1,1,1,1,1,0,0,0,0,1,1,1,0,1,0,1,1,1,0,0,0,0,0,0,0,0,0,0,3,0,0,0,0,0,0,0,0,0,0,0,2,1,0,2,0,0,2,1,0
syn_aggregate_00824,18,2.0,1,1,0,1,0,0,1,0,1,0,0,1,0,0,0,0,0,0,0,1,1,1,1,1,1,1,1,1,1,0,1,1,0,1,0,1,1,0,1,1,1,0,1,0,0,0,0,1,0,0,0,0,0,0,0,0,0,0,0,0,1,1,0,1,0,0,0,0,0
syn_aggregate_00825,44,2.0,1,1,0,1,0,0,0,0,0,0,0,0,0,0,0,0,0,0,0,1,1,1,1,1,1,1,0,0,0,0,2,0,0,0,0,0,0,0,0,2,1,1,2,1,1,1,1,1,1,0,0,0,0,0,0,0,0,0,2,0,1,1,0,1,0,0,1,1,0
syn_aggregate_00826,21,2.0,1,2,1,1,0,1,1,0,0,0,0,0,0,1,0,0,0,0,0,0,0,0,0,0,0,0,0,0,1,0,1,0,0,0,0,0,1,0,0,0,0,0,0,0,0,0,0,0,0,0,0,0,0,0,0,0,0,0,0,0,0,1,0,0,0,0,0,0,0
syn_aggregate_00827,21,1.0,0,0,0,0,0,0,0,0,0,0,0,0,1,0,0,0,0,0,0,0,0,0,0,0,0,0,0,0,0,0,0,0,0,0,0,0,0,0,0,2,2,1,1,1,1,1,0,0,1,0,0,0,0,0,0,0,0,2,0,0,0,1,0,0,0,0,0,0,0
syn_aggregate_00828,19,2.0,0,0,0,0,0,0,0,0,0,0,0,0,0,0,0,0,0,0,4,0,0,0,0,0,0,0,0,0,0,0,0,0,0,0,0,0,0,0,0,0,0,0,0,0,0,0,0,0,0,0,0,0,0,0,0,0,0,0,0,0,1,0,0,0,0,0,0,0,0
syn_aggregate_00829,18,2.0,0,0,0,0,0,0,0,0,0,0,0,0,0,0,0,0,0,0,0,0,0,0,0,0,0,0,0,0,0,0,0,0,0,0,0,0,0,0,0,0,0,0,0,0,0,0,0,0,0,0,0,0,0,0,0,0,0,0,0,0,0,0,0,0,0,0,0,0,0
syn_aggregate_00830,21,2.0,1,0,0,0,0,0,0,0,0,0,0,0,0,0,0,0,0,3,0,0,0,0,0,0,0,1,1,1,0,0,0,0,0,0,0,0,0,0,0,0,0,0,0,0,0,0,0,0,1,0,1,0,0,0,0,0,0,0,0,0,0,0,0,0,0,0,0,0,0
syn_aggregate_00831,19,2.0,2,2,1,1,1,1,0,1,0,0,1,0,0,0,0,0,0,0,0,1,1,0,1,1,1,0,1,1,1,0,2,1,1,2,1,1,1,0,1,1,1,1,1,0,0,0,1,1,2,2,2,1,1,1,1,1,1,2,1,3,4,3,3,3,3,2,3,2,2
syn_aggregate_00832,45,2.0,2,2,1,1,0,0,1,0,0,0,0,0,0,0,0,0,0,3,0,0,0,0,0,0,0,0,0,0,4,0,0,0,0,0,0,0,0,0,0,1,0,0,0,0,0,0,0,0,0,0,0,0,0,0,0,0,0,0,0,0,1,0,0,0,0,0,0,1,0
syn_aggregate_00833,19,1.0,3,3,2,2,2,1,1,0,0,2,2,2,1,1,2,0,1,1,1,1,1,0,1,0,1,0,0,0,0,1,2,1,1,1,2,1,1,1,1,1,0,0,1,0,0,0,0,0,0,2,2,2,1,2,1,2,1,1,2,0,1,2,0,1,1,1,1,1,0
syn_aggregate_00834,23,2.0,1,1,1,1,1,0,0,0,0,1,1,1,1,1,1,1,1,1,1,1,1,1,2,2,1,1,2,1,1,0,1,1,1,1,1,1,1,1,0,1,0,0,0,0,0,0,1,0,0,0,0,0,0,0,0,0,0,0,4,0,1,1,0,1,0,1,1,1,0
syn_aggregate_00835,22,1.0,1,1,1,1,1,0,0,0,0,0,0,0,0,0,0,0,0,0,0,1,1,0,1,0,1,1,1,1,1,1,1,1,0,0,1,1,1,1,0,0,0,0,0,0,0,0,0,0,0,0,0,0,0,0,0,0,0,0,0,0,0,0,0,0,0,0,0,0,4
syn_aggregate_00836,23,1.0,0,0,0,0,0,0,0,0,0,0,0,1,0,0,0,0,0,0,0,0,1,0,1,0,0,0,0,0,0,0,0,0,0,0,0,0,0,0,0,0,0,0,0,0,0,0,0,0,0,0,0,0,0,0,0,0,0,0,0,0,0,0,0,0,0,0,0,0,0
syn_aggregate_00837,18,2.0,0,1,0,1,0,0,0,0,0,0,0,0,0,0,0,0,0,1,0,0,0,0,0,0,0,0,0,0,2,0,0,0,0,0,0,0,0,0,0,0,0,0,0,0,0,0,0,0,0,0,0,0,0,0,0,0,0,0,0,0,1,0,0,0,0,0,0,0,0
syn_aggregate_00838,31,2.0,0,0,1,1,1,0,1,0,0,0,0,0,0,0,0,0,0,3,0,0,0,0,0,0,0,0,0,3,0,0,1,1,0,1,0,0,0,0,2,0,0,0,0,1,0,0,0,0,0,2,2,1,1,1,1,1,1,1,0,0,1,1,0,1,0,0,1,0,0
syn_aggregate_00839,20,1.0,3,3,1,2,0,0,0,0,0,0,0,0,0,0,0,0,0,0,2,0,0,0,0,0,0,0,1,1,0,1,1,1,1,1,1,1,1,1,1,0,0,0,0,0,0,0,0,3,0,0,0,0,0,0,0,0,0,0,4,0,1,1,0,1,0,0,1,1,0
syn_aggregate_00840,21,2.0,2,2,1,2,1,1,1,0,1,2,3,2,2,2,1,1,2,1,1,3,3,2,3,2,4,3,2,2,2,3,4,4,3,3,3,3,4,2,3,2,2,2,2,2,2,2,2,2,2,2,2,2,2,2,2,1,2,2,2,1,3,2,1,3,2,2,3,2,2
syn_aggregate_00841,19,2.0,2,2,1,2,0,0,1,0,0,0,0,0,0,0,0,0,0,1,1,1,1,0,1,1,1,2,1,0,0,1,2,1,1,1,0,1,1,0,0,2,1,0,1,0,0,0,0,0,0,0,1,1,0,0,1,0,0,0,3,1,3,2,1,2,2,2,2,2,3
syn_aggregate_00842,19,2.0,1,1,2,1,1,0,1,0,0,0,0,0,0,0,0,0,0,0,4,1,1,0,1,1,1,0,0,0,1,1,2,1,1,1,0,1,1,1,1,0,0,0,1,0,0,0,1,0,0,1,1,1,1,0,1,0,0,0,0,0,1,1,0,1,0,0,1,1,0
syn_aggregate_00843,22,2.0,3,3,3,3,3,3,3,3,3,1,2,1,1,2,1,1,1,2,1,0,0,0,0,0,0,0,0,0,4,0,1,1,0,0,0,0,0,0,0,2,2,2,2,1,1,1,1,1,1,4,4,3,3,3,4,3,3,2,4,3,4,4,3,4,4,4,4,4,3
syn_aggregate_00844,21,2.0,1,0,0,0,0,0,0,0,1,1,0,0,0,0,0,0,0,1,0,1,1,1,1,1,1,1,2,2,1,0,1,0,0,0,0,0,0,0,0,2,1,1,2,1,1,0,1,1,1,0,0,0,0,0,0,0,0,0,4,0,1,1,1,1,0,0,1,1,0
syn_aggregate_00845,21,1.0,1,1,1,1,0,1,1,0,0,0,0,1,0,0,0,0,0,1,0,0,1,0,0,0,0,0,0,0,0,0,0,0,0,0,0,0,0,0,3,1,0,0,1,0,0,0,0,0,0,0,0,0,0,0,1,0,0,0,0,0,1,1,0,1,0,0,1,1,0
syn_aggregate_00846,27,1.0,2,2,2,2,1,2,1,0,0,0,1,0,0,0,0,0,0,0,0,1,1,1,1,1,1,1,1,1,1,1,1,1,1,1,1,1,1,0,0,0,0,0,0,0,0,0,0,0,4,0,1,0,0,0,1,0,0,0,0,0,1,0,0,0,0,0,0,0,0
syn_aggregate_00847,19,2.0,2,2,1,1,1,1,0,1,0,0,0,0,0,0,0,0,0,0,0,1,2,1,1,1,2,1,1,1,1,0,0,0,0,0,1,0,0,0,0,1,1,0,1,0,0,0,0,1,2,0,0,0,0,0,0,0,0,0,3,0,2,2,1,2,1,1,2,1,0
syn_aggregate_00848,18,1.0,1,1,1,1,0,1,1,0,0,0,0,0,0,0,0,2,0,0,0,1,1,0,0,0,1,0,0,0,0,0,0,0,0,0,0,0,0,0,1,0,0,0,1,0,0,0,0,0,0,0,0,0,0,0,0,0,0,0,2,0,0,0,0,0,0,0,0,0,1
syn_aggregate_00849,18,2.0,0,1,0,0,0,0,0,0,0,0,1,0,0,0,0,0,0,0,0,1,1,0,0,0,0,0,1,1,0,0,1,1,0,1,0,0,1,0,0,0,0,0,1,0,0,0,0,0,0,0,0,0,0,0,0,0,0,0,1,0,0,0,0,0,0,0,1,0,0
syn_aggregate_00850,19,1.0,3,3,1,2,1,1,1,0,0,0,1,0,0,0,0,0,0,0,0,0,0,0,0,0,0,0,0,3,0,0,0,0,0,0,0,0,0,0,0,1,0,0,1,0,0,0,0,0,0,0,0,0,0,0,1,1,0,0,0,0,1,1,0,0,0,0,0,0,0
syn_aggregate_00851,36,2.0,1,1,1,1,0,0,0,0,0,0,0,0,0,0,0,0,0,2,0,0,0,0,0,0,0,0,0,0,1,0,0,0,0,0,0,0,0,1,0,0,0,0,0,0,0,0,0,0,0,0,0,0,0,0,0,0,0,0,2,0,0,0,0,0,0,0,3,0,0
syn_aggregate_00852,20,2.0,2,3,2,3,1,1,1,0,0,1,1,0,0,1,0,0,1,0,0,1,2,2,1,1,1,1,0,1,0,2,3,3,2,2,2,2,2,2,2,0,0,0,0,0,0,0,0,0,1,0,0,0,0,0,0,0,0,0,3,1,2,2,1,2,1,1,2,1,1
syn_aggregate_00853,22,2.0,1,1,1,0,0,0,0,0,0,2,2,2,2,2,1,1,2,2,2,1,1,0,1,0,1,0,0,0,0,0,0,0,0,0,0,0,0,0,0,0,0,0,0,0,0,0,0,0,0,0,0,0,0,0,0,0,0,0,2,0,1,1,0,1,0,0,2,1,3
syn_aggregate_00854,50,2.0,2,2,0,1,0,1,0,0,0,0,0,0,0,0,0,0,0,0,3,1,1,1,1,1,0,0,1,2,0,1,2,2,1,2,0,1,2,0,0,3,3,2,3,2,2,2,2,2,1,1,2,1,1,2,1,1,1,2,2,0,2,1,0,2,1,1,1,1,0
syn_aggregate_00855,18,2.0,2,2,1,1,1,0,1,0,1,0,1,1,0,0,1,0,0,0,0,1,1,1,1,1,1,1,1,1,1,0,1,1,0,1,0,1,0,1,0,1,1,1,1,1,1,1,1,1,1,2,2,2,1,2,2,1,2,1,2,1,2,2,1,2,1,1,1,1,0
syn_aggregate_00856,35,1.0,0,1,0,0,0,0,0,0,0,0,0,1,0,0,0,0,0,0,1,0,0,0,0,0,0,0,0,0,0,0,0,0,0,0,0,0,4,0,0,0,0,0,0,0,0,0,0,0,2,0,0,0,0,0,0,0,0,0,0,0,0,0,0,0,0,0,0,0,0
syn_aggregate_00857,21,2.0,1,1,1,1,0,0,0,0,0,1,1,1,0,1,1,0,0,1,0,0,1,0,1,0,1,0,0,1,0,0,1,1,0,0,0,1,0,0,0,0,0,0,0,1,0,0,0,0,1,0,0,0,0,0,0,0,0,0,0,0,1,0,0,1,0,0,0,0,0
syn_aggregate_00858,22,2.0,1,2,1,1,0,1,0,0,0,1,2,2,1,1,1,0,2,2,1,4,4,4,4,3,3,3,2,2,0,1,2,2,2,2,2,2,2,2,1,0,0,0,0,0,0,0,0,2,0,0,1,1,0,0,0,0,0,0,0,0,2,1,0,2,0,0,1,1,1
syn_aggregate_00859,20,2.0,2,2,1,1,1,0,1,0,0,0,0,0,0,0,0,0,0,0,2,0,0,0,0,0,0,0,0,0,1,0,1,1,0,0,0,0,1,0,0,0,0,0,0,0,0,0,0,0,2,0,0,0,0,0,0,0,1,0,0,0,1,1,0,1,0,0,1,0,0
syn_aggregate_00860,42,1.0,2,2,1,2,1,1,1,0,0,1,2,2,1,1,1,1,1,1,1,2,2,2,1,2,2,1,1,2,1,0,2,2,1,2,1,1,2,1,2,2,1,0,2,0,0,0,0,0,1,1,2,1,1,1,2,1,1,1,1,0,1,1,0,1,0,0,0,0,0
syn_aggregate_00861,19,1.0,1,1,1,1,1,1,0,0,0,0,0,0,0,1,0,1,0,0,0,1,1,1,1,1,1,2,1,1,1,1,1,1,1,0,0,0,0,0,0,1,0,0,1,0,0,0,0,0,0,0,0,0,0,0,0,0,0,0,4,0,2,1,0,1,1,0,1,0,0
syn_aggregate_00862,20,1.0,3,3,1,2,1,1,1,0,0,0,1,0,0,0,0,0,0,0,0,2,3,2,3,2,2,2,3,2,1,0,0,0,0,0,0,0,0,0,3,0,0,0,0,0,0,0,0,0,3,0,0,0,0,0,0,0,0,0,3,0,1,0,0,1,0,1,1,0,0
syn_aggregate_00863,22,2.0,2,2,1,1,1,1,1,0,0,2,2,2,2,2,2,1,2,1,1,1,1,0,1,1,1,1,0,1,0,1,2,1,1,1,0,1,1,0,0,3,3,2,3,2,2,2,2,2,2,1,2,1,1,1,2,1,1,1,2,0,2,1,0,1,1,0,2,1,3
syn_aggregate_00864,32,2.0,1,1,1,1,1,0,0,0,0,1,1,1,0,1,1,0,1,1,1,1,1,0,1,0,1,0,0,0,1,0,0,0,0,0,0,0,0,2,0,0,0,0,1,0,0,0,0,0,1,3,3,2,2,3,3,2,2,2,2,0,1,1,0,1,0,0,0,0,0
syn_aggregate_00865,19,1.0,2,2,1,2,0,1,1,0,0,0,1,0,0,1,0,0,0,0,0,1,1,1,1,0,1,1,0,0,2,1,2,1,1,1,1,1,1,1,2,0,1,0,0,0,0,0,0,0,0,1,2,1,1,1,2,1,1,1,1,0,1,1,0,1,1,0,0,1,0
syn_aggregate_00866,19,2.0,0,0,1,1,1,0,0,0,0,0,0,0,0,0,0,0,0,0,1,1,0,1,0,1,0,0,1,1,0,0,1,0,0,0,0,0,0,0,0,0,1,0,0,0,0,0,0,0,0,0,0,0,0,0,0,0,0,1,2,0,2,1,0,1,0,0,1,1,0
syn_aggregate_00867,19,2.0,0,0,0,0,0,0,0,0,0,0,0,0,0,0,0,0,0,0,0,0,0,0,0,0,0,0,0,0,0,0,2,0,0,0,0,0,0,0,0,0,0,0,0,0,0,0,0,0,0,0,0,0,0,0,0,0,0,0,0,0,0,0,0,0,0,0,0,0,0
syn_aggregate_00868,19,2.0,0,0,1,1,0,0,0,1,0,0,0,0,0,0,0,0,0,0,0,0,0,0,0,0,0,0,0,0,3,0,0,0,0,0,0,0,0,0,0,0,0,0,0,0,0,0,0,0,0,0,0,0,0,0,1,0,0,0,0,0,0,0,0,0,0,0,0,0,0
syn_aggregate_00869,28,1.0,0,0,0,0,0,0,0,0,0,0,0,0,0,0,0,0,0,0,0,1,1,1,1,1,1,1,0,1,1,0,0,0,0,0,0,0,0,0,1,0,0,0,0,0,0,0,0,0,1,0,0,0,0,0,0,0,0,0,0,0,1,0,0,0,0,0,1,0,0
syn_aggregate_00870,20,2.0,1,1,1,1,0,1,0,0,0,2,2,2,1,1,1,1,1,1,1,2,2,1,2,1,2,1,1,1,2,0,1,1,0,1,0,1,1,0,1,1,0,0,1,0,0,0,0,0,0,0,0,0,0,0,0,0,0,0,4,0,2,2,0,2,1,1,2,3,1
syn_aggregate_00871,,2.0,1,1,1,0,0,0,0,0,0,0,0,0,0,0,0,0,0,0,1,1,1,1,0,1,0,1,0,1,0,0,0,0,0,0,0,0,0,0,0,1,0,0,1,0,0,0,0,0,0,1,1,0,0,0,1,0,1,0,0,0,1,0,0,0,0,0,0,2,0
syn_aggregate_00872,43,2.0,2,2,1,1,0,0,0,0,0,0,0,0,0,0,0,0,0,0,2,0,0,0,0,0,0,0,0,0,1,1,2,2,1,2,1,1,2,1,0,0,0,0,0,0,0,0,0,1,0,1,2,1,1,1,2,1,0,1,1,0,0,0,0,2,0,0,0,0,0
syn_aggregate_00873,37,1.0,1,1,1,1,0,1,0,0,0,1,1,1,1,2,1,1,1,1,1,0,0,0,0,0,0,0,0,0,4,0,0,0,0,0,0,0,0,0,4,1,1,0,1,0,0,0,0,0,0,0,0,0,0,0,1,0,1,0,0,0,0,0,0,0,0,0,0,0,4
syn_aggregate_00874,22,1.0,3,3,3,3,2,2,2,0,0,0,0,0,0,0,0,0,0,0,4,1,1,1,1,1,1,1,1,0,0,0,0,0,0,0,0,0,0,0,0,0,0,0,1,0,0,1,0,0,0,0,0,0,0,0,0,0,0,0,0,0,1,1,0,1,0,0,1,0,1
syn_aggregate_00875,22,2.0,0,2,0,2,0,0,0,0,0,1,1,1,0,1,0,0,1,0,1,1,1,0,1,0,1,0,0,1,0,0,1,0,0,0,0,1,0,0,1,2,1,1,2,1,1,1,1,1,1,0,0,0,0,0,0,0,1,2,1,0,0,0,0,0,0,0,0,0,0
syn_aggregate_00876,29,1.0,1,2,1,1,1,0,0,0,0,0,0,0,0,0,1,0,0,1,0,0,0,0,0,1,1,1,0,0,0,0,0,0,0,0,0,0,4,0,0,1,1,0,0,0,0,0,0,0,0,0,0,0,0,0,0,0,0,0,0,0,1,1,0,0,0,0,0,0,0
syn_aggregate_00877,18,2.0,0,1,1,1,0,0,0,0,0,0,1,0,0,0,0,0,0,1,0,1,2,1,1,1,1,1,1,1,1,0,1,1,0,1,1,1,1,0,0,1,0,0,1,0,0,0,0,0,0,0,0,0,0,0,0,0,0,0,3,0,0,0,0,0,0,0,4,0,0
syn_aggregate_00878,19,2.0,2,2,1,1,1,0,0,0,1,0,0,0,0,0,0,0,0,3,0,2,3,2,3,2,3,2,2,2,3,0,1,1,0,1,0,1,0,1,0,1,1,0,1,1,1,1,0,1,0,1,0,0,0,0,0,0,0,0,3,1,1,1,1,1,1,1,1,1,1
syn_aggregate_00879,20,2.0,1,2,1,1,1,1,1,0,0,0,0,0,0,0,0,0,0,0,1,1,1,1,1,1,1,2,1,1,1,1,1,1,1,1,0,1,1,1,0,2,1,1,1,1,1,0,0,1,1,1,1,0,1,0,1,0,0,1,1,0,2,2,0,1,1,1,2,1,1
syn_aggregate_00880,43,2.0,1,1,1,1,1,1,0,0,0,0,0,1,0,0,0,0,0,0,3,0,0,0,0,0,1,1,0,0,0,0,0,0,0,0,0,0,0,0,0,1,1,0,1,1,0,0,0,1,0,1,1,1,0,1,1,1,0,1,1,0,1,1,0,1,1,0,1,1,0
syn_aggregate_00881,19,1.0,1,2,1,1,1,0,1,0,0,1,1,1,0,0,0,0,0,1,0,0,0,0,0,0,0,0,0,0,0,0,1,0,0,0,0,2,0,0,0,0,0,0,0,0,0,0,0,0,0,0,0,1,0,0,0,0,0,0,0,0,1,0,0,0,0,0,0,0,0
syn_aggregate_00882,21,2.0,2,2,0,1,0,0,1,0,1,0,0,0,0,0,0,0,0,0,0,1,1,0,0,0,0,0,0,0,0,0,0,0,0,0,0,0,0,0,3,1,0,0,1,0,0,0,0,0,0,0,0,0,0,0,1,0,1,0,0,0,1,1,0,0,0,0,0,0,0
syn_aggregate_00883,20,1.0,2,2,2,2,1,1,1,0,0,0,0,0,0,0,0,0,0,0,0,0,0,0,0,0,0,0,0,1,2,0,1,0,0,0,0,0,1,0,0,0,0,0,0,0,0,0,0,1,0,0,0,0,0,0,0,0,0,0,0,0,0,0,0,1,0,0,0,0,0
syn_aggregate_00884,18,2.0,0,1,1,1,0,0,0,0,0,0,0,0,0,0,0,0,0,1,0,1,1,0,1,1,1,0,0,0,1,0,0,0,0,0,0,0,1,0,0,0,0,0,0,0,0,0,0,0,0,0,0,1,0,0,0,0,1,0,1,0,0,0,0,1,0,0,0,0,0
syn_aggregate_00885,51,1.0,2,2,1,1,1,1,0,0,0,1,1,1,0,1,0,0,1,1,0,1,1,0,1,1,1,0,0,0,0,0,1,1,1,1,0,0,1,0,0,1,1,0,0,0,0,0,0,0,0,0,0,0,0,0,0,0,0,0,0,0,1,1,0,2,1,1,1,0,0
syn_aggregate_00886,19,1.0,0,1,0,0,0,0,0,0,0,0,0,0,0,0,0,0,0,1,0,0,0,0,0,0,0,0,2,0,0,0,0,0,0,0,0,0,0,0,2,0,0,0,0,0,0,0,0,0,0,0,0,0,0,0,0,0,0,0,1,0,1,0,0,1,0,0,0,0,0
syn_aggregate_00887,22,2.0,3,3,2,2,1,1,1,0,0,1,1,1,0,1,1,1,1,2,0,2,3,2,2,2,2,2,2,2,1,0,1,1,0,1,1,1,0,0,0,1,1,1,1,1,1,1,1,1,1,2,2,2,2,2,2,1,1,2,2,0,1,1,1,1,1,0,1,1,0
syn_aggregate_00888,44,2.0,2,2,1,2,1,1,1,0,0,1,1,1,0,1,0,1,0,1,0,0,1,0,0,0,0,1,0,0,2,2,3,2,2,2,2,2,3,1,1,0,0,0,0,0,0,0,0,0,0,1,1,0,0,0,0,0,0,0,0,0,1,1,0,1,0,0,1,1,0
syn_aggregate_00889,21,2.0,1,1,1,1,1,0,0,0,0,1,1,1,0,1,1,1,1,1,1,2,2,2,2,2,2,2,2,2,1,1,2,2,1,1,1,1,1,1,1,1,0,0,0,0,0,0,1,0,0,0,1,0,0,0,0,0,0,0,0,0,2,2,0,1,0,0,1,1,0
syn_aggregate_00890,19,1.0,2,2,1,1,1,0,0,0,0,0,0,0,0,0,0,0,0,0,3,1,1,0,1,1,1,1,1,1,1,0,1,0,0,0,0,0,0,0,0,1,1,0,1,0,0,0,0,0,0,1,1,1,1,1,2,1,1,1,1,0,2,1,0,1,0,0,1,1,0
syn_aggregate_00891,29,2.0,2,2,1,2,0,0,0,0,0,0,0,1,0,0,0,0,0,0,0,2,3,2,3,2,3,2,2,2,3,0,0,0,0,0,0,0,0,0,0,0,0,0,0,0,0,0,0,0,2,0,0,0,0,0,0,0,0,3,0,0,1,0,0,0,0,0,0,0,0
syn_aggregate_00892,22,2.0,2,2,1,2,1,0,0,0,0,0,0,0,0,0,0,0,1,1,0,1,2,1,1,1,2,2,1,1,2,1,2,1,1,1,1,1,1,0,1,0,0,0,0,0,0,0,0,4,0,0,0,0,0,0,0,1,0,0,0,0,1,1,0,1,0,0,1,0,2
syn_aggregate_00893,18,1.0,2,2,1,2,1,0,0,0,0,1,1,0,0,0,0,0,0,0,0,1,2,1,2,1,1,2,0,1,2,0,0,0,0,0,0,0,0,0,0,0,0,0,0,0,0,0,0,4,0,1,2,1,1,1,2,1,1,1,2,0,2,1,0,1,1,0,1,1,0
syn_aggregate_00894,19,2.0,1,1,1,1,1,1,0,0,0,0,0,0,0,0,0,2,0,0,0,1,1,0,1,0,1,0,0,0,0,0,0,0,0,0,0,0,0,0,0,3,3,2,3,2,3,2,1,2,2,0,0,0,0,0,0,0,0,0,1,0,1,1,0,1,1,0,1,1,1
syn_aggregate_00895,20,2.0,2,3,2,2,1,1,1,0,0,1,1,1,1,1,0,0,0,0,0,1,2,1,1,1,2,1,1,1,1,1,2,1,1,1,1,2,1,1,0,0,0,0,0,0,0,0,0,0,0,1,1,0,1,1,0,1,1,0,1,0,1,0,0,1,0,0,1,0,0
syn_aggregate_00896,22,2.0,2,3,2,2,1,1,1,1,0,1,2,2,1,1,1,0,1,1,1,1,2,1,1,1,1,1,1,1,2,0,0,0,0,0,0,0,0,0,1,1,1,1,1,1,1,1,1,1,1,1,1,1,1,1,2,1,1,1,1,0,2,0,0,2,0,0,0,0,0
syn_aggregate_00897,20,1.0,1,1,0,1,0,1,1,0,0,0,0,0,0,0,0,0,0,0,1,0,0,0,0,0,0,0,0,0,0,0,0,0,0,0,0,0,0,2,0,0,0,0,0,0,0,0,0,0,0,0,0,0,0,0,0,0,0,0,0,0,1,0,0,0,0,0,0,0,0
syn_aggregate_00898,21,2.0,2,2,1,1,1,1,0,0,0,1,1,1,0,1,0,0,0,1,0,2,2,1,1,1,2,1,0,1,0,0,1,1,0,0,1,0,1,1,0,0,0,0,0,0,0,0,1,1,0,0,0,0,0,0,0,0,0,0,2,0,0,0,0,1,0,0,1,0,0
syn_aggregate_00899,20,2.0,1,2,1,1,1,1,0,0,0,1,1,1,1,1,0,0,0,1,0,1,1,1,2,1,1,1,1,1,1,1,2,1,1,1,1,1,2,1,1,3,3,3,3,3,3,2,2,3,2,2,2,2,2,2,2,2,2,2,2,1,3,2,1,2,1,1,2,1,1
syn_aggregate_00900,21,2.0,0,1,0,0,0,0,0,0,0,0,0,0,0,0,0,0,0,0,0,0,1,0,0,0,0,0,0,0,2,0,0,0,0,0,0,0,0,2,0,0,0,0,0,0,0,0,0,0,0,0,0,0,0,0,0,0,0,0,2,0,0,0,0,0,0,0,0,0,0
syn_aggregate_00901,29,1.0,2,2,1,1,1,1,1,0,0,1,2,1,0,1,1,0,1,1,0,2,2,2,2,2,2,2,2,2,2,2,3,2,2,2,2,2,2,1,2,1,1,0,1,0,0,0,0,0,0,0,0,0,0,0,0,0,0,0,3,0,1,0,0,1,0,0,0,0,0
syn_aggregate_00902,34,2.0,2,2,2,2,1,2,0,0,0,0,0,0,0,0,0,0,0,0,4,1,1,1,1,1,1,1,1,1,2,0,1,0,0,1,0,0,0,0,0,0,0,0,0,1,0,0,1,0,0,0,0,0,0,0,0,0,0,0,2,2,4,4,2,4,3,2,3,3,0
syn_aggregate_00903,18,1.0,2,2,1,1,0,0,0,0,1,0,0,0,0,0,0,0,0,0,0,0,0,0,0,0,0,0,0,0,4,0,0,0,0,0,0,0,0,0,1,1,1,1,1,0,1,0,0,0,0,0,0,0,0,0,1,0,0,0,0,0,1,0,0,0,0,0,0,0,0
syn_aggregate_00904,22,2.0,1,1,1,1,0,1,0,0,0,0,0,0,0,0,1,0,0,1,0,1,1,0,1,1,1,1,1,1,1,1,2,1,1,1,1,1,1,0,1,2,2,1,1,1,1,0,1,1,0,1,2,2,1,1,1,1,2,1,1,0,1,1,0,1,0,1,1,1,1
syn_aggregate_00905,22,1.0,2,2,1,2,1,1,1,0,0,0,2,0,0,0,0,0,0,0,0,1,0,1,1,1,0,0,0,0,0,0,2,1,1,1,0,1,1,0,1,0,0,0,0,0,0,0,0,0,0,0,0,0,0,0,0,0,0,0,0,0,1,1,0,1,1,0,1,0,0
syn_aggregate_00906,21,2.0,2,2,1,1,1,0,0,0,0,1,1,1,0,1,1,0,1,1,1,1,1,1,1,1,1,1,0,1,1,0,1,1,0,1,0,1,1,1,0,1,1,1,1,0,1,0,0,0,0,0,1,0,0,0,0,0,0,0,0,0,0,0,0,0,0,0,0,0,2
syn_aggregate_00907,21,2.0,2,2,2,2,1,1,1,0,0,1,2,1,1,1,1,0,1,1,0,2,2,2,3,2,2,2,2,2,2,0,1,1,1,1,0,1,1,0,1,3,3,2,3,2,2,2,2,2,2,0,1,1,0,0,1,1,0,0,0,2,4,4,3,4,4,4,4,3,3
syn_aggregate_00908,47,2.0,2,2,1,1,1,1,0,0,0,0,1,0,0,0,1,0,0,0,0,2,3,2,2,2,3,2,2,3,1,0,1,1,0,1,0,1,1,1,0,0,0,0,0,0,0,0,2,0,0,1,2,1,1,1,1,2,1,1,1,0,2,2,0,1,0,1,2,1,0
syn_aggregate_00909,19,1.0,0,1,0,0,0,0,0,0,0,0,0,0,0,0,0,0,0,0,0,0,0,0,0,0,0,0,0,0,0,0,0,0,0,0,0,0,0,1,0,0,0,0,1,0,0,0,0,0,1,0,0,0,0,0,0,0,0,0,1,0,1,0,0,0,0,0,0,0,0
syn_aggregate_00910,21,2.0,3,3,2,3,2,2,2,1,0,2,2,2,1,1,1,0,1,1,0,1,1,0,1,0,0,1,0,0,0,2,2,2,2,2,1,2,1,1,2,1,1,1,1,1,1,2,1,1,1,2,2,2,1,2,2,1,1,1,2,0,2,2,1,2,1,1,2,1,2
syn_aggregate_00911,18,1.0,2,2,1,2,1,1,1,0,0,1,1,1,0,1,0,0,1,0,0,0,0,0,0,0,0,0,0,4,0,1,2,2,1,1,1,1,1,1,1,1,1,0,0,0,0,0,0,0,0,0,0,0,0,0,0,0,0,0,0,1,1,1,1,1,1,1,1,1,1
syn_aggregate_00912,20,2.0,1,1,1,1,0,0,0,0,0,0,0,0,0,0,0,0,0,0,0,1,1,0,1,1,1,1,1,1,1,1,1,1,1,1,0,1,1,0,1,0,0,0,0,0,0,0,0,0,1,0,0,0,0,0,0,0,0,2,0,0,1,1,0,1,0,0,1,0,0
syn_aggregate_00913,22,2.0,3,3,2,3,1,2,1,0,0,0,0,0,0,0,0,0,0,0,1,1,1,0,1,1,1,0,0,0,0,1,2,2,1,1,1,1,1,0,2,0,0,0,0,0,2,0,0,0,0,0,0,0,0,0,4,0,0,0,0,1,2,2,1,2,1,1,1,1,2
syn_aggregate_00914,20,2.0,1,1,1,1,1,0,0,0,0,1,1,1,1,2,1,0,1,1,1,0,0,0,0,0,1,0,0,0,0,1,1,1,1,1,0,1,1,0,0,0,0,0,2,0,0,0,0,0,0,0,1,0,0,0,0,0,0,1,0,0,2,2,0,2,0,0,1,1,0
syn_aggregate_00915,21,1.0,2,2,1,1,1,0,1,0,0,0,0,1,0,0,0,0,0,0,0,0,0,0,0,0,0,0,0,0,4,0,0,0,0,0,0,0,0,0,0,0,0,0,0,1,0,0,0,0,1,0,0,0,0,0,0,0,0,0,3,0,1,1,0,0,0,0,0,0,0
syn_aggregate_00916,18,2.0,1,1,1,1,0,1,0,0,1,0,1,0,0,0,0,0,0,0,0,1,2,1,2,1,2,1,1,1,2,0,1,0,0,0,0,0,0,1,0,0,0,0,0,0,0,0,0,0,1,0,0,0,0,0,0,1,0,1,0,0,1,0,0,0,0,0,0,0,0
syn_aggregate_00917,21,1.0,1,2,0,1,1,1,0,0,0,1,1,1,0,1,1,1,1,1,1,1,1,1,2,1,1,1,1,1,1,3,4,4,3,4,3,3,4,3,2,0,0,0,1,1,0,0,0,0,0,1,1,2,1,1,2,1,1,1,1,0,2,2,0,2,1,1,2,1,0
syn_aggregate_00918,22,2.0,3,3,3,3,2,2,2,1,2,1,1,1,1,0,0,0,0,0,0,1,1,1,1,1,0,0,0,0,0,1,2,1,1,1,0,2,2,1,0,0,0,0,4,0,0,0,0,0,0,2,3,2,2,2,2,2,2,1,3,1,3,3,0,2,1,1,2,2,2
syn_aggregate_00919,21,2.0,3,3,2,3,2,3,2,0,0,2,2,1,1,2,1,1,2,1,1,1,1,1,0,1,1,0,1,1,0,2,3,3,2,2,3,2,2,2,3,1,1,0,1,0,0,0,0,0,0,2,3,2,2,2,3,1,2,2,2,2,3,3,2,3,2,3,3,2,3
syn_aggregate_00920,18,2.0,2,2,1,1,0,1,1,0,0,0,1,0,0,0,0,0,0,0,0,0,0,0,0,0,0,0,0,0,3,0,0,0,0,0,0,0,0,0,0,0,0,0,0,0,0,0,0,0,0,0,0,0,0,0,0,0,0,0,2,0,0,0,0,0,0,0,0,0,0
syn_aggregate_00921,19,2.0,1,1,1,0,0,0,0,0,0,0,1,0,0,0,0,0,0,0,0,0,0,0,0,0,0,0,0,0,4,0,1,0,0,0,0,0,0,0,0,0,0,0,0,0,0,0,0,0,0,0,0,0,0,0,0,0,0,0,1,0,2,1,0,1,1,0,1,1,1
syn_aggregate_00922,22,1.0,1,1,1,1,1,1,0,0,0,1,2,1,1,1,1,1,1,1,1,1,1,1,2,1,1,2,0,0,0,1,1,1,1,1,0,0,1,1,1,0,0,0,0,0,0,0,0,2,0,0,0,0,0,0,0,0,0,0,0,0,0,0,0,0,0,0,0,0,0
syn_aggregate_00923,20,1.0,2,2,1,1,0,1,1,0,0,0,0,0,0,0,0,0,0,3,0,1,1,1,1,1,1,2,1,1,1,1,1,1,1,1,0,0,1,0,0,0,0,0,0,0,0,0,0,0,3,0,0,0,0,0,0,0,2,0,0,0,1,1,0,0,1,0,1,0,0
syn_aggregate_00924,19,2.0,2,2,0,2,0,1,0,0,0,0,0,0,0,0,4,0,0,0,0,2,3,2,2,2,2,2,2,1,1,0,0,1,0,0,0,0,0,0,0,2,1,1,2,1,1,1,1,0,2,1,2,1,1,1,1,0,1,1,3,0,2,2,0,2,0,0,2,2,0
syn_aggregate_00925,20,2.0,0,2,0,2,1,0,0,0,0,0,0,0,0,0,0,0,0,0,0,1,1,1,1,1,1,1,1,0,0,0,0,0,1,1,0,0,0,0,0,0,0,0,0,0,0,0,0,0,0,0,1,0,0,0,0,0,0,0,0,0,0,0,0,0,0,0,0,0,1
syn_aggregate_00926,30,1.0,1,2,1,1,1,1,0,0,0,1,1,1,0,1,1,0,1,1,0,0,0,0,0,0,0,0,0,0,2,0,0,0,0,0,0,0,0,0,1,0,0,0,2,0,0,0,0,0,0,0,0,0,0,0,0,0,0,0,4,0,1,0,0,0,0,0,0,0,0
syn_aggregate_00927,40,1.0,1,1,1,1,0,1,0,0,0,0,0,0,0,0,0,0,0,0,3,1,1,1,1,0,0,0,0,0,0,0,0,0,0,0,0,0,4,0,0,0,0,0,0,0,0,0,0,1,0,0,0,1,0,0,0,0,0,0,0,0,2,1,0,2,0,0,1,1,0
syn_aggregate_00928,25,2.0,1,1,1,2,0,0,0,0,0,0,0,0,0,0,0,0,0,0,1,0,0,0,0,0,1,0,0,0,0,0,0,0,0,0,0,0,0,1,0,0,0,0,0,0,0,0,0,0,0,0,0,0,0,0,0,0,0,0,0,0,0,1,0,0,0,0,0,0,0
syn_aggregate_00929,28,1.0,2,2,1,2,0,1,1,0,0,0,0,0,0,4,0,0,0,0,0,1,1,0,1,0,1,0,0,0,0,0,0,0,0,1,0,0,0,0,0,0,0,0,1,0,0,0,0,0,0,1,1,0,0,1,1,1,0,0,1,0,2,1,0,1,0,0,1,0,0
syn_aggregate_00930,21,2.0,3,3,2,3,2,2,2,0,0,1,2,2,1,2,1,0,1,1,1,2,3,2,3,2,2,2,3,2,2,1,3,3,2,2,2,2,2,1,2,1,1,0,0,0,0,0,0,0,0,0,0,0,0,0,0,0,0,0,0,3,4,4,3,4,3,3,3,3,2
syn_aggregate_00931,22,1.0,0,0,0,0,0,0,0,0,0,0,0,0,0,0,0,0,0,0,0,0,0,0,0,0,0,0,0,1,0,0,0,0,1,0,0,0,0,0,0,0,0,0,0,0,0,0,0,0,0,0,0,0,0,0,0,0,0,0,0,0,0,0,0,0,0,0,0,0,0
syn_aggregate_00932,22,1.0,1,2,1,2,0,0,1,0,0,0,1,0,0,0,0,0,0,0,0,1,1,1,1,0,1,1,0,1,1,0,0,0,0,0,0,0,0,0,4,1,0,0,1,0,0,0,0,0,1,1,1,1,1,1,1,1,1,1,1,0,2,1,0,2,0,1,1,1,1
syn_aggregate_00933,18,2.0,2,2,1,1,1,0,0,0,0,2,2,2,2,2,1,1,1,1,2,0,0,0,0,0,0,0,0,4,0,1,1,1,0,1,1,1,1,1,1,0,0,0,0,0,0,0,0,0,3,0,1,0,0,1,0,1,0,0,0,0,1,1,0,1,0,0,1,1,0
syn_aggregate_00934,21,2.0,1,0,0,0,0,0,0,0,0,1,2,1,0,2,1,0,1,1,0,0,0,0,0,0,0,1,1,0,0,0,0,0,0,0,1,0,0,0,2,1,0,0,1,0,0,0,0,0,0,0,1,0,0,1,0,0,0,0,1,0,2,1,0,1,1,0,2,1,0
syn_aggregate_00935,19,2.0,2,2,1,0,0,0,0,0,0,0,1,0,0,0,0,0,0,0,1,1,2,1,1,1,2,0,1,1,1,0,1,1,0,1,0,1,1,0,1,2,2,2,2,2,2,1,1,2,1,2,2,2,1,2,2,1,1,1,2,0,1,0,0,1,0,0,1,0,0
syn_aggregate_00936,27,2.0,2,2,1,1,0,0,0,0,0,0,0,0,0,0,1,0,0,1,0,1,1,0,1,1,1,0,0,0,0,0,2,2,1,1,1,1,1,1,1,2,1,2,2,1,1,1,1,1,1,0,0,1,1,0,0,0,0,0,0,0,1,0,0,0,0,0,0,0,0
syn_aggregate_00937,20,2.0,0,0,0,0,0,0,0,0,0,0,0,0,0,0,0,0,0,0,0,0,0,0,2,0,0,0,0,0,0,0,1,0,0,0,0,0,0,0,0,0,0,0,0,0,0,0,0,0,0,0,0,0,0,0,0,0,0,0,0,0,0,0,0,0,0,0,0,0,0
syn_aggregate_00938,20,1.0,1,1,1,1,0,1,0,0,0,1,1,1,0,1,1,1,1,1,2,1,1,0,1,1,0,0,1,1,2,0,0,0,0,0,0,0,0,0,4,0,0,0,0,0,0,0,2,0,0,0,1,0,0,0,0,0,0,0,0,0,2,1,0,1,1,0,1,1,0
syn_aggregate_00939,18,1.0,2,3,2,2,1,1,1,0,0,0,0,0,0,0,0,0,0,3,0,0,0,0,0,0,0,0,0,1,0,0,0,0,0,0,0,0,0,0,1,0,0,0,0,1,0,0,0,1,0,0,1,0,0,0,1,0,0,0,1,0,1,0,0,0,0,0,0,0,0
syn_aggregate_00940,19,2.0,1,2,1,1,0,1,0,0,0,0,0,1,0,0,0,0,1,0,0,3,3,2,3,2,3,3,2,2,2,1,2,1,1,1,2,1,2,0,2,2,2,2,2,1,1,1,1,1,0,1,1,0,0,0,0,0,0,0,0,0,2,1,0,2,1,1,2,1,0
syn_aggregate_00941,19,2.0,1,1,1,1,1,0,0,0,0,2,2,2,1,1,1,1,1,0,1,1,1,0,1,0,1,0,1,0,0,1,2,2,1,1,1,1,1,1,1,2,1,1,2,0,1,1,1,1,1,0,0,0,0,0,0,0,0,0,3,0,0,0,0,0,0,0,0,2,0
syn_aggregate_00942,20,1.0,2,2,1,2,1,1,0,0,0,1,2,2,1,1,1,0,1,1,1,0,0,0,0,0,0,0,0,1,0,0,0,0,0,0,0,0,0,0,1,1,0,0,0,0,0,0,0,0,0,0,1,0,0,0,0,0,0,0,0,0,1,1,0,1,0,0,1,0,0
syn_aggregate_00943,36,2.0,0,0,2,0,0,0,0,0,0,0,0,0,0,0,0,0,0,0,1,0,0,0,0,0,0,0,0,0,1,0,0,0,0,0,0,0,0,0,0,0,0,0,0,0,0,0,0,0,1,0,1,0,0,0,0,0,0,0,0,0,1,0,0,1,0,0,1,0,1
syn_aggregate_00944,20,2.0,1,1,0,0,0,0,0,0,0,2,3,3,2,3,2,1,2,3,1,0,0,0,0,0,0,0,0,0,0,0,0,0,0,0,0,0,0,0,0,1,0,0,1,0,1,0,0,0,0,1,2,1,1,1,2,1,1,1,1,0,1,1,0,2,0,0,0,0,0
syn_aggregate_00945,50,1.0,1,1,1,1,0,0,0,0,0,0,0,0,0,4,0,0,0,0,0,0,1,0,0,0,1,0,0,0,0,0,0,0,0,0,0,0,0,3,0,0,0,0,0,0,0,0,0,1,0,0,0,0,0,0,0,0,0,1,0,0,1,1,0,1,0,0,0,0,0
syn_aggregate_00946,36,2.0,0,0,0,0,0,0,0,0,0,1,1,1,1,1,0,0,0,0,0,0,0,0,0,0,0,0,0,0,0,0,0,0,0,0,0,0,0,1,0,0,0,0,0,0,0,0,0,0,0,0,0,0,0,0,0,0,0,0,0,0,2,0,0,0,0,0,0,0,0
syn_aggregate_00947,20,2.0,1,1,0,1,0,1,1,0,0,1,2,1,0,1,1,1,1,1,1,2,2,2,2,1,2,2,2,2,1,0,1,0,0,1,0,0,0,0,1,1,0,0,0,0,0,0,0,0,0,1,1,1,0,0,0,0,0,0,0,0,1,1,0,1,0,0,1,1,0
syn_aggregate_00948,20,2.0,2,2,0,1,0,0,0,0,0,1,1,1,0,0,0,0,0,0,0,1,1,0,1,1,1,0,0,1,0,0,0,0,0,0,0,0,2,0,0,2,1,1,2,1,1,0,1,0,0,0,0,0,0,0,0,0,2,0,0,0,1,1,0,0,0,0,0,0,0
syn_aggregate_00949,20,1.0,0,0,0,0,0,0,0,0,0,0,0,0,0,0,0,0,0,0,0,0,0,0,0,0,0,0,0,2,0,0,1,0,0,1,0,0,0,0,0,0,0,0,0,0,0,0,0,0,0,0,0,0,0,0,0,0,0,0,0,0,0,0,0,0,0,0,0,0,0
syn_aggregate_00950,22,1.0,1,1,0,1,0,0,0,0,0,0,0,1,0,0,0,0,0,0,0,1,1,1,1,1,1,1,1,1,1,0,1,1,1,1,1,1,1,1,1,0,0,0,1,1,0,0,1,0,0,0,0,1,0,0,1,0,0,0,0,0,1,0,0,1,0,0,0,0,0
syn_aggregate_00951,21,2.0,2,2,1,1,0,1,1,1,0,1,2,1,0,1,1,0,1,1,1,1,1,1,1,1,2,1,1,1,1,1,1,1,1,1,1,1,1,0,1,2,1,1,2,1,0,0,0,0,1,1,2,1,1,1,2,1,1,2,1,2,3,2,1,2,1,1,2,1,4
syn_aggregate_00952,25,2.0,0,1,0,0,0,0,0,0,0,0,1,1,0,0,0,0,0,0,0,0,0,0,0,0,0,0,0,1,1,0,0,0,0,0,0,0,0,0,0,0,0,0,0,0,0,0,1,1,0,0,0,0,0,0,0,0,0,3,0,0,2,1,0,1,0,0,1,1,0
syn_aggregate_00953,20,2.0,1,1,0,0,0,0,0,0,0,0,0,1,0,0,0,0,0,0,0,1,2,1,1,1,1,1,1,1,1,0,1,0,0,0,0,0,0,0,3,0,0,0,0,0,0,0,0,3,0,0,0,0,0,0,0,1,0,0,0,0,1,1,0,1,0,0,1,1,0
syn_aggregate_00954,18,1.0,2,2,1,1,1,0,1,0,0,0,1,0,0,0,0,0,0,0,0,0,1,0,0,1,1,0,0,0,0,0,1,1,0,1,0,1,1,0,0,1,0,0,0,0,0,0,0,0,0,1,1,1,1,0,1,1,0,1,1,0,0,0,0,1,0,0,0,0,0
syn_aggregate_00955,19,1.0,2,2,2,2,2,1,1,1,0,1,2,1,0,1,1,0,1,1,0,1,1,0,1,1,0,1,1,1,1,1,1,1,1,1,0,1,1,1,0,1,1,1,2,1,1,1,0,0,1,1,1,1,1,1,1,0,0,1,1,1,2,1,0,1,0,0,1,1,0
syn_aggregate_00956,20,2.0,2,2,1,1,0,1,1,0,1,2,3,2,2,2,2,2,3,2,1,1,1,1,1,1,0,0,0,0,0,0,1,1,0,1,0,1,1,1,0,1,1,0,1,0,0,0,0,1,0,2,2,2,2,2,2,2,2,2,2,1,2,2,1,2,1,1,2,2,3
syn_aggregate_00957,49,1.0,3,3,2,3,1,1,1,0,0,3,3,3,2,3,3,2,3,2,3,4,4,3,4,3,4,4,3,3,2,2,3,3,3,3,2,3,2,2,3,2,1,1,2,1,1,2,1,1,2,1,1,1,1,1,1,1,1,0,0,0,2,2,0,2,1,1,1,1,0
syn_aggregate_00958,20,2.0,3,3,2,3,2,3,2,1,2,1,1,1,0,0,0,0,0,0,0,1,1,1,0,0,2,0,1,1,1,2,2,2,1,1,1,1,1,1,1,1,1,1,0,1,0,0,1,0,1,1,1,1,0,0,1,1,0,0,0,0,1,0,0,1,0,0,0,0,0
syn_aggregate_00959,19,1.0,1,1,0,1,0,0,0,0,0,1,1,0,0,0,0,0,0,0,0,2,2,1,1,1,1,1,1,1,1,0,0,0,0,0,0,0,0,0,3,2,0,0,0,0,0,0,0,0,0,0,0,0,0,0,0,0,2,0,0,0,1,1,0,1,1,0,1,0,0
syn_aggregate_00960,18,1.0,2,2,1,1,1,1,0,0,0,0,1,0,0,0,0,0,0,0,0,1,1,1,1,1,0,0,1,1,0,0,1,0,0,0,0,0,0,0,0,0,0,0,0,0,0,0,0,0,1,0,0,0,0,0,0,0,0,0,2,0,0,0,0,0,0,0,0,0,2
syn_aggregate_00961,20,1.0,1,1,0,1,0,0,0,0,0,0,0,0,0,0,0,0,0,2,0,1,1,1,0,0,1,0,0,0,2,1,2,1,1,1,1,1,1,1,0,0,0,0,0,0,0,0,0,0,2,0,0,0,0,0,0,0,0,0,1,0,0,0,0,2,0,0,0,0,0
syn_aggregate_00962,21,2.0,2,2,1,1,1,1,1,0,0,2,2,2,1,2,2,2,2,2,2,0,1,0,1,0,1,0,0,0,0,0,1,0,0,0,0,1,0,0,0,1,1,0,2,1,0,0,1,0,1,1,2,1,1,1,1,1,1,1,1,0,2,2,1,3,1,1,2,2,2
syn_aggregate_00963,20,1.0,1,1,2,2,1,0,1,0,0,0,0,0,0,0,0,3,0,0,0,2,2,2,2,1,2,1,2,2,1,0,1,0,0,0,0,0,0,0,3,0,1,0,0,0,0,0,0,0,1,0,0,0,0,0,0,0,0,0,4,0,0,0,0,0,0,0,0,0,4
syn_aggregate_00964,22,2.0,1,1,0,0,0,0,0,0,0,0,0,0,0,0,0,0,0,0,0,1,1,0,1,0,1,0,0,0,0,0,0,0,0,0,0,0,0,1,0,0,0,0,0,0,0,0,0,0,0,0,0,0,0,0,0,0,0,0,1,0,0,0,0,0,0,0,0,0,0
syn_aggregate_00965,20,2.0,1,1,1,1,0,0,1,0,0,1,1,1,0,1,1,0,1,1,1,4,4,4,4,4,4,4,4,3,3,1,2,2,1,2,1,2,2,1,1,2,2,1,2,1,1,0,0,0,0,1,1,1,0,0,1,1,0,0,0,0,1,1,0,1,0,0,1,0,0
syn_aggregate_00966,22,1.0,0,0,1,0,0,0,0,0,0,0,0,0,0,0,0,0,0,0,0,0,0,0,0,0,0,0,0,4,0,0,0,0,0,0,0,0,0,0,0,0,0,0,1,0,0,0,0,0,0,0,0,0,0,0,0,0,0,0,3,0,0,0,0,0,0,0,0,0,0
syn_aggregate_00967,19,2.0,1,1,1,1,0,1,0,0,0,1,1,1,0,1,0,0,0,1,0,0,0,0,0,0,0,0,0,0,4,1,2,2,1,2,1,1,2,1,1,1,1,1,2,1,1,1,1,2,1,1,1,1,0,0,1,1,0,1,0,0,1,1,0,1,0,0,1,0,0
syn_aggregate_00968,19,1.0,2,2,1,1,1,1,0,0,1,0,0,0,0,0,0,0,0,0,4,0,0,0,0,0,0,0,0,0,0,0,0,0,0,0,0,0,0,0,0,0,0,0,0,0,0,0,0,0,0,0,0,0,0,0,0,0,0,0,0,0,1,1,0,1,0,0,1,0,0
syn_aggregate_00969,19,2.0,2,2,2,3,1,2,1,0,0,1,1,1,0,1,0,0,1,0,0,1,1,1,1,1,1,1,1,1,1,3,4,4,4,3,3,3,4,3,3,1,0,0,2,0,0,0,0,0,2,1,2,1,1,2,2,1,1,1,2,0,2,2,0,2,0,0,1,1,0
syn_aggregate_00970,19,1.0,0,1,0,1,0,0,1,0,2,0,1,0,0,0,0,0,0,0,0,0,0,0,0,0,0,0,0,0,0,0,0,0,0,0,0,0,0,0,0,1,0,0,1,0,0,0,0,1,0,0,0,0,0,0,0,0,0,0,0,0,0,0,0,0,0,0,0,3,0
syn_aggregate_00971,38,2.0,1,1,0,0,0,0,0,0,0,0,0,0,0,0,0,0,0,0,0,0,0,0,0,1,0,0,1,0,0,0,0,0,0,0,0,0,0,0,0,0,0,0,0,0,1,0,0,0,0,0,0,0,0,0,0,0,0,0,4,0,1,0,0,0,0,0,0,1,0
syn_aggregate_00972,19,2.0,1,2,1,2,0,1,1,0,0,0,0,0,0,0,0,0,0,0,0,0,0,0,0,0,0,0,0,0,0,1,1,0,1,0,0,1,0,0,0,1,1,1,1,0,0,0,0,0,0,0,0,0,0,0,0,0,0,1,0,0,1,1,0,1,0,0,1,0,0
syn_aggregate_00973,20,1.0,2,0,0,0,0,0,0,0,0,0,0,0,0,0,0,0,0,3,0,0,0,0,0,0,0,0,1,1,0,0,0,0,0,0,0,0,1,0,0,1,1,0,1,0,0,0,0,0,0,0,0,0,0,0,0,0,0,2,0,0,0,0,0,0,0,0,0,0,1
syn_aggregate_00974,18,1.0,2,2,1,1,0,1,0,0,0,0,0,0,0,0,0,0,0,0,4,0,0,0,0,0,0,0,0,0,0,1,1,1,1,1,1,1,1,1,1,0,0,0,0,0,0,0,0,0,0,0,1,1,0,1,1,1,1,1,1,0,1,1,0,1,0,0,0,0,0
syn_aggregate_00975,35,2.0,1,1,0,1,0,0,0,0,0,0,1,0,0,0,0,0,0,0,0,1,2,1,1,1,2,1,1,1,1,1,1,1,1,0,0,0,0,0,0,1,0,0,0,0,0,0,0,0,0,1,0,0,0,0,0,0,0,0,1,0,1,1,0,1,0,0,1,1,0
syn_aggregate_00976,20,1.0,2,2,1,2,0,1,1,0,0,0,0,0,0,0,0,0,0,0,4,1,1,1,1,1,1,1,0,0,0,0,2,1,1,1,1,1,1,0,0,2,1,1,2,1,0,0,0,1,0,1,2,1,2,1,2,1,1,1,1,2,3,3,1,2,2,1,1,1,2
syn_aggregate_00977,19,2.0,2,2,1,1,0,1,0,0,0,0,0,0,0,0,0,0,0,0,2,0,0,0,0,0,0,0,1,0,0,0,0,0,0,0,0,0,0,0,3,0,0,0,0,0,0,0,0,2,0,0,0,0,0,0,0,0,0,4,0,0,0,1,0,0,0,0,1,0,0
syn_aggregate_00978,40,2.0,0,0,0,0,0,0,0,0,0,0,0,0,0,0,1,0,0,0,0,0,1,0,0,0,0,0,0,0,0,0,0,0,0,0,0,0,0,0,1,0,0,0,0,1,0,0,0,1,0,0,0,0,0,0,0,0,0,1,0,0,0,0,0,0,0,0,0,0,0
syn_aggregate_00979,21,2.0,2,2,1,1,0,0,0,0,0,0,0,0,0,1,0,0,0,0,3,1,2,1,1,1,2,1,1,1,1,1,1,1,1,1,1,1,1,1,2,0,0,0,0,0,0,0,0,0,1,0,0,0,0,0,0,0,0,0,0,0,1,1,0,1,0,0,1,0,0
syn_aggregate_00980,46,2.0,1,0,1,1,0,0,0,0,0,0,1,1,0,1,0,0,1,1,0,1,1,1,0,1,2,1,0,0,0,0,1,1,0,1,0,1,1,0,0,1,1,1,1,1,1,1,0,0,0,1,1,1,1,1,1,1,1,1,1,0,2,1,0,1,1,1,1,1,0
syn_aggregate_00981,19,2.0,0,0,0,0,0,0,0,0,0,0,1,0,0,0,0,0,0,0,0,1,1,0,1,1,0,0,1,0,1,0,0,0,0,0,0,0,0,0,1,0,0,0,0,0,0,0,0,0,3,0,0,0,0,0,0,0,0,2,0,0,0,0,0,0,0,0,0,0,0
syn_aggregate_00982,34,2.0,0,0,1,1,0,0,1,0,0,0,0,0,0,0,0,0,0,1,3,4,4,3,3,3,4,4,4,4,3,1,2,1,1,1,1,1,1,0,0,2,2,1,2,1,1,1,1,2,2,0,0,0,0,0,4,0,0,0,0,1,3,2,1,3,2,1,2,2,3
syn_aggregate_00983,18,1.0,2,2,1,1,1,1,1,0,0,2,2,1,1,1,2,0,1,1,2,0,1,0,0,0,0,0,0,0,4,0,1,0,1,0,1,0,1,0,0,1,0,0,0,0,0,0,0,0,0,0,0,0,0,0,0,0,0,0,2,0,1,0,0,0,0,0,0,0,0
syn_aggregate_00984,19,2.0,2,2,1,1,1,0,1,0,1,2,2,2,1,2,1,1,2,1,2,1,1,1,1,1,1,1,2,2,1,0,1,1,1,1,1,0,1,1,0,0,0,0,0,0,0,0,0,0,1,0,0,0,0,0,4,0,0,0,0,0,2,2,0,2,1,0,1,1,0
syn_aggregate_00985,19,2.0,2,2,1,1,1,1,1,0,0,0,0,0,0,0,0,0,0,0,4,1,2,1,2,1,1,1,2,1,2,0,0,0,0,0,0,0,0,0,0,0,0,0,0,0,0,0,0,0,0,0,0,0,0,0,0,1,0,0,0,0,0,0,0,0,0,0,0,0,0
syn_aggregate_00986,20,2.0,1,2,1,1,0,0,0,0,1,1,1,1,0,1,0,0,1,0,0,1,1,0,1,1,1,1,0,1,1,0,0,0,0,0,0,1,0,0,1,1,0,0,0,0,1,0,0,1,0,0,0,1,0,0,0,0,1,0,0,0,2,2,0,2,1,1,2,1,0
syn_aggregate_00987,28,1.0,1,1,1,1,1,1,0,0,0,1,1,1,0,1,1,1,0,1,0,1,1,0,1,1,1,1,1,1,1,0,1,0,1,0,0,1,1,0,0,2,1,1,2,0,1,0,1,0,0,0,0,0,0,0,1,0,0,0,0,0,1,1,0,1,0,0,1,0,0
syn_aggregate_00988,18,2.0,2,3,1,2,0,2,1,0,0,0,0,0,0,0,0,0,0,0,1,2,2,2,2,2,2,2,2,1,1,1,2,1,1,1,1,1,1,1,1,3,3,2,3,2,2,2,2,2,1,2,2,1,1,1,2,1,1,1,1,1,2,2,1,2,1,1,1,1,2
syn_aggregate_00989,20,1.0,2,2,1,0,0,0,0,0,0,0,0,0,0,0,0,0,0,2,0,1,1,0,1,0,1,0,0,0,0,0,0,0,0,0,0,0,0,0,1,0,0,0,0,0,0,0,0,0,4,0,0,0,0,0,0,0,0,0,0,0,1,1,0,1,0,0,0,0,0
syn_aggregate_00990,25,2.0,2,2,1,2,0,0,1,0,0,1,1,1,1,1,1,1,0,1,1,3,3,2,3,2,3,3,2,3,2,1,2,1,1,2,1,2,1,2,1,0,0,0,0,0,0,0,0,0,3,1,1,1,1,1,1,2,2,1,2,0,2,1,0,2,1,1,1,1,0
syn_aggregate_00991,20,1.0,2,2,2,2,1,1,1,0,1,0,1,0,0,0,0,0,0,0,0,0,0,0,0,0,0,0,0,0,4,0,1,1,1,1,1,1,1,1,1,0,0,0,0,0,0,0,0,0,2,0,0,0,0,0,0,0,0,0,3,1,2,2,1,2,2,1,2,2,2
syn_aggregate_00992,46,1.0,2,1,1,1,0,0,1,0,0,1,1,1,0,1,0,0,1,0,0,1,1,0,1,0,1,1,0,0,0,0,0,0,0,0,0,0,0,0,3,1,0,0,1,1,1,0,0,0,0,1,2,1,1,1,2,1,1,1,1,0,1,1,0,0,0,0,0,0,0
syn_aggregate_00993,21,2.0,2,2,2,2,1,1,1,0,0,1,2,1,1,2,1,0,1,1,2,0,0,0,0,0,0,0,0,1,0,0,1,0,0,0,1,1,0,2,0,1,0,0,1,0,0,0,0,0,0,0,0,0,1,0,0,0,0,3,0,0,1,1,0,1,0,0,0,0,1
syn_aggregate_00994,22,2.0,3,3,2,3,1,1,1,1,0,1,2,1,1,1,1,0,1,1,2,2,2,2,2,1,2,2,2,2,2,1,2,0,0,0,0,1,1,0,0,1,0,1,1,0,0,0,0,0,1,0,0,0,0,0,0,0,0,0,0,1,2,2,1,2,1,2,2,2,2
syn_aggregate_00995,18,2.0,1,1,1,1,0,1,0,0,0,1,1,1,0,1,1,0,1,1,0,2,2,1,1,1,2,1,2,2,1,0,0,0,0,0,0,0,0,0,2,0,0,0,0,0,0,0,0,0,0,0,0,0,0,0,0,0,0,2,0,0,0,1,0,0,0,0,1,0,1
syn_aggregate_00996,21,2.0,0,1,0,0,0,0,0,0,0,0,0,0,0,0,0,0,0,0,0,0,0,0,0,0,0,0,0,0,0,0,0,0,0,0,0,0,0,0,0,0,0,0,0,0,0,0,0,0,1,0,0,0,0,0,0,0,0,0,0,0,0,0,0,0,0,0,0,0,0
syn_aggregate_00997,22,2.0,2,2,1,2,1,2,1,1,1,1,1,1,0,0,0,1,0,0,0,3,3,3,4,3,3,3,3,2,3,3,4,4,3,3,4,4,3,3,1,0,0,0,1,0,0,0,0,0,0,2,2,2,2,1,2,2,1,2,1,0,2,2,0,2,1,1,1,1,0
syn_aggregate_00998,21,1.0,1,2,1,1,1,0,1,0,0,0,0,1,0,0,0,0,0,0,0,2,2,1,1,2,1,1,1,2,1,1,2,2,1,2,1,1,1,2,1,3,3,2,3,2,3,1,3,2,2,1,2,1,1,1,2,1,1,1,1,0,2,1,0,1,0,0,1,1,0
syn_aggregate_00999,19,2.0,2,1,1,2,1,0,0,0,0,0,0,0,0,0,0,0,0,0,0,2,1,2,1,1,2,1,0,0,0,1,2,1,2,2,0,1,2,1,0,0,0,0,0,0,0,0,0,2,0,0,0,0,0,0,0,0,0,0,1,0,0,0,0,0,1,0,0,0,0
syn_aggregate_01000,19,2.0,0,0,0,1,0,0,0,0,0,0,0,0,1,0,0,0,0,1,0,0,0,0,1,0,0,0,0,0,0,0,0,0,0,0,0,0,0,0,0,0,0,0,0,0,0,0,0,0,0,0,0,0,0,0,0,0,0,2,0,0,0,0,0,0,0,0,0,0,0
syn_aggregate_01001,45,2.0,0,0,0,0,0,0,0,0,0,0,0,0,0,0,0,0,0,0,2,0,1,0,0,0,0,0,0,0,0,2,3,2,2,2,2,2,2,2,2,0,0,0,0,0,0,0,0,0,0,0,0,0,0,0,0,0,0,0,3,0,1,0,0,2,0,0,0,0,0
syn_aggregate_01002,19,2.0,1,1,1,1,0,1,0,0,0,1,1,1,1,1,0,0,0,0,0,1,1,1,1,1,1,1,1,1,1,0,0,0,0,0,0,0,0,0,0,0,0,0,0,0,0,0,0,0,0,0,0,0,0,0,0,0,0,0,0,0,3,0,0,0,0,0,0,0,0
syn_aggregate_01003,42,1.0,1,1,1,1,0,1,0,0,0,0,0,0,0,0,0,0,0,2,0,1,1,1,1,1,1,1,1,1,1,0,0,1,0,0,0,1,0,0,0,1,1,0,1,0,0,0,1,1,0,0,1,1,0,0,0,0,0,1,0,0,0,0,0,0,0,2,0,0,0
syn_aggregate_01004,21,2.0,1,1,1,1,1,1,1,1,1,1,1,0,0,0,1,0,0,0,0,1,2,1,1,0,1,0,0,0,0,1,2,2,2,1,1,2,2,1,1,1,1,1,1,1,0,0,0,0,0,0,0,0,0,0,0,0,0,4,0,1,1,1,0,0,0,0,0,0,0
syn_aggregate_01005,21,2.0,1,2,1,2,1,1,0,0,0,0,0,0,0,0,0,0,0,0,0,0,0,0,0,0,0,0,0,0,4,1,1,1,1,1,0,1,1,1,0,1,1,0,1,1,1,2,1,1,1,1,1,1,1,1,2,2,1,1,2,0,2,1,0,2,1,0,2,0,1
syn_aggregate_01006,19,2.0,1,1,1,1,1,1,1,0,0,1,1,1,0,0,1,0,1,0,1,1,1,1,1,1,1,0,0,0,1,0,2,2,1,1,1,1,1,1,0,0,0,0,0,0,0,0,0,1,1,0,0,0,0,1,0,0,1,0,0,0,2,1,0,1,0,0,2,1,2
syn_aggregate_01007,19,2.0,2,2,2,2,0,1,1,0,0,1,2,1,1,1,1,1,1,1,0,1,0,0,0,0,1,0,0,1,0,0,0,0,0,0,0,0,0,0,0,0,0,0,0,0,0,0,0,1,0,2,2,1,2,1,2,1,2,1,1,0,2,2,0,2,1,1,1,1,1
syn_aggregate_01008,19,2.0,2,2,1,1,1,0,0,0,1,1,1,1,1,1,1,1,1,1,1,2,2,2,2,1,2,2,2,1,3,1,1,1,0,1,0,1,1,0,0,0,0,0,0,0,3,0,0,0,0,0,0,0,0,0,0,0,0,0,4,0,1,1,0,1,0,0,1,1,1
syn_aggregate_01009,22,2.0,1,2,1,1,0,1,0,0,0,0,0,0,0,0,0,0,0,0,3,0,0,0,0,0,0,0,0,0,1,0,0,0,0,0,0,0,0,2,0,1,1,0,1,0,0,0,0,0,0,0,0,0,0,0,0,1,0,0,0,0,1,1,0,2,0,0,2,1,0
syn_aggregate_01010,47,2.0,2,2,1,2,1,1,1,0,0,0,1,0,0,0,0,0,0,0,0,1,1,1,1,1,1,1,1,0,0,2,2,2,2,2,2,2,2,2,2,1,1,1,1,1,1,1,1,1,1,0,1,0,0,0,1,1,1,1,0,0,3,2,1,3,2,1,2,2,3
syn_aggregate_01011,18,2.0,2,2,1,1,1,1,0,0,1,0,0,1,0,0,0,0,0,0,0,2,1,1,2,1,2,2,0,2,1,0,0,0,0,0,0,0,0,0,0,0,0,0,0,2,0,0,0,0,0,0,0,0,0,0,0,0,0,0,2,0,2,1,0,1,1,1,0,1,0
syn_aggregate_01012,19,1.0,1,1,0,1,0,1,1,0,0,0,0,0,0,0,0,0,0,0,4,1,2,1,1,0,1,1,1,1,1,0,0,0,0,0,0,0,0,2,0,0,0,0,0,0,0,0,0,0,4,1,1,1,0,0,1,1,0,0,0,0,2,2,0,1,0,0,1,1,0
syn_aggregate_01013,22,2.0,1,2,0,1,0,0,1,0,0,0,1,0,0,0,0,0,0,0,0,0,0,0,0,0,0,0,0,0,4,0,0,0,0,0,0,0,0,0,0,0,0,0,0,0,0,0,0,0,2,0,0,0,0,0,1,0,0,0,0,0,1,1,0,1,0,0,1,0,0
syn_aggregate_01014,19,2.0,2,3,1,2,0,1,0,0,0,2,2,2,1,2,2,2,2,1,1,1,1,1,1,1,1,1,1,1,1,1,2,1,1,2,1,1,2,1,1,0,0,0,1,0,0,0,0,0,0,1,1,1,1,1,1,1,1,1,1,0,2,1,0,1,0,0,1,1,2
syn_aggregate_01015,19,2.0,1,2,1,1,0,0,1,0,1,0,1,0,0,0,0,0,0,0,0,1,1,1,1,1,1,1,1,1,1,1,1,1,1,1,0,0,1,1,1,0,0,0,0,0,0,0,0,0,0,0,0,0,0,0,1,0,0,0,0,0,1,1,0,1,1,0,1,1,2
syn_aggregate_01016,21,2.0,3,3,2,2,2,2,1,1,1,0,0,0,0,0,0,0,3,0,0,1,1,0,1,0,1,0,0,0,0,1,2,1,1,2,1,1,1,1,1,0,0,0,0,0,0,0,0,3,0,0,0,0,0,2,0,0,0,0,0,0,0,0,0,0,0,0,0,0,4
syn_aggregate_01017,19,2.0,1,2,1,2,0,1,1,0,0,1,1,1,1,1,1,1,1,0,0,0,0,0,0,0,1,0,0,0,0,0,1,0,0,0,1,0,0,0,0,0,1,0,0,0,0,0,0,0,0,0,1,0,0,0,0,0,1,0,1,0,1,0,0,1,0,0,0,0,0
syn_aggregate_01018,22,1.0,1,0,0,0,0,0,0,0,0,0,0,0,0,0,0,2,0,0,0,0,0,0,0,0,0,0,1,0,1,1,1,1,1,1,0,0,1,0,0,0,0,0,1,0,0,0,0,0,1,0,0,0,0,0,0,1,0,1,0,0,1,1,0,1,0,0,1,1,0
syn_aggregate_01019,27,2.0,1,0,0,0,0,0,0,0,0,0,0,0,0,0,0,0,0,1,0,1,1,0,1,0,1,0,0,1,1,0,0,0,0,0,0,0,0,0,0,1,0,0,1,0,1,0,0,0,0,0,0,0,0,0,0,0,0,0,0,0,1,1,0,1,0,0,1,1,0
syn_aggregate_01020,22,2.0,1,2,1,1,0,1,1,0,0,1,1,1,1,1,0,0,1,1,0,2,2,1,2,1,2,2,2,2,2,1,1,1,1,1,1,1,0,1,1,2,2,1,2,1,1,1,1,1,1,1,2,2,1,1,1,2,1,1,2,0,2,2,0,2,0,0,1,1,1
syn_aggregate_01021,35,2.0,2,2,1,1,1,1,0,0,0,1,2,2,1,1,2,1,1,1,2,1,1,1,1,1,1,0,0,0,0,1,2,1,1,1,1,1,1,1,1,1,0,0,1,0,0,0,0,0,0,2,2,2,2,2,2,2,1,1,2,0,1,1,0,2,1,1,2,1,1
syn_aggregate_01022,19,2.0,0,1,0,0,0,0,0,0,0,0,0,0,0,0,0,2,0,0,0,1,2,1,1,1,2,2,1,1,2,1,2,1,1,1,1,2,1,1,1,1,1,1,1,1,1,1,0,1,2,0,0,0,0,0,0,0,0,0,0,0,0,0,0,0,0,0,0,1,2
syn_aggregate_01023,51,1.0,1,1,0,1,0,1,1,0,0,0,0,0,0,0,0,0,0,0,0,0,0,0,0,0,1,0,0,0,0,0,0,0,0,0,0,0,0,0,0,0,0,0,0,0,0,0,0,0,0,0,0,1,0,0,0,0,1,0,0,0,0,0,0,0,0,0,0,2,0
syn_aggregate_01024,19,1.0,1,0,0,0,0,0,0,0,1,0,0,0,0,0,0,0,0,0,0,0,0,0,0,0,0,0,0,0,4,0,1,0,0,0,0,0,1,0,0,0,0,0,0,0,0,0,0,3,0,1,2,1,1,1,2,1,1,1,1,0,2,1,0,1,0,0,1,1,0
syn_aggregate_01025,21,1.0,1,1,0,1,0,0,1,0,2,1,1,1,2,1,0,0,1,2,0,0,1,0,0,1,0,0,1,0,2,0,0,0,0,0,0,0,0,0,3,2,1,1,2,1,1,0,0,1,1,2,2,2,1,2,2,2,2,2,1,0,1,0,0,0,0,0,0,0,0
syn_aggregate_01026,20,1.0,2,2,1,1,0,1,1,0,1,0,0,0,0,0,0,0,0,0,2,1,1,0,1,0,1,0,0,0,2,1,1,1,0,1,0,1,1,0,0,0,0,1,0,0,0,0,0,0,0,1,1,1,0,0,1,1,0,0,1,0,2,1,0,2,0,1,1,1,0
syn_aggregate_01027,50,2.0,3,3,2,2,2,3,0,0,0,1,1,1,0,1,1,0,1,0,0,2,2,1,2,1,2,1,1,1,1,0,2,2,1,2,1,2,2,1,1,2,2,1,2,1,1,1,1,0,0,0,0,0,0,0,0,0,0,0,4,1,3,2,2,3,2,1,2,2,1
syn_aggregate_01028,19,2.0,1,2,1,1,0,0,0,0,0,0,1,0,0,0,0,0,0,0,3,0,1,0,1,0,1,0,0,1,0,0,0,0,0,0,0,0,0,2,0,1,0,0,1,0,0,0,0,0,0,0,0,0,0,0,0,0,0,0,2,0,3,2,0,2,1,0,2,1,0
syn_aggregate_01029,19,1.0,1,1,1,2,0,0,0,0,0,0,0,0,0,0,0,0,0,0,1,1,1,0,1,1,1,0,0,0,0,0,0,1,0,0,0,0,0,0,0,0,0,0,0,0,0,0,0,0,0,0,1,0,0,0,0,0,0,0,0,0,0,0,0,0,0,0,0,0,0
syn_aggregate_01030,45,1.0,1,1,1,1,1,1,1,1,1,0,0,0,0,0,0,0,0,0,2,1,2,1,1,1,2,1,1,1,1,2,3,3,2,3,2,3,2,3,1,0,0,0,0,0,0,0,0,4,0,1,1,0,1,1,1,0,1,0,1,3,4,4,3,4,3,3,4,3,2
syn_aggregate_01031,18,1.0,1,1,0,0,0,0,0,0,0,1,2,2,1,2,2,1,1,2,2,0,1,0,0,1,1,0,1,0,0,0,0,0,0,0,0,0,0,0,0,2,1,1,1,1,1,0,1,1,1,1,1,1,1,1,2,1,2,1,1,0,1,1,0,1,1,0,1,1,0
syn_aggregate_01032,20,2.0,1,1,1,2,1,0,1,0,0,0,0,0,0,0,0,0,0,0,0,0,0,0,0,0,0,0,0,0,1,0,0,0,0,1,0,0,0,0,0,0,0,0,0,0,0,0,0,0,0,0,0,0,0,0,0,0,2,0,0,0,1,0,0,0,0,0,0,0,0
syn_aggregate_01033,22,2.0,1,2,1,2,1,0,1,0,0,1,2,2,1,1,1,0,1,2,0,0,1,0,0,1,0,0,0,0,0,0,2,1,1,1,1,1,2,1,1,0,0,0,0,0,0,0,0,2,0,1,1,1,1,1,0,0,0,0,0,0,1,1,0,1,0,0,1,1,0
syn_aggregate_01034,20,2.0,2,2,1,1,0,1,1,0,0,0,1,1,0,1,1,0,1,0,0,0,0,0,0,1,0,0,0,0,0,1,2,1,1,1,1,1,1,1,1,0,0,0,1,0,0,0,0,0,0,1,2,1,1,1,2,1,1,1,1,0,1,0,0,0,0,0,0,0,0
syn_aggregate_01035,20,2.0,3,3,2,2,1,1,1,0,0,0,0,0,0,0,0,0,1,3,0,2,2,2,2,2,1,1,1,1,0,0,1,1,0,1,0,1,1,1,0,1,0,0,1,0,0,0,0,0,0,1,2,0,0,1,2,0,0,0,4,0,0,0,0,0,0,0,0,0,2
syn_aggregate_01036,41,1.0,0,0,0,0,0,0,0,0,0,0,0,0,0,0,0,0,0,0,2,1,1,1,1,1,1,1,1,0,0,0,1,0,0,0,0,0,0,0,0,0,0,0,0,0,0,0,0,1,1,0,0,0,0,0,1,0,1,0,0,0,0,0,0,0,0,0,0,0,0
syn_aggregate_01037,19,2.0,2,2,1,1,0,1,1,0,1,1,1,2,0,1,1,1,1,1,1,1,2,1,1,0,1,0,1,1,1,0,2,1,1,1,0,2,1,1,1,0,0,0,0,0,0,0,0,1,0,1,1,1,0,0,1,0,0,0,0,0,2,2,0,2,1,1,1,1,0
syn_aggregate_01038,19,1.0,1,2,1,2,0,1,0,0,0,0,0,0,0,0,0,0,0,0,0,1,1,1,1,0,1,1,0,0,1,0,0,0,0,0,0,0,0,0,2,0,0,0,0,0,0,0,0,0,0,0,0,0,0,0,0,0,0,0,0,0,1,0,0,1,0,0,1,0,0
syn_aggregate_01039,18,2.0,0,1,0,0,0,0,1,0,0,0,0,0,0,0,0,0,0,0,0,0,0,0,0,0,0,0,0,0,4,0,0,0,0,0,0,0,0,0,4,1,0,0,1,0,0,0,0,0,0,0,0,0,0,0,0,0,0,0,0,0,1,0,0,0,0,0,0,0,0
syn_aggregate_01040,22,2.0,0,0,0,0,0,0,0,0,0,0,1,0,0,0,0,0,0,0,0,2,2,1,2,2,2,1,2,2,2,1,1,1,1,1,1,1,1,1,1,2,2,1,2,1,0,0,0,1,2,0,0,0,0,0,0,0,0,0,3,0,1,1,1,1,1,1,2,2,1
syn_aggregate_01041,22,2.0,2,3,2,3,1,1,2,1,1,0,0,0,0,0,0,0,0,0,4,1,1,0,1,1,1,0,0,0,0,2,3,2,2,2,2,2,2,2,1,0,0,0,1,0,0,0,0,0,0,0,0,0,1,2,0,0,0,0,0,0,1,1,0,1,0,1,0,1,1
syn_aggregate_01042,19,2.0,1,1,1,1,1,1,0,0,0,0,0,0,0,0,0,0,1,0,0,0,0,0,0,0,0,0,0,0,0,0,1,0,0,0,0,0,0,0,0,1,0,0,0,0,0,0,0,0,0,1,1,1,0,1,1,0,1,1,1,0,0,0,0,0,0,0,0,4,0
syn_aggregate_01043,22,1.0,0,1,1,1,1,0,0,0,0,1,0,0,0,0,0,0,0,0,0,0,0,0,0,0,0,0,0,0,0,0,1,1,0,0,0,0,0,0,0,0,0,0,0,0,0,0,0,0,2,0,0,0,0,0,0,0,2,0,0,0,0,0,0,0,0,0,0,0,4
syn_aggregate_01044,21,2.0,3,3,2,3,1,1,0,0,0,3,3,3,2,3,3,2,3,2,2,1,0,0,0,0,0,0,0,0,0,1,2,2,1,1,2,1,1,1,2,2,1,0,1,0,0,0,0,0,0,0,0,0,0,0,0,1,0,2,0,0,1,1,0,1,1,0,1,1,0
syn_aggregate_01045,33,2.0,2,2,1,1,0,1,0,0,0,0,0,0,0,0,0,0,0,0,4,1,2,0,1,1,2,0,1,0,1,2,3,2,2,2,2,2,2,2,2,1,1,0,1,0,0,0,0,0,0,3,3,3,3,3,3,2,2,2,3,0,2,2,0,2,1,1,1,1,0
syn_aggregate_01046,19,2.0,2,3,1,2,1,2,1,0,0,0,0,0,0,0,0,0,0,0,3,1,1,0,0,0,1,1,0,1,0,1,1,1,0,1,1,1,1,0,0,1,1,0,1,1,0,0,0,1,0,0,0,1,0,0,0,1,0,0,1,0,1,1,0,2,1,1,1,0,0
syn_aggregate_01047,18,2.0,1,1,1,1,1,0,0,0,0,3,3,3,2,2,2,2,2,2,1,1,2,1,1,1,2,2,1,0,2,1,1,1,1,1,1,1,1,0,0,1,1,0,1,1,0,0,0,0,0,1,2,1,1,1,2,1,1,1,1,0,2,1,0,1,0,0,1,0,0
syn_aggregate_01048,46,1.0,0,1,1,1,1,0,0,0,0,1,2,1,1,2,1,0,1,1,0,2,3,2,2,1,2,1,2,1,3,0,0,1,0,0,0,1,0,0,0,0,0,0,0,0,0,0,0,0,0,1,1,1,0,0,0,0,0,1,0,0,1,1,0,1,0,0,1,1,0
syn_aggregate_01049,19,2.0,2,2,1,1,1,0,0,0,0,0,0,0,0,0,0,0,0,4,0,0,1,0,0,1,0,0,0,1,0,0,2,1,0,1,1,1,1,2,1,1,1,0,1,0,1,0,0,0,0,1,2,1,1,1,2,2,1,1,1,0,2,2,0,2,1,0,2,1,1
syn_aggregate_01050,21,2.0,1,1,0,0,0,0,0,0,0,0,0,0,0,0,0,0,0,0,1,0,0,0,0,0,0,1,0,0,0,0,0,1,0,0,0,0,0,0,0,0,0,0,0,0,0,0,0,0,2,0,1,0,0,0,1,0,0,0,0,0,0,0,0,0,0,0,0,0,4
syn_aggregate_01051,20,2.0,2,2,1,1,0,0,0,0,1,0,0,0,0,0,0,0,0,0,2,0,0,0,0,0,0,0,0,0,2,0,0,0,0,0,0,2,0,0,0,0,2,0,0,0,0,0,0,0,0,0,0,0,0,0,0,0,0,0,2,0,1,1,0,1,0,0,1,1,0
syn_aggregate_01052,20,2.0,2,2,2,2,1,1,1,0,1,1,1,1,0,1,0,1,0,1,0,2,2,1,2,1,1,1,1,2,1,4,4,4,4,4,4,4,3,4,4,2,2,1,2,1,1,1,1,1,1,3,3,3,2,3,4,3,2,2,3,1,3,2,2,3,2,3,2,2,2
syn_aggregate_01053,18,2.0,2,2,1,2,1,1,1,0,0,0,0,0,0,0,0,0,0,0,3,2,2,2,2,1,2,2,2,2,2,0,0,0,0,0,0,0,4,0,0,0,0,0,0,0,0,0,0,0,2,1,1,1,1,0,1,0,1,0,0,0,1,1,0,1,0,0,1,0,0
syn_aggregate_01054,19,1.0,0,1,1,1,0,0,1,0,0,0,0,0,0,0,0,0,0,0,4,2,3,2,2,2,3,2,2,2,1,0,0,0,0,0,0,0,0,0,0,2,2,1,2,2,2,1,2,2,2,0,1,1,0,0,1,0,0,0,3,0,2,1,0,1,0,0,1,1,1
syn_aggregate_01055,18,2.0,1,1,1,1,1,0,1,0,0,0,0,0,0,0,0,0,0,0,0,0,0,0,0,0,0,0,0,0,4,0,0,0,0,0,0,0,0,0,2,1,0,0,1,0,0,0,0,0,0,0,0,0,0,0,4,0,0,0,0,0,1,1,0,1,1,0,1,0,1
syn_aggregate_01056,40,1.0,2,2,1,1,1,1,0,0,0,0,0,1,0,0,0,0,0,1,0,2,2,1,1,1,1,1,1,1,1,1,2,2,1,2,1,2,1,1,1,0,0,0,1,0,0,0,0,1,0,0,0,0,0,0,0,0,0,0,4,0,1,1,0,1,0,0,1,0,0
syn_aggregate_01057,21,2.0,2,3,2,3,2,2,1,0,0,0,0,0,0,0,0,0,0,0,0,2,3,2,2,2,3,2,1,1,3,0,2,2,0,1,0,1,1,1,1,1,1,0,1,0,0,0,0,1,0,1,1,1,1,0,1,1,0,1,1,0,1,1,0,1,0,0,1,1,1
syn_aggregate_01058,21,2.0,1,1,1,1,1,1,1,0,0,0,0,0,0,0,0,0,0,0,0,0,0,0,0,0,0,0,0,1,2,0,0,0,0,0,0,0,0,0,2,0,0,0,0,0,0,0,0,0,2,0,0,0,0,0,0,0,0,1,0,0,1,1,0,0,0,0,0,0,3
syn_aggregate_01059,20,2.0,0,0,0,0,0,0,0,0,0,1,2,1,1,1,1,1,1,1,1,2,2,1,2,1,2,3,1,1,2,0,0,1,0,0,1,0,1,0,1,2,1,1,1,1,1,0,1,1,1,0,1,0,0,0,0,0,1,0,0,0,1,0,0,0,0,0,1,0,0
syn_aggregate_01060,21,2.0,1,1,0,1,0,0,1,0,0,0,0,0,0,0,0,0,0,0,0,0,0,0,0,0,0,0,0,0,3,1,2,1,1,1,1,1,1,1,0,0,0,0,0,0,0,1,0,0,0,1,1,1,1,1,1,1,1,0,0,0,1,1,0,1,1,0,1,1,0
syn_aggregate_01061,21,2.0,0,0,0,0,0,0,0,0,0,0,0,0,0,0,0,0,0,0,1,1,1,1,1,1,1,0,1,1,0,0,0,0,0,0,0,0,0,0,4,0,0,0,0,0,0,0,0,0,2,0,0,0,0,0,1,0,0,0,0,0,2,1,0,1,1,0,1,1,0
syn_aggregate_01062,45,2.0,1,2,1,2,1,1,1,0,0,0,1,0,0,0,0,0,0,2,0,1,1,1,1,1,1,1,1,1,1,0,1,1,0,0,0,1,0,0,0,1,1,0,1,1,0,0,0,1,1,0,0,0,0,0,0,0,0,1,3,0,1,0,0,1,0,0,0,0,0
syn_aggregate_01063,19,2.0,1,1,1,1,0,0,1,0,0,0,2,1,0,1,1,0,1,2,1,0,0,0,0,0,0,0,0,0,3,0,0,0,0,4,0,0,0,0,0,0,0,0,0,0,0,0,0,0,1,1,1,1,0,1,2,1,1,1,1,0,1,0,0,0,0,0,0,0,0
syn_aggregate_01064,22,1.0,1,1,2,1,1,0,0,0,0,0,0,0,1,1,0,0,0,1,1,0,0,0,0,0,0,0,0,0,3,1,2,2,2,2,1,2,2,2,1,1,1,1,2,0,0,0,0,0,1,0,1,1,0,1,1,0,1,1,1,0,2,1,0,1,0,0,1,1,0
syn_aggregate_01065,19,2.0,3,3,2,3,2,2,0,0,0,0,1,0,0,0,0,0,0,0,0,0,0,0,0,0,1,0,0,0,0,0,1,1,0,0,0,0,0,0,0,0,0,0,0,0,0,0,0,0,2,0,0,0,0,0,0,0,0,0,1,0,1,1,0,1,0,0,1,1,0
syn_aggregate_01066,22,2.0,0,1,0,1,0,0,0,0,0,0,1,0,0,0,0,0,1,0,0,0,0,0,0,0,0,0,0,0,0,0,1,0,0,0,0,0,0,0,0,0,0,0,0,0,0,0,0,2,0,0,0,0,0,0,0,0,0,0,2,0,2,1,0,1,1,1,1,2,1
syn_aggregate_01067,,2.0,0,0,0,0,0,0,0,0,0,0,0,0,0,0,0,0,0,0,0,1,1,0,0,0,0,0,0,0,1,0,0,0,0,0,0,0,0,0,4,2,1,1,2,1,0,0,0,0,0,1,1,1,1,1,1,1,1,0,0,0,1,1,0,1,0,0,1,0,0
syn_aggregate_01068,21,1.0,0,2,0,0,0,0,0,0,0,0,0,0,0,0,0,0,0,0,3,0,0,0,0,0,0,0,0,0,4,0,1,1,1,1,0,1,1,1,1,0,0,0,0,0,0,0,0,0,0,0,0,0,0,0,0,0,0,0,0,0,0,0,0,0,0,0,0,0,0
syn_aggregate_01069,20,1.0,2,1,1,1,0,0,0,0,0,0,1,0,0,0,0,0,0,0,0,0,0,1,0,1,1,0,1,0,0,0,2,0,0,0,0,0,0,0,0,1,1,1,1,1,1,0,0,0,0,1,1,1,1,1,0,0,0,0,0,0,1,0,0,1,0,0,0,0,0
syn_aggregate_01070,19,2.0,3,3,2,2,1,2,1,0,0,1,1,1,1,1,0,0,0,0,0,3,3,2,3,2,3,2,2,2,1,1,2,1,2,2,1,1,1,1,1,2,2,1,2,1,1,1,0,2,2,2,3,2,2,2,3,2,2,2,2,2,4,4,3,4,3,3,3,3,2
syn_aggregate_01071,35,2.0,1,2,1,1,0,1,1,0,0,1,2,1,1,1,2,0,1,1,1,1,1,1,1,1,1,1,1,1,1,0,0,0,0,0,2,0,0,0,0,1,1,0,1,1,0,0,1,1,1,1,1,1,1,1,1,0,0,1,1,0,1,1,0,1,1,0,1,2,0
syn_aggregate_01072,18,1.0,1,0,0,0,0,0,0,0,0,0,0,0,0,0,0,0,0,0,0,0,0,1,0,0,1,0,0,0,0,0,1,1,0,1,0,1,1,0,1,0,0,0,0,0,0,0,0,0,0,0,0,0,0,0,0,0,0,0,2,0,0,0,0,0,0,0,0,0,0
syn_aggregate_01073,21,1.0,2,2,1,2,0,1,0,0,0,0,0,0,0,0,0,0,0,1,2,0,0,0,0,0,1,0,0,0,0,0,1,0,0,0,0,0,1,0,0,0,0,0,0,0,0,0,0,0,3,0,0,0,0,0,0,0,0,2,0,0,1,1,0,1,0,0,1,1,1
syn_aggregate_01074,21,1.0,3,3,1,2,1,0,0,0,0,1,1,1,2,1,1,1,1,1,1,1,1,1,0,0,1,0,0,0,0,1,2,2,1,1,2,1,2,1,0,0,0,0,2,0,0,0,0,0,0,0,0,0,0,0,0,0,0,0,0,0,1,2,0,2,0,0,1,1,0
syn_aggregate_01075,47,2.0,1,1,1,1,1,0,0,0,0,0,0,0,0,0,1,1,0,0,0,2,2,1,1,1,1,1,1,2,1,2,3,3,2,3,2,3,2,2,1,1,1,0,1,0,0,0,0,0,0,1,1,1,0,1,0,1,1,0,0,0,1,1,0,1,0,0,1,1,0
syn_aggregate_01076,44,2.0,0,0,0,2,0,0,0,0,0,0,0,0,0,0,0,0,0,0,1,2,2,2,2,2,1,2,1,2,2,0,0,0,0,0,0,0,0,0,0,0,0,0,0,0,0,0,0,3,0,0,0,0,0,0,0,0,0,0,4,0,1,1,0,2,1,0,1,1,0
syn_aggregate_01077,20,2.0,1,1,1,1,1,0,0,0,0,0,0,0,0,1,0,0,0,0,0,3,3,3,3,2,3,3,3,3,4,0,0,0,0,0,0,0,0,0,0,0,0,0,0,0,0,0,0,0,0,0,1,0,0,0,0,0,0,0,0,0,0,0,0,0,0,0,0,0,3
syn_aggregate_01078,21,2.0,1,1,1,1,0,0,0,0,0,1,1,1,1,1,1,1,1,1,1,0,0,0,0,0,0,0,0,1,1,1,2,1,1,1,0,1,0,0,0,0,0,1,0,0,0,0,0,0,0,0,0,0,0,0,0,0,0,4,0,0,1,0,0,0,0,0,0,0,0
syn_aggregate_01079,22,2.0,3,3,2,3,1,0,0,0,0,3,3,3,2,2,2,2,2,2,1,0,0,0,0,0,0,0,0,0,4,1,2,2,1,1,1,1,2,1,0,2,3,2,2,2,3,2,2,2,3,1,1,1,1,1,2,2,2,1,1,1,3,2,1,2,2,2,2,2,2
syn_aggregate_01080,38,1.0,3,2,2,2,1,1,1,0,0,0,0,0,0,0,0,0,0,0,0,1,1,0,1,0,1,0,1,0,1,1,3,3,2,2,2,2,2,2,2,1,1,0,1,1,0,0,0,0,2,0,1,1,0,0,1,1,0,0,0,0,2,2,0,2,0,1,2,1,1
syn_aggregate_01081,21,2.0,1,2,1,1,1,0,0,0,1,2,2,2,2,2,1,1,1,1,2,2,2,1,2,2,2,2,1,2,2,1,2,2,1,1,1,1,1,1,1,2,2,2,2,1,1,1,1,0,0,1,2,1,1,2,1,1,1,1,2,0,1,1,0,1,0,0,1,0,0
syn_aggregate_01082,20,2.0,2,2,1,2,0,0,0,0,0,0,0,0,0,0,0,0,1,2,0,1,1,0,1,1,1,1,0,1,0,0,2,2,1,1,1,1,1,1,0,2,0,0,1,0,0,0,0,0,1,1,2,1,0,0,1,1,1,0,0,0,2,1,0,2,0,0,1,1,0
syn_aggregate_01083,19,2.0,1,2,1,1,1,1,0,0,0,0,0,0,0,0,0,0,0,0,3,1,2,1,1,1,2,0,1,1,1,1,1,1,1,1,1,1,1,1,1,0,0,0,0,0,0,0,0,3,0,1,1,1,1,1,2,1,1,1,1,0,2,1,0,1,1,0,1,1,0
syn_aggregate_01084,20,1.0,2,2,1,1,1,0,1,1,0,1,2,2,1,1,1,1,1,1,1,1,1,1,1,1,1,0,1,0,1,3,4,3,3,3,3,3,3,3,2,1,1,1,1,0,0,0,0,0,0,1,1,1,1,1,1,1,1,2,1,0,1,1,0,2,0,1,1,1,0
syn_aggregate_01085,25,1.0,1,1,1,1,1,1,1,0,0,0,0,0,0,0,0,0,2,0,0,1,1,0,1,1,1,0,0,0,0,1,1,1,1,0,0,1,1,1,1,2,1,1,2,1,1,0,0,1,0,0,0,0,0,0,0,0,0,0,2,0,2,1,0,2,0,0,1,0,0
syn_aggregate_01086,19,1.0,1,2,1,2,1,1,1,0,0,0,1,0,0,0,0,0,1,0,0,1,2,1,1,1,2,1,1,1,1,3,3,4,3,4,4,4,3,4,3,1,1,0,1,1,0,0,0,0,0,1,1,1,1,1,1,1,1,1,1,0,2,2,0,2,0,0,2,0,2
syn_aggregate_01087,21,2.0,0,2,0,0,0,0,0,0,0,0,0,0,1,0,0,0,0,0,0,0,0,0,0,0,1,0,0,0,1,0,0,0,0,0,0,0,0,0,2,0,0,0,2,0,0,0,0,0,0,0,0,0,0,0,0,0,0,2,0,0,1,0,0,1,0,0,1,0,0
syn_aggregate_01088,20,2.0,1,1,0,1,0,1,1,0,1,0,0,0,0,0,0,0,0,0,1,1,2,1,1,1,1,1,1,1,1,0,0,0,0,0,2,0,0,0,0,0,0,0,0,0,0,0,0,0,3,0,1,0,0,0,0,1,0,1,0,0,0,0,0,0,0,0,0,0,4
syn_aggregate_01089,22,2.0,0,1,0,1,0,0,0,0,0,0,0,1,0,0,0,0,0,0,0,0,0,0,0,0,0,1,0,0,0,1,2,1,1,1,1,1,1,0,0,0,0,0,0,0,0,0,0,0,0,0,0,0,0,0,0,0,0,0,0,1,1,1,0,1,0,0,1,0,1
syn_aggregate_01090,23,2.0,2,2,1,1,1,0,1,0,0,0,0,0,0,0,0,0,0,0,3,1,1,1,1,1,0,0,0,0,0,0,1,1,0,1,0,0,0,0,0,0,0,0,0,0,0,0,0,0,2,1,1,1,0,1,1,1,1,1,1,0,1,1,0,1,0,0,0,1,0
syn_aggregate_01091,33,2.0,2,2,2,2,2,2,1,0,0,1,2,2,0,1,1,1,1,1,1,3,3,3,3,2,2,2,2,2,1,0,3,2,3,2,2,2,2,0,0,0,0,0,0,0,0,0,0,0,0,1,2,1,0,1,1,1,0,1,0,0,0,0,0,0,0,0,0,0,4
syn_aggregate_01092,21,2.0,1,2,1,1,0,1,1,0,0,0,0,0,0,0,0,0,0,0,0,1,1,1,1,1,1,0,0,0,2,1,2,1,0,1,0,1,1,0,0,0,0,0,0,0,0,0,0,0,0,0,0,0,0,0,0,0,0,0,0,0,0,0,0,2,0,0,0,0,0
syn_aggregate_01093,27,2.0,2,2,1,1,1,1,0,0,0,0,0,0,0,0,0,0,0,0,3,0,1,0,1,0,1,1,0,1,0,2,3,3,2,2,2,2,3,2,1,0,0,0,0,0,0,0,0,1,1,0,0,0,0,0,0,0,0,2,0,0,1,1,0,1,0,0,1,0,0
syn_aggregate_01094,35,1.0,2,3,2,2,1,1,1,0,0,0,1,0,0,0,0,0,0,0,0,0,0,0,0,0,0,0,0,0,2,1,2,2,1,1,1,2,1,1,2,1,1,1,1,0,1,1,0,1,0,0,0,0,0,0,0,0,0,0,0,0,2,1,0,1,0,0,2,0,1
syn_aggregate_01095,40,1.0,1,1,1,1,1,1,1,1,1,0,0,0,0,0,0,0,0,0,1,1,1,1,1,0,1,0,0,0,0,0,0,0,0,0,0,0,0,4,0,2,2,2,1,1,1,1,1,1,2,0,0,0,0,0,0,1,0,0,0,0,2,1,0,1,1,1,1,1,1
syn_aggregate_01096,20,2.0,2,2,1,2,1,1,1,0,1,1,1,1,0,0,0,1,1,1,2,2,3,2,2,2,2,2,2,2,2,4,4,4,4,4,4,4,4,4,3,2,2,1,2,2,2,1,1,1,1,3,4,3,3,3,4,4,2,2,2,0,1,0,0,1,0,0,1,1,0
syn_aggregate_01097,42,2.0,1,1,1,1,0,0,1,0,0,0,0,0,0,0,0,0,0,0,0,0,0,0,0,0,0,0,0,0,1,0,1,0,0,0,0,0,0,1,0,0,0,0,0,0,0,0,0,0,0,0,0,0,0,0,0,2,0,0,0,0,0,0,0,0,0,0,0,0,2
syn_aggregate_01098,18,2.0,1,1,1,1,0,0,0,0,0,0,1,0,0,0,0,0,0,0,0,1,1,1,1,1,1,1,1,1,1,0,1,0,0,0,0,0,0,2,0,0,0,0,0,1,0,0,0,1,0,0,1,0,0,1,0,1,0,0,1,0,0,0,0,0,0,0,0,3,0
syn_aggregate_01099,21,2.0,0,1,0,1,0,0,1,0,0,0,0,0,0,0,0,0,0,0,0,0,0,0,0,0,0,0,0,0,0,0,0,0,0,0,0,0,0,0,0,0,0,0,0,0,0,0,0,1,0,0,0,0,0,0,0,0,0,0,0,0,0,0,0,0,0,0,1,0,0
syn_aggregate_01100,22,2.0,2,2,1,1,0,0,0,0,1,0,0,0,0,0,0,0,0,0,0,1,1,1,1,1,1,0,0,0,1,0,1,1,0,1,1,0,0,1,0,0,0,0,0,0,1,0,0,0,0,0,0,0,0,0,0,0,0,0,0,0,0,0,0,0,0,0,0,3,0
syn_aggregate_01101,48,2.0,2,3,1,2,1,1,1,0,0,0,0,0,0,0,1,0,0,0,0,1,2,1,1,1,1,1,1,1,1,1,1,1,1,1,1,0,0,0,0,0,1,0,0,0,0,0,0,0,0,0,0,0,0,0,0,0,0,0,4,0,2,2,0,1,1,0,1,1,1
syn_aggregate_01102,18,1.0,3,3,2,3,1,2,2,1,0,0,1,0,0,0,0,0,0,0,1,2,3,2,2,2,2,2,2,1,2,2,3,3,2,2,2,2,2,2,3,2,2,1,2,1,1,0,1,1,1,1,1,1,0,0,1,1,0,0,1,1,3,3,2,3,1,2,3,2,2
syn_aggregate_01103,21,2.0,2,2,2,2,2,1,1,0,0,1,1,1,1,1,0,0,0,0,0,1,1,1,1,1,1,1,0,0,0,0,1,0,0,0,0,0,2,0,0,2,1,1,2,1,1,1,1,1,2,2,1,1,1,1,2,1,1,1,1,0,1,1,1,2,1,1,1,1,1
syn_aggregate_01104,19,1.0,0,0,0,0,2,0,0,0,0,0,0,0,0,0,0,0,0,2,0,0,0,0,0,0,0,0,0,0,1,0,1,1,0,1,0,1,1,0,0,2,3,2,3,2,2,2,3,2,2,0,0,0,0,0,0,0,0,0,0,0,0,1,0,0,0,0,1,0,0
syn_aggregate_01105,19,2.0,3,3,2,3,1,1,0,0,1,1,2,1,1,2,1,1,0,1,0,3,3,2,3,2,3,2,3,2,2,1,2,2,1,1,1,1,2,1,1,2,2,1,2,1,1,1,1,1,2,1,1,1,0,0,1,1,0,1,1,0,2,2,1,3,2,1,2,2,1
syn_aggregate_01106,36,2.0,1,1,0,1,0,0,0,0,0,0,0,0,0,0,0,0,0,0,1,2,3,2,2,2,1,2,1,1,2,1,2,1,1,1,1,1,1,0,1,0,0,0,0,1,0,0,0,0,0,1,1,1,1,1,2,1,1,1,1,0,1,0,0,0,0,0,0,0,0
syn_aggregate_01107,37,2.0,1,0,0,0,0,0,0,0,0,0,0,0,0,0,0,1,0,0,0,1,1,1,1,1,0,0,0,0,0,0,0,0,0,0,0,0,0,0,1,0,0,0,0,0,0,0,0,0,0,0,0,0,0,0,0,0,0,2,0,0,0,0,0,0,0,0,0,0,0
syn_aggregate_01108,21,1.0,1,1,0,1,0,0,1,0,0,0,0,0,0,0,0,0,0,2,0,1,1,1,1,1,1,1,0,1,0,0,0,0,0,0,0,0,0,0,0,0,0,0,0,0,0,0,0,0,0,0,0,0,0,0,0,0,0,0,0,0,1,0,0,0,0,0,0,0,0
syn_aggregate_01109,20,1.0,2,2,1,1,0,2,0,0,0,0,1,0,0,0,0,0,0,0,0,0,0,0,0,0,0,0,0,0,4,0,1,1,1,1,1,1,1,1,0,0,0,0,1,1,0,0,0,0,0,1,1,0,0,0,1,0,1,0,0,0,2,1,0,1,1,1,1,0,0
syn_aggregate_01110,22,2.0,2,2,1,2,1,0,0,0,0,1,1,1,0,1,1,0,1,1,2,0,0,0,0,0,0,0,3,0,0,0,1,0,0,0,0,0,0,0,0,1,1,1,1,0,1,1,0,1,1,0,0,0,2,0,0,0,0,0,0,0,0,0,0,1,0,0,0,1,0
syn_aggregate_01111,20,1.0,1,2,1,2,1,1,0,0,0,0,0,0,0,0,0,0,0,0,4,1,1,1,1,0,1,1,1,0,0,1,2,2,1,1,1,1,1,1,1,0,0,0,0,0,2,0,0,0,0,0,0,0,0,0,0,1,0,0,3,0,1,0,0,0,0,0,1,1,0
syn_aggregate_01112,19,2.0,0,1,0,1,0,0,0,0,0,0,0,0,0,0,0,0,0,0,1,1,1,0,1,0,1,1,0,1,0,0,0,0,0,0,0,0,0,0,0,0,0,0,0,0,0,0,0,2,0,0,0,0,0,0,0,0,0,0,0,0,1,0,0,1,0,0,0,0,0
syn_aggregate_01113,18,1.0,2,3,2,2,0,1,1,0,1,0,0,0,0,0,0,0,0,0,0,1,1,0,1,0,2,1,1,1,0,0,0,0,0,0,0,0,0,0,2,0,0,0,0,0,0,0,0,0,4,0,1,0,0,0,0,0,0,0,0,0,1,1,0,1,0,0,1,1,0
syn_aggregate_01114,19,1.0,0,1,1,1,0,0,0,0,0,0,0,0,0,0,0,0,0,0,0,0,0,0,0,0,0,0,0,0,1,0,1,0,0,0,0,0,0,1,0,0,0,0,0,0,0,0,0,0,0,0,0,0,0,0,0,0,0,0,0,0,1,0,0,0,0,0,0,0,0
syn_aggregate_01115,19,2.0,1,1,0,1,0,1,1,0,0,0,0,0,0,0,0,0,0,0,2,0,0,0,0,0,0,0,2,0,0,0,0,0,0,0,0,0,0,0,4,0,1,0,0,1,0,0,0,0,0,1,2,1,1,1,2,1,1,1,1,0,2,1,0,1,0,0,1,1,1
syn_aggregate_01116,20,2.0,1,0,0,0,0,0,0,0,0,0,0,0,0,0,0,0,0,0,0,1,1,1,1,1,2,1,1,1,1,0,1,1,0,1,0,1,0,0,0,0,0,0,0,0,0,0,0,4,0,0,0,0,0,0,0,0,0,0,2,0,1,0,0,0,0,0,0,2,0
syn_aggregate_01117,48,1.0,0,0,0,0,0,0,0,0,0,0,0,0,0,0,0,0,0,0,0,0,0,0,0,0,0,0,0,3,0,0,1,1,0,0,0,0,1,1,0,0,0,0,0,0,1,0,0,0,0,0,0,1,0,0,0,0,0,0,0,0,0,0,0,0,0,0,0,1,1
syn_aggregate_01118,21,1.0,3,3,1,2,1,1,0,0,0,0,0,0,0,1,0,0,0,0,0,0,0,0,0,0,0,0,0,0,3,0,0,0,0,4,0,0,0,0,0,1,1,0,1,1,1,0,2,1,1,2,2,2,1,1,2,1,1,1,1,0,1,0,0,1,0,0,0,0,0
syn_aggregate_01119,21,1.0,1,1,1,1,1,1,1,0,0,0,0,1,0,0,0,0,0,0,0,0,0,0,0,0,0,0,0,0,0,0,1,1,0,1,0,1,1,0,0,0,0,0,0,0,0,1,0,1,0,1,1,1,1,1,1,1,1,1,1,0,1,1,0,1,0,1,1,1,1
syn_aggregate_01120,21,2.0,1,2,0,1,0,1,1,0,0,1,1,1,1,1,0,0,0,0,0,1,2,1,1,1,2,1,2,1,1,0,1,1,1,1,0,1,1,1,1,3,2,2,3,1,2,2,1,2,2,0,1,1,1,0,1,1,0,1,2,0,1,0,0,1,0,0,0,0,0
syn_aggregate_01121,34,1.0,2,2,1,1,1,0,1,1,0,0,0,0,0,0,0,0,0,1,1,2,2,2,2,2,1,1,1,2,2,0,2,2,1,1,1,1,1,1,0,1,0,0,1,1,0,0,0,0,0,0,0,0,0,0,0,0,0,0,4,1,2,1,1,2,0,0,1,1,1
syn_aggregate_01122,38,2.0,0,2,0,0,0,0,0,0,0,0,0,0,0,0,0,0,0,1,0,0,0,0,0,0,0,0,0,0,0,0,0,0,0,0,0,0,0,1,0,0,0,0,0,0,0,0,0,0,2,0,0,0,0,0,0,0,0,0,1,0,0,0,0,0,0,0,0,0,4
syn_aggregate_01123,18,2.0,2,2,1,1,0,1,1,1,0,0,0,1,0,0,0,0,0,0,0,0,0,0,0,0,1,0,0,0,0,0,0,0,0,0,0,0,0,2,0,0,0,0,0,0,0,0,0,0,1,0,0,0,0,0,0,0,0,0,3,0,0,0,0,0,0,0,0,0,4
syn_aggregate_01124,18,1.0,2,2,1,1,1,1,0,0,0,0,0,0,0,0,0,0,0,0,1,0,0,0,0,0,0,0,0,0,0,0,0,0,0,0,0,0,3,0,0,0,0,0,0,0,0,0,0,0,0,0,0,0,0,0,0,0,0,1,0,0,0,0,0,0,0,0,0,0,0
syn_aggregate_01125,19,1.0,2,2,1,2,1,1,0,0,0,2,3,2,1,2,1,0,0,1,0,4,4,4,4,3,3,4,3,3,3,0,1,1,0,1,0,1,0,1,0,2,1,1,2,1,0,0,0,1,0,0,1,0,1,0,1,0,1,0,0,0,2,1,0,2,0,0,1,0,1
syn_aggregate_01126,19,2.0,1,1,1,1,0,0,0,0,0,1,1,1,1,1,1,1,1,1,1,1,1,1,1,1,2,1,2,1,0,0,1,1,1,1,0,1,1,0,0,0,1,0,0,0,0,0,0,0,0,0,0,0,0,0,0,0,0,0,2,0,2,1,0,1,1,0,1,1,0
syn_aggregate_01127,18,2.0,2,2,1,1,0,0,0,0,1,0,0,0,0,0,0,0,0,2,0,2,2,2,2,1,1,1,1,1,2,0,1,1,0,1,0,1,1,0,0,1,1,0,1,0,0,0,0,1,0,2,2,2,2,2,2,2,2,2,2,0,1,1,0,1,1,0,1,1,1
syn_aggregate_01128,21,2.0,1,0,0,0,0,0,0,0,0,0,1,0,0,0,0,0,0,0,0,0,0,0,0,0,0,0,0,0,1,0,1,0,0,0,0,0,0,0,0,0,0,0,0,0,0,0,0,0,0,0,0,0,0,0,0,0,0,0,2,0,0,0,0,0,0,0,0,0,0
syn_aggregate_01129,22,2.0,1,1,0,0,0,0,0,0,0,0,0,0,0,0,0,0,0,0,0,0,0,0,0,0,0,0,0,0,1,0,0,0,0,0,0,0,0,0,0,0,0,0,0,0,0,0,0,0,1,0,0,0,0,0,0,0,0,0,0,0,0,0,0,0,0,0,0,0,2
syn_aggregate_01130,41,1.0,1,2,1,1,0,0,0,0,0,0,0,0,0,0,0,0,0,0,4,0,0,0,0,0,0,0,0,0,4,0,0,0,0,0,0,0,0,0,1,0,0,0,0,0,0,1,0,0,1,0,1,0,0,0,1,0,0,0,0,0,0,0,0,0,0,0,1,0,0
syn_aggregate_01131,19,2.0,1,2,0,1,0,0,2,0,1,1,1,2,1,1,1,1,1,1,1,3,2,1,3,2,2,0,2,1,1,0,0,0,0,0,1,0,0,0,0,2,2,1,2,2,1,0,1,1,2,0,0,0,0,0,0,0,0,0,3,0,2,1,0,1,1,1,1,2,0
syn_aggregate_01132,22,2.0,2,3,2,2,0,1,1,0,1,0,0,0,0,0,0,0,0,0,4,1,1,1,1,1,1,1,1,1,1,0,2,1,1,1,1,1,1,1,2,1,0,1,0,0,0,0,0,0,0,0,0,0,0,0,0,0,0,0,3,0,2,1,0,1,0,0,1,1,0
syn_aggregate_01133,21,2.0,0,1,0,1,0,0,1,0,1,0,0,0,0,0,0,0,0,0,2,1,1,1,1,1,2,1,1,1,1,0,2,1,0,1,0,1,0,0,0,0,0,0,0,0,0,0,0,0,4,0,0,0,0,0,0,0,0,0,0,0,1,1,0,1,0,0,1,1,0
syn_aggregate_01134,20,1.0,1,1,0,0,0,0,0,0,0,0,0,0,0,1,0,0,0,0,0,1,1,1,1,1,1,1,1,1,1,0,1,0,0,1,0,0,1,0,0,0,0,1,1,1,1,0,0,0,0,0,0,0,0,0,0,0,0,3,0,0,0,0,0,0,0,0,0,0,0
syn_aggregate_01135,18,2.0,0,0,0,0,0,0,0,0,0,0,0,0,0,0,0,0,0,0,0,0,0,0,0,0,0,0,0,0,0,0,1,0,0,0,0,0,0,0,0,0,0,0,0,0,0,0,0,0,0,0,0,0,0,0,0,0,0,0,0,0,1,0,0,0,0,0,0,0,0
syn_aggregate_01136,42,1.0,1,1,2,2,0,0,2,0,0,0,1,0,0,0,0,0,0,0,0,1,2,1,1,1,2,1,0,1,0,0,2,1,1,2,1,2,1,1,1,1,1,1,2,1,0,0,0,0,0,1,1,1,1,0,1,1,0,1,1,1,3,3,2,3,2,1,2,2,3
syn_aggregate_01137,44,2.0,2,2,1,1,1,1,1,0,0,0,0,0,0,0,0,0,0,0,4,1,1,1,1,1,2,1,1,1,2,1,0,0,0,0,1,0,0,0,1,1,1,1,1,1,1,1,1,1,1,0,0,0,0,0,0,0,0,0,4,0,1,1,0,2,0,0,1,1,0
syn_aggregate_01138,21,2.0,0,0,0,0,0,0,0,0,0,0,0,0,0,0,0,0,0,0,0,0,0,0,0,0,0,0,1,0,0,0,0,0,0,0,0,0,0,0,0,0,0,0,0,0,0,0,0,0,0,0,0,0,0,0,0,0,0,0,0,0,2,0,0,0,0,0,0,0,0
syn_aggregate_01139,19,2.0,0,0,0,0,0,0,0,0,0,0,0,0,0,0,0,0,0,0,0,1,1,1,1,1,0,0,0,0,0,0,0,0,0,0,0,0,0,1,0,0,0,0,0,0,0,0,0,0,0,0,0,0,0,0,0,0,3,0,0,0,0,0,0,0,0,0,0,0,0
syn_aggregate_01140,30,1.0,2,2,1,1,1,1,1,0,0,0,0,0,0,0,0,0,0,4,0,1,2,1,1,1,2,1,1,1,0,0,1,0,0,0,0,1,0,0,1,0,0,0,0,0,0,0,0,0,4,1,1,1,1,1,1,1,0,0,0,0,2,2,0,2,1,1,1,1,0
syn_aggregate_01141,20,2.0,1,2,1,2,0,0,1,0,0,2,1,2,0,1,1,1,1,1,2,2,2,1,2,2,1,2,1,1,2,0,2,1,1,1,1,1,1,1,2,2,1,1,2,1,0,0,0,2,1,3,3,3,2,2,3,2,2,2,2,0,2,1,0,2,0,0,2,1,1
syn_aggregate_01142,20,2.0,3,3,2,3,1,0,0,0,0,2,2,2,1,1,1,1,1,1,1,1,1,0,1,1,0,0,0,0,0,1,3,2,2,2,2,2,3,2,1,1,1,1,1,0,1,0,0,1,0,1,1,0,0,0,1,0,0,1,0,0,1,1,0,1,0,0,1,1,0
syn_aggregate_01143,18,1.0,0,0,0,0,0,0,0,0,0,0,0,0,0,0,0,0,0,0,1,1,1,1,1,1,1,1,1,1,1,0,1,1,0,1,0,0,1,0,0,1,1,0,0,0,0,0,0,0,0,0,0,0,0,0,0,0,0,0,0,0,0,0,0,1,0,0,0,0,0
syn_aggregate_01144,37,1.0,1,1,0,0,0,0,0,0,0,0,0,1,0,1,0,0,0,0,0,1,1,1,1,1,1,1,0,0,1,0,1,0,0,0,0,0,0,0,0,2,0,0,0,0,0,0,0,0,0,0,0,0,0,0,0,0,0,0,3,0,1,1,0,1,0,0,1,0,0
syn_aggregate_01145,41,2.0,0,2,0,0,0,0,0,0,0,0,0,0,0,0,0,0,0,0,0,0,0,0,0,0,1,0,0,0,0,0,1,0,0,0,0,0,0,0,0,0,0,0,0,0,0,0,0,0,0,0,0,0,0,0,0,0,0,0,0,0,0,0,0,1,0,0,0,0,0
syn_aggregate_01146,19,2.0,1,2,0,1,0,0,1,0,0,0,0,0,0,0,0,0,0,0,2,0,0,0,0,0,0,0,0,0,2,0,0,0,0,0,0,0,0,0,0,0,0,0,0,0,0,0,0,0,1,0,0,0,0,0,0,0,0,0,0,0,0,0,0,1,0,0,1,0,0
syn_aggregate_01147,19,2.0,0,0,1,1,0,0,1,1,0,1,1,1,0,0,0,0,0,0,0,0,1,0,0,0,0,0,0,1,0,1,2,1,1,1,1,1,2,1,1,0,0,1,0,0,0,0,0,1,0,1,1,0,0,0,1,0,0,0,1,0,0,0,0,0,0,0,2,0,0
syn_aggregate_01148,25,1.0,1,1,1,1,0,0,0,0,0,0,0,0,0,0,0,0,0,0,4,0,0,0,0,0,0,0,0,0,4,0,0,0,0,0,0,0,0,0,1,0,0,0,1,0,0,0,0,0,0,0,4,0,0,0,0,0,0,0,0,0,4,4,0,0,0,0,0,0,0
syn_aggregate_01149,19,2.0,2,2,1,1,0,0,0,0,0,0,1,0,0,0,0,0,0,0,0,0,1,0,0,0,1,0,0,0,2,0,0,0,0,0,0,0,0,0,3,0,0,0,0,0,0,0,0,0,4,0,1,0,0,0,0,0,0,0,0,0,2,2,0,2,1,1,2,1,0
syn_aggregate_01150,22,1.0,2,2,1,1,1,1,0,0,0,2,2,1,1,1,1,1,1,1,1,1,1,0,1,1,0,0,1,1,3,1,1,1,1,1,1,1,1,1,1,1,0,0,1,0,0,0,0,0,0,0,0,0,0,0,0,0,0,4,0,1,2,1,1,2,0,0,2,1,0
syn_aggregate_01151,19,2.0,1,2,1,2,0,1,1,0,0,1,1,1,0,1,0,0,1,1,0,1,1,1,1,0,1,0,0,0,0,0,1,0,0,0,0,1,0,0,0,1,0,0,0,0,0,0,0,0,0,1,1,1,1,1,1,1,2,1,1,0,1,2,1,2,0,0,1,1,0
syn_aggregate_01152,22,2.0,0,1,0,1,0,0,0,0,0,0,1,0,0,0,0,0,1,0,0,1,1,1,0,0,1,0,0,1,0,0,1,1,1,1,0,1,1,0,0,1,1,0,1,0,1,0,0,1,1,0,0,0,0,0,0,0,0,0,2,0,0,0,0,0,0,0,0,0,2
syn_aggregate_01153,20,2.0,2,2,1,1,1,0,1,0,0,0,0,0,0,0,0,0,0,4,0,1,1,1,1,1,1,0,0,0,0,0,2,1,1,1,1,1,1,0,0,1,1,1,1,0,0,0,0,0,0,1,1,0,0,1,2,1,0,0,4,0,2,2,0,2,1,1,1,0,0
syn_aggregate_01154,18,2.0,1,1,1,1,1,0,0,0,0,1,1,1,0,1,1,0,1,0,0,0,1,0,0,1,0,0,0,0,0,0,0,0,0,4,0,0,0,0,0,0,0,0,0,0,0,0,0,0,0,0,0,0,0,0,0,0,0,0,2,0,0,0,0,4,0,0,0,0,0
syn_aggregate_01155,42,1.0,2,2,1,1,1,1,1,0,0,1,2,2,1,2,1,1,1,1,2,1,1,1,1,1,1,2,2,2,1,0,2,1,0,1,1,1,2,1,1,1,1,0,1,0,0,0,0,0,0,1,1,1,1,1,1,1,0,0,1,0,1,1,1,1,1,1,1,0,0
syn_aggregate_01156,20,2.0,0,0,2,0,0,0,0,0,2,0,0,0,0,0,0,0,0,4,0,1,1,1,1,1,0,1,1,1,0,1,2,2,1,2,1,1,2,1,1,0,0,0,0,1,0,0,0,1,0,0,0,0,0,1,0,0,0,0,0,0,2,2,0,2,0,0,1,0,0
syn_aggregate_01157,21,2.0,0,1,1,2,0,0,0,0,0,1,1,1,0,1,1,0,1,1,1,2,2,1,2,2,2,1,0,0,2,0,0,0,0,1,0,1,0,0,0,0,0,0,0,0,0,0,0,0,3,1,2,2,2,1,2,2,1,2,4,0,2,1,0,2,1,1,1,1,1
syn_aggregate_01158,40,2.0,0,1,0,0,0,0,0,0,0,0,0,0,0,0,0,0,0,0,0,0,0,0,0,0,0,0,2,0,0,0,0,0,0,0,0,0,0,0,0,0,0,0,0,0,0,0,0,0,0,0,0,0,0,0,0,0,0,0,0,0,1,0,0,0,1,0,0,0,0
syn_aggregate_01159,19,1.0,1,1,1,1,0,0,0,0,0,0,0,0,0,0,0,0,0,3,0,0,0,0,0,0,0,0,0,0,1,1,1,1,1,1,1,1,1,1,1,1,1,0,2,1,0,0,0,0,0,0,0,0,0,0,0,0,0,0,3,0,1,1,0,1,1,1,1,0,0
syn_aggregate_01160,20,2.0,1,1,0,1,1,0,0,0,0,0,0,0,0,0,1,1,0,0,0,0,0,0,0,0,0,0,0,0,2,0,0,0,0,1,0,0,1,1,0,0,0,0,0,0,0,0,0,0,0,0,1,0,0,0,0,0,0,0,0,0,0,0,0,0,0,0,0,0,2
syn_aggregate_01161,22,1.0,0,1,0,1,0,0,0,0,0,0,0,0,0,0,0,0,0,0,0,0,0,0,0,0,0,0,0,0,0,0,1,1,0,0,0,1,0,1,0,0,0,0,0,0,0,0,0,0,0,0,0,0,0,0,0,0,0,0,0,0,0,0,0,0,0,0,0,0,0
syn_aggregate_01162,21,1.0,3,3,2,3,2,2,2,1,0,1,1,2,0,1,2,0,1,0,0,1,1,1,1,0,1,0,0,0,0,4,4,4,4,4,4,4,4,4,4,2,2,2,2,2,1,1,1,1,2,2,3,2,2,3,3,2,2,2,3,2,3,3,2,3,2,1,3,2,1
syn_aggregate_01163,20,1.0,3,3,2,2,1,1,1,0,0,0,0,0,0,0,0,0,0,0,0,1,2,1,1,1,1,1,1,2,2,3,3,2,2,3,2,2,2,2,2,1,1,0,1,1,0,1,0,1,0,0,1,0,1,0,1,1,0,0,0,0,2,2,0,2,1,1,2,1,0
syn_aggregate_01164,21,2.0,0,2,0,0,0,0,0,0,0,0,1,0,0,0,0,0,0,0,0,1,1,1,1,0,1,1,0,0,2,1,2,2,0,1,1,1,0,0,1,0,0,0,0,0,0,0,0,1,0,0,0,0,0,0,0,0,0,1,0,0,1,1,0,1,0,0,1,1,1
syn_aggregate_01165,22,2.0,2,2,1,2,1,1,0,0,0,1,2,2,1,2,1,1,1,1,2,1,1,1,1,1,0,0,0,0,0,0,2,1,0,1,0,1,0,2,0,3,2,2,3,2,2,1,2,1,0,0,1,0,0,0,0,1,0,0,1,0,1,1,0,2,0,0,2,1,1
syn_aggregate_01166,19,2.0,2,2,1,2,1,0,1,0,0,1,2,1,1,2,1,0,0,1,0,0,1,0,0,0,0,0,0,0,3,0,1,0,0,0,0,0,0,0,0,1,0,0,0,0,0,0,0,0,0,0,4,0,0,0,0,0,0,0,0,0,2,1,0,1,1,0,2,1,0
syn_aggregate_01167,20,1.0,3,3,2,3,2,2,1,0,1,1,1,2,1,1,1,1,2,1,1,1,1,1,1,1,2,1,1,1,1,0,0,0,0,0,0,0,0,0,3,0,0,0,1,0,0,0,0,0,0,0,0,0,0,0,0,0,0,0,3,0,2,2,0,2,1,0,2,1,0
syn_aggregate_01168,36,1.0,1,1,1,1,1,1,1,0,0,0,0,0,0,0,0,0,0,2,0,0,0,0,0,0,0,0,1,1,0,1,1,1,1,1,1,0,1,1,0,0,0,0,0,0,1,0,0,0,0,0,0,0,0,0,0,0,1,0,0,0,2,2,0,1,1,1,2,1,0
syn_aggregate_01169,24,2.0,1,2,1,2,0,1,0,0,0,0,1,0,0,0,0,0,0,0,0,1,2,1,2,1,1,2,0,1,1,0,0,0,1,0,0,0,0,0,3,0,0,0,0,0,0,0,0,0,4,1,1,1,1,1,1,1,1,1,1,0,0,0,0,0,0,0,0,0,4
syn_aggregate_01170,20,2.0,3,3,2,3,2,3,2,1,0,1,2,2,1,1,2,1,1,1,0,2,2,2,2,2,2,2,2,1,2,1,2,2,1,2,1,1,1,1,1,2,2,2,2,2,1,1,1,2,2,2,3,2,2,2,3,2,1,1,2,0,2,2,0,2,1,1,2,1,1
syn_aggregate_01171,20,2.0,0,0,1,1,0,0,0,0,0,0,0,0,0,0,0,0,0,0,0,0,0,0,0,0,0,0,0,0,0,0,0,0,0,0,0,0,0,0,3,0,0,0,0,0,0,0,0,0,0,0,0,0,0,0,0,0,0,0,2,0,0,0,0,0,0,0,0,0,2
syn_aggregate_01172,20,2.0,2,2,1,1,0,1,0,0,0,2,2,2,1,2,0,0,1,2,1,2,2,1,2,2,2,1,1,1,1,0,1,1,0,0,0,1,0,0,0,1,1,1,1,1,1,1,1,1,1,0,1,0,0,0,0,0,0,0,0,0,1,1,0,1,1,0,1,1,1
syn_aggregate_01173,21,2.0,0,1,0,0,0,0,0,0,0,0,0,0,0,0,0,0,0,0,0,1,1,0,1,1,1,0,0,1,1,0,0,0,0,0,0,0,0,0,3,0,0,0,0,0,0,0,0,0,1,0,0,0,0,0,0,0,0,0,4,0,1,0,0,0,0,0,0,0,0
syn_aggregate_01174,41,2.0,1,1,0,1,0,0,1,0,2,0,0,3,0,0,0,0,0,0,0,1,1,1,1,2,1,1,1,1,1,1,2,1,1,1,0,1,1,1,0,0,0,0,0,0,0,1,0,0,0,0,0,0,0,0,0,0,1,1,0,0,2,1,0,2,0,0,1,1,1
syn_aggregate_01175,28,2.0,0,1,0,0,0,0,0,0,0,0,0,0,0,0,0,0,0,0,0,0,0,0,0,0,0,0,0,0,0,0,0,1,0,0,0,0,0,0,0,0,0,0,0,0,0,0,0,1,0,0,0,0,0,0,0,0,0,0,0,0,0,0,0,1,0,0,0,0,0
syn_aggregate_01176,32,2.0,2,2,2,2,1,2,1,0,1,1,1,1,0,1,0,0,1,1,0,2,3,2,2,2,2,2,2,2,3,0,1,1,1,1,1,1,1,0,0,1,1,1,1,1,1,1,1,1,1,1,1,1,1,0,1,1,0,0,0,0,2,1,0,1,0,1,1,1,0
syn_aggregate_01177,20,1.0,2,2,1,2,1,1,0,0,0,0,0,0,0,0,0,0,0,0,3,1,1,0,1,1,1,1,1,1,2,0,0,0,0,0,0,0,0,4,0,1,1,1,0,0,1,0,0,0,0,0,0,0,0,0,0,0,0,0,2,0,0,0,0,0,0,0,4,0,0
syn_aggregate_01178,20,2.0,1,1,0,0,0,0,0,0,0,1,1,1,1,1,0,0,0,0,0,0,0,0,0,0,0,0,0,0,2,0,0,0,0,0,2,0,0,0,0,0,0,0,0,0,0,0,0,3,0,0,0,0,0,0,0,0,0,0,4,0,2,1,0,1,0,0,1,1,0
syn_aggregate_01179,18,1.0,1,1,1,1,0,0,0,0,0,0,1,0,0,0,1,0,0,0,0,1,1,1,1,1,1,0,0,0,0,0,0,0,0,0,0,0,0,0,1,1,0,1,1,0,0,0,0,1,2,1,1,2,1,1,2,1,1,1,1,0,0,0,0,0,0,0,0,0,4
syn_aggregate_01180,19,1.0,2,2,0,1,0,0,1,0,0,0,0,0,0,0,0,0,0,0,0,0,0,0,0,0,0,0,0,0,4,0,0,0,0,0,1,0,0,0,0,0,0,1,0,0,0,0,0,0,0,0,0,0,0,0,0,0,0,0,0,0,2,1,0,1,0,0,1,0,0
syn_aggregate_01181,36,2.0,1,1,1,1,1,0,0,0,0,0,0,0,0,0,0,0,0,0,0,1,1,0,1,0,1,0,0,1,0,0,0,0,1,0,0,0,1,0,0,1,0,0,1,0,1,0,0,1,0,0,1,0,0,0,0,0,0,0,0,0,0,0,0,0,0,0,0,0,0
syn_aggregate_01182,22,2.0,1,2,1,2,0,1,1,0,1,4,4,4,3,4,3,3,3,3,3,2,2,2,1,1,1,1,1,1,2,1,2,2,2,2,1,2,2,1,1,2,1,1,2,1,1,0,1,1,0,1,1,1,1,1,1,1,1,1,1,1,3,3,1,3,2,2,2,2,2
syn_aggregate_01183,18,1.0,2,1,1,2,0,1,0,0,0,0,0,0,0,0,0,0,0,0,3,1,2,2,2,1,0,1,0,0,2,1,1,1,1,1,1,1,1,1,1,0,1,0,0,0,0,0,0,0,0,0,0,0,0,0,0,0,0,0,4,0,2,2,0,2,1,1,1,1,1
syn_aggregate_01184,20,2.0,2,3,2,3,1,0,0,0,0,0,0,0,0,2,0,0,0,0,0,2,2,1,2,1,1,1,1,1,1,0,1,1,0,0,0,1,0,0,0,0,0,0,0,0,4,0,0,0,0,0,0,0,0,0,0,0,1,1,0,0,0,0,0,1,0,0,1,0,0
syn_aggregate_01185,19,1.0,2,2,1,1,0,0,1,0,0,2,2,2,1,1,1,0,0,1,0,3,3,2,3,2,3,2,2,2,2,0,2,2,1,1,2,2,2,0,1,1,1,1,1,0,1,1,0,1,1,1,1,1,0,0,0,0,0,0,0,0,2,2,0,1,0,0,2,2,0
syn_aggregate_01186,42,2.0,1,2,1,1,0,1,1,0,0,0,0,0,0,0,0,0,0,2,0,1,2,1,1,1,1,1,1,1,1,1,1,1,1,0,1,1,0,1,0,0,0,0,2,0,0,0,0,0,0,0,0,0,0,0,0,0,0,0,2,0,0,0,0,0,0,0,0,0,2
syn_aggregate_01187,19,1.0,2,2,1,2,0,0,1,0,0,0,0,0,0,2,0,0,0,0,0,0,0,0,0,0,1,0,0,0,0,1,1,0,1,1,0,1,1,0,0,2,2,1,2,1,1,0,1,1,1,0,0,0,0,0,0,0,0,0,0,0,1,1,0,1,1,0,1,0,0
syn_aggregate_01188,20,2.0,3,3,3,3,3,3,3,3,1,1,2,2,1,1,1,1,1,1,1,1,1,1,1,1,1,1,1,1,1,4,4,4,4,4,3,4,4,3,3,2,2,2,2,1,1,1,1,2,0,1,2,1,1,1,1,1,1,1,2,2,3,3,1,3,2,2,2,2,2
syn_aggregate_01189,22,1.0,2,2,1,1,0,1,1,0,0,0,1,1,0,1,0,1,1,1,1,1,1,1,1,1,0,0,0,0,0,0,1,0,0,1,0,0,0,1,0,1,1,0,1,1,0,0,0,1,1,1,1,1,0,1,1,0,1,0,0,0,1,0,0,1,0,1,0,0,1
syn_aggregate_01190,35,2.0,0,2,0,0,0,0,0,0,0,0,0,0,0,0,0,0,0,0,2,1,1,1,1,1,1,1,1,1,1,0,1,0,0,0,0,0,0,0,0,0,0,0,0,0,0,0,1,0,3,0,0,0,0,0,1,0,0,0,0,0,0,0,0,0,0,0,0,0,0
syn_aggregate_01191,19,2.0,1,2,1,2,1,0,1,0,0,0,0,0,0,0,0,0,0,0,3,1,2,1,2,1,1,1,2,0,1,0,1,1,0,1,0,1,1,0,0,1,0,0,1,0,0,0,0,0,0,0,1,1,0,0,0,1,0,0,0,0,2,1,0,1,1,0,1,1,0
syn_aggregate_01192,21,1.0,2,2,0,0,0,0,0,0,0,0,0,0,0,0,0,0,0,0,0,0,0,0,0,0,0,0,0,0,0,0,1,1,0,0,0,1,0,0,0,0,0,0,0,0,0,0,0,0,1,0,0,0,0,0,1,0,0,0,0,0,0,0,0,0,0,0,0,0,0
syn_aggregate_01193,21,2.0,0,1,0,1,0,0,0,0,0,0,1,0,0,0,0,0,0,0,0,0,0,0,0,0,0,0,0,1,0,0,0,0,0,0,0,0,0,0,2,0,1,0,0,0,0,0,0,0,0,1,2,1,1,2,2,2,1,1,2,0,2,1,0,1,1,0,1,1,0
syn_aggregate_01194,22,2.0,1,2,1,1,0,0,1,0,0,0,0,0,0,0,0,0,0,0,0,0,0,0,0,0,0,0,0,0,0,1,1,2,1,1,1,1,1,1,0,0,0,0,0,2,0,0,0,0,0,0,0,0,0,0,0,0,0,0,2,0,0,0,0,0,0,0,0,1,0
syn_aggregate_01195,46,1.0,3,3,3,3,3,3,3,3,3,1,2,2,1,2,1,1,1,1,2,4,4,4,4,4,4,4,4,4,4,0,2,1,0,1,1,1,2,0,0,1,1,1,1,1,1,0,0,0,2,1,2,2,1,1,1,2,1,1,1,1,3,2,2,2,2,2,2,2,1
syn_aggregate_01196,18,2.0,1,1,1,1,1,0,0,0,0,2,2,2,2,2,1,1,2,2,1,1,2,1,1,1,1,1,1,2,1,3,3,3,3,3,2,2,3,2,2,0,0,0,0,0,0,0,0,0,2,0,0,0,0,0,0,0,0,3,0,0,1,1,1,2,0,0,1,1,0
syn_aggregate_01197,43,1.0,1,1,1,1,0,0,0,0,0,0,0,0,0,0,0,0,0,0,0,0,0,0,0,0,1,0,0,0,0,1,1,1,0,1,0,1,1,0,0,0,0,0,0,0,0,0,0,0,0,0,0,0,0,0,0,0,0,0,0,0,0,0,0,0,0,0,0,0,3
syn_aggregate_01198,19,2.0,2,2,0,1,0,1,1,0,0,0,0,0,0,0,0,0,0,0,1,0,0,0,0,0,0,0,0,0,0,0,1,1,1,1,0,1,1,1,0,1,0,0,1,0,0,0,0,0,2,0,0,0,0,0,0,0,2,0,0,0,0,0,0,0,0,0,0,0,0
syn_aggregate_01199,18,1.0,2,3,1,2,1,1,1,0,0,0,0,0,0,0,0,0,0,1,3,0,1,0,0,0,0,0,0,2,0,1,2,1,0,1,0,1,1,2,1,0,0,0,0,0,0,0,0,0,4,1,2,1,1,1,1,1,1,1,1,0,1,0,0,1,0,0,0,0,0
syn_aggregate_01200,19,1.0,1,2,1,1,0,0,1,0,0,0,0,1,0,0,0,0,0,0,0,1,1,1,1,1,1,1,0,0,0,1,1,1,0,1,1,1,1,1,0,0,0,0,0,0,0,0,0,3,0,1,1,1,1,1,1,1,0,1,0,0,1,0,0,0,1,0,0,1,0
syn_aggregate_01201,19,2.0,2,2,2,2,1,2,1,0,1,0,0,0,0,0,0,2,0,0,0,2,2,1,2,1,2,1,1,1,2,1,2,1,1,1,1,1,1,0,0,0,1,0,1,0,0,0,0,1,0,0,0,0,0,0,0,0,0,0,0,0,2,2,0,2,0,0,1,2,0
syn_aggregate_01202,37,1.0,0,2,0,0,0,0,0,0,0,0,0,0,0,0,0,0,0,0,3,1,1,0,1,0,0,0,0,0,0,1,2,0,0,1,0,0,1,0,1,1,1,0,1,0,0,0,0,0,0,1,1,0,1,0,1,0,0,1,0,0,1,0,0,1,0,0,0,0,0
syn_aggregate_01203,22,2.0,1,2,1,2,1,1,1,0,0,0,1,0,0,0,0,0,1,0,0,1,1,0,1,1,1,0,1,0,0,0,0,1,0,0,0,0,0,1,0,0,0,0,0,0,0,0,0,1,0,0,0,0,0,0,0,0,0,0,2,0,0,0,0,0,0,0,0,0,0
syn_aggregate_01204,20,1.0,2,3,1,2,0,1,1,0,0,0,0,0,0,1,0,1,0,0,1,1,1,0,1,0,1,1,0,1,1,1,2,1,1,1,1,1,0,0,0,0,0,0,0,1,0,0,0,0,0,0,0,0,0,0,0,0,1,0,3,0,1,1,0,1,0,0,1,1,0
syn_aggregate_01205,20,2.0,2,3,2,2,1,0,1,0,0,0,0,1,0,0,0,0,0,0,0,3,2,2,3,2,2,2,1,1,3,1,2,1,1,1,1,1,1,1,0,1,1,1,1,0,0,0,0,1,0,2,2,2,2,2,2,2,3,2,2,0,2,2,0,1,1,1,1,1,1
syn_aggregate_01206,18,2.0,1,1,1,1,1,0,0,0,0,0,1,0,0,0,0,0,0,2,0,1,1,1,1,1,1,1,0,1,0,0,1,1,0,1,0,0,1,0,0,0,0,0,4,0,0,0,0,0,0,0,0,0,0,0,0,0,0,0,0,0,1,0,0,1,0,0,0,0,0
syn_aggregate_01207,38,1.0,0,2,0,0,0,0,0,0,0,0,0,0,0,0,0,0,0,4,0,2,2,1,2,1,2,1,1,1,0,0,0,0,0,0,0,0,0,0,2,1,0,0,0,0,0,0,0,0,0,1,1,1,1,0,0,0,0,0,0,0,1,0,0,0,0,0,0,0,1
syn_aggregate_01208,22,2.0,1,2,1,1,0,0,1,0,1,1,1,1,0,1,0,0,0,0,0,1,1,1,1,1,1,1,0,1,1,0,1,0,0,1,0,1,0,1,0,1,1,1,1,1,1,0,0,0,0,1,1,1,1,1,1,1,0,1,2,0,2,1,0,2,1,1,1,1,1
syn_aggregate_01209,21,2.0,2,2,1,1,1,1,1,0,0,2,2,2,1,2,1,1,0,0,0,1,1,1,1,1,1,1,1,1,1,0,1,1,1,1,0,1,1,1,0,1,1,1,1,0,0,0,0,0,0,0,0,0,0,0,0,2,0,0,0,0,2,1,0,2,1,1,1,1,1
syn_aggregate_01210,39,2.0,0,0,0,0,0,0,0,0,0,0,0,0,0,0,0,0,0,1,0,0,0,0,0,0,0,0,0,1,0,0,0,0,0,0,0,0,1,0,1,1,0,0,1,0,0,0,0,0,0,0,0,0,0,0,0,0,0,0,1,0,0,0,0,0,0,0,0,0,0
syn_aggregate_01211,18,2.0,1,1,1,1,0,0,0,0,0,0,0,0,0,0,0,0,0,0,0,0,1,1,1,1,1,0,1,1,2,1,2,2,1,1,1,2,1,2,1,1,1,1,2,1,1,1,1,0,1,0,1,1,1,1,0,1,0,0,1,0,2,1,1,2,1,1,1,1,0
syn_aggregate_01212,20,2.0,1,1,0,1,0,0,0,0,0,0,0,0,0,0,0,0,0,0,0,0,0,0,0,0,0,0,0,0,0,0,0,0,0,0,0,0,0,0,0,1,1,1,2,1,1,1,1,1,1,0,0,0,0,0,0,0,0,0,2,0,2,2,0,0,0,0,0,0,0
syn_aggregate_01213,21,2.0,1,1,1,1,1,0,0,0,0,0,0,0,0,0,0,0,0,0,2,0,0,0,0,0,0,0,0,0,0,0,1,0,0,0,0,0,0,0,0,0,0,0,0,0,0,0,0,0,1,0,0,0,0,0,1,1,0,0,0,0,1,0,0,0,0,0,0,3,0
syn_aggregate_01214,22,1.0,2,2,1,1,0,0,0,0,0,0,0,0,0,0,0,0,0,0,1,0,2,0,0,0,0,0,0,0,0,0,1,1,1,0,0,1,1,0,0,0,0,0,0,0,1,0,0,0,0,0,0,1,0,0,0,0,0,0,0,0,1,0,0,0,0,0,0,0,1
syn_aggregate_01215,19,1.0,0,1,0,0,0,0,0,0,0,0,0,0,0,0,0,0,0,0,0,0,0,0,0,0,0,0,0,0,3,0,0,0,0,0,2,0,0,0,0,1,0,0,0,0,0,0,0,0,1,0,0,0,0,0,0,0,0,1,0,0,1,1,0,1,0,0,0,0,0
syn_aggregate_01216,36,2.0,1,0,0,0,0,0,0,0,0,0,0,0,0,0,0,0,0,0,0,0,0,0,0,0,0,0,0,0,0,0,0,0,0,0,0,0,0,0,0,0,0,0,0,0,0,0,0,0,0,0,0,0,0,0,0,0,0,0,0,0,0,0,0,1,0,0,0,0,0
syn_aggregate_01217,19,2.0,3,3,2,2,2,1,1,0,0,1,1,1,0,1,1,0,1,1,0,1,2,1,1,2,1,1,1,1,1,2,3,2,2,2,2,2,2,3,2,0,0,0,0,0,0,0,0,1,1,0,0,0,0,0,0,0,0,0,4,1,3,2,1,3,2,1,2,2,3
syn_aggregate_01218,18,1.0,1,1,1,1,1,0,0,0,0,0,0,0,0,0,0,0,0,0,0,1,2,0,1,1,2,1,1,1,1,1,2,1,1,1,1,2,1,1,0,1,1,1,1,1,0,1,0,1,0,0,1,0,0,0,0,0,0,0,1,0,1,1,0,1,0,0,1,1,0
syn_aggregate_01219,19,1.0,0,0,0,0,0,0,0,0,0,0,0,0,0,0,0,0,0,0,0,0,0,0,0,0,0,0,0,0,0,0,0,0,0,0,0,0,0,0,0,0,0,0,0,0,0,0,0,0,0,0,0,0,0,0,0,0,0,0,0,0,0,0,0,0,0,0,0,0,0
syn_aggregate_01220,29,2.0,0,0,0,0,0,0,0,0,0,0,0,0,0,0,0,0,0,2,0,1,2,1,2,1,1,1,1,1,1,0,0,0,0,0,0,0,0,0,0,0,0,1,0,0,0,0,0,0,0,0,1,0,0,0,0,0,0,0,0,0,0,0,0,0,0,0,0,0,0
syn_aggregate_01221,19,2.0,0,1,0,1,0,0,0,0,0,0,0,0,0,0,1,0,0,0,2,1,1,1,1,1,1,0,0,0,0,0,1,1,0,1,1,1,1,0,0,0,1,0,0,0,0,0,0,0,0,0,1,0,0,0,0,0,0,0,0,0,1,0,0,1,0,0,0,1,0
syn_aggregate_01222,21,1.0,2,2,1,1,1,1,0,0,0,0,1,0,0,0,0,0,0,1,0,0,0,0,0,0,1,0,0,0,0,0,0,0,0,0,0,0,0,0,1,0,0,0,0,0,0,0,0,0,0,0,1,0,0,0,0,0,1,0,0,0,0,0,0,0,0,0,0,1,3
syn_aggregate_01223,21,2.0,3,3,1,2,1,1,0,0,0,1,2,1,1,1,1,1,1,1,1,2,3,2,3,2,3,2,2,1,3,2,3,3,2,2,2,3,2,2,2,2,2,1,2,1,1,1,1,1,2,1,1,1,1,1,0,0,0,0,0,1,3,3,2,3,2,2,3,3,2
syn_aggregate_01224,19,2.0,0,2,0,0,0,0,0,0,0,0,0,0,0,0,1,0,0,0,0,1,1,1,1,0,1,0,0,1,0,0,0,0,0,0,0,0,0,1,0,0,0,0,1,0,0,0,0,0,0,0,1,0,0,0,0,0,0,1,0,0,1,1,0,1,1,0,1,1,0
syn_aggregate_01225,18,2.0,1,2,1,1,1,1,1,0,1,0,0,0,0,0,0,0,0,0,4,1,1,1,1,1,1,1,1,1,1,0,1,1,0,1,0,1,1,1,0,1,1,1,1,1,0,0,0,0,0,1,1,0,1,1,0,0,0,0,0,1,2,2,1,2,1,1,1,1,1
syn_aggregate_01226,22,2.0,0,1,0,1,0,0,0,0,0,0,0,0,0,0,0,0,0,0,4,2,2,1,2,1,2,1,1,1,0,0,0,0,0,0,0,0,0,0,1,1,1,1,1,1,1,0,0,0,0,1,1,1,1,1,2,2,1,1,1,0,2,1,0,1,1,0,1,1,0
syn_aggregate_01227,41,2.0,2,3,2,2,1,1,1,0,0,0,0,4,0,0,0,0,0,0,0,3,3,3,3,3,4,3,2,3,3,1,2,2,1,1,1,1,1,1,0,1,0,0,0,1,0,0,0,0,0,0,0,0,0,0,0,0,0,4,0,0,1,1,0,1,0,0,1,1,0
syn_aggregate_01228,20,1.0,1,1,1,2,1,1,1,0,1,0,3,0,0,0,0,0,0,0,0,0,0,0,0,0,0,0,0,0,3,0,1,1,0,1,0,0,1,0,0,1,0,0,1,0,0,0,0,0,0,0,1,1,0,1,1,1,1,1,1,0,1,1,1,2,1,0,1,1,0
syn_aggregate_01229,19,2.0,1,2,1,2,0,0,0,0,0,0,0,0,0,0,0,0,0,0,2,0,0,0,0,0,0,0,1,1,0,0,2,1,1,1,1,1,1,0,0,1,1,1,2,1,0,1,1,1,3,0,0,0,0,0,1,1,0,0,0,0,1,1,0,1,0,0,0,0,0
syn_aggregate_01230,19,2.0,2,2,1,2,1,1,0,0,0,1,2,1,1,1,1,1,1,1,0,2,3,2,3,2,2,2,1,2,2,0,2,1,1,1,1,1,1,1,2,1,1,0,0,0,0,0,0,0,1,1,2,1,1,1,1,1,2,1,1,0,0,0,0,0,0,0,2,0,0
syn_aggregate_01231,18,2.0,1,2,1,1,1,0,1,0,0,0,0,0,0,0,0,0,0,2,0,0,0,0,0,0,0,0,0,0,3,1,2,2,1,1,1,2,1,2,1,0,0,0,0,0,0,0,0,0,2,0,0,0,0,0,0,0,0,0,4,0,1,1,0,1,0,0,0,0,0
syn_aggregate_01232,22,1.0,3,3,2,2,0,0,0,0,0,0,0,0,0,0,0,0,0,0,0,0,0,0,0,0,0,0,0,2,2,1,2,2,1,1,1,2,1,0,3,0,0,0,0,0,0,0,0,1,0,0,0,0,0,0,0,0,0,0,1,0,0,0,0,0,0,0,0,0,4
syn_aggregate_01233,25,1.0,1,1,1,0,0,0,0,0,0,0,0,0,0,0,0,0,0,0,2,0,0,0,0,0,1,0,0,0,0,0,0,0,0,0,0,0,0,0,2,0,0,0,0,0,0,0,0,0,2,0,0,0,0,0,0,0,0,0,1,0,0,0,0,0,0,0,0,0,0
syn_aggregate_01234,20,2.0,1,1,1,1,0,0,0,0,0,0,0,0,0,0,0,0,0,0,1,0,0,0,0,0,0,0,0,0,0,0,4,1,0,1,0,1,1,0,0,0,0,0,0,0,0,0,0,2,0,1,2,1,1,1,2,1,1,1,3,0,2,1,0,1,1,0,1,1,0
syn_aggregate_01235,20,2.0,2,2,1,1,1,0,1,0,0,2,2,2,1,1,1,0,1,0,0,0,1,0,0,0,0,0,0,0,0,2,3,3,2,2,1,2,2,2,2,3,3,3,3,2,3,2,3,2,2,1,1,1,1,1,2,2,1,1,2,0,2,1,1,1,1,1,2,1,3
syn_aggregate_01236,19,2.0,1,1,1,1,0,0,0,0,0,0,0,0,0,1,0,0,0,1,0,1,0,0,0,0,0,0,0,0,0,0,1,1,0,1,0,0,1,0,0,0,0,0,0,0,0,0,0,0,0,0,0,0,0,0,0,0,0,1,0,0,0,0,0,0,0,0,0,0,0
syn_aggregate_01237,31,2.0,2,2,1,1,1,1,0,0,0,0,0,1,0,0,0,0,0,0,0,2,2,1,1,1,2,1,1,1,0,0,2,1,1,1,0,1,1,0,0,0,1,0,0,0,0,0,0,1,1,0,0,0,0,0,0,0,0,0,0,0,1,0,0,0,0,0,0,0,3
syn_aggregate_01238,21,2.0,2,2,1,1,0,0,0,0,0,0,0,0,1,0,0,0,0,0,0,1,1,1,1,1,1,1,1,1,1,1,2,1,1,1,0,1,1,0,0,0,1,0,0,0,0,0,0,0,0,0,0,0,0,0,0,0,0,0,2,0,0,0,0,0,0,0,3,0,0
syn_aggregate_01239,18,2.0,2,2,1,1,1,1,1,0,0,0,0,0,0,0,1,0,0,0,0,0,1,0,0,0,0,0,0,0,0,0,1,0,0,1,0,0,0,0,3,0,0,0,0,0,0,0,0,0,3,0,0,0,0,0,0,0,0,2,0,0,2,2,0,1,1,1,2,2,0
syn_aggregate_01240,27,2.0,2,2,1,1,0,0,0,0,1,0,1,0,0,0,0,0,0,0,0,0,0,0,0,0,0,0,0,0,0,0,0,0,0,0,0,0,0,0,0,0,0,1,0,0,0,0,0,0,0,0,0,0,0,0,0,0,0,0,4,0,3,3,0,2,1,1,2,2,2
syn_aggregate_01241,22,2.0,1,1,1,1,0,0,1,0,0,0,0,0,0,0,0,0,0,1,0,0,0,0,0,0,0,0,0,0,1,0,0,0,0,0,0,0,3,0,0,0,0,0,0,0,0,0,0,0,0,0,0,0,0,0,0,0,0,0,0,0,0,0,0,0,0,0,0,0,0
syn_aggregate_01242,20,1.0,0,0,1,0,0,0,0,0,0,0,0,0,0,0,0,0,1,0,0,0,0,0,0,0,0,0,0,0,1,0,0,0,0,0,0,0,0,3,0,0,0,0,0,1,0,0,0,0,0,1,1,1,1,1,1,1,0,1,1,0,1,0,0,0,0,0,0,0,0
syn_aggregate_01243,19,2.0,2,2,1,1,0,1,1,0,1,0,0,0,0,0,0,3,0,0,0,0,0,0,0,0,0,0,0,0,3,1,2,1,1,1,0,1,1,1,1,2,1,0,0,0,0,0,0,0,2,0,0,0,0,1,0,1,0,0,1,0,0,0,0,0,0,0,0,0,4
syn_aggregate_01244,38,2.0,0,0,0,0,0,0,0,0,0,0,0,1,0,0,0,0,0,0,0,0,0,0,0,0,0,0,0,0,0,0,1,0,0,0,0,0,0,0,0,0,0,0,0,0,0,0,0,0,0,0,0,0,1,0,0,0,0,0,0,0,0,0,0,1,0,0,0,0,0
syn_aggregate_01245,38,2.0,2,2,1,2,1,1,0,0,0,0,0,0,0,0,0,0,0,0,1,0,0,0,0,0,2,0,0,0,0,2,3,2,2,2,2,2,2,2,2,0,0,0,0,0,1,0,1,0,0,0,0,0,0,0,0,0,0,0,0,1,1,0,0,0,0,0,0,0,0
syn_aggregate_01246,19,1.0,2,2,1,1,0,1,1,1,0,0,1,0,0,0,0,0,0,0,0,0,0,0,0,0,0,0,0,0,3,0,1,0,0,0,0,1,0,0,0,2,2,1,2,1,1,0,1,1,1,0,0,0,0,0,0,0,0,0,2,0,2,1,0,2,0,0,1,1,0
syn_aggregate_01247,19,2.0,2,2,0,2,0,1,1,0,0,0,0,0,0,0,1,0,1,0,0,1,2,1,2,2,2,1,1,1,2,0,0,0,0,0,0,0,0,0,0,0,0,0,0,0,0,0,0,0,4,0,0,0,0,0,0,0,2,0,0,0,1,1,0,1,0,0,1,1,0
syn_aggregate_01248,20,2.0,2,2,1,1,1,1,1,0,1,0,0,0,0,0,0,0,0,0,1,0,0,0,0,0,1,1,0,0,0,0,1,0,0,0,0,0,1,0,0,1,1,0,1,0,0,0,0,1,1,0,0,0,0,0,0,0,0,0,3,0,1,0,0,0,0,0,0,0,0
syn_aggregate_01249,29,2.0,0,1,1,1,0,0,1,0,0,0,0,0,0,0,0,0,0,0,4,1,1,1,1,0,1,0,1,0,0,0,1,0,0,0,0,0,0,0,0,1,2,1,1,1,1,1,1,2,1,1,1,1,1,1,1,1,1,1,1,0,1,0,0,1,0,0,0,0,0
syn_aggregate_01250,21,2.0,1,0,0,0,0,0,0,0,0,0,1,0,0,0,0,0,0,0,0,0,0,0,0,0,0,0,0,1,0,0,0,0,0,0,0,0,0,0,0,0,0,0,0,0,0,0,0,0,0,0,0,0,0,0,0,0,0,0,2,0,1,0,0,0,0,0,0,0,0
syn_aggregate_01251,18,1.0,0,0,0,1,0,0,1,0,0,0,0,0,0,0,0,0,0,0,1,0,0,0,0,0,0,0,0,0,0,0,0,0,0,0,0,0,0,0,4,0,0,0,0,0,0,0,0,0,0,0,0,0,0,0,0,0,0,0,0,0,0,0,0,0,0,0,0,0,0
syn_aggregate_01252,18,1.0,1,0,0,0,0,0,0,0,0,0,0,0,0,0,0,0,0,0,0,0,1,0,0,0,1,0,1,0,0,0,0,0,0,0,0,0,0,0,0,0,0,0,0,0,0,0,1,0,0,0,0,0,0,0,0,0,0,0,1,0,2,1,0,1,0,0,1,1,0
syn_aggregate_01253,31,1.0,1,1,1,1,0,0,0,0,0,1,1,1,0,1,0,1,1,0,1,1,1,0,1,1,0,0,0,1,1,0,0,0,0,0,0,0,0,0,2,0,0,0,0,0,0,0,0,0,3,0,1,0,0,1,1,0,0,1,1,0,1,1,0,1,0,0,1,0,0
syn_aggregate_01254,45,2.0,1,1,0,0,0,0,0,0,0,0,0,0,0,0,0,0,0,0,2,0,0,0,0,0,0,0,0,0,0,0,0,0,0,0,0,0,0,0,0,0,0,0,0,0,0,0,0,2,0,0,0,0,0,0,0,0,0,0,0,0,0,0,0,0,0,0,0,0,0
syn_aggregate_01255,18,2.0,2,3,2,2,0,1,1,0,0,1,2,1,1,1,2,1,1,1,0,1,1,1,1,1,1,1,1,1,1,1,2,1,1,1,1,2,1,1,1,2,1,1,2,1,0,1,0,1,1,0,0,0,1,0,0,0,0,0,0,0,1,1,0,1,1,1,2,1,0
syn_aggregate_01256,18,2.0,1,0,0,0,0,0,0,0,0,0,0,0,0,0,0,0,0,0,0,0,1,0,0,0,0,1,0,0,2,0,0,0,0,0,0,0,0,0,0,0,0,0,0,0,0,0,0,0,0,0,0,0,0,0,0,0,0,0,0,0,0,0,0,0,0,0,0,0,0
syn_aggregate_01257,19,2.0,1,2,1,1,0,1,1,0,0,0,0,0,0,0,0,0,0,0,0,0,0,0,0,0,0,0,0,0,0,0,0,0,0,0,0,1,0,0,1,1,1,0,0,0,0,0,0,0,0,0,0,0,0,0,0,0,0,0,0,0,2,1,0,1,0,0,1,0,1
syn_aggregate_01258,20,2.0,1,1,0,1,0,0,1,0,0,0,0,0,0,0,0,0,1,0,2,0,1,0,1,0,1,0,0,1,2,1,1,1,1,1,1,1,1,1,2,1,1,0,1,0,0,0,0,1,2,1,1,1,1,1,1,1,1,1,1,0,0,0,0,4,0,0,0,0,0
syn_aggregate_01259,44,2.0,2,3,2,3,2,0,1,0,1,0,0,0,0,0,0,0,0,0,0,0,0,0,0,0,0,0,0,0,0,0,1,1,1,1,0,1,0,1,0,0,0,0,0,0,0,0,0,0,0,0,0,0,0,0,0,0,0,0,0,0,0,0,0,0,0,0,0,0,1
syn_aggregate_01260,18,2.0,2,2,1,2,1,0,0,0,0,0,0,0,0,0,0,0,0,0,0,0,1,0,1,1,1,0,0,1,1,0,0,3,0,0,0,0,0,0,0,0,0,0,0,0,0,0,0,0,4,1,1,1,0,1,0,1,0,1,0,0,2,1,0,2,1,2,2,2,4
syn_aggregate_01261,34,1.0,1,2,1,1,0,0,1,0,0,0,0,0,0,0,0,0,0,0,0,0,0,0,0,0,0,0,0,0,2,0,1,1,0,0,0,0,0,0,0,0,0,0,0,1,0,0,0,0,0,1,2,1,1,1,1,1,1,1,1,0,0,0,0,0,0,0,0,1,0
syn_aggregate_01262,20,1.0,0,0,0,0,0,0,0,0,0,0,0,0,0,0,0,0,0,0,1,0,0,0,0,0,0,0,0,0,2,0,0,0,0,0,0,0,0,0,0,0,0,0,0,0,0,0,0,0,0,0,0,0,0,0,0,0,0,0,0,0,0,0,0,0,0,0,0,0,0
syn_aggregate_01263,50,1.0,3,3,1,2,1,1,0,0,0,2,3,2,2,3,2,2,2,2,2,1,2,1,1,1,2,1,1,1,1,2,3,3,2,2,3,3,2,2,2,1,1,0,1,0,1,0,1,1,0,1,1,1,1,1,2,2,1,1,1,0,2,2,0,2,1,1,2,1,0
syn_aggregate_01264,22,2.0,1,2,1,2,1,1,1,0,0,1,1,1,0,1,1,0,1,1,0,2,2,1,3,2,2,2,2,1,3,1,2,2,1,1,1,2,1,1,2,1,1,0,1,0,0,0,0,1,0,0,0,0,0,0,0,0,0,0,2,0,1,1,0,1,0,0,0,0,0
syn_aggregate_01265,38,2.0,1,1,0,1,0,0,1,0,1,0,0,0,0,0,0,0,0,0,0,0,0,0,0,0,0,0,0,0,0,0,0,0,0,0,0,0,0,2,0,0,0,0,0,0,0,0,0,0,4,0,0,0,0,0,0,0,0,0,3,0,1,0,0,0,0,0,0,0,0
syn_aggregate_01266,22,2.0,1,0,0,0,0,0,0,0,0,0,0,0,0,0,0,0,0,0,1,0,0,0,0,0,0,0,0,0,1,0,0,0,0,0,0,0,0,0,2,1,0,0,1,0,0,0,0,0,0,0,0,0,0,0,0,0,0,0,0,0,1,0,0,0,0,0,0,0,0
syn_aggregate_01267,19,2.0,3,3,2,2,2,2,2,1,1,2,2,2,2,2,2,2,2,2,3,1,1,1,1,1,1,0,0,1,0,0,1,1,1,2,1,1,1,1,2,1,1,1,1,1,0,1,1,1,2,1,2,1,1,1,1,2,1,1,2,2,3,2,1,3,2,2,3,2,2
syn_aggregate_01268,19,2.0,1,1,1,1,1,1,0,0,1,0,0,0,0,0,0,0,0,0,0,0,0,0,0,0,1,1,0,0,0,0,1,0,0,0,0,0,1,0,0,0,0,0,0,0,0,0,0,0,0,0,0,0,0,0,0,0,0,0,0,0,1,0,0,0,0,0,0,0,0
syn_aggregate_01269,28,1.0,3,3,1,3,1,0,0,0,0,0,2,1,0,1,0,0,0,0,0,1,1,0,0,0,1,0,0,0,0,1,2,2,1,2,1,2,1,1,0,2,2,1,1,1,2,1,1,1,0,1,1,1,1,0,1,0,1,1,1,0,2,1,0,1,0,0,1,1,1
syn_aggregate_01270,19,2.0,2,2,2,1,1,1,1,0,0,1,2,2,0,1,2,0,1,1,0,2,2,2,1,2,2,1,1,1,2,1,3,2,2,2,2,2,2,1,1,1,1,0,1,0,0,0,0,1,2,0,0,0,0,0,0,1,1,0,0,1,3,2,1,2,2,2,1,2,1
syn_aggregate_01271,21,2.0,3,3,2,2,1,2,1,0,1,0,0,0,0,0,0,0,0,1,3,1,1,1,1,1,1,1,1,1,1,1,1,1,2,1,1,2,1,1,0,2,1,1,2,1,1,1,1,1,1,2,2,2,1,2,2,2,1,1,0,1,3,2,1,3,2,2,2,2,1
syn_aggregate_01272,22,1.0,1,1,1,0,0,0,0,0,0,0,0,0,0,0,0,0,0,0,1,0,0,0,0,0,0,0,0,0,1,0,0,0,0,0,0,0,0,0,0,0,0,0,0,0,0,0,0,0,0,0,0,0,0,0,0,0,0,2,0,0,2,1,0,2,0,0,1,0,0
syn_aggregate_01273,20,2.0,2,2,1,2,0,1,0,0,0,0,1,1,0,0,0,0,0,0,0,1,1,1,1,1,1,1,1,1,1,0,1,1,0,1,0,1,1,0,0,1,1,1,1,0,0,0,0,0,0,0,0,0,0,0,0,0,1,0,0,0,1,1,0,1,0,0,0,0,0
syn_aggregate_01274,19,2.0,1,2,1,1,0,1,0,0,0,3,3,3,2,3,3,2,4,3,1,1,2,1,2,1,2,1,1,1,1,0,1,1,0,1,0,1,1,0,0,1,2,1,2,1,1,1,1,1,2,2,2,2,1,2,2,1,2,1,3,1,3,2,1,2,2,2,2,1,2
syn_aggregate_01275,18,1.0,1,1,1,1,1,1,0,0,0,0,1,0,0,0,0,0,0,0,0,0,0,0,0,2,0,0,0,0,0,0,1,0,0,0,0,0,0,0,1,2,1,1,2,1,1,0,0,0,0,0,0,1,0,0,1,0,0,0,0,0,0,0,0,0,0,0,0,0,0
syn_aggregate_01276,20,2.0,2,2,1,2,0,1,1,0,0,0,0,1,0,0,0,0,0,0,0,0,1,0,0,0,0,0,0,0,0,0,1,1,1,1,1,1,1,0,0,0,0,0,0,0,0,0,0,2,0,1,2,1,1,1,1,1,1,1,0,0,4,0,0,0,0,0,0,0,0
syn_aggregate_01277,22,1.0,3,2,2,2,1,2,1,0,0,0,0,0,0,0,0,0,0,0,2,2,1,1,1,0,1,1,1,1,0,1,2,1,1,2,1,2,2,1,0,0,0,0,0,0,0,0,0,0,4,0,0,0,0,0,0,0,0,2,0,0,1,1,0,1,0,0,1,0,0
syn_aggregate_01278,18,2.0,3,3,2,2,1,2,1,0,0,1,1,1,0,1,0,0,0,1,0,2,3,2,2,2,3,2,2,2,1,2,3,2,3,2,2,2,2,3,2,4,4,4,4,4,4,3,3,3,3,2,3,2,2,2,3,2,2,2,2,0,2,2,0,2,1,1,1,1,0
syn_aggregate_01279,31,2.0,2,2,1,2,1,1,1,0,0,1,1,1,0,0,0,0,0,0,0,0,0,0,0,0,1,1,0,0,0,0,0,0,0,0,4,0,0,0,0,0,0,0,0,1,0,0,0,0,0,0,1,0,0,0,0,0,0,0,0,0,1,1,0,1,0,0,1,0,0
syn_aggregate_01280,19,2.0,1,1,0,0,0,1,1,0,0,0,1,0,0,0,0,0,0,0,0,0,0,0,0,0,0,0,0,0,0,0,0,0,0,0,0,0,0,0,2,0,0,0,0,0,0,0,0,0,0,0,0,0,0,0,0,0,0,0,0,0,1,0,0,0,0,0,0,0,0
syn_aggregate_01281,18,2.0,1,1,0,0,0,0,0,0,0,0,0,0,0,0,0,1,0,0,1,0,0,0,0,0,1,0,0,0,0,0,1,0,0,0,0,0,0,0,0,0,0,1,1,0,0,0,0,0,0,0,1,1,0,1,1,0,1,0,0,0,1,1,0,0,0,0,1,1,0
syn_aggregate_01282,20,2.0,1,2,1,1,0,1,0,0,0,0,0,0,0,0,0,0,0,0,0,0,0,0,0,0,0,0,0,0,3,0,0,0,0,0,0,0,0,0,0,0,0,0,0,0,0,0,0,0,2,0,0,0,0,0,0,0,0,0,0,0,0,0,0,0,0,0,0,0,4
syn_aggregate_01283,25,2.0,0,0,0,0,0,0,0,0,0,0,0,0,0,0,0,0,0,0,0,0,0,0,0,0,0,0,0,0,2,0,0,0,0,0,0,0,0,0,0,0,0,0,0,0,0,0,0,0,0,0,1,0,0,0,0,0,0,0,0,0,2,0,0,0,0,0,0,0,0
syn_aggregate_01284,28,2.0,0,0,0,0,0,0,0,0,0,0,0,0,0,0,0,0,0,0,0,0,1,0,0,0,0,0,0,0,0,0,0,0,0,0,0,0,0,1,0,0,0,0,0,0,0,0,0,0,0,0,0,0,0,0,0,0,0,1,0,0,0,0,0,2,0,0,0,0,0
syn_aggregate_01285,20,2.0,2,2,1,1,0,1,0,0,0,0,0,0,0,0,0,0,0,0,0,0,0,1,0,0,0,0,0,0,0,0,0,0,0,0,0,0,0,0,2,0,0,0,0,0,0,0,0,0,0,0,0,0,0,0,0,0,0,0,0,0,1,0,0,1,0,0,0,0,0
syn_aggregate_01286,20,1.0,1,1,0,1,0,0,1,0,0,0,0,0,0,0,0,0,0,0,0,1,1,0,0,0,0,0,0,0,0,0,0,1,0,0,0,0,0,0,0,1,1,0,1,0,0,0,0,0,0,0,0,0,0,0,0,3,0,0,0,0,2,1,0,2,0,0,1,1,0
syn_aggregate_01287,18,2.0,0,1,0,0,0,0,0,0,0,0,0,0,0,0,0,0,0,0,2,0,0,0,0,0,0,0,0,1,0,0,0,0,0,0,0,0,0,0,1,0,0,0,0,0,0,0,0,0,0,0,0,0,0,0,0,0,0,0,3,0,0,0,0,0,0,0,0,0,0
syn_aggregate_01288,22,2.0,0,0,0,0,0,0,0,0,0,1,1,1,0,0,0,0,0,0,0,3,2,2,3,2,2,2,3,2,2,0,0,0,0,0,0,0,0,0,0,0,0,0,0,0,0,0,0,0,2,0,0,0,0,0,0,0,0,0,1,0,0,0,0,0,0,0,0,0,3
syn_aggregate_01289,33,2.0,0,0,1,0,0,0,0,1,0,0,0,0,0,0,0,2,0,0,0,0,1,0,0,1,1,0,0,0,0,0,1,0,0,0,0,0,0,0,0,0,0,0,0,0,0,0,0,0,0,0,0,0,0,0,0,0,0,0,0,1,1,1,0,1,0,0,1,0,0
syn_aggregate_01290,34,2.0,1,2,1,1,0,0,1,0,0,1,1,1,0,1,1,0,1,0,0,1,1,0,1,0,0,0,1,0,1,0,0,0,0,0,4,0,0,0,0,1,2,1,1,1,2,0,1,1,1,1,1,1,2,1,1,1,1,1,0,0,2,1,0,1,0,0,0,0,0
syn_aggregate_01291,19,2.0,2,2,1,1,0,0,1,0,0,0,0,0,0,0,0,0,2,0,0,1,2,1,1,2,1,1,1,1,1,1,3,2,2,2,1,2,2,2,0,1,0,0,1,0,0,0,0,0,0,0,0,0,0,0,0,0,0,0,3,0,2,1,0,1,1,1,1,1,1
syn_aggregate_01292,21,2.0,3,3,3,3,3,3,3,2,2,2,3,3,2,3,2,2,2,1,2,3,4,3,3,3,4,4,3,3,4,3,4,4,3,4,3,4,4,3,2,1,1,0,1,0,0,0,0,1,1,1,2,1,1,1,1,2,1,1,1,3,4,4,3,4,4,4,4,4,4
syn_aggregate_01293,20,2.0,2,2,1,2,0,0,1,0,0,0,0,0,0,0,0,0,0,0,2,1,1,1,1,0,1,2,0,0,0,0,2,1,1,1,1,2,1,1,2,2,2,1,2,1,2,1,1,1,1,1,1,2,1,1,1,1,1,1,1,1,2,2,2,2,2,2,2,1,1
syn_aggregate_01294,19,2.0,1,2,1,1,1,1,0,0,0,1,1,1,0,1,0,0,1,0,0,3,3,2,2,2,2,2,1,1,1,1,2,1,1,1,1,2,1,1,1,1,0,0,1,0,0,0,0,0,0,0,1,0,0,0,0,0,0,0,0,1,2,2,1,2,1,1,1,2,1
syn_aggregate_01295,19,2.0,2,2,1,1,1,1,0,0,0,0,1,0,0,1,0,0,0,1,0,1,1,0,1,0,0,0,1,1,0,0,0,0,0,0,1,2,0,0,0,0,0,0,0,0,0,0,0,0,1,0,0,0,0,0,1,0,0,0,0,0,1,0,0,0,0,0,0,0,0
syn_aggregate_01296,43,2.0,1,1,1,1,1,1,0,0,0,0,0,0,0,0,0,0,0,1,0,1,0,0,0,0,0,0,0,0,0,0,0,0,0,0,0,0,0,1,0,0,0,0,0,0,0,0,0,0,0,0,0,0,1,0,0,0,0,0,0,0,0,0,0,0,0,0,1,0,0
syn_aggregate_01297,20,2.0,0,0,0,0,0,0,0,0,0,0,0,0,0,0,0,0,0,0,0,0,0,0,0,0,0,0,0,0,0,0,0,0,0,0,0,0,0,0,0,0,0,0,0,0,0,0,0,0,0,0,1,0,0,0,0,0,0,0,0,0,1,0,0,0,0,0,0,0,0
syn_aggregate_01298,19,2.0,2,2,1,1,1,1,1,0,0,0,1,0,0,0,0,0,0,0,0,1,1,1,1,1,1,0,0,0,0,1,1,1,1,1,1,0,1,1,0,0,0,0,0,0,0,0,0,2,0,0,0,0,0,0,0,0,0,0,1,0,1,0,0,1,0,0,1,0,0
syn_aggregate_01299,18,1.0,1,1,1,1,0,0,0,0,0,0,1,0,0,0,0,0,0,4,0,0,0,1,0,0,0,0,1,0,0,0,1,0,0,1,0,0,0,0,0,0,0,0,0,0,0,0,0,0,2,0,0,0,0,0,0,0,0,1,0,0,0,0,0,1,0,0,1,0,0
syn_aggregate_01300,34,2.0,2,2,1,1,0,0,0,0,0,1,2,1,0,1,1,0,1,1,0,0,0,0,0,0,0,0,0,0,0,0,0,0,0,0,0,0,0,1,0,1,0,0,1,0,0,0,0,0,0,0,0,0,0,0,0,0,1,0,0,0,0,0,0,0,0,0,0,4,0
syn_aggregate_01301,50,2.0,2,2,1,1,1,0,0,0,0,0,0,0,0,0,0,0,0,0,3,0,0,0,0,0,0,0,0,0,0,0,0,0,0,0,0,0,0,0,2,0,0,0,0,0,0,0,0,1,0,1,1,0,1,0,1,1,0,0,0,0,1,0,0,0,0,0,0,0,3
syn_aggregate_01302,18,1.0,1,1,1,2,1,1,0,0,0,1,2,2,1,2,1,1,1,2,1,1,2,1,1,1,1,1,1,1,1,1,3,2,2,2,2,2,3,2,2,0,0,0,0,2,0,0,0,0,0,1,1,1,1,1,1,0,0,0,1,0,1,1,0,1,0,0,1,1,0
syn_aggregate_01303,44,2.0,2,2,1,1,1,1,1,0,0,0,0,0,0,0,0,0,0,1,0,0,1,0,1,0,0,0,0,0,0,0,2,1,1,1,1,1,1,1,1,2,2,1,2,1,1,1,1,2,1,1,1,1,1,1,2,1,1,0,1,0,1,1,0,1,0,0,1,0,0
syn_aggregate_01304,21,2.0,2,2,1,2,1,1,1,0,0,0,1,1,0,0,0,0,1,0,0,2,3,2,2,2,3,2,2,1,1,1,1,1,0,1,1,1,1,1,1,2,2,1,2,1,1,1,1,1,2,1,2,1,1,1,2,2,1,1,2,0,2,2,0,2,0,0,2,2,2
syn_aggregate_01305,18,2.0,0,0,0,0,0,0,0,0,0,0,0,0,0,0,0,0,0,0,1,0,0,1,0,0,0,0,0,1,0,0,1,0,0,0,0,0,0,0,0,0,0,0,0,0,0,0,0,0,0,0,1,1,0,0,1,1,0,0,0,0,0,0,0,0,0,0,0,0,1
syn_aggregate_01306,18,1.0,1,1,0,1,0,0,0,0,0,0,0,0,0,0,0,0,0,0,3,0,0,0,0,0,0,0,0,0,3,0,0,0,0,0,0,0,0,0,0,0,0,0,0,0,0,0,0,0,0,0,0,0,0,0,0,0,0,0,1,0,2,1,0,1,0,0,1,1,0
syn_aggregate_01307,20,1.0,1,1,0,0,0,0,0,0,0,0,0,0,0,0,0,0,0,0,0,0,0,0,0,0,0,0,0,0,0,0,1,0,0,1,0,0,1,1,0,0,0,0,0,0,0,0,0,0,0,0,0,0,0,0,0,0,1,0,0,0,1,0,0,0,0,0,0,0,0
syn_aggregate_01308,19,2.0,1,1,0,0,0,0,0,0,0,0,0,0,0,0,0,0,0,0,0,0,0,0,0,0,0,0,0,0,3,1,1,1,1,1,1,1,1,1,2,0,0,0,0,0,0,0,0,2,0,0,0,0,0,0,0,0,0,0,1,0,0,0,0,0,0,0,0,0,2
syn_aggregate_01309,25,2.0,1,1,1,1,1,0,0,0,0,1,1,0,0,1,0,1,0,1,1,1,1,0,1,0,1,1,0,1,0,0,2,1,0,1,1,1,1,1,2,0,0,0,0,0,0,0,0,0,0,0,0,0,0,0,0,0,0,0,4,0,2,1,0,2,0,0,1,1,0
syn_aggregate_01310,22,2.0,1,2,1,2,1,0,1,0,0,1,2,1,0,1,1,0,1,1,0,1,2,1,2,1,1,1,1,1,2,0,0,0,0,1,0,2,0,0,0,0,0,0,0,0,0,0,1,1,2,0,0,0,0,0,0,1,0,0,0,0,1,0,0,0,0,0,0,0,0
syn_aggregate_01311,19,1.0,2,2,1,1,0,0,0,0,0,1,1,1,0,1,0,1,0,0,1,2,3,2,2,2,2,2,2,2,2,0,0,0,0,0,0,4,0,0,0,1,1,1,1,1,1,0,0,0,0,1,1,1,1,1,2,1,1,1,1,1,1,1,0,1,1,1,1,0,0
syn_aggregate_01312,19,2.0,3,3,3,3,1,3,2,0,0,0,1,0,0,0,0,0,0,0,0,3,3,2,3,3,2,2,2,2,2,1,2,2,1,2,1,2,2,1,1,1,1,1,1,0,1,0,1,0,0,2,3,2,3,2,3,2,2,2,3,1,2,2,1,2,1,1,2,1,1
syn_aggregate_01313,19,1.0,1,1,1,1,1,0,0,0,0,0,0,1,0,0,0,0,0,0,0,0,0,0,0,0,0,0,2,0,0,0,1,1,1,1,0,1,1,0,0,0,0,0,0,0,0,0,0,0,3,0,0,0,0,0,0,0,0,1,0,0,2,1,0,1,0,0,1,1,0
syn_aggregate_01314,40,2.0,1,1,1,1,1,0,1,0,0,1,1,0,0,0,0,0,0,0,0,0,0,0,0,0,0,0,1,0,0,1,3,3,2,2,2,1,2,0,0,0,0,0,0,1,0,1,0,1,0,0,1,0,0,0,0,0,0,0,0,0,2,1,1,2,1,0,2,1,0
syn_aggregate_01315,19,2.0,1,1,1,1,1,1,1,0,0,0,1,0,0,0,0,0,1,1,0,2,2,1,1,1,1,1,1,1,1,1,2,1,1,1,1,1,1,1,0,1,0,0,0,3,0,0,0,0,0,1,1,1,1,1,1,1,1,1,1,0,1,1,0,1,1,0,1,1,0
syn_aggregate_01316,19,1.0,2,2,0,1,0,0,0,0,0,0,0,0,0,0,0,0,0,1,1,1,1,1,1,1,1,1,1,1,2,0,0,0,0,1,0,0,1,0,0,0,1,0,0,0,0,0,0,0,0,1,2,1,1,1,1,1,1,1,1,0,2,1,0,1,1,0,1,1,0
syn_aggregate_01317,26,2.0,0,1,0,0,0,0,0,0,0,0,0,0,0,0,0,0,0,4,0,0,0,0,0,0,0,0,0,0,0,0,1,1,1,1,0,1,1,1,1,1,1,1,1,0,0,0,0,1,0,0,0,0,0,0,0,0,3,0,0,0,0,0,0,2,0,0,0,0,0
syn_aggregate_01318,19,1.0,2,2,1,1,0,1,0,0,0,0,0,0,0,0,0,0,0,0,0,1,2,1,1,1,1,0,1,0,0,0,1,0,0,0,0,0,0,0,0,1,0,0,0,0,0,0,0,0,0,0,0,0,0,0,0,0,0,0,1,0,1,0,0,0,0,0,1,0,0
syn_aggregate_01319,21,1.0,2,2,1,1,1,1,1,0,0,1,1,0,0,1,1,1,1,0,2,1,2,1,1,1,2,1,2,1,2,0,1,1,0,1,0,1,1,0,0,0,0,0,0,0,0,0,0,0,2,0,0,0,0,0,2,0,0,0,0,0,2,1,0,1,0,0,1,1,0
syn_aggregate_01320,30,1.0,2,2,0,0,0,0,0,0,0,0,0,0,0,0,2,0,0,0,0,2,2,2,3,2,2,2,2,2,2,2,3,3,2,2,2,3,3,2,2,1,0,0,0,0,0,0,0,2,0,0,0,0,0,0,0,0,0,0,3,0,2,1,1,1,1,1,1,1,2
syn_aggregate_01321,20,2.0,1,1,0,1,0,0,0,0,0,0,0,0,0,0,0,0,0,0,2,0,1,0,0,0,1,0,0,0,0,0,1,0,0,0,0,0,1,0,0,1,0,0,0,0,0,0,0,0,0,0,0,0,0,0,0,0,0,0,3,0,0,0,0,0,0,0,1,1,0
syn_aggregate_01322,19,1.0,1,1,1,1,0,0,0,0,0,1,1,2,1,1,1,1,0,1,0,3,3,3,2,2,2,2,2,2,1,0,0,0,0,0,0,0,0,0,0,2,2,1,2,1,1,1,0,1,1,1,1,1,0,0,1,0,0,0,0,0,2,1,0,2,1,0,2,1,0
syn_aggregate_01323,24,2.0,1,2,1,1,1,0,0,0,1,1,2,1,0,1,1,0,1,1,0,0,1,0,1,0,0,1,0,0,1,0,1,1,0,0,0,0,0,0,0,1,0,0,0,0,0,0,0,0,0,0,0,0,0,0,0,0,0,3,0,0,0,0,0,1,0,0,1,0,0
syn_aggregate_01324,20,1.0,2,2,1,1,1,0,1,0,0,0,0,0,0,0,0,0,0,0,3,1,1,1,1,1,1,1,0,0,0,0,0,0,0,0,0,0,0,0,1,0,0,0,0,0,2,0,0,0,0,0,0,0,0,0,0,0,0,0,0,0,0,0,0,0,0,4,0,0,0
syn_aggregate_01325,18,2.0,1,1,1,1,0,0,0,0,0,0,0,0,0,0,0,0,0,0,1,0,1,0,0,0,1,0,0,0,0,1,2,1,1,1,1,1,2,1,0,0,0,1,0,0,0,0,0,2,0,0,1,0,1,0,1,0,1,0,0,0,0,0,0,1,0,0,0,0,0
syn_aggregate_01326,20,2.0,3,3,2,2,1,2,1,0,0,0,0,0,0,1,0,0,0,0,0,1,2,1,1,1,2,1,1,1,1,0,1,1,1,1,1,1,1,2,0,0,0,0,0,0,0,0,0,4,0,0,1,0,0,1,0,1,0,1,0,0,2,1,0,1,0,0,1,0,0
syn_aggregate_01327,26,2.0,1,2,0,1,0,0,1,0,1,0,0,0,0,0,0,0,0,1,2,0,0,1,0,0,0,0,0,0,0,1,2,1,1,2,1,1,2,1,0,0,0,0,0,0,0,0,0,0,0,0,0,0,0,1,1,0,0,0,0,0,2,1,0,1,0,0,1,1,0
syn_aggregate_01328,21,1.0,1,1,1,1,1,0,0,0,0,1,2,2,0,1,1,1,0,1,0,1,1,1,1,1,1,1,1,0,1,0,2,1,1,1,1,2,1,1,2,2,2,1,1,1,1,1,1,1,1,1,2,1,1,0,2,1,1,1,1,0,2,1,0,2,1,1,0,1,0
syn_aggregate_01329,26,2.0,2,2,1,2,1,1,1,1,0,0,0,0,0,0,0,0,0,3,0,1,1,0,1,0,1,0,1,0,1,1,2,2,1,2,1,1,2,1,1,2,1,1,1,1,1,1,1,1,0,0,0,0,0,0,0,0,0,0,1,0,2,2,1,2,1,1,1,0,0
syn_aggregate_01330,50,2.0,2,2,1,2,0,0,0,0,0,0,0,1,0,0,0,0,0,1,0,0,0,0,0,0,0,0,0,0,2,0,2,1,1,2,1,1,1,1,1,1,1,1,1,0,0,0,0,1,0,0,0,0,1,0,0,0,1,0,2,0,1,1,0,1,0,0,1,0,0
syn_aggregate_01331,18,1.0,1,1,1,1,1,1,1,1,1,0,0,0,0,0,0,0,0,0,0,1,2,1,1,2,1,1,0,1,0,0,1,0,0,0,0,0,0,0,2,1,0,0,0,0,0,0,0,0,0,0,0,0,0,0,0,0,0,0,0,0,1,1,0,1,0,0,1,1,0
syn_aggregate_01332,47,2.0,2,2,2,2,1,2,2,1,0,1,2,1,1,1,1,1,1,2,1,4,3,3,4,3,4,3,3,3,3,4,4,4,4,4,4,4,4,4,4,2,1,1,2,1,1,0,0,1,2,3,3,3,3,2,3,3,3,2,3,2,4,3,2,3,2,2,3,2,1
syn_aggregate_01333,21,2.0,2,2,1,1,1,1,0,0,0,1,1,0,0,0,0,0,0,0,2,0,0,1,0,0,0,0,0,0,0,0,1,0,0,1,0,0,1,0,0,0,0,1,0,0,0,0,1,0,0,0,0,0,0,0,0,0,0,0,1,0,1,0,0,0,0,0,0,0,0
syn_aggregate_01334,30,1.0,1,1,1,1,1,1,1,0,0,0,0,1,0,0,0,0,0,1,0,1,1,1,1,1,1,0,0,1,1,0,0,0,0,0,0,0,0,0,1,0,0,0,0,0,0,0,0,0,0,0,0,0,0,0,0,0,0,0,2,0,1,1,0,1,0,0,1,0,0
syn_aggregate_01335,21,2.0,1,1,1,1,0,0,0,0,1,0,0,0,0,0,0,0,0,0,2,1,1,1,0,1,1,0,0,1,0,0,1,1,0,1,0,1,1,0,0,0,0,0,0,0,0,2,0,0,0,1,1,1,0,0,0,0,0,0,0,0,1,1,0,1,0,1,1,1,0
syn_aggregate_01336,22,1.0,1,1,1,1,1,0,0,0,0,0,0,0,0,0,0,0,0,0,0,1,1,1,1,1,0,0,0,2,1,0,0,0,0,0,0,0,0,0,2,0,0,0,0,0,0,0,0,0,3,0,0,0,0,0,0,0,0,0,0,0,2,0,0,0,0,0,0,0,0
syn_aggregate_01337,18,2.0,1,1,0,1,0,1,1,1,1,0,0,0,0,0,0,0,0,0,0,0,0,0,0,0,1,0,0,0,0,0,1,1,1,1,0,0,0,0,0,0,0,0,0,0,0,0,0,0,0,1,1,1,0,1,1,0,1,1,0,0,2,1,0,1,0,0,1,1,0
syn_aggregate_01338,18,2.0,1,2,1,1,0,1,1,0,0,0,0,1,0,0,0,0,0,0,0,0,1,0,0,0,0,0,0,0,0,1,1,1,1,1,1,1,1,1,1,0,0,0,0,0,0,0,1,0,0,0,0,0,0,0,0,0,0,0,4,2,2,2,1,2,2,1,2,2,1
syn_aggregate_01339,46,2.0,2,2,1,2,1,0,0,0,0,0,0,0,0,0,1,0,0,0,0,0,0,0,0,0,0,0,0,4,0,0,1,0,0,0,0,0,1,0,0,0,0,0,0,0,0,0,0,1,0,0,0,0,0,0,0,0,0,1,1,0,2,1,0,1,1,1,1,1,0
syn_aggregate_01340,43,2.0,1,1,0,1,0,1,1,0,0,1,2,1,1,1,1,0,1,1,1,0,0,0,0,0,1,0,0,0,0,1,2,1,1,1,0,1,1,2,1,0,0,0,1,0,0,0,0,0,0,1,1,1,0,1,1,1,1,0,1,0,2,2,0,1,0,0,1,1,1
syn_aggregate_01341,18,2.0,1,2,1,2,1,1,0,0,0,0,0,0,0,0,0,0,0,1,0,2,3,2,2,2,2,2,3,2,2,1,2,2,1,1,2,2,1,2,1,1,0,0,1,0,0,0,0,0,0,0,0,0,0,0,0,0,0,0,4,1,3,3,1,3,2,2,2,2,1
syn_aggregate_01342,21,2.0,2,2,1,2,1,1,1,0,1,1,0,0,0,0,0,0,0,0,0,0,0,0,0,0,1,0,0,0,0,0,1,1,0,0,0,1,1,0,0,1,2,1,1,1,2,1,1,1,0,1,2,1,1,1,2,1,1,1,2,0,1,0,0,0,0,0,0,0,0
syn_aggregate_01343,20,2.0,2,2,1,2,0,0,0,0,0,0,0,0,0,0,0,0,0,0,0,1,1,0,1,1,1,0,1,1,1,1,1,1,1,1,1,1,1,0,0,1,1,0,0,0,0,0,0,0,0,0,1,0,1,0,0,0,0,0,0,0,1,2,0,3,0,0,2,0,0
syn_aggregate_01344,39,2.0,1,2,1,1,0,0,1,0,1,0,0,0,0,0,0,0,4,0,0,2,2,1,2,2,1,1,1,1,1,0,1,0,0,0,0,0,0,0,0,1,0,0,1,0,0,0,0,0,0,0,0,0,0,0,0,0,0,0,1,0,2,1,0,2,1,0,2,1,0
syn_aggregate_01345,20,2.0,1,1,1,1,1,1,0,0,0,0,0,0,0,0,0,0,0,3,0,0,0,0,0,0,0,0,0,0,0,0,0,0,0,0,0,0,0,0,0,0,0,0,0,0,0,0,1,0,0,0,0,0,0,0,0,0,0,1,0,0,1,0,0,1,0,0,1,0,0
syn_aggregate_01346,19,2.0,3,3,2,2,1,2,1,1,0,0,1,0,0,1,0,0,0,1,0,1,2,1,1,1,2,1,1,1,0,0,1,1,0,0,1,1,1,0,0,1,1,1,1,1,1,1,1,1,1,1,1,1,0,1,1,1,0,0,1,0,2,1,0,1,1,1,1,0,0
syn_aggregate_01347,26,2.0,2,2,1,2,0,1,2,1,0,0,0,0,0,2,0,0,0,0,0,0,0,0,0,0,0,0,0,0,0,1,2,1,0,1,1,2,1,0,0,0,0,0,0,0,0,0,0,4,0,0,0,1,0,0,0,0,0,2,0,0,1,1,0,2,1,1,2,0,0
syn_aggregate_01348,20,2.0,3,3,2,3,2,3,2,1,0,0,0,0,0,0,0,0,0,0,2,1,2,1,1,1,2,1,1,1,1,1,2,2,1,2,1,2,2,1,2,0,2,0,0,0,0,0,0,0,0,0,0,0,0,0,0,0,0,0,0,0,2,1,0,1,1,1,1,0,0
syn_aggregate_01349,21,2.0,3,3,2,2,1,2,1,0,0,0,2,2,0,1,1,1,2,2,1,1,1,1,1,1,1,1,1,1,1,0,2,1,1,1,1,1,1,1,1,0,0,1,0,0,0,0,1,0,0,1,2,1,1,1,2,1,1,1,1,1,3,2,1,2,2,2,2,2,3
syn_aggregate_01350,21,2.0,1,1,0,0,0,0,0,0,0,0,0,0,0,1,0,1,0,0,0,1,1,1,1,1,1,1,1,1,1,0,1,2,1,0,1,0,1,0,0,0,0,0,0,0,0,0,0,0,1,1,0,0,0,0,2,0,0,0,0,0,1,0,0,1,0,0,1,0,0
syn_aggregate_01351,18,1.0,1,2,1,1,0,1,1,0,0,0,0,0,0,0,0,0,0,0,4,0,1,0,0,0,0,0,0,0,0,1,1,1,1,1,0,0,0,0,0,1,0,0,0,0,0,0,0,0,0,0,0,0,0,0,0,0,0,1,2,0,1,1,0,1,0,0,1,0,0
syn_aggregate_01352,32,1.0,1,0,0,0,0,0,0,0,0,0,0,0,0,0,0,0,0,0,0,1,1,0,2,1,1,1,1,1,1,0,1,0,1,0,0,0,0,0,0,1,0,0,1,0,0,0,0,0,0,0,0,0,0,0,0,0,0,0,0,0,0,0,0,1,0,0,1,0,0
syn_aggregate_01353,21,2.0,1,1,1,1,0,0,0,0,0,1,2,1,1,1,1,2,1,0,1,1,1,1,1,1,1,1,0,1,0,0,0,0,0,0,0,0,0,1,0,0,1,0,0,0,0,0,0,0,1,1,1,0,0,0,0,0,0,0,1,0,0,0,0,0,0,0,0,0,1
syn_aggregate_01354,33,2.0,1,2,1,1,0,1,0,0,0,0,0,0,0,0,0,0,0,0,0,0,0,1,0,0,1,0,0,0,0,0,0,0,0,0,0,0,0,0,0,0,0,0,0,0,0,0,0,0,0,0,0,0,0,0,0,0,0,0,0,0,0,0,0,0,0,0,0,0,0
syn_aggregate_01355,19,2.0,1,1,1,1,1,0,0,0,0,1,1,1,0,1,0,1,0,1,0,0,0,0,0,0,0,0,0,0,2,1,1,1,1,0,0,0,1,1,0,0,0,0,0,0,0,0,0,0,0,0,0,0,0,0,0,0,0,1,0,0,2,1,0,1,0,0,2,0,0
syn_aggregate_01356,47,2.0,2,3,2,2,1,1,1,0,0,0,0,0,0,0,0,0,0,0,4,0,0,0,0,0,0,0,0,1,2,0,1,1,0,1,0,2,0,0,0,0,0,0,1,0,0,0,0,0,0,0,0,0,0,0,1,0,1,0,0,0,1,0,0,1,0,0,0,0,0
syn_aggregate_01357,33,1.0,2,3,1,2,1,0,1,0,0,1,2,1,1,1,1,1,1,1,0,1,1,1,1,1,0,1,1,1,1,0,1,0,0,0,0,0,2,0,0,0,0,0,0,0,0,0,0,1,2,0,0,0,0,0,0,0,0,1,2,0,2,1,0,1,0,0,1,2,0
syn_aggregate_01358,21,2.0,2,2,1,1,1,1,1,0,0,2,2,2,1,1,1,1,1,1,2,1,1,1,1,1,1,1,1,1,1,1,2,1,1,1,1,1,1,1,2,0,0,1,0,0,0,0,0,0,0,0,0,0,0,0,0,0,0,1,0,0,2,2,1,2,1,0,2,1,1
syn_aggregate_01359,38,1.0,3,3,2,3,2,3,2,2,1,1,2,2,1,1,1,0,2,1,1,0,1,0,0,0,1,0,0,0,0,1,2,2,1,1,1,1,1,1,1,1,0,0,1,0,0,0,0,0,0,0,1,0,0,0,0,1,0,0,1,0,2,1,0,2,0,0,1,1,1
syn_aggregate_01360,41,2.0,3,3,2,2,1,1,1,0,1,1,1,1,1,1,1,1,1,1,1,2,3,2,2,2,3,2,2,1,2,0,1,1,0,1,1,0,1,0,1,0,0,0,1,0,1,0,0,0,0,0,0,0,0,0,0,0,0,4,0,0,1,1,0,1,1,1,1,1,0
syn_aggregate_01361,22,2.0,3,3,2,2,1,2,1,0,1,2,2,2,1,1,1,1,1,1,1,2,3,1,3,2,2,2,1,2,2,1,2,1,1,1,1,1,2,1,2,3,3,3,4,3,3,3,3,3,4,1,1,1,1,1,1,1,0,0,0,1,3,3,2,3,2,2,3,2,1
syn_aggregate_01362,18,2.0,1,1,1,0,0,0,0,0,0,0,0,0,0,0,0,0,0,0,3,1,1,0,1,0,1,1,0,0,0,1,1,1,0,1,0,1,1,1,1,0,0,0,0,0,0,0,0,0,0,0,0,0,0,0,0,0,0,0,0,0,0,0,0,1,0,0,0,0,0
syn_aggregate_01363,18,1.0,0,0,0,1,0,0,0,1,1,0,1,0,0,0,0,0,0,0,0,0,0,0,0,1,0,0,1,1,1,0,0,0,0,0,0,0,0,0,1,0,0,0,0,0,0,0,0,0,0,0,0,0,0,0,0,0,0,0,0,0,0,0,0,0,1,0,0,0,1
syn_aggregate_01364,18,2.0,2,2,1,1,1,1,0,0,0,0,1,1,0,1,0,1,1,1,0,1,1,1,1,1,0,0,0,0,0,0,1,0,0,0,0,0,0,0,0,1,0,0,0,1,0,0,0,0,0,0,0,1,0,0,0,0,0,0,0,0,1,1,0,1,0,0,1,1,0
syn_aggregate_01365,21,2.0,2,2,1,2,1,1,0,0,0,0,0,0,0,0,0,0,2,0,0,1,1,0,1,1,1,1,0,1,0,0,0,0,0,0,0,0,0,0,2,1,0,0,1,0,0,0,0,0,0,0,0,0,0,0,0,0,0,0,1,0,0,0,0,0,0,0,0,0,4
syn_aggregate_01366,19,2.0,2,2,1,2,0,1,0,0,0,0,0,0,0,0,0,0,0,0,4,0,0,0,0,0,0,0,0,0,0,0,0,0,0,0,0,0,0,1,0,1,0,0,1,0,0,0,0,1,0,1,2,1,1,1,0,0,1,1,1,0,1,0,0,0,0,0,0,0,0
syn_aggregate_01367,19,2.0,1,1,0,1,0,1,0,0,0,2,2,2,1,2,2,2,2,1,2,0,0,0,0,0,0,0,0,3,0,0,0,0,0,0,0,0,0,0,1,1,0,0,2,0,0,0,0,0,0,2,3,2,2,2,2,2,2,1,2,0,1,1,0,1,0,0,1,0,0
syn_aggregate_01368,19,1.0,1,0,0,0,0,0,0,0,0,0,1,0,0,0,0,0,0,0,0,1,2,1,2,1,2,1,1,1,2,0,0,0,0,0,0,0,0,0,0,0,0,0,0,0,0,0,0,0,0,0,0,0,0,0,0,0,0,0,3,0,1,0,0,1,0,0,0,0,0
syn_aggregate_01369,21,2.0,0,0,0,0,0,0,0,0,0,0,0,0,0,0,0,0,0,0,0,0,0,0,0,0,0,0,0,0,0,0,0,0,0,0,0,0,0,0,0,0,0,0,0,0,0,0,0,1,0,0,0,0,0,0,0,2,0,0,0,0,0,0,0,0,0,0,0,0,0
syn_aggregate_01370,20,1.0,1,1,1,1,1,1,0,0,0,0,1,1,0,0,0,0,0,1,0,2,2,1,2,1,2,2,1,1,2,0,0,0,0,0,0,0,0,1,0,2,2,2,2,2,2,2,2,2,1,1,2,2,1,1,1,1,1,1,1,0,1,1,0,1,0,0,1,0,0
syn_aggregate_01371,42,2.0,0,0,0,0,0,0,0,0,0,0,0,0,0,0,0,0,0,0,0,0,0,0,0,0,0,0,0,0,2,0,0,0,0,0,0,0,0,0,0,0,0,0,0,0,0,0,0,0,0,0,0,0,0,1,0,0,0,0,0,0,1,0,0,0,0,0,0,0,0
syn_aggregate_01372,22,2.0,1,2,1,1,0,1,1,0,0,0,1,0,0,0,0,0,0,0,0,2,2,2,2,1,2,2,1,2,2,1,2,2,1,1,1,1,1,1,1,0,0,0,0,0,0,0,0,0,4,1,1,1,1,1,1,1,2,1,1,0,2,1,0,2,1,0,1,1,0
syn_aggregate_01373,19,2.0,3,2,2,2,1,2,1,0,0,0,1,1,0,1,1,0,1,1,0,3,3,2,3,2,2,2,2,2,1,1,2,2,2,2,2,2,2,2,1,3,2,2,3,2,2,2,2,2,0,0,0,1,0,0,0,0,1,0,0,1,2,2,1,2,2,2,2,1,1
syn_aggregate_01374,19,2.0,2,2,1,1,1,1,1,0,0,0,0,0,0,0,0,0,0,0,1,2,2,1,1,1,2,1,1,1,1,1,3,2,2,2,1,2,2,1,0,0,0,0,0,0,0,0,2,0,0,0,0,0,0,0,0,0,0,1,0,0,1,1,0,1,0,0,1,0,0
syn_aggregate_01375,20,2.0,2,2,1,2,1,0,1,0,0,0,2,0,0,0,0,0,0,0,0,1,1,1,0,0,0,0,0,0,0,0,1,0,0,0,0,0,1,0,0,0,0,0,0,0,0,0,0,0,0,0,0,0,0,0,0,0,0,0,3,0,1,0,0,0,0,0,0,0,0
syn_aggregate_01376,27,1.0,3,3,2,2,1,2,1,0,0,0,0,0,0,0,0,0,0,0,1,0,0,0,0,0,0,0,0,2,0,0,0,0,0,0,0,0,0,0,4,0,0,0,0,0,0,0,0,0,0,0,0,0,0,0,0,0,0,0,0,0,0,0,0,1,0,0,0,0,0
syn_aggregate_01377,21,2.0,2,3,2,2,1,2,1,1,0,0,0,0,0,0,4,0,0,0,0,0,1,0,0,0,0,0,0,0,0,2,2,2,2,2,1,1,2,1,1,0,0,0,0,0,0,0,0,4,0,0,0,0,0,0,0,0,0,0,0,0,1,1,0,1,1,1,1,1,0
syn_aggregate_01378,18,2.0,2,1,1,1,1,1,1,0,1,0,0,1,0,0,0,0,1,1,0,0,1,1,0,0,0,1,0,1,1,1,2,2,1,2,1,2,2,1,1,0,0,0,0,0,0,0,0,0,4,2,2,2,1,1,2,2,1,2,1,0,2,1,0,2,1,1,1,1,0
syn_aggregate_01379,50,1.0,3,3,3,3,3,3,3,2,2,2,2,1,1,1,1,1,1,1,0,4,4,4,4,4,4,4,4,4,4,3,4,3,3,3,2,2,3,2,1,4,4,4,4,4,4,3,3,4,4,2,2,2,1,2,2,1,2,2,2,1,3,3,2,3,2,1,2,2,1
syn_aggregate_01380,21,2.0,1,1,1,1,1,1,0,0,0,0,0,0,0,0,2,0,0,0,0,0,1,0,0,0,0,0,0,0,0,0,0,0,0,2,0,0,0,0,0,1,0,0,0,0,0,0,0,0,0,0,0,0,0,0,1,0,0,0,0,0,0,0,0,0,0,0,0,0,0
syn_aggregate_01381,19,2.0,2,3,2,2,1,2,1,0,1,1,2,1,0,1,1,1,1,2,1,1,1,1,1,1,1,2,1,1,1,2,3,3,2,3,2,2,2,1,1,0,0,0,0,0,0,0,0,1,0,1,1,1,1,0,1,1,0,0,1,0,1,1,0,1,1,0,1,1,0
syn_aggregate_01382,29,2.0,1,2,1,2,1,0,1,0,0,0,1,0,0,0,1,0,0,0,0,2,2,1,2,1,2,1,1,1,0,1,2,1,1,1,1,1,1,0,0,0,0,0,0,0,0,0,0,0,0,1,1,1,1,1,0,0,0,0,1,0,2,2,0,2,0,0,2,1,0
syn_aggregate_01383,19,2.0,2,3,2,2,1,2,1,0,0,1,2,1,1,1,1,1,0,1,1,3,3,2,2,2,2,2,2,2,2,2,3,3,3,3,3,3,3,3,2,2,2,2,2,2,2,1,2,2,2,1,1,1,0,1,1,1,0,1,1,0,3,3,1,3,2,2,2,1,2
syn_aggregate_01384,49,2.0,1,0,0,0,0,0,0,0,0,0,0,0,0,0,0,0,0,0,0,1,2,1,1,1,1,1,1,1,1,0,0,0,0,0,1,1,0,0,0,0,0,0,0,0,0,0,0,0,0,0,0,0,0,0,0,0,0,0,1,0,1,0,0,0,0,0,0,0,0
syn_aggregate_01385,19,2.0,2,2,1,1,0,1,1,0,0,0,2,0,0,0,0,0,0,0,0,0,1,0,0,0,1,0,0,1,0,0,0,0,0,0,0,0,0,0,0,1,1,0,0,0,0,0,0,0,0,0,0,0,0,0,0,0,1,1,0,0,2,1,0,1,0,0,1,1,0
syn_aggregate_01386,20,2.0,0,1,0,0,0,0,0,0,0,0,0,0,0,0,0,0,0,0,0,0,0,0,0,0,0,0,0,0,0,0,0,0,0,0,0,0,0,0,0,0,0,0,0,0,0,0,0,0,0,0,0,0,0,0,0,0,0,0,0,0,0,0,0,0,0,0,0,0,0
syn_aggregate_01387,22,1.0,2,2,1,1,0,0,0,0,0,1,1,1,0,1,0,0,1,0,1,1,1,0,1,0,1,0,0,0,0,0,1,0,1,0,0,1,0,1,0,0,0,0,0,1,0,0,0,0,1,0,0,0,0,0,0,0,0,1,2,0,1,1,0,1,0,0,1,1,0
syn_aggregate_01388,49,1.0,2,2,1,0,0,0,0,0,0,0,0,0,0,0,1,0,0,0,0,1,1,0,1,1,1,1,0,1,1,0,1,1,0,1,0,1,1,0,1,0,0,1,0,0,0,0,1,0,0,1,1,0,0,0,1,0,1,0,0,0,1,1,0,2,0,0,1,0,1
syn_aggregate_01389,20,2.0,3,3,3,3,2,3,0,0,0,0,0,0,0,0,0,0,0,0,1,1,2,1,1,2,1,1,2,1,2,0,1,0,0,1,0,0,0,0,0,0,0,0,0,0,0,0,0,0,0,0,0,0,0,0,0,0,0,2,0,1,3,2,1,2,1,1,2,1,1
syn_aggregate_01390,19,2.0,1,1,1,1,1,1,0,0,0,0,0,1,0,0,0,0,0,0,0,1,1,0,1,1,2,0,1,0,0,0,0,0,0,0,0,2,0,0,0,1,0,0,1,1,0,0,0,0,0,0,0,0,0,0,0,0,0,0,3,1,2,2,1,2,2,1,2,2,1
syn_aggregate_01391,22,2.0,1,1,0,2,1,0,0,0,0,0,0,0,0,0,0,0,0,0,0,1,1,1,1,1,1,0,1,1,0,0,0,0,0,0,0,0,0,0,1,0,0,0,0,0,0,0,0,1,0,0,0,0,0,0,0,0,0,0,3,0,2,1,0,1,0,0,1,1,0
syn_aggregate_01392,20,2.0,1,2,1,1,0,0,0,0,0,0,0,0,0,0,0,0,0,0,2,2,2,1,2,1,1,1,1,1,1,0,1,1,1,1,1,1,1,1,0,0,0,0,0,0,0,0,0,0,4,1,1,1,0,1,1,0,0,1,1,0,0,0,0,0,0,0,0,0,1
syn_aggregate_01393,32,2.0,1,0,0,0,0,0,0,0,0,0,0,0,0,0,0,0,0,0,0,0,1,0,0,0,0,0,0,0,0,0,1,0,0,0,0,0,0,0,0,0,0,0,0,0,0,0,0,1,0,0,0,0,0,0,0,0,0,0,3,0,2,1,0,2,0,0,1,1,0
syn_aggregate_01394,39,2.0,1,1,1,1,0,0,0,0,0,0,1,1,0,0,1,1,1,0,0,1,1,1,1,0,1,1,0,1,0,1,1,1,1,1,0,1,1,0,0,0,0,0,0,0,0,0,0,0,0,0,0,0,0,0,1,0,0,0,0,0,0,0,0,0,0,0,3,0,0
syn_aggregate_01395,20,1.0,1,2,1,2,1,1,1,0,0,0,1,1,0,1,0,0,0,1,2,2,2,2,2,2,2,2,2,1,2,0,1,1,1,1,1,1,1,1,1,1,0,0,0,0,0,0,0,0,0,0,0,0,0,0,0,0,0,0,4,0,1,1,0,1,0,0,1,0,0
syn_aggregate_01396,21,2.0,1,1,0,0,0,0,0,0,0,0,0,0,0,0,0,3,0,0,0,0,0,0,0,0,0,0,0,0,0,1,1,1,1,0,0,0,0,0,0,0,0,0,0,0,0,0,0,0,0,0,0,0,0,0,0,0,0,0,2,0,2,1,0,1,1,1,1,1,2
syn_aggregate_01397,50,2.0,1,1,1,1,1,0,0,0,0,0,1,0,0,0,0,0,0,0,0,0,0,0,0,0,0,0,0,1,0,0,0,0,0,2,0,0,0,0,0,1,0,0,0,0,0,0,0,0,0,0,0,0,0,0,0,0,0,3,0,0,1,1,0,1,0,0,1,1,0
syn_aggregate_01398,20,2.0,0,1,0,0,0,0,0,0,0,0,0,0,0,0,0,0,0,0,0,0,0,0,0,0,0,0,1,0,0,0,0,0,0,0,0,0,0,0,0,0,0,0,0,0,0,0,0,0,0,0,0,0,0,0,0,1,0,0,0,0,0,0,0,1,0,0,0,0,0
syn_aggregate_01399,20,1.0,1,1,0,0,0,0,0,0,0,0,0,0,0,0,0,0,0,0,0,0,0,0,0,0,0,0,0,0,0,0,0,0,0,0,0,0,0,0,0,0,0,0,0,0,0,0,0,0,0,0,0,0,0,0,0,0,0,0,0,0,0,0,0,0,0,0,0,0,0
syn_aggregate_01400,19,1.0,1,1,1,0,0,0,0,0,0,0,0,0,0,0,0,0,0,4,0,0,1,0,1,0,0,0,0,1,0,1,1,1,1,1,0,1,1,0,0,0,0,0,0,0,0,0,0,0,0,0,0,0,0,0,1,0,0,0,0,0,1,0,0,0,0,0,0,0,0
syn_aggregate_01401,19,1.0,0,1,0,1,0,0,1,0,1,0,0,0,0,0,0,0,0,0,2,0,0,0,0,0,0,0,0,0,0,0,0,0,0,1,0,1,0,0,0,1,0,0,1,0,0,0,0,0,0,1,1,0,0,0,1,0,0,0,2,0,1,1,0,1,0,0,1,0,0
syn_aggregate_01402,21,2.0,2,2,1,2,0,2,1,0,0,0,0,0,0,0,0,0,0,0,3,0,0,0,1,0,0,0,0,0,2,0,0,0,0,0,0,0,0,0,0,0,0,0,0,0,0,0,0,0,0,0,0,0,0,0,0,0,2,0,0,0,1,0,1,1,0,0,1,0,0
syn_aggregate_01403,18,2.0,1,0,0,0,0,0,0,0,0,0,0,0,0,0,0,0,0,0,0,1,1,1,1,2,1,1,1,1,1,0,1,0,0,0,1,0,0,0,0,0,0,0,0,0,0,0,0,0,0,0,0,0,0,0,0,0,0,0,0,0,0,0,0,0,0,0,1,0,0
syn_aggregate_01404,21,2.0,2,2,1,1,1,1,1,0,0,1,1,1,2,1,1,0,1,1,1,1,2,0,0,0,1,1,0,0,1,0,1,0,0,0,0,0,0,0,0,2,1,1,2,1,0,0,0,1,1,0,0,0,0,0,0,0,1,0,2,0,2,0,0,0,0,0,0,0,0
syn_aggregate_01405,35,2.0,3,3,3,3,3,3,3,3,2,0,1,0,0,0,0,0,0,0,0,2,2,1,2,1,2,2,1,3,2,1,2,2,1,1,1,1,1,1,1,1,0,0,1,0,0,0,0,0,1,1,1,1,1,1,2,1,1,2,1,1,3,2,1,3,2,2,2,2,2
syn_aggregate_01406,20,2.0,2,2,1,1,0,1,1,0,1,1,2,1,1,2,1,0,1,1,2,2,2,2,2,1,2,1,2,1,1,3,3,3,3,3,3,3,3,3,2,4,4,4,4,3,3,3,3,2,4,2,3,2,2,2,2,2,2,1,3,4,4,4,4,4,4,4,4,4,4
syn_aggregate_01407,22,2.0,0,2,0,0,0,0,0,0,0,0,0,0,0,0,0,0,0,0,3,1,1,0,1,1,1,0,0,1,2,0,1,0,0,0,0,0,0,0,1,0,0,0,0,0,0,1,1,1,0,1,1,0,0,0,0,0,1,0,0,0,1,2,0,1,0,1,1,1,1
syn_aggregate_01408,22,1.0,2,2,1,2,0,0,1,0,0,0,1,0,0,0,0,0,0,1,0,1,1,0,1,0,1,0,0,1,0,0,2,2,1,1,1,1,2,0,0,0,0,1,0,0,0,1,0,1,0,0,0,0,0,0,0,0,0,0,0,0,2,2,0,1,0,0,0,0,0
syn_aggregate_01409,20,2.0,1,1,0,0,0,0,0,0,0,0,0,0,0,0,0,0,0,0,2,0,0,0,0,0,0,0,0,4,0,0,0,0,0,0,0,0,0,0,0,0,0,0,0,0,0,0,0,0,0,0,0,0,0,0,0,0,0,2,0,0,0,0,0,0,0,0,1,0,0
syn_aggregate_01410,19,2.0,2,2,1,2,1,1,1,1,0,0,0,0,0,0,0,0,3,0,0,1,1,1,0,1,1,1,0,1,0,1,1,1,1,1,1,0,0,0,0,0,1,0,0,1,0,0,0,1,0,1,0,0,1,0,0,0,1,0,3,0,2,1,0,1,1,0,1,1,0
syn_aggregate_01411,47,2.0,1,1,1,1,0,1,0,0,0,0,0,0,0,0,0,0,0,3,0,0,0,0,0,0,0,0,0,0,4,0,1,0,0,0,0,1,0,1,1,1,0,0,1,0,0,0,0,1,0,1,1,1,1,1,1,1,0,0,1,0,1,0,0,0,0,0,0,0,0
syn_aggregate_01412,22,2.0,1,2,1,1,1,0,1,0,0,0,1,0,0,0,0,0,0,0,0,2,2,2,1,1,1,1,1,2,1,0,1,1,0,1,0,1,1,1,0,1,1,0,1,1,0,0,0,0,0,1,1,1,1,1,1,1,1,0,0,0,1,1,0,2,0,0,0,0,0
syn_aggregate_01413,18,2.0,3,3,2,3,2,3,2,0,0,0,1,1,0,1,0,0,0,1,0,2,2,2,2,1,3,2,1,2,1,1,2,2,2,2,2,2,2,1,1,1,1,0,1,0,0,0,0,0,0,1,1,1,1,1,1,1,1,1,1,0,2,1,0,2,0,1,2,1,0
syn_aggregate_01414,18,2.0,2,2,1,2,1,2,1,0,0,0,0,0,0,0,0,0,0,4,0,2,2,2,2,2,2,2,1,1,2,1,2,2,1,2,1,2,1,1,1,3,3,2,3,2,3,2,1,2,1,1,2,1,1,1,2,1,1,0,2,0,2,2,0,1,0,0,1,1,0
syn_aggregate_01415,46,2.0,0,0,0,0,0,0,0,0,0,0,0,0,1,0,0,0,0,0,0,0,0,0,0,0,1,0,0,0,0,0,1,0,0,0,0,0,0,0,0,0,0,0,0,0,0,0,0,0,2,0,0,0,0,0,0,0,0,0,4,0,0,0,0,2,0,0,0,0,0
syn_aggregate_01416,19,2.0,1,1,1,1,0,0,0,0,0,0,0,0,0,0,0,0,0,3,0,0,0,0,0,0,0,0,0,1,0,0,0,0,0,0,0,0,0,0,0,0,0,0,0,0,0,0,0,0,1,0,0,0,0,0,0,0,0,1,1,0,1,0,0,0,0,0,0,0,0
syn_aggregate_01417,38,1.0,3,3,2,3,1,2,1,0,0,0,0,0,0,0,0,0,0,1,0,1,1,1,0,0,1,1,1,1,1,1,1,1,1,1,0,1,1,0,1,0,0,0,1,0,0,0,0,0,0,0,0,0,0,0,0,0,0,0,0,0,2,2,0,2,0,0,2,0,0
syn_aggregate_01418,19,1.0,1,2,1,1,0,0,0,0,0,0,0,0,0,0,0,0,0,0,2,0,1,1,0,0,0,0,0,1,1,0,0,0,0,0,0,0,0,0,0,0,0,0,0,1,0,0,0,0,0,0,1,0,0,0,0,0,0,0,0,1,2,2,1,2,1,1,2,1,1
syn_aggregate_01419,18,1.0,2,2,1,2,1,1,0,0,0,0,0,1,0,0,0,0,0,0,0,1,1,1,1,1,1,1,1,1,1,0,0,0,0,0,0,0,0,0,1,1,0,0,1,0,0,0,0,0,0,0,0,0,0,0,0,0,0,0,4,0,2,2,0,1,0,0,2,1,0
syn_aggregate_01420,18,2.0,3,3,2,3,0,0,0,0,0,0,0,0,0,0,0,0,3,0,0,3,2,1,2,1,2,2,2,1,2,2,2,2,2,2,1,2,2,2,2,0,0,0,0,0,4,0,0,0,0,0,0,0,0,0,0,0,1,0,0,2,3,2,2,3,2,2,2,2,2
syn_aggregate_01421,19,2.0,1,2,1,2,1,1,1,0,0,0,1,1,0,1,0,0,0,1,4,1,1,1,1,1,1,1,0,1,2,0,1,0,0,0,0,0,1,0,0,0,0,0,0,0,0,0,0,1,0,0,0,0,0,1,0,1,0,1,0,0,1,0,0,1,0,0,0,0,0
syn_aggregate_01422,21,2.0,1,2,1,2,1,1,0,0,0,1,1,1,0,1,0,0,1,1,0,0,0,0,0,0,0,0,0,0,0,0,0,0,0,0,0,0,0,0,3,2,2,1,2,1,1,1,1,1,1,0,1,0,0,1,1,0,0,0,0,0,0,0,0,0,0,0,0,0,2
syn_aggregate_01423,22,2.0,2,2,1,1,0,0,0,0,1,0,0,0,0,0,0,0,0,4,0,0,0,0,0,0,0,0,0,0,3,1,1,0,0,0,0,0,0,0,0,0,0,0,0,0,0,0,0,0,0,0,0,0,0,0,0,0,0,4,0,0,2,2,0,2,1,1,2,1,0
syn_aggregate_01424,18,1.0,2,2,0,1,0,1,1,0,0,0,0,0,0,0,0,0,0,0,0,1,1,1,1,0,0,0,1,0,0,0,0,0,0,0,0,0,1,0,1,0,1,0,0,0,0,0,0,0,0,0,0,0,0,0,0,0,0,0,0,0,1,1,0,1,0,0,1,1,0
syn_aggregate_01425,48,2.0,1,1,1,1,1,0,0,0,0,0,0,0,0,0,0,0,0,0,0,0,1,0,0,0,0,0,0,0,0,0,0,0,0,0,0,0,0,0,0,0,0,0,0,0,0,0,0,0,0,0,0,0,0,0,0,0,0,0,0,0,0,0,0,0,0,0,0,0,3
syn_aggregate_01426,27,1.0,0,1,0,0,0,0,0,0,0,0,0,0,0,0,0,0,0,0,0,0,0,0,0,0,0,0,0,0,2,1,2,1,2,1,1,1,2,1,1,0,0,0,0,0,0,0,1,0,0,0,0,0,0,0,0,0,0,0,2,0,1,1,0,1,0,0,1,0,0
syn_aggregate_01427,18,1.0,1,2,0,0,0,0,0,0,0,0,1,0,0,0,0,0,0,0,0,1,1,1,1,1,1,1,1,1,2,1,1,2,1,1,1,2,1,1,2,1,0,0,0,0,1,0,0,0,0,0,0,0,0,0,0,0,0,0,0,1,1,1,0,1,0,1,1,1,0
syn_aggregate_01428,20,1.0,1,1,1,0,0,0,0,0,0,0,0,0,1,0,0,1,0,1,1,1,1,1,1,1,1,1,0,0,0,0,0,0,0,0,0,0,0,0,1,0,0,0,0,0,0,0,0,1,0,1,1,1,1,1,1,1,1,1,1,0,0,0,0,0,0,0,0,0,1
syn_aggregate_01429,21,2.0,1,1,1,1,1,1,0,0,0,0,1,0,0,0,0,0,0,0,0,2,2,1,2,2,2,1,2,1,3,0,1,1,1,1,1,0,0,0,0,1,1,1,1,0,1,0,0,1,0,1,1,1,0,0,1,1,1,0,0,0,1,1,0,1,0,0,0,0,0
syn_aggregate_01430,20,2.0,1,2,1,1,0,0,1,0,0,0,1,0,0,0,0,0,0,0,0,0,0,0,0,0,0,0,0,2,0,0,0,0,0,0,0,0,0,1,0,0,0,0,0,0,0,0,0,0,0,2,2,2,1,1,1,1,1,1,1,0,0,2,0,0,0,0,0,0,0
syn_aggregate_01431,19,2.0,0,1,0,1,0,0,1,0,0,1,2,2,1,1,1,1,1,2,1,0,0,0,0,0,0,0,0,0,0,0,0,0,0,0,0,0,0,0,0,0,1,0,1,0,0,0,0,0,0,2,1,1,0,1,1,1,1,1,2,0,1,0,0,0,0,0,0,2,0
syn_aggregate_01432,30,2.0,2,2,1,1,1,0,0,0,0,0,0,0,0,0,0,0,0,0,1,2,1,1,1,1,1,0,1,1,1,1,2,2,1,1,1,1,1,1,1,0,0,0,0,0,0,0,0,0,2,0,0,0,0,0,0,0,0,0,0,0,1,0,0,0,0,0,0,0,0
syn_aggregate_01433,42,2.0,2,2,1,1,0,1,0,0,0,1,1,2,0,1,1,0,1,1,2,2,3,2,2,3,2,2,1,2,2,0,1,1,0,1,0,1,0,1,0,1,2,1,2,1,1,1,1,2,2,1,1,1,0,1,1,1,0,1,0,0,2,2,0,1,1,0,1,1,0
syn_aggregate_01434,20,2.0,1,1,1,1,0,1,0,0,0,0,0,0,0,0,0,0,0,0,4,1,1,0,2,1,2,0,1,1,3,0,1,1,0,1,1,1,1,1,0,0,0,0,0,0,0,0,0,0,1,0,3,0,0,1,0,1,0,0,0,0,0,0,0,0,0,1,0,0,0
syn_aggregate_01435,18,1.0,2,2,1,2,1,0,1,0,0,0,0,0,0,0,0,0,0,0,2,0,0,0,0,0,0,0,0,0,4,1,2,2,1,1,1,2,1,1,0,1,0,0,0,0,0,0,0,0,0,0,0,0,0,0,4,0,0,0,0,0,1,1,0,1,0,0,1,1,1
syn_aggregate_01436,19,2.0,1,2,1,1,1,1,1,0,0,0,1,0,0,0,0,0,0,0,3,1,1,0,1,0,1,1,1,1,0,0,0,0,0,0,0,0,0,0,0,1,0,0,0,0,0,0,0,0,0,0,0,0,0,0,0,0,0,0,1,0,0,0,0,0,0,0,0,0,2
syn_aggregate_01437,19,2.0,3,3,2,3,2,2,2,0,0,0,0,0,0,0,0,0,0,4,0,1,1,1,2,1,1,1,1,1,1,1,2,2,1,2,1,2,1,1,1,2,2,2,2,1,1,1,1,1,1,0,1,0,0,1,0,0,1,0,2,1,2,3,1,2,1,1,2,2,4
syn_aggregate_01438,19,2.0,0,0,0,0,0,0,0,0,0,0,0,0,0,0,0,0,0,0,0,0,0,0,0,0,0,0,0,1,0,0,1,0,0,0,0,0,0,0,0,0,0,0,0,0,0,0,0,0,3,0,0,0,0,0,0,0,0,0,0,0,1,0,0,2,0,0,0,0,0
syn_aggregate_01439,23,2.0,0,2,0,0,0,0,0,0,0,0,1,0,0,0,0,0,0,0,0,0,0,0,0,0,0,0,0,3,0,0,1,0,1,0,0,1,0,0,0,2,0,0,0,0,0,0,0,0,0,0,0,0,0,0,0,0,0,0,0,0,0,0,0,0,0,0,0,0,0
syn_aggregate_01440,20,2.0,0,0,0,0,0,0,0,0,0,0,0,1,0,0,0,0,0,0,0,1,1,1,0,1,1,0,0,0,0,0,1,1,0,1,1,1,1,1,0,0,0,0,0,0,0,0,0,0,0,0,0,0,0,0,0,0,0,0,1,0,0,0,0,0,0,0,0,0,2
syn_aggregate_01441,43,1.0,3,3,2,3,2,2,1,0,0,2,2,2,1,2,2,1,2,2,1,1,1,1,1,0,1,1,1,1,2,1,2,2,1,1,1,2,1,1,1,3,3,3,3,2,3,2,2,2,3,3,3,3,3,3,3,3,3,3,2,0,2,2,0,2,1,0,2,1,0
syn_aggregate_01442,20,2.0,2,2,1,1,1,0,1,0,0,1,2,1,0,1,2,0,1,1,0,1,1,1,1,1,1,1,1,1,1,0,0,0,0,0,0,0,0,2,0,0,0,0,0,0,1,0,0,0,2,0,0,0,0,0,0,0,0,0,4,0,1,1,0,1,0,0,1,0,0
syn_aggregate_01443,37,2.0,1,1,1,1,1,1,0,0,0,0,0,0,0,0,0,0,0,0,4,1,1,0,0,0,0,0,0,0,0,1,1,1,0,1,1,1,1,0,0,0,0,0,0,0,0,0,0,0,1,0,0,0,0,0,2,0,0,0,0,0,1,1,0,1,0,0,0,0,0
syn_aggregate_01444,19,2.0,3,3,3,3,2,3,2,2,1,3,3,3,2,2,2,2,2,2,1,2,2,1,2,1,2,1,1,1,2,0,1,0,1,0,0,1,0,0,0,2,1,1,2,1,1,0,0,1,0,2,2,2,1,1,2,1,1,0,0,1,2,2,1,2,1,1,2,1,2
syn_aggregate_01445,19,2.0,2,2,1,2,1,1,1,0,0,0,0,0,0,0,0,0,0,0,4,0,1,0,0,1,0,0,0,1,0,0,0,0,0,0,0,0,0,2,0,0,1,1,1,0,0,0,0,0,0,0,0,0,0,0,0,0,0,3,0,0,2,1,0,1,0,0,1,1,0
syn_aggregate_01446,49,2.0,2,2,1,1,1,1,0,0,0,1,1,1,0,1,2,1,1,1,0,2,2,1,1,1,1,2,1,1,1,1,2,1,2,1,1,2,1,0,1,0,0,0,0,0,0,0,0,1,0,0,1,0,0,0,0,0,0,0,1,0,1,0,0,0,0,0,0,0,0
syn_aggregate_01447,20,2.0,0,1,0,1,0,0,0,0,0,0,0,0,0,0,0,0,0,0,4,0,0,0,0,0,0,0,2,0,0,1,2,2,1,1,1,1,1,1,2,1,0,0,0,0,0,0,0,0,0,0,0,0,0,0,0,2,0,0,0,0,1,0,0,0,0,0,0,0,0
syn_aggregate_01448,20,1.0,3,3,2,2,1,2,1,0,0,1,2,1,0,1,1,1,1,2,0,1,0,0,0,0,1,0,0,0,0,1,1,2,1,1,1,2,1,2,1,2,1,1,2,1,1,0,0,1,0,2,3,2,2,2,2,2,2,2,3,0,1,1,0,1,0,0,1,1,2
syn_aggregate_01449,22,2.0,1,0,0,0,0,0,0,0,0,3,3,3,2,2,3,2,2,2,2,0,0,0,0,0,0,0,0,0,4,0,1,1,0,1,1,1,1,1,1,0,0,0,0,0,1,0,0,0,1,2,2,2,1,1,1,1,1,1,2,0,1,1,0,1,0,0,0,0,0
syn_aggregate_01450,22,2.0,1,2,1,1,0,0,1,0,0,0,0,0,0,0,0,0,0,0,0,0,0,0,0,0,0,0,0,0,0,0,2,1,0,1,0,1,1,1,2,1,0,0,1,0,0,0,0,0,0,0,0,0,0,0,0,0,0,0,3,1,2,2,0,0,0,0,1,0,0
syn_aggregate_01451,21,2.0,1,1,0,0,0,0,0,0,0,0,0,0,0,0,0,0,0,0,0,1,1,0,0,0,1,1,0,0,0,0,1,0,0,0,0,0,0,0,0,0,0,0,0,0,0,0,0,0,0,0,0,0,0,0,0,0,0,0,0,0,0,0,0,0,0,0,0,0,0
syn_aggregate_01452,19,2.0,1,2,1,1,1,0,0,0,0,0,0,0,0,0,0,0,0,0,4,1,1,0,0,0,0,0,0,0,0,1,1,1,0,1,0,1,1,0,1,0,0,0,0,0,0,0,0,0,4,0,1,0,0,0,0,0,0,1,0,0,0,0,0,1,0,0,0,0,0
syn_aggregate_01453,47,2.0,0,1,0,1,0,0,1,0,0,1,1,1,1,1,1,1,1,2,0,0,0,0,0,0,1,0,0,0,0,1,2,1,1,1,0,1,1,1,1,2,2,1,2,1,1,1,1,1,1,1,1,1,1,1,1,2,1,1,1,0,2,2,0,1,0,0,2,1,0
syn_aggregate_01454,19,2.0,2,2,1,2,0,0,1,0,0,0,1,0,0,0,0,0,0,1,0,0,0,1,0,0,1,0,0,0,0,0,2,1,1,1,0,1,1,1,0,1,1,0,1,0,0,0,0,0,0,0,0,0,0,0,0,0,0,1,3,0,0,0,0,0,0,0,0,0,0
syn_aggregate_01455,22,2.0,0,1,0,0,0,0,0,0,0,0,0,0,0,0,0,0,0,0,2,0,0,0,0,0,0,0,0,3,0,1,2,1,1,1,1,1,2,1,1,0,0,0,0,2,0,0,0,0,0,1,0,0,0,0,0,0,0,0,1,0,1,1,0,1,0,0,1,1,0
syn_aggregate_01456,35,1.0,1,1,0,0,0,0,0,0,0,0,0,0,0,0,1,1,0,0,0,1,1,1,1,1,1,1,0,1,0,0,0,0,0,0,0,0,0,0,0,0,0,1,0,1,0,0,0,0,0,1,1,1,1,0,1,1,0,0,0,0,2,1,0,1,0,0,1,0,1
syn_aggregate_01457,21,1.0,2,2,1,1,0,0,1,0,1,0,0,0,0,0,0,0,0,3,0,1,1,1,1,1,1,1,1,1,2,0,1,1,0,1,0,0,1,0,0,1,1,0,1,1,0,0,0,0,0,1,1,1,1,1,2,1,0,0,2,0,2,2,0,1,1,1,2,0,0
syn_aggregate_01458,21,1.0,1,2,1,1,1,1,0,0,0,0,0,0,0,0,0,0,0,3,0,2,2,1,2,1,2,1,1,1,1,1,2,1,1,1,0,1,1,1,1,0,0,0,0,0,0,0,0,0,0,1,1,1,1,1,1,1,1,1,1,0,3,3,1,3,2,2,3,2,2
syn_aggregate_01459,22,2.0,1,1,0,1,0,0,2,0,1,0,0,0,0,0,0,0,0,0,2,0,1,0,0,0,1,0,0,1,2,0,0,0,0,0,0,0,0,0,0,0,0,0,1,0,0,0,0,0,0,0,0,0,0,1,0,1,0,0,0,0,2,1,0,2,1,0,1,1,1
syn_aggregate_01460,21,2.0,1,2,1,1,0,1,0,0,0,1,1,1,0,1,1,1,0,0,0,0,0,1,0,0,0,0,0,0,0,0,1,1,0,1,0,1,1,0,1,0,0,0,0,0,0,0,0,2,0,0,0,0,0,0,0,0,0,2,0,0,0,0,0,0,0,0,0,0,0
syn_aggregate_01461,30,1.0,1,1,1,1,0,0,1,0,0,0,0,0,0,0,0,0,0,0,0,0,0,0,0,0,0,0,0,0,0,0,0,0,0,0,0,0,0,0,3,0,0,0,0,0,0,0,0,0,0,0,0,0,0,0,0,0,0,0,1,0,1,0,0,1,0,0,0,0,0
syn_aggregate_01462,18,1.0,1,1,0,1,0,1,1,0,0,1,1,1,0,1,1,0,1,0,1,0,0,0,0,0,0,0,0,0,3,0,0,0,0,0,0,0,0,0,4,1,1,0,1,0,1,0,0,1,1,1,2,1,1,1,2,1,0,0,2,1,3,2,1,3,2,2,2,2,1
syn_aggregate_01463,47,2.0,2,2,2,2,1,1,0,0,0,0,0,1,0,0,0,0,0,0,0,0,0,0,0,0,0,0,0,0,3,0,1,0,0,0,0,0,0,1,0,1,0,0,1,0,0,0,0,0,1,1,1,1,0,1,1,1,0,1,0,0,1,1,0,1,0,0,1,1,0
syn_aggregate_01464,24,2.0,3,2,1,1,1,2,1,0,0,1,2,2,1,1,1,0,1,1,0,0,0,0,0,0,0,0,0,0,0,0,1,0,0,0,0,0,1,0,0,1,1,1,1,1,1,0,1,1,2,0,0,0,0,0,0,4,0,0,0,0,1,1,0,1,1,0,1,1,0
syn_aggregate_01465,22,2.0,0,0,0,0,0,0,0,0,0,0,0,1,0,0,0,0,0,2,0,0,0,0,0,0,0,0,0,0,0,0,1,1,0,0,1,0,0,1,0,2,2,1,2,2,1,1,1,1,1,0,0,0,0,0,0,0,0,0,2,0,2,1,0,2,0,0,2,1,1
syn_aggregate_01466,43,2.0,3,3,3,3,3,3,3,3,2,1,2,1,1,1,1,1,1,1,0,1,1,1,1,1,1,0,1,1,0,1,2,1,1,1,1,2,1,0,0,1,2,1,1,1,2,1,1,2,1,2,3,3,2,3,3,2,2,2,2,1,2,2,1,2,1,1,2,1,1
syn_aggregate_01467,19,2.0,1,2,1,1,0,1,0,0,0,0,0,0,0,0,0,0,0,1,0,0,0,0,0,0,0,0,0,0,4,0,0,0,0,0,0,0,2,0,0,0,0,0,0,0,0,0,0,0,0,0,0,0,0,0,0,0,0,0,0,0,0,0,0,0,0,0,0,0,0
syn_aggregate_01468,19,2.0,1,1,1,1,0,1,0,0,0,0,0,0,0,0,0,0,0,0,0,1,1,1,1,1,1,1,1,1,0,0,1,0,0,1,0,0,0,0,2,0,2,0,0,0,0,0,0,0,0,0,0,0,0,0,0,0,0,0,0,0,1,0,0,1,0,0,0,0,0
syn_aggregate_01469,34,2.0,1,1,1,1,1,0,0,0,0,1,2,2,1,1,1,1,1,3,1,1,1,1,1,1,0,0,0,1,1,1,1,1,1,1,1,1,1,0,0,0,0,0,0,0,0,0,0,0,4,0,0,0,0,0,1,0,0,0,0,0,2,2,0,2,1,1,1,1,1
syn_aggregate_01470,18,2.0,2,3,2,2,1,2,1,0,0,1,2,1,1,2,1,1,1,1,1,2,2,1,2,2,2,1,2,1,3,2,3,2,2,1,1,1,2,1,1,1,1,1,1,1,0,1,0,0,1,1,1,0,0,0,0,1,0,0,1,3,4,4,3,4,3,3,3,3,2
syn_aggregate_01471,21,2.0,2,2,1,1,0,1,1,0,0,0,0,0,0,0,0,0,0,0,0,1,1,1,1,1,1,0,0,0,0,0,1,1,1,1,1,1,1,0,0,0,1,0,0,0,0,0,0,0,0,1,1,1,0,1,1,1,0,1,2,0,0,0,0,1,0,0,0,0,1
syn_aggregate_01472,21,1.0,1,1,0,1,0,0,0,0,0,0,0,0,0,0,0,0,0,0,0,1,2,1,2,1,1,2,1,1,1,0,0,0,0,0,0,2,0,0,0,1,0,0,0,0,0,0,0,0,0,0,1,0,0,0,0,0,0,0,0,1,3,2,1,2,2,1,2,2,0
syn_aggregate_01473,42,2.0,1,1,1,1,1,0,0,0,0,0,0,0,0,0,0,0,0,0,0,1,2,1,2,1,2,1,1,1,2,0,0,0,0,0,1,0,0,0,0,0,0,0,0,0,0,0,0,0,0,0,0,0,0,0,0,0,0,0,0,0,1,0,0,0,1,0,1,1,0
syn_aggregate_01474,20,2.0,2,2,1,2,1,1,0,0,0,1,2,1,0,1,1,0,1,1,1,1,1,0,1,1,1,1,0,2,2,2,3,3,2,2,2,3,3,2,2,0,1,0,1,0,0,0,0,1,0,0,0,0,0,0,1,0,0,0,0,1,3,3,1,2,2,1,2,2,2
syn_aggregate_01475,18,1.0,2,3,2,3,2,3,2,1,1,1,2,2,1,1,1,1,1,1,1,2,2,1,1,1,1,1,1,1,2,3,3,3,3,3,3,3,3,3,2,2,2,1,2,1,1,1,1,1,2,0,1,0,0,0,1,0,0,0,0,0,2,2,0,2,1,1,2,0,0
syn_aggregate_01476,22,1.0,2,3,2,2,1,1,1,1,0,1,2,2,1,1,2,1,1,1,0,1,1,1,1,1,1,0,0,1,0,1,2,1,1,1,2,1,1,1,1,0,0,0,0,0,0,0,0,0,3,1,1,0,1,1,0,0,0,0,0,0,2,1,0,2,1,1,1,1,1
syn_aggregate_01477,20,2.0,1,1,1,0,0,0,0,0,0,0,2,0,0,0,0,0,0,0,0,0,0,0,0,0,0,0,1,0,0,0,1,0,0,0,0,0,0,0,0,0,0,0,0,0,0,0,0,0,1,0,0,0,0,0,0,0,0,0,1,0,0,0,0,1,0,0,0,0,0
syn_aggregate_01478,18,2.0,1,1,1,1,1,0,0,0,0,1,2,1,0,1,2,0,1,1,1,0,0,0,0,0,0,0,0,0,0,1,2,2,1,1,1,2,1,1,2,2,2,2,2,2,1,1,1,1,1,0,0,0,0,0,0,0,0,0,4,0,2,1,0,2,0,0,1,1,0
syn_aggregate_01479,21,2.0,0,1,0,0,0,0,0,0,0,0,0,0,0,0,0,0,0,0,4,1,1,0,1,1,0,1,0,1,1,0,0,1,0,0,0,0,0,0,0,0,0,0,0,0,0,0,0,1,2,0,0,0,0,0,0,0,0,0,0,0,0,0,0,0,0,0,0,0,3
syn_aggregate_01480,20,2.0,2,3,2,2,1,2,1,0,0,1,1,1,1,1,1,1,1,1,1,0,1,0,0,0,0,0,0,0,0,1,2,1,1,1,0,1,0,0,0,0,0,0,1,0,0,0,0,0,0,0,1,1,1,0,0,0,0,0,1,0,1,1,0,1,0,0,1,1,1
syn_aggregate_01481,46,2.0,1,1,1,2,1,1,0,0,0,1,2,1,0,1,2,1,1,2,2,2,2,2,2,2,2,3,3,2,2,0,1,0,0,0,0,0,0,0,0,0,1,0,0,1,0,0,0,0,0,1,1,1,1,1,1,1,1,1,1,0,2,1,0,2,0,0,1,1,0
syn_aggregate_01482,19,2.0,1,3,1,1,0,1,1,1,0,0,0,0,0,0,0,0,0,0,4,1,1,0,1,0,1,0,0,0,0,1,1,1,1,1,1,1,1,0,0,1,0,0,2,0,0,0,0,0,0,0,0,1,1,0,0,0,0,0,0,0,1,1,0,1,1,0,1,1,0
syn_aggregate_01483,22,1.0,2,2,1,1,1,1,0,0,0,0,1,0,0,0,1,0,0,0,0,1,2,1,2,1,2,1,1,1,1,1,2,2,1,2,2,1,2,1,2,2,2,1,1,0,1,0,0,0,1,2,2,2,1,2,2,2,1,1,2,1,1,1,1,1,1,1,1,1,2
syn_aggregate_01484,19,2.0,1,1,1,1,0,0,0,0,0,1,1,1,1,1,1,1,1,1,1,0,0,0,0,0,0,0,0,0,4,0,2,1,0,1,0,1,1,1,1,0,0,0,0,0,1,0,1,1,0,0,0,0,0,0,0,0,0,2,0,2,4,4,2,4,3,3,3,3,2
syn_aggregate_01485,22,2.0,0,2,0,0,0,0,0,0,0,0,2,0,0,0,0,0,0,0,0,0,0,0,0,0,0,0,0,0,1,0,0,0,0,0,0,0,0,0,0,0,0,0,0,0,0,0,0,0,0,0,1,0,0,0,0,0,0,0,0,0,0,0,0,0,0,0,0,0,0
syn_aggregate_01486,19,1.0,1,1,1,1,1,0,0,0,0,0,0,0,0,2,0,0,0,0,0,1,1,0,1,0,1,0,0,0,0,0,0,0,0,0,0,0,0,0,0,1,0,0,1,0,0,0,0,0,0,1,1,0,1,1,0,0,0,1,0,0,1,1,0,1,0,0,1,1,1
syn_aggregate_01487,21,2.0,1,2,1,1,1,0,0,0,1,0,0,0,0,0,0,0,0,0,2,0,0,0,0,0,0,0,0,2,0,0,0,0,0,2,0,0,0,0,0,0,0,0,0,0,0,0,0,0,3,0,0,0,0,0,0,0,0,1,0,0,0,0,0,0,0,0,0,0,0
syn_aggregate_01488,19,2.0,1,1,0,0,0,0,0,0,0,1,2,1,1,1,1,1,1,1,2,2,3,2,2,2,3,2,1,2,2,1,2,2,1,1,1,1,1,1,1,3,2,2,3,2,2,1,2,2,2,0,0,0,0,0,0,0,0,0,1,0,2,2,0,2,1,1,1,2,0
syn_aggregate_01489,20,2.0,3,3,2,2,0,0,0,0,1,1,2,2,1,1,1,1,1,1,0,1,1,0,0,0,0,0,0,1,0,2,3,2,2,2,2,2,2,1,3,0,0,0,0,0,1,0,0,0,0,1,1,1,0,0,1,1,0,0,1,3,4,4,3,4,3,3,4,4,3
syn_aggregate_01490,46,2.0,1,1,1,1,1,0,0,0,0,0,0,0,0,0,0,0,0,0,0,1,1,1,1,1,1,1,1,1,1,0,0,0,0,0,0,0,0,0,1,0,0,0,0,0,0,0,0,0,0,1,1,1,1,0,1,0,1,0,0,0,1,0,0,0,0,0,0,0,0
syn_aggregate_01491,29,1.0,0,0,1,0,0,0,0,0,0,0,0,0,0,0,0,0,0,0,2,1,1,1,1,1,1,0,0,0,0,0,1,0,0,1,0,1,0,0,0,0,0,0,0,0,0,0,1,0,0,0,0,0,0,0,0,0,0,4,0,0,0,0,0,0,0,0,2,0,0
syn_aggregate_01492,21,2.0,2,2,1,2,0,0,0,0,0,0,0,0,0,0,0,0,0,0,2,0,1,0,1,0,1,0,0,0,0,0,1,0,0,0,0,0,0,1,0,1,0,0,1,0,0,0,1,0,0,1,1,1,0,1,1,0,1,0,1,0,1,1,0,1,0,0,1,1,0
syn_aggregate_01493,18,2.0,1,1,0,1,1,0,1,0,0,0,1,0,0,0,0,0,0,0,0,1,1,1,1,1,0,0,0,1,0,0,1,0,0,0,0,0,0,0,0,2,1,1,2,1,1,1,1,1,1,1,1,0,0,0,0,0,0,0,1,0,1,1,0,1,0,0,1,1,0
syn_aggregate_01494,19,2.0,1,1,1,1,0,0,0,0,0,1,1,1,1,1,1,1,1,1,0,0,0,0,0,0,0,0,0,0,0,0,0,0,0,0,0,0,0,0,0,0,0,0,1,0,0,0,0,0,0,0,0,0,0,0,0,0,0,0,3,0,2,1,0,1,1,0,1,1,1
syn_aggregate_01495,18,2.0,1,1,0,1,0,0,0,0,0,0,0,0,0,0,0,0,0,0,2,1,1,1,1,0,0,0,0,0,0,0,0,0,0,0,0,2,0,0,0,0,0,0,0,0,0,0,0,0,2,0,0,0,0,0,1,0,1,0,0,0,1,0,0,0,0,0,0,0,0
syn_aggregate_01496,18,2.0,1,1,1,1,1,1,1,0,0,0,1,0,0,0,0,0,1,1,0,1,1,1,1,1,1,0,0,0,0,1,1,1,1,1,0,0,0,0,0,1,0,0,2,0,0,0,0,0,0,0,0,0,0,0,0,0,0,0,4,0,2,1,0,1,0,1,0,0,0
syn_aggregate_01497,21,2.0,1,0,0,0,0,0,0,0,0,0,0,0,0,0,0,0,0,0,0,0,0,0,0,0,0,0,0,0,0,0,1,0,0,0,0,0,0,1,0,0,0,0,0,0,0,0,0,0,0,0,0,0,0,0,0,0,0,0,1,0,0,0,0,0,0,0,0,0,0
syn_aggregate_01498,21,2.0,2,2,1,2,0,1,0,0,0,0,1,0,0,0,0,0,0,0,0,0,1,0,0,0,0,0,0,0,0,0,1,0,0,0,0,0,1,0,0,1,0,0,0,0,0,0,0,0,1,0,0,0,0,1,0,0,1,0,0,0,2,1,0,1,0,0,2,1,0
syn_aggregate_01499,19,1.0,1,1,1,1,0,0,0,0,0,0,0,0,0,0,0,0,3,0,0,0,0,0,1,0,0,0,0,0,0,0,0,0,0,0,1,0,0,0,1,0,0,0,0,0,0,0,0,0,0,0,0,0,0,0,0,0,0,0,0,0,2,2,0,2,0,0,1,1,0
syn_aggregate_01500,20,1.0,0,1,0,0,0,0,0,0,0,0,0,0,0,0,0,0,0,0,0,1,1,0,1,1,1,1,1,1,1,0,1,0,0,0,0,0,1,0,0,0,0,0,0,0,0,0,0,0,0,0,0,0,0,0,0,0,0,0,1,0,0,0,0,0,0,0,0,0,0
syn_aggregate_01501,18,2.0,1,1,0,1,0,0,1,0,0,0,0,0,0,0,0,0,0,0,0,1,1,0,1,1,1,0,1,0,0,0,0,0,0,0,0,0,0,0,0,0,0,0,0,0,0,0,0,0,0,0,0,0,0,0,0,0,0,0,1,0,1,0,0,0,0,0,0,0,0
syn_aggregate_01502,19,1.0,1,2,0,0,0,0,0,0,0,0,0,0,0,0,0,0,0,0,0,0,0,0,0,1,0,0,0,0,0,0,0,0,0,0,0,0,0,0,0,0,0,0,0,0,0,0,0,0,1,0,0,0,0,0,0,0,0,0,1,0,0,0,0,0,0,0,0,2,0
syn_aggregate_01503,18,1.0,1,1,1,1,0,1,1,1,0,0,0,0,0,0,0,0,0,1,0,1,1,0,1,0,1,0,0,0,2,0,0,0,0,0,1,1,0,0,0,0,0,0,2,0,0,0,0,0,0,0,0,3,0,0,0,0,0,0,0,0,1,1,0,2,1,0,1,1,0
syn_aggregate_01504,22,2.0,3,3,2,3,2,3,2,0,0,1,2,2,1,1,1,1,2,1,1,2,2,2,2,2,1,2,3,1,2,2,2,2,2,2,1,1,1,1,1,2,2,1,2,1,0,0,1,1,1,0,0,0,0,0,2,0,0,0,0,1,3,3,2,3,2,2,3,3,2
syn_aggregate_01505,19,2.0,1,1,0,1,0,0,0,0,0,0,0,0,0,1,0,0,0,0,0,1,1,1,1,1,1,1,0,0,0,0,0,0,0,0,0,0,0,0,1,0,0,0,0,0,0,0,0,0,0,0,0,0,0,0,0,0,0,0,0,0,0,0,0,0,0,0,0,0,0
syn_aggregate_01506,18,2.0,2,2,1,2,0,1,1,0,0,0,0,0,0,1,0,0,0,0,0,0,0,1,0,0,0,0,0,0,0,0,0,1,0,0,0,0,1,0,1,2,1,1,1,1,1,0,0,1,0,0,0,0,0,0,0,0,0,4,0,0,1,0,0,1,0,0,1,0,0
syn_aggregate_01507,21,2.0,3,3,1,1,1,1,0,0,0,1,2,1,0,1,0,1,1,1,0,1,1,1,1,1,1,1,1,1,1,1,1,1,1,1,0,1,0,1,0,0,0,0,0,0,0,0,0,0,4,1,1,1,1,1,2,2,1,1,2,0,1,1,0,1,0,0,1,0,0
syn_aggregate_01508,22,1.0,1,1,1,1,1,1,1,0,0,2,2,2,1,1,1,1,1,1,1,0,1,0,1,0,1,1,0,0,0,0,0,0,0,0,0,0,0,0,0,0,0,0,0,0,0,0,0,0,0,1,1,1,0,1,1,0,0,0,1,0,0,0,0,0,0,0,0,0,3
syn_aggregate_01509,26,2.0,1,1,1,2,1,1,0,0,0,0,0,0,0,0,0,0,0,0,3,0,0,0,0,0,0,0,0,1,1,0,0,1,0,0,0,1,0,1,1,0,0,0,0,0,0,0,0,1,3,0,0,0,0,0,1,1,1,1,0,0,2,1,0,1,0,0,0,0,1
syn_aggregate_01510,21,1.0,3,3,2,2,1,1,2,0,0,0,1,1,0,1,0,0,0,0,0,2,2,2,1,2,2,1,2,1,2,0,0,0,0,0,0,0,0,0,2,1,1,0,1,0,0,0,0,0,0,0,0,0,0,0,0,0,0,0,3,0,1,1,0,1,0,0,0,0,2
syn_aggregate_01511,19,1.0,2,3,1,2,1,1,0,0,0,0,0,0,1,0,0,0,0,0,2,0,0,0,0,0,0,0,0,1,0,0,0,0,0,0,0,0,2,0,0,1,0,0,1,0,0,0,0,0,0,0,1,0,0,0,1,0,0,1,0,0,1,1,0,1,0,0,1,1,1
syn_aggregate_01512,19,2.0,2,2,1,1,0,0,0,0,0,0,0,0,0,0,0,0,0,0,0,0,0,0,0,0,0,0,0,0,0,0,0,0,0,0,0,0,0,0,3,0,0,0,1,0,0,0,0,0,0,1,1,1,1,1,1,1,0,0,0,0,0,0,0,1,0,0,0,0,0
syn_aggregate_01513,18,2.0,3,3,1,2,1,1,0,0,1,1,1,1,0,1,1,1,1,1,0,2,1,1,1,1,2,1,1,1,1,1,2,2,1,1,1,1,1,1,0,0,0,0,0,0,0,0,0,0,4,1,1,1,1,1,1,1,1,2,1,0,2,2,0,1,1,0,1,0,0
syn_aggregate_01514,20,2.0,1,2,1,2,1,1,1,0,0,0,0,0,0,0,0,0,0,0,3,1,1,1,2,1,1,2,1,1,1,1,2,2,1,2,1,1,2,1,0,0,1,0,0,0,0,0,0,1,0,0,1,0,0,0,0,0,0,0,0,0,1,1,0,1,0,0,1,0,0
syn_aggregate_01515,22,2.0,1,1,1,1,1,0,0,0,0,0,0,0,0,0,0,0,0,0,0,0,0,0,0,0,0,0,0,0,3,0,0,0,0,0,0,0,0,0,1,0,0,0,0,0,0,0,0,0,0,0,0,0,0,0,0,0,0,0,1,0,1,1,0,1,0,0,0,1,0
syn_aggregate_01516,31,1.0,1,1,1,1,1,0,0,0,0,0,0,0,0,0,0,0,0,0,0,0,0,0,0,0,0,0,0,0,0,0,0,0,0,0,0,0,0,0,1,1,0,0,1,0,0,0,0,0,0,0,0,0,0,0,0,0,0,0,0,0,0,1,0,0,0,0,0,0,0
syn_aggregate_01517,20,2.0,2,0,0,0,0,0,0,0,0,0,0,0,0,0,0,0,0,3,0,1,1,1,1,1,1,1,1,1,1,0,1,0,0,0,0,0,1,0,0,0,0,0,0,0,0,0,0,0,0,0,0,0,0,0,0,2,0,0,0,0,1,0,0,0,0,0,0,1,0
syn_aggregate_01518,18,1.0,3,3,2,2,0,1,1,0,0,1,1,1,0,0,0,0,0,0,2,1,1,1,1,1,1,1,1,1,1,0,1,0,0,0,0,0,0,0,0,0,0,0,0,0,0,0,0,0,2,0,0,0,0,0,0,0,0,0,3,0,1,1,0,1,0,0,1,0,0
syn_aggregate_01519,20,2.0,1,1,1,1,0,0,0,0,0,0,0,0,0,0,0,0,0,0,0,0,0,0,0,0,4,0,0,0,0,0,1,0,0,0,0,0,0,0,0,0,1,0,0,0,0,0,0,0,0,0,0,0,0,0,0,0,0,0,0,0,1,1,0,1,0,0,1,1,0
syn_aggregate_01520,21,2.0,2,2,1,1,0,1,0,0,0,0,0,0,0,4,0,0,0,0,0,1,1,0,1,1,1,1,1,1,1,0,1,0,0,0,0,0,1,0,0,2,2,1,2,1,1,0,0,1,1,1,1,1,0,1,1,1,0,0,0,0,2,1,1,1,1,0,2,1,1
syn_aggregate_01521,19,1.0,0,0,0,0,0,0,0,0,0,0,0,0,0,0,0,0,0,0,1,1,1,1,1,1,1,1,1,0,0,1,1,2,1,1,1,1,1,1,1,0,0,0,0,0,0,0,0,0,0,0,0,0,0,0,0,0,0,0,3,0,0,0,0,0,0,0,0,0,3
syn_aggregate_01522,22,2.0,2,2,1,1,0,0,1,0,0,0,0,0,0,0,0,0,0,0,1,0,1,0,0,0,0,0,0,0,3,0,0,0,0,0,0,0,0,0,3,1,0,0,0,0,0,0,0,0,0,0,0,0,0,0,0,0,0,0,0,0,1,0,0,1,0,0,0,0,0
syn_aggregate_01523,21,2.0,3,3,3,3,3,3,3,3,3,0,0,0,0,0,0,0,0,0,4,1,2,1,2,1,1,1,2,1,2,0,2,1,1,1,1,1,1,1,1,0,0,0,0,0,0,0,0,0,2,1,1,1,1,1,0,1,0,0,0,2,3,3,2,3,2,3,3,3,2
syn_aggregate_01524,19,2.0,2,2,1,2,0,0,0,0,0,1,2,1,1,2,1,1,1,1,1,2,2,2,2,1,2,2,2,1,2,0,1,1,1,1,1,1,1,1,0,1,1,1,1,1,0,0,0,0,0,1,2,2,0,1,1,1,0,1,1,0,2,2,0,2,1,1,2,1,1
syn_aggregate_01525,20,2.0,1,1,1,2,0,0,0,0,0,0,0,0,0,0,0,0,0,0,2,0,0,0,0,1,0,0,0,1,0,0,0,0,0,0,0,0,0,0,0,0,0,0,1,0,0,0,0,0,0,0,0,0,0,0,0,0,0,0,0,0,0,0,0,1,0,0,0,0,1
syn_aggregate_01526,20,2.0,1,1,1,1,1,0,0,0,0,2,1,2,1,1,1,1,1,1,3,0,0,0,0,0,0,0,0,2,0,0,1,1,1,1,1,1,1,1,0,0,0,0,0,0,0,0,0,1,1,1,1,0,0,1,0,1,0,0,1,0,2,2,0,1,0,0,1,1,0
syn_aggregate_01527,21,2.0,1,1,1,0,0,0,0,0,0,1,2,2,1,2,1,0,1,1,2,1,1,1,2,1,1,1,0,1,0,0,1,0,0,0,0,0,2,0,0,1,0,0,1,0,0,0,0,0,0,0,0,0,0,0,0,0,0,0,2,0,1,1,0,1,0,0,1,0,1
syn_aggregate_01528,19,1.0,3,3,2,3,2,2,1,0,0,2,2,2,1,1,1,1,1,1,2,1,2,1,1,0,2,1,1,1,2,0,0,0,0,0,0,0,3,0,0,0,1,0,0,0,0,0,0,0,0,0,0,0,0,0,0,0,0,2,0,0,1,1,0,1,0,0,1,1,0
syn_aggregate_01529,22,2.0,1,1,1,1,1,0,0,0,0,0,0,0,0,0,0,0,0,0,0,0,0,0,4,0,0,0,0,0,0,0,0,0,1,1,0,0,0,0,0,0,0,0,0,0,0,0,0,0,0,0,0,0,0,0,0,0,0,1,2,0,0,0,0,0,0,0,0,2,0
syn_aggregate_01530,18,2.0,1,1,1,1,0,1,0,0,0,1,0,0,0,0,0,0,0,0,3,0,0,0,0,0,0,0,0,0,4,0,0,0,0,0,0,0,0,0,0,1,0,0,2,0,0,0,0,0,0,0,0,0,0,0,0,0,0,0,3,0,1,0,0,0,0,0,0,0,0
syn_aggregate_01531,19,1.0,1,1,1,1,1,1,0,0,0,0,0,0,0,0,0,0,0,0,0,1,1,0,2,1,1,1,1,1,1,0,1,0,0,0,0,0,0,0,0,0,0,0,1,0,0,0,0,0,0,0,0,0,0,0,0,0,0,0,1,1,1,1,0,1,0,1,1,1,1
syn_aggregate_01532,49,2.0,3,3,2,3,2,3,2,1,2,1,1,1,0,0,1,1,0,1,0,2,3,2,3,2,2,2,2,1,3,1,1,1,1,1,0,0,0,0,0,0,0,0,0,0,0,0,0,0,4,0,0,0,0,0,0,0,0,0,0,0,1,1,0,1,1,1,1,0,0
syn_aggregate_01533,19,2.0,2,2,1,1,1,0,0,0,0,0,2,0,0,0,0,0,0,0,0,1,2,1,1,1,2,1,1,1,1,1,2,2,1,2,1,1,2,1,2,0,0,0,0,0,0,2,2,0,0,0,0,0,0,0,0,0,0,0,4,0,2,2,0,1,0,0,2,1,0
syn_aggregate_01534,19,2.0,0,0,0,0,0,0,0,0,0,0,0,0,0,0,0,0,0,0,0,0,0,0,0,0,0,0,1,0,0,0,0,0,0,0,0,0,0,0,0,0,0,0,0,0,0,0,0,0,0,0,0,0,0,0,0,0,0,0,0,0,0,0,0,0,0,0,0,0,0
syn_aggregate_01535,22,2.0,3,3,3,3,2,3,2,2,3,2,3,2,2,3,2,2,2,3,1,3,2,2,3,2,2,1,2,2,1,0,1,1,1,1,0,1,1,2,0,1,1,0,1,0,1,0,0,1,0,1,2,1,1,1,2,1,1,1,1,0,3,2,1,3,2,1,2,2,4
syn_aggregate_01536,18,2.0,2,2,1,2,1,0,0,0,0,0,0,0,0,0,0,1,0,1,0,1,1,1,1,1,0,0,0,0,0,0,0,0,0,0,0,1,1,1,0,2,0,0,0,0,0,0,0,0,0,0,0,0,1,0,0,1,0,0,0,0,1,1,0,0,0,0,0,0,0
syn_aggregate_01537,20,2.0,2,2,1,1,1,1,1,0,0,0,0,0,0,0,0,0,0,0,1,1,1,1,1,1,1,1,1,0,0,0,1,0,0,0,0,0,0,0,0,1,1,0,1,1,0,0,1,1,0,1,1,1,0,1,1,1,0,1,1,0,2,2,0,2,1,1,1,1,0
syn_aggregate_01538,19,2.0,2,2,1,1,1,1,0,0,0,3,3,3,2,3,3,3,2,2,2,0,1,0,1,1,1,1,1,1,1,1,2,2,1,1,1,1,1,1,1,3,2,1,2,1,1,0,0,0,0,2,3,2,2,2,2,3,2,2,2,0,1,1,0,1,0,0,1,1,0
syn_aggregate_01539,18,2.0,0,0,0,0,0,0,0,0,0,0,1,0,0,0,0,0,0,0,0,0,1,0,0,0,0,0,0,0,0,0,0,0,0,0,0,0,0,1,0,0,0,0,0,0,0,0,0,0,0,0,0,0,0,0,0,0,0,1,0,0,0,0,0,0,0,0,0,0,0
syn_aggregate_01540,21,1.0,2,2,1,1,1,1,1,0,0,0,1,0,0,0,0,0,0,1,0,0,0,0,0,0,0,0,0,0,2,0,0,1,0,0,0,0,0,0,0,0,0,0,0,0,0,0,0,1,0,0,0,4,0,0,0,0,0,0,0,0,2,1,0,2,0,0,1,1,0
syn_aggregate_01541,42,2.0,2,2,1,1,1,1,0,1,0,2,2,2,1,1,1,1,1,1,1,4,4,4,4,3,3,3,3,3,2,2,3,3,2,3,2,3,2,2,2,1,0,0,0,0,0,0,0,0,2,0,1,0,0,1,1,0,1,1,1,1,3,3,2,3,2,2,2,2,2
syn_aggregate_01542,19,1.0,2,2,1,1,1,1,0,0,1,0,0,0,0,0,0,0,0,0,0,1,1,1,1,1,1,1,1,1,1,2,3,3,2,2,3,2,2,2,1,0,0,0,0,0,0,0,0,0,3,2,2,2,1,2,2,2,1,1,2,0,1,1,0,1,0,0,1,1,0
syn_aggregate_01543,48,2.0,2,2,1,1,0,0,0,0,0,0,0,0,0,0,1,0,0,0,0,0,0,0,0,0,0,0,0,0,0,0,1,1,0,1,0,1,1,0,1,0,0,0,0,0,0,0,0,0,0,0,0,0,0,0,0,0,0,0,3,0,0,0,0,0,0,0,0,0,4
syn_aggregate_01544,30,2.0,2,2,1,1,0,0,0,0,0,0,0,0,0,0,0,0,0,0,0,0,0,0,0,0,0,0,0,0,2,0,0,0,0,0,0,0,1,1,0,0,0,0,0,0,0,0,0,0,0,0,1,0,0,0,0,0,0,0,0,0,0,0,0,2,0,0,0,0,0
syn_aggregate_01545,21,2.0,2,2,1,1,1,0,1,0,1,0,0,1,0,0,0,0,0,0,0,1,1,1,1,1,1,1,0,0,0,1,1,1,0,0,0,0,0,1,2,0,0,0,0,0,0,0,0,0,0,0,0,0,0,0,0,0,0,1,0,0,0,0,0,0,0,0,0,2,0
syn_aggregate_01546,19,2.0,3,3,2,3,1,2,0,0,0,1,1,1,0,1,1,1,1,1,0,1,1,1,1,1,2,1,1,1,1,1,2,1,1,1,1,2,1,1,1,0,0,0,1,0,0,0,0,0,0,0,1,1,1,1,1,0,1,0,1,0,2,2,0,2,1,1,2,1,3
syn_aggregate_01547,20,2.0,1,1,1,1,0,0,0,0,0,0,0,0,0,0,0,0,0,0,1,1,1,1,1,1,1,1,1,1,1,0,1,1,0,0,0,1,0,0,0,0,0,0,0,0,0,0,0,0,4,0,0,0,0,0,0,0,0,0,2,0,1,0,0,2,0,0,0,0,0
syn_aggregate_01548,21,2.0,2,2,0,0,0,0,0,0,0,0,0,0,0,0,0,0,0,1,0,1,1,1,0,1,1,0,0,1,2,1,1,1,1,1,0,0,0,0,0,0,0,0,0,0,0,0,0,0,4,0,2,0,0,0,0,0,0,0,0,1,2,2,2,2,2,1,2,1,2
syn_aggregate_01549,20,2.0,3,3,3,3,2,1,1,1,1,1,2,1,1,1,1,1,1,1,1,2,3,2,2,2,3,2,1,1,2,2,2,2,2,2,2,2,2,2,2,2,1,1,2,1,0,0,0,1,1,2,2,2,2,2,2,2,2,2,0,1,4,3,2,3,2,3,3,2,3
syn_aggregate_01550,20,1.0,2,2,1,2,1,1,1,0,0,1,1,1,0,0,0,0,0,1,0,0,0,0,0,0,0,0,0,0,3,1,2,2,1,2,1,1,2,1,1,1,0,0,0,0,0,0,0,0,0,0,1,0,0,0,0,0,0,0,0,0,2,1,0,2,0,0,2,0,0
syn_aggregate_01551,21,2.0,1,1,1,1,0,0,0,0,0,0,0,0,0,0,0,0,0,0,3,1,1,0,1,1,1,1,1,1,1,0,0,0,0,0,0,0,0,3,0,1,1,0,1,0,1,0,0,1,0,0,0,0,0,0,0,0,1,0,0,0,1,1,0,1,0,0,0,0,0
syn_aggregate_01552,20,2.0,1,2,1,1,0,1,0,0,0,1,2,2,1,2,1,1,1,2,1,1,1,0,1,1,1,1,1,1,0,1,1,1,0,1,0,1,1,1,1,1,1,1,1,1,0,0,1,1,1,0,0,0,0,0,0,0,0,0,4,0,2,1,0,1,0,0,1,0,0
syn_aggregate_01553,20,2.0,0,0,1,0,0,0,0,0,0,0,1,0,0,0,0,0,0,0,0,1,1,1,1,1,2,1,2,1,2,0,0,0,0,0,0,0,0,0,3,0,0,0,0,0,0,0,0,4,0,0,0,0,0,0,1,1,0,0,0,0,1,0,0,0,0,0,0,0,1
syn_aggregate_01554,27,2.0,3,3,3,3,2,2,2,2,1,1,2,1,1,2,1,1,1,1,1,1,1,1,1,1,1,1,1,0,0,2,1,1,1,2,1,1,1,1,2,2,0,0,0,0,0,0,0,0,0,2,1,1,1,1,2,1,1,1,1,0,1,1,0,1,0,0,1,0,0
syn_aggregate_01555,20,2.0,1,1,1,1,1,0,0,0,0,0,0,0,0,0,0,0,0,0,0,0,0,0,0,0,0,2,0,0,0,1,2,2,1,1,1,1,1,1,1,1,0,0,1,0,0,0,0,1,0,1,2,1,1,1,2,1,1,1,2,0,0,0,0,0,0,0,0,0,0
syn_aggregate_01556,20,1.0,2,2,1,1,1,1,0,0,0,0,0,0,0,0,0,0,0,0,0,0,0,0,0,0,0,0,0,0,1,0,1,0,0,1,0,0,1,0,0,0,0,0,0,0,0,0,0,1,0,0,0,0,0,0,0,0,0,0,0,0,1,1,0,1,0,0,0,0,0
syn_aggregate_01557,19,2.0,1,1,1,1,1,0,1,0,1,0,0,0,0,0,0,0,0,0,2,1,1,1,1,1,1,0,0,0,0,0,2,1,1,1,1,1,1,0,0,0,0,0,0,0,0,0,2,0,0,0,0,0,0,0,0,0,0,0,4,0,0,0,0,0,0,0,1,0,0
syn_aggregate_01558,22,2.0,1,2,1,2,1,1,1,0,0,1,2,1,1,1,1,1,1,1,1,2,2,1,2,2,1,1,1,2,3,1,2,2,1,1,1,1,2,1,1,1,0,0,1,0,0,0,0,0,1,1,1,1,1,1,0,1,0,0,0,0,2,1,0,2,0,1,1,1,0
syn_aggregate_01559,20,2.0,1,1,1,0,0,0,0,0,0,0,0,0,0,0,0,0,0,0,4,1,1,1,1,0,1,1,0,0,0,0,0,0,0,0,0,0,0,0,4,1,1,0,1,0,0,0,0,0,0,0,0,0,0,0,0,0,0,0,0,0,1,0,0,1,0,0,0,0,0
syn_aggregate_01560,44,1.0,0,0,0,0,0,0,0,0,0,0,0,0,0,0,0,0,0,0,0,0,0,0,0,0,0,0,0,0,1,0,0,0,0,0,0,0,0,0,2,0,0,0,0,0,0,0,0,0,0,0,1,0,0,0,0,0,0,0,0,0,0,0,0,0,0,0,0,0,0
syn_aggregate_01561,21,1.0,1,1,1,1,1,0,0,0,0,0,2,0,0,0,0,0,0,0,0,1,1,1,1,0,1,1,1,1,0,0,0,0,0,0,0,0,0,0,0,1,1,0,1,0,0,0,0,0,1,0,0,0,0,0,0,0,0,0,0,0,1,1,0,2,0,0,1,0,0
syn_aggregate_01562,21,1.0,3,3,3,3,3,3,3,3,1,1,1,0,1,1,1,1,0,1,0,3,3,2,2,2,2,2,2,3,2,4,4,4,3,4,4,4,4,2,1,3,2,2,3,2,3,2,2,2,2,2,2,2,1,1,1,1,1,1,1,3,4,3,3,4,3,3,3,3,3
syn_aggregate_01563,18,1.0,1,1,1,1,0,0,0,0,0,0,0,0,0,0,0,0,0,0,0,0,0,0,0,0,0,0,0,1,0,0,0,0,0,0,0,0,0,0,0,1,1,0,1,0,1,0,1,0,1,0,0,0,0,0,0,0,0,0,0,0,0,0,0,0,0,0,0,0,2
syn_aggregate_01564,20,1.0,2,2,1,2,1,0,1,0,0,2,2,2,2,2,2,2,1,1,2,1,1,1,1,1,1,1,1,1,1,0,0,0,0,0,0,1,0,1,1,2,2,1,2,1,1,1,1,1,2,0,1,0,0,1,0,0,0,0,0,1,2,2,1,2,2,1,2,2,3
syn_aggregate_01565,20,2.0,1,1,0,1,0,0,1,0,2,0,0,0,0,0,0,0,0,0,1,0,0,0,0,0,0,0,0,1,0,0,0,0,0,0,0,3,0,0,0,0,0,0,1,1,0,0,0,0,0,0,0,0,0,0,0,0,0,0,1,0,2,2,0,1,1,1,1,1,2
syn_aggregate_01566,22,2.0,2,3,2,2,1,2,1,0,1,0,0,1,0,0,0,0,0,0,3,2,2,2,2,1,2,2,1,2,1,0,0,0,0,0,0,0,0,0,2,2,2,1,1,1,1,0,0,0,0,0,1,1,0,0,1,0,0,0,0,0,2,2,0,2,2,1,2,2,2
syn_aggregate_01567,18,2.0,2,2,1,2,1,1,0,0,0,0,0,0,0,0,0,0,0,0,2,1,2,1,1,1,2,1,1,1,1,1,2,2,0,0,0,1,1,0,0,1,1,1,1,0,1,0,0,1,0,0,0,0,0,0,0,0,0,0,3,0,0,0,0,1,0,0,0,0,0
syn_aggregate_01568,20,2.0,1,1,1,1,0,0,0,0,1,0,0,0,0,0,0,0,0,0,0,0,0,0,0,0,0,0,0,1,0,0,0,0,0,0,0,0,0,0,1,0,0,0,0,0,0,0,0,0,0,1,2,0,1,1,1,1,0,1,3,0,1,0,0,0,0,0,0,0,0
syn_aggregate_01569,21,1.0,3,3,2,3,2,0,0,0,0,1,1,2,1,1,1,1,1,2,1,1,1,1,1,1,1,1,1,2,1,1,2,2,1,1,1,1,1,1,1,1,1,0,1,1,1,1,1,0,0,0,0,0,0,0,0,0,0,0,4,0,2,1,0,2,1,1,1,1,0
syn_aggregate_01570,20,2.0,3,3,2,2,1,1,0,0,0,0,0,0,0,0,0,1,0,0,0,0,0,0,0,0,0,0,0,0,2,0,0,0,0,0,0,0,0,0,3,2,0,0,0,2,0,0,0,0,0,1,1,1,1,1,2,2,1,1,1,0,1,1,0,1,0,0,1,0,0
syn_aggregate_01571,18,2.0,2,2,1,1,0,0,0,0,1,1,1,1,1,1,1,0,0,1,1,1,2,1,2,1,2,1,1,1,0,1,1,1,0,1,1,0,0,1,0,0,0,0,0,0,0,0,0,1,0,0,0,0,0,0,0,0,1,0,0,0,2,2,0,1,0,0,1,1,0
syn_aggregate_01572,20,1.0,1,1,1,1,1,0,0,0,0,1,1,1,1,0,0,0,0,0,0,0,0,1,0,0,0,0,0,0,0,0,0,0,0,0,2,0,0,0,0,0,0,0,0,0,0,0,0,0,2,0,0,0,0,0,0,0,0,1,0,0,2,2,0,2,0,0,1,0,1
syn_aggregate_01573,20,2.0,0,1,0,0,0,0,0,0,0,0,1,0,0,0,0,0,0,0,0,1,2,1,1,1,2,1,0,1,2,0,1,0,0,0,0,0,0,0,0,0,0,0,0,0,0,0,0,0,0,0,0,0,0,2,0,0,0,0,0,0,2,2,0,1,0,0,1,1,0
syn_aggregate_01574,40,1.0,0,0,0,0,0,0,0,0,0,0,1,0,0,0,0,0,0,0,0,1,1,1,1,0,1,0,0,0,0,0,0,0,0,0,0,0,0,0,0,1,0,0,0,0,0,0,0,0,0,0,1,0,0,0,0,0,0,0,0,0,1,1,0,1,0,0,1,1,0
syn_aggregate_01575,22,1.0,1,0,0,0,0,0,0,0,0,0,0,0,0,0,0,0,0,2,0,0,0,0,0,0,0,0,0,0,0,0,0,0,0,0,0,0,0,1,1,0,0,0,0,0,0,0,0,0,0,0,0,0,0,0,0,0,0,0,0,0,0,0,0,0,0,0,0,1,0
syn_aggregate_01576,18,2.0,1,1,1,1,1,1,1,0,1,0,1,0,0,0,0,0,0,0,0,3,3,2,3,2,2,2,2,2,1,4,4,4,4,4,3,4,3,3,2,1,0,0,0,0,0,0,0,0,0,2,2,2,1,1,1,1,0,0,1,0,2,2,0,1,1,0,1,1,0
syn_aggregate_01577,19,2.0,2,2,1,1,1,1,0,0,0,0,0,0,0,0,0,0,0,0,2,1,1,1,0,0,1,1,0,0,0,0,0,0,0,0,0,0,0,1,0,0,0,0,1,1,0,0,0,0,0,0,0,0,0,0,2,0,0,0,0,0,0,0,0,1,0,0,0,1,0
syn_aggregate_01578,20,1.0,1,2,1,1,0,0,0,0,0,0,0,0,0,0,0,0,0,0,3,1,1,1,1,0,1,1,0,0,0,0,0,0,0,0,0,0,0,0,2,0,0,0,0,0,0,0,0,0,0,1,2,2,1,2,1,1,1,2,2,0,0,0,0,0,0,0,0,0,3
syn_aggregate_01579,20,1.0,1,1,1,1,0,1,0,0,0,0,1,1,0,0,0,0,0,0,0,1,1,1,1,1,1,1,1,1,2,1,2,1,1,1,1,1,1,0,0,3,2,2,2,2,1,1,1,2,3,0,0,0,0,0,0,0,0,0,4,0,2,1,0,2,0,0,1,1,0
syn_aggregate_01580,22,2.0,1,1,1,1,0,0,1,0,0,0,0,0,0,0,0,0,0,0,0,0,0,0,0,0,0,0,0,2,0,0,0,0,0,0,0,0,0,0,2,0,0,0,0,0,1,0,0,0,0,0,0,0,0,0,0,0,0,0,0,0,1,1,0,1,0,0,1,0,0
syn_aggregate_01581,19,1.0,2,2,0,2,0,1,0,0,0,0,0,1,0,0,0,0,0,0,0,1,0,0,0,0,0,0,0,0,0,0,1,1,0,1,0,1,1,0,0,0,0,0,1,1,0,0,0,0,0,1,1,1,1,1,1,1,1,1,1,0,2,1,0,2,1,1,1,1,1
syn_aggregate_01582,42,2.0,3,3,2,2,1,1,1,0,1,0,0,0,0,0,0,0,0,0,4,2,2,2,2,2,2,2,2,3,2,3,3,3,3,3,3,3,2,3,2,4,3,3,4,3,3,3,3,3,3,2,2,1,1,2,2,1,2,1,2,0,2,2,0,1,0,0,2,2,2
syn_aggregate_01583,19,1.0,0,0,0,0,0,0,0,0,0,0,1,0,0,0,0,0,0,3,0,0,0,0,0,0,0,0,0,0,0,0,1,1,0,0,0,0,0,0,0,0,0,0,0,0,0,0,0,0,0,0,0,0,0,0,0,0,0,0,0,0,0,0,0,0,0,0,0,0,0
syn_aggregate_01584,31,2.0,1,0,0,0,0,0,0,0,0,0,1,0,0,0,0,0,0,0,0,2,2,1,2,2,1,1,1,2,2,1,1,1,1,1,1,0,1,0,0,2,2,1,1,1,0,0,0,1,0,1,0,0,0,0,1,0,0,0,0,0,2,2,0,2,1,1,2,1,2
syn_aggregate_01585,18,2.0,2,2,1,1,1,0,0,1,0,0,0,0,0,0,0,0,0,0,1,1,1,1,1,1,1,1,1,0,0,0,2,1,0,1,1,1,1,0,0,0,0,0,0,0,0,0,0,0,4,0,0,0,0,0,0,0,0,0,1,0,2,2,0,2,1,0,2,2,1
syn_aggregate_01586,43,2.0,0,1,0,1,1,0,0,0,0,0,0,0,0,0,0,0,0,0,4,1,1,1,1,1,1,1,1,1,1,0,1,0,0,1,0,0,0,0,0,0,0,0,0,0,0,0,0,3,0,0,0,0,0,0,0,0,0,0,0,1,3,2,1,3,1,2,2,2,2
syn_aggregate_01587,21,2.0,1,2,1,2,1,0,0,0,0,0,1,0,0,0,0,0,0,0,0,0,0,0,0,0,0,0,0,0,0,0,0,0,0,0,0,0,0,0,0,2,1,1,2,0,0,0,0,0,0,0,1,0,0,0,0,0,0,0,0,0,2,0,0,0,0,0,0,0,0
syn_aggregate_01588,20,1.0,0,0,0,0,0,0,0,0,0,0,0,0,0,0,0,0,0,1,0,1,1,1,1,0,1,1,0,1,1,0,0,0,0,0,0,0,0,0,0,0,0,0,0,0,0,0,0,2,0,0,0,0,0,0,0,0,0,0,2,0,0,0,0,2,0,0,0,0,0
syn_aggregate_01589,19,2.0,0,0,0,0,0,0,0,0,0,0,0,0,0,0,0,0,0,0,0,0,0,0,0,0,0,0,0,1,0,0,0,0,0,0,0,0,0,0,0,0,0,0,0,0,0,0,0,0,0,0,0,0,0,0,0,0,0,0,0,0,0,0,0,0,0,0,0,0,0
syn_aggregate_01590,18,2.0,2,2,1,2,0,1,0,0,0,1,2,1,1,1,1,1,1,1,1,1,1,1,0,0,1,0,0,0,1,0,1,0,0,0,0,0,1,0,0,1,1,0,1,0,0,0,0,1,2,1,2,1,2,1,2,1,1,0,3,0,1,1,0,1,0,0,1,0,0
syn_aggregate_01591,20,2.0,1,2,1,2,1,0,1,0,0,0,0,0,0,0,0,0,0,0,1,0,1,0,0,0,0,0,0,1,0,0,1,0,0,0,0,0,0,0,0,2,2,1,1,1,0,0,0,1,2,1,1,1,1,1,1,1,1,1,1,0,1,0,0,2,0,0,0,0,0
syn_aggregate_01592,26,1.0,2,0,0,0,0,0,0,0,0,1,2,1,0,1,0,0,0,1,0,0,0,0,0,0,0,0,0,0,0,0,0,0,0,0,0,0,0,0,0,0,0,0,1,0,0,0,0,0,0,0,0,0,0,0,0,0,0,0,2,0,1,1,1,1,1,0,1,1,1
syn_aggregate_01593,45,1.0,1,0,0,0,0,0,0,0,0,0,1,0,0,0,0,0,0,0,0,0,0,0,0,0,0,0,0,0,0,0,0,0,0,0,0,0,0,0,0,0,0,0,0,0,0,0,0,0,0,0,0,0,0,0,0,0,0,0,0,0,0,0,0,0,0,1,0,0,0
syn_aggregate_01594,21,2.0,1,0,0,0,0,0,0,0,0,0,0,0,0,0,0,0,0,3,0,2,2,1,2,2,2,1,1,1,2,0,0,0,0,0,0,0,0,0,0,1,0,0,0,0,0,0,0,0,0,0,0,0,0,0,0,0,0,1,2,0,2,1,0,1,0,0,1,1,0
syn_aggregate_01595,20,1.0,1,1,1,1,0,0,0,0,0,0,0,0,0,0,0,0,0,0,4,0,0,0,0,0,0,0,0,0,3,0,1,1,0,1,0,1,0,1,1,0,0,0,0,0,0,0,0,0,4,0,0,0,0,0,0,0,0,0,1,0,1,0,0,0,0,0,1,0,0
syn_aggregate_01596,19,1.0,1,2,1,2,1,1,1,0,0,0,1,0,0,0,0,0,0,0,0,1,1,1,1,1,1,1,0,1,0,0,2,2,0,1,1,1,2,0,0,0,1,0,0,0,0,1,0,1,0,0,0,1,0,0,0,0,1,0,0,0,2,2,0,1,0,0,1,0,0
syn_aggregate_01597,47,1.0,0,0,1,1,0,0,1,0,0,0,0,0,0,0,0,0,0,0,2,0,0,0,0,0,0,0,0,0,0,0,0,0,0,0,0,0,0,0,0,0,0,0,0,0,0,0,0,0,0,0,0,0,0,0,0,0,0,0,0,0,1,1,0,1,0,0,1,0,0
syn_aggregate_01598,22,1.0,3,3,2,3,2,2,1,2,1,0,0,0,0,0,0,0,0,2,0,1,1,1,1,1,1,0,1,1,1,1,1,1,1,1,1,1,1,2,1,2,1,1,2,1,1,1,1,1,1,1,1,1,0,1,1,1,0,1,1,1,3,2,1,2,1,1,2,2,4
syn_aggregate_01599,22,2.0,2,2,1,1,0,0,0,0,0,1,1,1,0,1,0,0,1,1,0,0,0,0,0,0,2,0,0,0,0,0,0,0,0,0,0,0,0,0,0,1,1,1,1,1,0,0,0,0,0,1,1,1,0,0,0,0,1,0,0,0,1,1,0,1,0,0,1,0,0
syn_aggregate_01600,19,1.0,2,2,1,1,0,0,1,0,0,0,0,1,0,0,0,0,0,0,0,1,1,0,1,1,1,1,0,1,1,1,2,1,1,2,1,1,2,1,2,0,0,0,0,0,0,0,0,0,1,0,1,0,0,0,1,0,0,0,0,0,0,0,0,0,0,0,1,0,0
syn_aggregate_01601,,2.0,1,1,1,1,0,1,1,0,1,0,0,0,0,0,0,0,0,0,3,1,1,0,1,1,0,1,1,1,0,0,2,1,0,1,1,1,1,1,0,1,1,1,1,1,1,1,0,1,0,0,0,0,0,0,0,0,0,0,4,0,2,1,0,2,0,0,2,1,0
syn_aggregate_01602,19,2.0,1,2,1,2,1,1,1,0,0,0,1,0,0,1,0,0,1,0,0,2,2,1,2,1,1,1,1,1,1,0,1,1,0,1,1,1,1,1,0,2,1,1,2,1,0,0,0,0,0,1,1,1,0,1,1,1,1,1,0,0,1,1,0,2,1,0,1,1,1
syn_aggregate_01603,22,1.0,1,2,1,1,0,1,0,0,0,0,0,0,0,0,0,0,0,0,2,1,1,1,1,1,1,1,1,1,1,2,3,3,2,2,2,2,2,2,3,0,0,0,0,0,0,0,0,0,3,0,0,0,0,0,0,0,0,0,4,0,2,1,0,2,0,0,1,1,1
syn_aggregate_01604,19,2.0,1,2,1,1,1,1,0,0,0,0,1,0,0,1,0,0,0,1,1,0,0,0,0,0,1,0,0,0,0,0,0,0,0,0,0,0,0,0,1,0,0,0,0,0,0,0,0,0,0,2,2,2,1,2,2,2,1,1,1,0,1,1,0,1,0,0,0,0,0
syn_aggregate_01605,51,1.0,2,2,1,2,1,1,0,0,0,0,0,1,0,0,0,0,0,1,0,0,1,0,0,0,0,0,0,0,0,0,0,0,0,0,0,0,0,0,1,0,0,0,0,0,0,0,0,0,0,0,1,0,0,0,0,1,0,0,2,0,1,1,0,0,0,0,0,0,0
syn_aggregate_01606,19,2.0,1,1,0,0,0,0,0,0,0,0,0,1,0,0,0,0,0,0,0,1,1,1,1,1,0,0,0,0,0,1,2,2,1,1,1,1,1,1,0,0,0,0,0,0,0,0,0,0,0,0,0,0,0,0,0,0,0,2,0,0,1,0,0,2,0,0,0,0,0
syn_aggregate_01607,33,2.0,2,2,1,2,1,1,1,0,1,0,1,0,0,0,1,0,0,1,0,1,2,1,1,0,2,2,1,1,1,1,1,1,1,1,1,0,0,0,0,0,0,0,1,0,0,0,0,0,0,1,1,1,1,0,1,0,0,0,1,0,2,1,0,1,0,0,1,1,0
syn_aggregate_01608,21,1.0,0,1,0,2,0,0,0,0,0,0,0,1,0,0,0,0,0,0,0,0,0,0,0,0,0,0,0,0,0,2,2,2,2,2,2,2,1,1,2,0,0,0,0,0,0,0,0,1,0,0,0,0,0,0,0,0,0,0,0,0,1,1,0,2,0,0,1,0,0
syn_aggregate_01609,21,2.0,1,1,0,0,0,0,0,0,0,0,0,0,0,0,0,0,0,0,0,0,0,0,0,0,0,0,0,0,0,0,0,0,0,0,0,0,0,0,0,0,0,0,0,0,0,0,0,0,0,0,0,0,0,0,0,0,0,0,2,0,1,0,0,0,0,0,0,0,0
syn_aggregate_01610,22,2.0,1,0,0,0,0,0,0,0,0,0,0,0,0,0,0,0,0,0,0,0,0,0,0,0,0,0,0,0,0,0,0,0,0,0,0,0,0,1,0,0,0,0,0,0,0,0,0,0,0,0,0,0,0,0,1,0,0,0,0,0,0,0,0,0,0,0,0,0,0
syn_aggregate_01611,21,1.0,1,1,1,1,0,1,0,0,0,1,1,1,0,1,0,1,0,1,1,0,0,0,0,0,0,0,0,4,0,0,0,0,0,0,0,0,0,0,0,1,1,0,0,0,0,0,0,0,0,0,0,0,0,1,1,0,0,0,0,0,1,1,0,1,0,0,1,0,0
syn_aggregate_01612,19,1.0,1,1,1,1,0,0,0,0,0,0,0,0,0,0,0,0,0,0,1,1,1,1,1,1,1,1,0,0,1,1,1,1,1,0,1,1,1,1,1,0,0,0,0,0,0,0,0,0,0,0,0,1,0,0,0,1,0,0,0,0,2,1,0,1,0,0,1,0,0
syn_aggregate_01613,18,2.0,1,2,0,1,0,0,1,0,1,1,1,1,0,1,0,0,1,0,1,1,1,1,1,1,1,0,0,0,0,1,2,1,1,2,1,2,1,1,1,0,0,0,1,0,0,0,0,1,1,1,1,1,1,1,1,1,1,1,1,0,1,1,0,1,0,0,1,0,0
syn_aggregate_01614,19,2.0,1,1,1,0,0,0,0,0,0,0,1,0,0,1,0,0,0,1,0,0,0,0,0,0,1,0,0,0,0,1,2,2,1,1,1,1,1,0,1,2,1,1,2,0,0,0,0,0,0,0,0,0,0,0,0,0,0,0,0,0,2,2,0,2,1,1,1,1,0
syn_aggregate_01615,20,1.0,2,2,1,1,1,0,1,0,0,0,0,0,0,0,0,0,0,0,4,0,0,0,1,0,0,0,0,0,3,1,1,1,1,1,1,1,1,0,0,0,0,0,0,0,0,0,0,0,3,0,0,0,0,0,0,0,0,0,0,0,1,1,0,1,1,0,1,1,0
syn_aggregate_01616,21,2.0,2,3,2,2,1,1,1,0,0,1,1,1,0,1,1,0,1,1,0,1,0,0,0,0,0,0,0,0,0,0,1,0,1,1,0,1,1,0,0,1,0,0,2,0,0,0,0,2,0,1,1,1,0,0,0,0,1,0,0,0,1,1,0,1,0,1,1,0,0
syn_aggregate_01617,39,2.0,1,0,0,0,0,0,0,0,0,0,1,0,0,0,0,0,0,0,0,0,0,0,0,0,0,0,0,0,0,0,0,0,0,0,0,0,0,0,3,1,0,0,0,1,0,0,0,0,0,0,0,0,0,0,1,0,0,0,0,0,0,0,0,1,0,0,0,0,0
syn_aggregate_01618,20,2.0,1,1,1,1,0,0,0,0,0,0,0,0,0,0,0,0,0,2,0,1,1,1,1,1,1,1,1,1,1,0,1,0,0,0,0,0,0,0,0,1,0,0,1,1,0,0,0,0,0,0,0,0,0,0,0,0,0,0,2,0,1,1,0,1,0,0,1,1,0
syn_aggregate_01619,19,2.0,0,0,2,0,0,0,0,0,0,0,0,0,0,0,0,0,0,0,1,0,1,0,0,0,0,0,0,0,0,1,2,2,1,2,1,1,2,1,1,0,0,0,0,0,0,0,0,1,1,1,1,1,1,0,0,1,0,0,1,0,1,0,0,0,0,0,0,0,0
syn_aggregate_01620,20,1.0,2,2,1,1,1,0,1,0,0,3,3,3,2,3,2,2,2,2,2,1,1,1,1,1,0,0,0,0,0,1,2,1,1,1,1,1,1,1,1,2,1,1,2,1,1,0,1,1,1,1,2,1,0,0,1,0,1,0,0,0,2,2,0,2,1,1,1,1,0
syn_aggregate_01621,20,2.0,3,2,2,1,1,1,0,0,0,2,2,2,1,1,1,1,1,1,1,2,2,1,2,1,1,1,1,0,3,3,3,3,3,2,2,2,2,3,3,0,0,0,0,0,0,2,0,0,0,2,2,2,1,2,2,1,1,1,2,0,2,2,0,2,1,1,2,1,1
syn_aggregate_01622,19,2.0,2,2,1,1,1,1,0,0,0,0,1,0,0,1,0,0,0,1,0,0,0,0,0,0,0,0,0,0,4,1,1,1,0,0,1,1,0,1,0,0,0,0,0,1,0,0,0,0,0,0,0,0,0,0,0,0,0,0,1,0,1,0,0,1,0,0,0,0,0
syn_aggregate_01623,21,1.0,1,1,0,1,1,1,0,0,0,0,0,0,0,0,0,0,0,0,1,1,1,0,0,0,1,0,0,1,0,0,0,0,0,0,0,0,0,0,2,2,2,2,2,2,1,1,1,2,2,0,1,0,0,0,0,0,0,0,0,0,4,0,0,0,0,0,0,0,0
syn_aggregate_01624,19,1.0,3,3,2,2,2,2,2,2,1,0,0,0,0,0,0,0,0,0,2,0,0,0,0,0,0,0,0,0,1,1,2,2,1,2,1,1,2,1,0,0,0,0,0,0,0,0,1,0,2,1,1,0,0,0,1,1,0,0,0,0,1,1,0,1,0,0,1,0,0
syn_aggregate_01625,20,2.0,0,1,0,1,0,0,0,0,0,0,0,1,0,0,0,0,0,0,0,1,1,1,1,1,1,1,1,1,1,1,1,1,0,1,1,1,0,0,0,0,0,0,0,0,0,0,0,0,0,0,0,0,0,0,0,0,0,0,1,0,1,0,0,0,0,0,0,0,1
syn_aggregate_01626,19,1.0,0,0,0,0,0,0,0,0,0,0,0,0,0,0,0,0,0,0,3,0,0,0,0,0,0,0,0,1,0,1,1,1,1,1,1,1,1,1,0,2,1,1,2,1,0,0,0,0,1,1,1,1,0,0,1,1,0,0,1,0,1,0,0,1,0,0,0,0,0
syn_aggregate_01627,49,2.0,1,2,1,2,0,1,1,0,1,0,0,0,0,0,0,0,0,0,0,1,2,1,1,1,2,0,1,1,2,0,0,0,0,0,0,0,0,0,2,0,0,0,1,0,0,0,0,1,0,1,1,1,1,1,1,1,1,1,1,0,0,0,0,0,0,0,0,0,0
syn_aggregate_01628,19,2.0,0,0,0,0,0,0,0,0,0,0,0,1,0,0,0,0,0,0,0,2,2,2,2,1,1,1,1,1,1,0,0,0,0,0,0,0,0,0,0,0,0,0,0,0,0,0,0,2,0,0,0,0,0,0,0,0,0,2,0,0,1,1,0,1,0,0,1,0,0
syn_aggregate_01629,20,2.0,1,2,0,0,0,0,0,0,0,0,0,0,0,0,0,0,0,0,0,1,1,1,1,0,1,0,1,0,2,0,0,0,0,1,0,0,0,2,0,2,2,2,3,2,1,1,2,2,1,0,1,0,0,0,0,0,0,0,0,0,2,2,0,2,1,1,1,1,0
syn_aggregate_01630,18,2.0,2,2,2,2,1,1,1,0,1,0,1,1,0,1,1,0,0,0,0,1,2,1,2,1,2,1,1,1,2,0,1,0,0,0,0,1,0,0,0,0,0,0,1,0,0,0,0,0,1,1,1,1,1,1,1,1,1,1,1,0,0,1,0,0,0,0,0,0,1
syn_aggregate_01631,21,1.0,1,2,1,1,0,0,0,0,0,0,0,0,0,0,0,0,0,0,2,0,0,0,0,1,0,0,0,0,0,0,1,0,0,0,0,0,0,0,0,1,0,0,1,0,0,0,0,0,0,1,1,1,1,1,2,1,0,1,0,0,2,2,0,2,1,1,2,2,0
syn_aggregate_01632,21,2.0,2,2,2,2,1,2,1,1,0,0,0,1,0,0,0,0,0,0,0,0,1,0,0,0,0,0,0,0,0,1,1,1,1,1,1,1,0,0,0,0,1,1,0,0,0,0,0,0,0,1,1,1,1,0,1,1,0,1,1,0,2,1,0,2,0,0,1,1,0
syn_aggregate_01633,34,2.0,1,2,1,1,1,0,0,0,1,0,0,0,0,0,0,0,0,0,0,1,1,0,1,1,1,1,1,1,1,1,2,2,1,1,0,1,2,1,1,2,1,1,2,1,1,0,1,0,1,0,0,0,0,0,0,0,0,2,0,0,2,2,0,1,0,0,1,1,0
syn_aggregate_01634,37,1.0,2,2,1,2,1,1,1,0,1,2,2,3,1,2,2,2,3,1,1,0,0,0,0,1,0,0,0,1,0,1,2,2,1,1,1,1,1,1,1,1,1,1,0,0,0,0,0,0,0,0,0,0,0,0,0,0,0,0,0,0,1,2,0,1,0,0,1,0,0
syn_aggregate_01635,21,2.0,0,1,0,0,0,0,0,0,1,0,1,0,0,0,0,0,0,0,0,1,1,1,1,1,0,0,0,0,1,0,1,1,1,1,0,0,0,0,0,1,1,0,1,0,0,0,0,0,0,0,0,0,0,0,0,0,0,0,2,0,1,1,0,1,0,0,1,1,0
syn_aggregate_01636,31,1.0,3,3,2,3,2,3,2,2,2,1,2,1,1,1,1,1,0,1,1,1,1,0,0,0,0,0,0,3,0,2,3,2,2,2,2,2,2,2,1,1,1,1,1,1,0,0,0,0,0,1,1,1,1,1,1,1,1,1,1,1,3,2,1,2,2,1,2,2,1
syn_aggregate_01637,20,1.0,1,1,0,1,0,0,0,0,0,0,0,0,0,0,0,0,0,0,1,0,0,0,0,0,0,0,0,0,0,0,0,0,0,0,0,0,0,0,2,0,0,0,0,0,0,0,0,0,0,0,0,0,0,0,0,0,0,0,1,0,0,0,0,0,1,0,0,0,0
syn_aggregate_01638,19,2.0,1,1,1,2,0,0,0,0,0,0,0,0,0,0,0,0,0,0,0,1,2,1,1,1,2,1,1,1,1,1,2,1,1,1,1,2,1,1,2,0,0,0,0,0,0,0,0,3,0,0,1,0,1,0,1,0,0,1,2,0,1,1,0,1,0,0,1,1,2
syn_aggregate_01639,22,2.0,2,3,2,3,1,1,0,0,0,1,2,1,0,1,1,0,1,0,0,3,3,3,3,3,3,2,3,2,3,0,0,0,0,0,0,1,0,0,0,0,1,0,0,1,0,0,0,1,0,0,1,1,0,0,1,1,0,0,0,0,2,2,1,2,1,1,2,2,3
syn_aggregate_01640,33,2.0,1,1,1,1,1,0,0,0,0,1,1,1,1,1,1,1,1,1,1,2,2,1,1,1,2,1,1,2,1,1,2,2,1,1,1,1,1,1,0,0,0,0,0,0,0,0,0,4,0,2,3,2,2,2,3,2,2,2,2,0,1,0,1,1,0,0,1,0,0
syn_aggregate_01641,21,2.0,2,2,2,2,1,1,0,0,0,1,1,1,0,1,0,0,0,1,0,1,2,1,1,2,2,1,0,1,2,1,2,2,1,1,1,1,1,1,0,1,0,0,1,0,0,0,0,0,0,0,0,1,0,0,0,0,1,0,0,0,0,0,0,0,0,0,0,1,0
syn_aggregate_01642,42,2.0,2,2,1,1,0,0,1,0,0,0,0,0,0,0,0,1,0,0,0,2,2,2,2,2,2,2,2,1,0,0,1,1,0,1,0,1,1,0,1,0,0,1,0,0,0,0,0,0,0,0,0,0,0,0,0,0,0,0,0,0,1,1,0,1,0,0,0,0,0
syn_aggregate_01643,22,2.0,2,2,1,1,0,0,0,0,0,0,0,1,0,0,0,0,0,0,0,0,1,0,0,0,0,0,0,0,0,0,0,0,0,0,0,0,0,4,0,0,0,0,1,0,1,0,0,0,0,0,1,0,0,0,1,0,0,0,0,0,1,1,0,1,1,0,1,1,0
syn_aggregate_01644,23,1.0,2,2,1,1,0,0,0,0,0,0,1,0,0,0,0,0,0,0,0,0,1,0,0,0,1,0,0,0,0,0,0,0,0,0,0,0,0,0,1,0,0,0,0,0,0,0,0,0,0,0,0,0,0,0,0,0,0,0,2,0,1,1,0,1,0,0,1,0,1
syn_aggregate_01645,20,1.0,2,2,0,2,0,2,0,1,1,0,0,0,1,0,0,0,0,0,0,1,2,1,2,1,2,1,1,1,2,0,1,1,1,1,0,1,1,2,0,2,2,1,2,1,1,1,1,1,0,0,0,0,0,0,0,0,0,0,4,0,2,2,0,2,0,0,1,0,0
syn_aggregate_01646,19,1.0,1,2,1,2,1,1,1,0,0,2,2,2,1,2,2,1,2,2,2,2,2,1,2,2,2,2,1,1,1,2,3,2,2,2,2,3,2,2,1,2,1,1,2,1,1,0,1,1,1,1,1,1,0,1,1,1,1,1,1,0,2,2,0,2,1,1,2,1,0
syn_aggregate_01647,26,1.0,1,2,0,2,0,0,0,0,0,0,0,0,0,0,0,0,0,0,1,1,1,1,1,1,1,0,0,0,0,0,0,0,0,0,0,0,0,0,4,0,0,0,1,0,0,0,0,0,0,0,0,0,0,0,1,0,0,0,0,0,0,0,0,1,0,0,0,0,0
syn_aggregate_01648,18,2.0,0,1,0,0,0,0,0,0,0,0,1,0,0,0,0,0,0,0,0,0,0,0,0,0,0,1,0,0,0,0,1,0,0,1,0,0,0,1,0,0,0,0,0,0,0,0,0,0,0,0,0,0,0,0,0,0,0,0,4,0,0,0,0,2,0,0,0,0,0
syn_aggregate_01649,51,2.0,1,1,0,0,0,0,0,0,0,2,2,1,1,2,1,1,1,1,0,1,2,1,1,1,1,2,1,1,1,1,1,1,1,1,1,1,1,1,1,1,1,0,0,0,0,0,0,0,0,0,1,1,0,0,0,0,1,0,0,0,0,0,1,0,0,0,0,0,0
syn_aggregate_01650,20,1.0,0,1,0,1,1,0,1,0,0,0,0,0,0,0,0,0,0,0,2,1,1,0,1,0,0,0,0,0,1,0,1,0,0,1,0,0,1,0,1,1,0,0,1,0,0,0,0,0,0,1,2,2,1,1,1,1,0,1,1,0,2,2,0,1,1,0,1,0,0
syn_aggregate_01651,22,1.0,0,2,0,0,0,0,0,0,0,0,0,0,0,0,0,0,0,0,0,0,0,0,0,0,0,0,0,0,1,0,1,1,0,0,0,1,0,0,1,1,0,0,1,0,0,0,0,0,1,0,0,0,0,0,0,0,0,0,0,0,0,0,0,0,0,0,0,4,0
syn_aggregate_01652,20,2.0,1,2,1,1,0,0,0,0,2,0,0,0,0,0,0,0,1,0,2,1,1,1,1,1,1,1,1,1,1,4,4,4,4,4,4,4,4,3,3,0,0,0,0,0,0,0,0,2,0,0,1,1,0,0,1,0,1,0,2,0,2,1,0,1,1,1,1,1,0
syn_aggregate_01653,50,2.0,3,3,2,2,1,2,1,0,0,2,2,2,1,1,1,1,1,1,3,1,1,0,1,0,0,0,1,0,0,2,3,3,2,2,3,2,3,2,2,1,1,1,1,1,1,1,1,1,1,1,1,1,1,1,2,2,1,1,1,1,3,2,1,3,2,2,2,2,2
syn_aggregate_01654,26,2.0,3,3,3,3,3,3,3,3,1,0,0,0,0,0,0,1,0,0,1,1,2,1,1,1,2,1,1,1,2,0,0,0,0,0,0,0,0,0,0,1,0,0,1,0,0,0,0,0,2,0,0,1,0,0,0,0,0,0,0,0,0,0,0,0,0,0,0,0,2
syn_aggregate_01655,22,2.0,2,3,2,2,0,1,0,0,0,1,2,1,1,1,2,1,1,1,1,1,1,1,2,1,2,0,1,1,1,0,1,1,0,1,1,0,1,0,0,1,1,0,1,0,0,0,0,0,0,0,0,0,0,0,0,0,0,1,0,0,0,1,0,1,0,0,0,0,0
syn_aggregate_01656,19,2.0,2,3,2,2,1,2,1,0,0,0,0,0,0,0,0,0,0,1,0,0,1,0,1,0,1,0,0,0,0,0,0,0,0,0,0,0,0,2,0,0,0,0,2,0,0,0,0,0,0,0,0,0,0,0,0,0,0,0,0,0,1,1,0,1,0,0,1,0,1
syn_aggregate_01657,21,1.0,2,2,1,1,1,0,1,0,1,0,0,0,0,0,0,0,0,0,0,0,0,0,0,0,1,0,0,1,0,0,1,1,0,1,1,1,1,0,0,2,1,1,2,1,1,0,0,0,0,0,0,0,0,0,0,0,0,0,3,0,1,0,0,0,0,0,0,0,0
syn_aggregate_01658,38,2.0,2,3,2,2,1,2,1,0,0,0,0,0,0,0,0,0,0,0,1,2,2,1,2,1,2,1,1,1,1,1,1,0,0,0,0,0,0,0,1,0,0,0,0,0,0,0,0,0,4,0,0,0,0,0,0,0,0,0,3,0,1,1,0,1,0,0,1,1,1
syn_aggregate_01659,18,2.0,1,1,1,1,1,0,0,0,0,0,1,0,0,0,0,0,0,0,0,0,1,0,0,0,0,0,0,2,0,1,2,1,0,1,1,1,1,1,1,0,0,0,0,0,0,0,0,0,3,0,0,0,0,0,0,0,0,1,0,0,2,2,0,1,1,0,1,0,0
syn_aggregate_01660,21,2.0,3,3,2,3,1,2,1,0,1,1,2,1,1,1,1,1,2,1,2,2,2,1,2,2,1,1,1,2,1,0,1,1,1,1,1,1,1,1,2,2,1,1,2,1,0,1,1,0,0,0,0,0,0,0,0,0,0,3,0,0,2,2,0,2,1,0,0,0,0
syn_aggregate_01661,20,2.0,1,2,1,1,0,1,0,0,1,0,0,0,0,0,0,0,0,0,0,1,1,0,1,0,1,0,1,0,1,0,1,1,0,1,0,1,1,1,0,0,0,0,0,0,0,0,0,0,0,0,0,0,0,0,0,1,0,0,0,0,1,1,0,1,1,1,1,1,0
syn_aggregate_01662,18,2.0,2,3,1,1,0,1,1,0,1,0,0,0,0,0,0,1,1,0,0,1,1,1,1,1,2,1,1,0,2,0,0,0,0,0,0,0,0,0,0,2,1,1,1,1,1,1,0,0,0,0,0,0,0,0,0,0,1,0,0,0,3,3,1,3,1,1,2,2,2
syn_aggregate_01663,43,1.0,0,1,0,1,0,0,1,0,0,0,1,0,0,1,0,0,0,0,0,0,1,0,0,0,1,0,0,0,0,0,1,0,1,1,0,0,0,0,0,0,0,0,0,0,0,0,0,0,0,1,1,1,1,1,1,1,0,0,0,0,1,0,0,1,0,0,1,0,0
syn_aggregate_01664,21,2.0,2,3,2,2,0,0,0,0,0,0,0,0,0,0,0,0,0,1,2,4,4,3,4,3,4,3,3,3,4,0,0,0,0,0,1,0,0,0,0,1,0,0,1,0,0,0,0,0,0,0,0,0,0,0,0,0,0,0,0,0,2,1,0,1,0,0,1,1,0
syn_aggregate_01665,22,2.0,1,1,0,0,0,0,0,0,0,0,0,0,0,0,0,0,0,0,0,2,2,2,2,1,2,1,2,1,1,0,1,0,0,0,0,1,0,0,0,0,0,0,0,0,0,0,0,0,4,0,0,0,0,0,0,0,0,0,1,0,0,0,0,0,0,0,0,0,0
syn_aggregate_01666,51,2.0,1,0,0,0,0,0,0,0,0,0,1,0,0,0,0,0,0,0,0,0,1,0,0,1,1,0,0,1,0,1,1,1,1,0,1,0,1,1,1,2,1,1,2,1,1,1,1,1,1,1,2,1,0,1,1,1,1,1,1,0,0,0,0,0,0,0,0,1,0
syn_aggregate_01667,19,1.0,3,3,2,3,2,3,2,1,0,4,4,4,3,3,3,3,3,2,2,2,3,2,2,2,3,2,2,2,1,3,4,4,4,4,4,4,4,3,4,4,3,3,4,3,3,3,3,3,3,2,3,2,2,2,2,2,2,2,1,1,3,3,1,3,2,2,2,2,4
syn_aggregate_01668,28,1.0,2,2,1,2,1,0,1,0,0,1,1,1,0,0,1,0,0,1,0,0,0,0,0,0,0,0,0,0,0,1,1,1,1,0,0,1,0,0,1,1,1,0,1,0,0,0,0,1,2,1,1,1,1,1,1,1,1,1,1,0,2,2,1,2,1,1,1,1,1
syn_aggregate_01669,20,1.0,1,2,0,1,1,1,0,0,0,0,0,0,0,0,0,0,0,0,0,1,1,1,1,1,2,1,1,1,1,0,1,0,0,0,0,0,0,0,0,1,1,0,1,0,0,0,0,0,0,0,0,0,0,0,0,0,0,4,0,0,2,0,0,1,0,0,1,1,0
syn_aggregate_01670,,1.0,3,3,3,3,3,3,3,3,0,1,2,1,0,1,1,0,1,2,0,3,4,3,2,2,3,2,1,1,1,2,3,2,2,2,2,2,2,2,2,1,1,1,2,1,1,1,1,1,0,1,2,1,1,1,2,1,0,0,0,2,3,3,2,3,2,2,2,2,3
syn_aggregate_01671,19,2.0,2,2,1,1,0,0,1,0,0,0,0,0,0,0,0,1,1,0,0,1,1,1,1,1,1,0,0,0,0,0,1,0,0,0,0,0,0,0,0,0,0,2,0,0,0,0,0,0,0,2,1,1,0,0,1,0,0,0,1,0,1,1,0,1,0,0,1,1,0
syn_aggregate_01672,18,1.0,1,2,1,2,1,1,1,0,0,1,1,1,0,1,1,0,1,1,1,1,2,1,1,1,2,1,1,1,1,0,0,0,0,0,0,0,0,0,0,0,0,0,0,0,0,0,0,3,0,0,0,0,0,0,1,1,1,0,0,0,0,0,0,0,0,0,0,0,3
syn_aggregate_01673,18,1.0,0,1,0,1,0,0,0,0,0,1,1,1,1,1,0,0,1,2,0,1,0,0,1,0,0,1,0,0,0,1,2,2,1,1,1,1,1,0,0,1,1,1,1,0,0,0,0,1,1,1,1,1,1,1,0,0,1,0,2,0,0,0,0,1,0,0,0,0,0
syn_aggregate_01674,22,1.0,1,0,0,0,0,0,0,0,0,0,0,0,0,0,0,0,0,0,1,1,1,1,0,1,1,1,0,1,1,0,0,0,0,0,0,0,2,0,0,1,0,0,0,0,0,0,0,0,0,0,0,0,0,0,0,2,0,0,0,0,2,1,0,2,1,0,1,1,1
syn_aggregate_01675,22,1.0,3,3,2,2,1,1,0,0,0,0,0,0,0,0,0,0,0,0,0,1,1,1,1,1,1,1,0,1,1,0,0,0,0,0,4,0,0,0,0,0,1,0,0,0,0,0,0,1,0,0,0,0,0,0,0,0,0,0,0,0,1,1,0,1,0,0,1,0,0
syn_aggregate_01676,21,1.0,3,3,3,3,2,3,3,2,1,0,0,0,0,0,0,0,0,0,3,3,2,2,3,2,2,2,1,2,1,3,4,4,3,3,3,4,4,3,1,0,0,0,0,0,0,0,0,2,0,1,2,1,1,1,1,1,1,1,1,0,2,1,0,1,1,1,2,1,2
syn_aggregate_01677,18,2.0,0,1,0,0,0,0,0,0,0,0,0,0,0,0,0,0,0,0,1,0,0,0,0,0,0,0,0,0,1,1,2,1,1,1,0,0,1,1,1,0,0,0,0,0,0,0,0,0,0,0,0,0,0,0,0,0,0,0,4,0,1,0,0,1,0,0,1,0,0
syn_aggregate_01678,22,2.0,1,1,1,1,1,1,0,0,0,0,0,0,0,0,0,1,0,0,0,0,0,0,0,0,0,0,2,0,0,0,1,0,0,0,0,1,0,0,1,0,0,0,0,1,0,0,0,0,0,0,0,0,0,0,0,0,0,2,0,0,0,0,0,0,0,0,0,0,2
syn_aggregate_01679,18,2.0,1,0,0,0,0,0,0,0,0,0,0,0,0,0,0,0,0,0,0,0,0,0,0,0,0,0,0,0,0,0,0,0,0,0,0,0,0,0,0,0,0,0,0,0,0,0,0,0,0,0,0,0,0,0,0,0,0,0,0,0,0,0,0,0,0,0,0,0,0
syn_aggregate_01680,22,2.0,3,2,1,2,0,0,0,0,1,0,0,0,0,0,0,0,2,0,0,0,0,0,0,0,0,0,1,0,0,0,0,0,0,0,0,0,0,0,2,0,0,0,0,0,0,0,1,0,0,0,0,0,0,0,0,0,0,0,0,0,0,0,0,0,0,0,0,0,0
syn_aggregate_01681,22,2.0,1,1,1,1,1,1,0,0,0,0,1,0,0,0,0,0,0,0,0,2,2,1,1,1,2,1,1,1,2,0,1,1,0,1,0,1,1,0,0,0,0,0,0,0,0,0,0,0,1,0,0,0,0,0,0,0,0,0,4,0,0,0,0,0,0,0,0,0,1
syn_aggregate_01682,19,1.0,2,2,1,1,0,0,1,0,0,0,2,0,0,0,0,0,0,0,0,0,0,0,0,0,1,0,0,0,0,1,1,1,0,1,0,1,1,0,0,0,0,0,0,0,0,0,0,0,4,1,2,1,1,1,1,1,1,1,0,0,1,1,0,2,0,0,1,1,0
syn_aggregate_01683,18,2.0,0,1,1,1,1,0,0,0,0,0,0,0,0,0,0,0,0,0,0,0,0,0,1,0,0,0,0,1,0,0,1,0,0,0,0,0,0,0,0,0,0,0,0,0,0,0,0,0,0,0,0,0,0,0,0,1,0,0,0,0,0,0,0,1,0,0,0,0,0
syn_aggregate_01684,32,2.0,3,3,2,3,1,1,0,0,0,1,1,2,0,1,1,2,2,1,3,3,3,2,3,2,3,2,2,1,3,2,3,3,2,3,2,3,2,1,1,2,2,1,2,1,0,0,0,0,0,1,2,1,1,1,2,1,1,1,1,1,2,2,1,3,1,1,2,2,2
syn_aggregate_01685,20,2.0,1,2,1,1,0,1,0,0,0,0,0,0,0,0,0,0,0,0,0,1,1,1,1,1,1,0,1,0,1,1,2,2,1,1,1,1,2,1,1,0,0,0,0,0,0,0,0,0,1,0,0,1,0,0,0,0,0,1,1,0,0,0,0,1,0,0,0,0,1
syn_aggregate_01686,22,2.0,2,2,1,1,1,1,1,0,0,0,0,0,0,0,0,0,0,1,2,1,1,1,1,1,2,1,1,1,1,0,1,1,1,1,0,0,1,0,0,1,1,0,1,1,1,0,0,0,0,1,2,1,1,1,1,1,1,1,1,0,2,2,1,2,2,1,2,2,2
syn_aggregate_01687,20,2.0,2,2,1,1,1,0,1,0,0,0,1,0,0,0,0,0,0,3,0,3,3,2,3,2,2,2,1,2,1,1,2,2,1,1,0,1,0,0,0,1,2,1,1,1,2,2,2,2,0,1,1,0,1,0,0,0,0,0,0,2,3,3,2,3,2,2,2,2,2
syn_aggregate_01688,33,2.0,2,3,1,2,1,1,1,0,0,2,2,1,1,1,1,1,2,2,1,1,2,1,2,1,2,1,1,0,1,1,2,1,2,2,1,1,1,1,0,0,1,0,0,1,0,0,0,1,1,2,2,2,1,2,2,1,2,1,2,0,1,1,0,1,0,0,0,0,0
syn_aggregate_01689,21,2.0,2,2,1,2,0,0,0,0,0,0,0,0,0,0,0,0,0,0,0,0,0,0,0,0,0,0,0,0,0,0,1,0,0,0,0,0,0,0,0,1,0,0,0,0,0,0,0,0,0,0,0,0,0,0,0,1,0,0,0,0,0,0,0,2,0,0,0,0,0
syn_aggregate_01690,41,1.0,1,1,1,1,1,1,0,0,0,0,0,0,0,0,0,0,0,0,4,3,3,2,2,2,2,2,1,2,2,1,1,1,0,1,0,1,1,1,0,1,1,1,1,0,0,0,0,0,0,0,1,0,0,0,1,0,0,1,0,0,2,2,1,2,1,1,2,1,0
syn_aggregate_01691,47,1.0,2,2,1,1,0,1,0,0,0,0,0,0,0,0,0,1,0,1,0,1,1,1,2,1,1,1,1,1,1,0,1,0,0,0,0,0,0,2,0,2,2,1,2,1,2,2,1,2,2,0,0,0,0,0,0,0,0,0,3,0,1,1,0,1,0,0,1,0,0
syn_aggregate_01692,29,1.0,0,0,0,0,0,0,0,0,0,0,0,1,0,0,0,0,0,0,0,0,0,0,1,0,0,0,0,0,0,0,1,0,0,0,0,0,0,0,0,0,0,0,0,0,0,0,0,0,0,0,0,1,0,0,0,0,0,0,0,0,1,0,0,0,0,0,0,0,0
syn_aggregate_01693,20,1.0,3,3,2,3,1,1,1,0,0,0,0,0,0,0,0,0,0,0,0,1,1,1,1,1,2,2,1,1,2,0,0,0,0,0,2,0,0,0,0,1,0,0,2,0,0,0,0,0,0,0,0,0,0,0,0,0,0,1,0,0,2,1,0,1,0,0,1,1,0
syn_aggregate_01694,19,2.0,2,2,1,1,0,1,0,0,0,0,1,0,0,0,0,0,0,0,0,0,0,0,0,0,1,0,0,0,0,1,1,1,2,2,1,0,1,2,0,1,1,0,1,0,0,0,0,0,0,0,0,0,0,2,0,0,0,0,0,0,2,0,0,1,0,0,1,1,0
syn_aggregate_01695,21,2.0,0,1,0,1,0,0,0,0,0,0,0,0,0,0,0,0,0,0,0,1,1,0,1,1,1,1,0,0,0,1,1,1,0,1,1,1,1,0,2,1,1,0,1,0,0,0,0,0,0,0,0,0,0,0,0,0,0,0,2,0,0,0,0,0,0,0,0,0,0
syn_aggregate_01696,20,2.0,1,1,1,1,1,0,0,0,0,0,1,0,0,0,0,0,0,0,0,2,1,1,1,1,2,0,0,0,1,1,1,1,1,1,0,1,1,0,0,0,0,0,0,0,1,0,3,0,0,0,0,0,0,0,0,0,0,0,1,0,1,1,0,1,0,0,1,0,2
syn_aggregate_01697,49,1.0,1,0,0,0,0,0,0,0,0,0,0,1,0,0,0,0,1,0,0,1,1,0,1,0,1,0,0,0,0,0,0,0,0,1,0,0,1,0,0,0,0,0,0,0,0,0,0,0,3,0,0,0,0,0,0,0,0,2,0,0,3,0,0,0,0,0,0,0,0
syn_aggregate_01698,18,2.0,2,2,1,1,0,1,1,0,0,0,0,0,0,0,0,0,0,0,1,0,1,0,0,0,0,0,0,0,0,0,0,0,0,0,0,0,0,0,2,1,0,0,0,0,0,0,0,0,0,0,0,0,0,0,0,0,0,0,0,0,0,0,0,1,0,0,0,0,1
syn_aggregate_01699,48,2.0,2,3,2,2,1,1,0,0,0,0,1,0,0,0,0,0,0,1,0,0,0,1,0,0,0,0,0,0,0,0,1,1,0,0,0,0,0,0,0,0,1,0,0,0,0,0,0,0,0,0,0,0,0,0,0,0,0,0,0,0,1,1,0,1,0,0,1,0,0
syn_aggregate_01700,22,1.0,2,2,1,2,1,1,1,0,0,0,1,0,0,0,0,0,0,0,0,2,2,1,2,1,1,1,1,1,1,0,1,2,1,2,0,1,1,1,0,0,0,0,1,0,0,0,0,0,0,0,0,0,0,0,0,0,0,0,0,0,1,0,0,0,0,0,1,0,0
syn_aggregate_01701,19,2.0,2,2,1,2,1,1,2,1,0,0,0,0,0,0,0,0,0,4,0,2,2,2,2,1,3,2,1,1,3,1,1,1,0,1,0,0,0,1,1,1,0,0,0,0,0,0,0,0,0,0,1,0,0,0,1,0,0,1,0,0,2,2,0,2,1,1,2,2,2
syn_aggregate_01702,19,2.0,2,2,2,2,0,0,0,0,0,2,2,2,1,1,1,1,1,1,1,1,1,0,1,1,2,2,0,0,0,0,1,1,0,1,0,1,0,0,0,1,0,0,0,0,0,0,0,2,1,2,2,3,2,2,2,1,2,2,1,0,1,1,0,1,0,0,0,0,0
syn_aggregate_01703,18,2.0,0,1,0,1,0,0,0,0,0,0,0,0,0,0,0,0,0,0,0,0,1,0,0,0,1,0,0,0,0,0,1,1,0,1,0,1,1,0,0,1,0,0,0,0,0,0,0,0,0,0,0,0,0,0,0,0,0,0,4,0,1,0,0,0,0,0,0,0,0
syn_aggregate_01704,20,1.0,2,2,1,2,1,1,1,0,0,0,0,1,0,0,0,0,0,0,0,0,1,0,0,1,0,0,0,1,0,1,2,1,2,2,1,2,1,1,0,0,0,0,0,0,1,0,0,0,0,1,1,1,0,0,1,1,0,0,0,2,3,3,2,3,2,2,2,2,1
syn_aggregate_01705,20,2.0,2,2,2,2,2,1,2,0,1,0,0,0,0,0,0,0,0,0,1,3,3,2,3,2,2,2,2,2,1,1,2,1,1,2,1,2,1,1,2,1,0,0,1,0,0,0,0,0,0,0,0,0,0,2,0,0,0,0,0,1,3,3,2,3,2,2,3,2,2
syn_aggregate_01706,20,1.0,2,2,1,2,1,0,0,0,0,1,1,1,0,1,1,0,0,1,1,3,3,3,4,3,3,3,3,4,3,1,2,2,1,1,1,2,1,1,2,0,0,1,0,0,0,1,0,0,0,0,1,0,0,1,0,0,0,0,0,2,3,3,2,3,3,2,3,2,3
syn_aggregate_01707,18,2.0,1,1,1,0,0,0,0,0,0,1,1,1,0,1,0,0,1,1,0,0,0,0,0,0,0,0,0,0,0,0,0,0,0,0,0,0,0,0,0,0,0,0,0,0,0,0,0,1,0,0,1,0,0,0,0,0,0,0,0,0,0,0,0,0,0,0,0,0,0
syn_aggregate_01708,20,2.0,1,2,1,2,1,1,1,0,0,0,0,0,0,0,0,0,1,1,0,0,1,0,0,0,0,0,0,1,0,0,0,0,2,0,0,0,0,0,0,0,0,0,0,1,0,1,0,0,0,1,2,1,1,1,2,1,1,0,2,1,2,2,1,2,1,2,3,2,0
syn_aggregate_01709,31,2.0,1,1,1,2,1,0,0,0,0,0,1,0,0,0,0,0,1,0,1,1,2,1,1,1,1,2,1,1,0,0,1,0,0,0,0,1,0,0,0,0,0,0,0,1,0,0,0,0,0,0,0,0,0,0,0,0,0,0,0,0,1,0,0,0,0,0,1,0,0
syn_aggregate_01710,20,2.0,1,1,0,0,0,0,0,0,0,0,0,0,0,0,0,0,0,0,2,1,1,0,1,1,1,0,1,2,0,0,0,0,0,0,0,0,0,0,0,0,0,0,0,0,0,0,0,0,0,0,0,0,0,0,0,0,0,0,0,0,2,1,0,2,0,0,1,1,0
syn_aggregate_01711,20,2.0,3,3,3,3,2,3,3,2,0,0,0,1,0,1,0,0,1,0,0,3,2,2,3,2,3,2,2,2,2,0,0,0,0,1,0,0,0,1,0,1,1,0,0,1,0,0,0,1,0,0,1,0,0,1,0,0,0,0,0,0,2,1,0,2,1,0,1,2,0
syn_aggregate_01712,21,2.0,2,2,2,2,1,2,1,0,1,4,4,4,3,4,3,3,3,4,3,2,2,2,1,2,2,2,1,2,2,3,3,3,3,3,2,3,3,3,2,3,2,2,3,2,2,2,2,2,2,4,4,4,3,4,4,4,3,3,4,0,2,2,1,2,1,1,1,1,1
syn_aggregate_01713,20,2.0,0,0,1,0,0,0,0,0,0,0,0,0,0,0,0,0,0,0,0,1,1,0,1,1,0,0,0,0,2,0,0,0,0,0,0,0,0,0,0,0,0,0,0,0,0,0,0,0,1,0,0,0,0,0,0,0,0,0,0,0,1,1,0,0,0,0,0,0,0
syn_aggregate_01714,19,2.0,1,1,0,0,0,0,0,0,0,0,1,0,0,0,0,0,0,2,0,0,1,0,0,1,0,0,1,0,1,0,1,1,0,1,0,1,1,0,0,0,0,0,0,1,0,0,0,0,0,0,0,0,0,0,0,0,0,0,3,0,2,2,0,2,0,0,1,1,0
syn_aggregate_01715,22,2.0,2,1,0,1,0,0,1,0,0,0,1,0,0,0,0,0,0,0,0,0,0,0,0,0,0,0,0,0,1,0,0,0,0,0,0,0,0,0,0,0,0,0,0,0,0,0,0,0,0,0,0,0,0,0,0,0,0,2,0,0,0,0,0,1,0,0,0,0,0
syn_aggregate_01716,20,1.0,2,2,1,1,0,0,0,0,0,1,1,1,0,1,0,1,0,0,1,1,2,1,1,1,1,1,0,1,1,1,2,1,1,1,2,1,1,1,1,2,1,1,2,0,0,0,0,0,0,0,0,0,0,0,0,0,0,0,0,0,0,0,0,0,0,0,1,0,2
syn_aggregate_01717,22,2.0,2,2,1,2,1,1,0,0,0,0,1,0,0,0,0,0,0,0,0,0,1,0,0,0,1,0,0,0,0,0,0,0,0,0,0,0,0,0,4,1,1,1,2,1,1,0,1,0,0,1,1,1,1,1,1,1,0,0,0,0,2,1,0,1,0,0,1,1,0
syn_aggregate_01718,19,2.0,1,1,1,2,0,0,0,0,0,0,1,1,0,0,1,0,0,0,0,0,1,0,1,0,1,0,1,0,2,0,1,1,1,0,1,1,0,1,0,0,0,0,0,0,0,0,0,2,0,0,0,0,0,0,0,0,0,0,0,0,1,0,0,3,0,0,0,0,0
syn_aggregate_01719,44,2.0,1,0,0,0,0,0,0,0,0,0,0,0,1,1,0,0,0,0,0,1,1,0,1,1,1,0,1,1,1,0,1,0,0,0,0,0,0,0,0,0,0,0,0,0,0,0,0,0,0,0,0,0,0,0,0,0,0,0,0,0,0,0,0,0,0,0,0,0,0
syn_aggregate_01720,21,2.0,0,0,0,0,0,0,0,0,0,0,0,0,0,0,0,0,0,0,0,1,1,1,1,1,1,1,1,1,1,0,0,0,0,0,0,0,0,0,0,1,1,1,1,1,0,0,0,0,1,0,0,0,0,0,0,0,0,1,0,0,0,0,0,0,0,0,0,0,0
syn_aggregate_01721,20,2.0,0,0,0,0,0,0,0,0,0,0,0,0,0,0,0,0,0,0,1,0,0,0,0,0,0,0,0,0,0,0,0,0,0,0,0,0,0,0,0,0,0,0,0,0,0,0,0,0,0,0,0,0,0,0,0,0,0,0,0,0,0,0,0,0,0,0,0,0,4
syn_aggregate_01722,18,1.0,2,2,1,1,0,0,0,0,0,0,2,0,0,0,0,0,0,0,0,0,1,0,1,0,1,0,1,0,0,0,0,0,0,0,0,0,0,0,0,0,1,0,0,0,0,0,1,0,0,0,0,0,0,0,0,0,0,1,0,0,1,1,0,1,0,0,1,1,0
syn_aggregate_01723,18,1.0,1,0,0,0,0,0,0,0,0,0,0,0,0,0,0,0,0,0,0,0,0,1,0,0,0,0,0,0,0,0,0,0,0,0,0,2,0,0,0,0,0,0,0,0,0,0,0,0,0,0,0,0,0,0,0,0,0,0,0,0,0,0,0,0,0,0,0,0,0
syn_aggregate_01724,19,2.0,2,2,1,1,0,0,0,0,1,1,2,2,1,2,1,1,1,1,0,2,2,1,2,2,2,2,1,2,2,1,2,2,1,1,2,1,1,1,1,2,1,1,2,1,0,0,0,1,0,1,2,1,2,1,2,1,1,1,1,1,3,3,1,3,2,2,2,2,1
syn_aggregate_01725,19,2.0,2,3,2,3,2,1,1,0,0,1,1,0,0,1,0,0,0,1,0,2,2,1,2,1,2,2,2,3,1,0,1,0,0,0,0,0,0,0,0,2,1,1,2,1,1,1,1,2,2,1,2,1,1,1,1,1,2,1,2,1,3,2,1,2,2,1,2,2,3
syn_aggregate_01726,18,2.0,1,1,1,1,0,0,0,0,0,0,0,0,0,0,0,0,0,0,4,2,2,1,2,1,2,1,1,1,1,0,0,0,0,0,0,0,0,0,1,0,0,0,0,0,0,0,0,1,0,0,0,0,0,0,3,0,0,0,0,0,0,0,0,0,0,0,0,0,4
syn_aggregate_01727,21,2.0,0,1,0,1,0,0,0,0,0,0,0,0,0,0,0,0,0,0,1,0,0,0,0,0,0,0,0,0,0,0,0,0,0,0,3,0,0,0,0,0,0,0,0,0,0,0,0,0,0,0,0,0,0,0,0,0,0,0,2,0,0,1,0,0,0,0,0,0,0
syn_aggregate_01728,19,1.0,2,2,1,2,1,0,1,0,0,0,0,0,1,1,0,0,1,1,0,1,1,0,1,0,1,0,0,0,0,1,2,2,2,2,1,2,1,2,1,0,1,0,0,1,0,0,0,1,0,0,0,0,0,0,0,0,0,0,0,0,1,1,0,1,0,0,0,0,0
syn_aggregate_01729,18,2.0,0,1,0,0,0,0,0,0,0,1,1,1,0,1,0,0,0,1,1,0,0,0,0,0,0,0,0,0,1,0,0,0,0,0,0,0,0,0,0,1,0,0,1,0,0,0,0,0,1,0,0,0,1,0,0,0,0,0,2,0,1,0,0,2,0,0,0,0,0
syn_aggregate_01730,30,2.0,1,1,1,1,1,1,0,0,1,0,0,1,0,0,0,0,0,0,0,1,1,0,1,1,0,0,1,0,1,1,2,1,1,1,1,2,1,1,1,0,0,0,0,0,0,0,0,2,0,1,2,1,1,1,1,1,1,1,1,0,1,1,0,1,0,1,1,0,0
syn_aggregate_01731,20,1.0,0,1,0,0,0,0,0,0,0,0,0,0,0,0,1,0,0,0,0,1,2,1,1,1,2,1,1,1,0,1,1,1,1,1,0,0,1,1,0,0,0,0,0,0,0,0,0,2,0,0,0,0,0,0,0,0,0,0,0,0,1,1,0,0,0,0,0,0,0
syn_aggregate_01732,21,1.0,2,2,1,2,1,1,1,0,0,1,2,2,1,1,1,1,1,1,1,0,0,0,0,0,0,0,0,0,3,1,1,1,1,1,1,1,1,1,2,0,0,0,0,0,0,0,0,0,2,2,2,2,2,2,2,1,1,1,2,0,1,1,0,1,0,0,1,1,0
syn_aggregate_01733,49,1.0,2,2,1,2,0,0,0,0,0,1,1,1,0,0,1,0,0,1,0,1,1,1,1,1,1,1,1,1,1,0,2,2,1,1,1,1,1,0,0,2,1,1,2,1,1,0,1,1,0,0,1,0,1,0,1,0,1,0,1,0,2,2,0,2,1,1,1,0,0
syn_aggregate_01734,44,2.0,2,2,1,2,1,1,1,0,0,1,2,2,1,1,1,1,1,1,1,2,2,2,2,2,2,2,1,2,2,1,2,1,2,1,1,1,1,1,1,1,1,1,1,1,1,1,1,1,1,1,1,1,1,1,0,0,0,0,0,0,1,2,0,2,1,0,2,0,0
syn_aggregate_01735,48,2.0,2,3,2,3,1,0,0,0,0,0,0,0,0,0,0,0,0,0,2,0,0,0,0,0,0,0,0,0,2,0,0,0,0,0,0,0,0,0,0,0,0,0,0,0,0,0,0,0,0,0,0,0,0,1,0,0,0,0,0,0,2,0,0,0,0,0,0,0,0
syn_aggregate_01736,21,2.0,3,3,2,2,2,1,0,0,0,0,0,0,0,0,0,0,0,0,3,1,2,1,1,1,2,1,1,1,2,0,1,0,0,0,0,0,0,0,0,1,1,1,1,0,1,0,0,0,0,1,2,2,1,1,1,1,1,1,2,2,3,3,2,3,2,2,3,2,3
syn_aggregate_01737,34,2.0,1,2,1,1,0,1,1,0,0,0,0,1,0,0,0,0,0,0,0,0,0,0,0,0,0,0,0,0,0,0,0,0,1,0,0,1,0,0,0,0,0,0,1,0,0,0,0,0,0,0,0,0,0,0,0,0,0,0,0,0,0,0,0,0,0,0,0,0,0
syn_aggregate_01738,20,2.0,1,1,0,0,0,0,0,0,0,0,0,0,0,0,0,0,0,0,4,1,1,1,1,1,1,1,1,1,1,0,0,0,0,0,0,0,0,0,3,0,0,0,0,0,0,0,0,0,0,0,0,0,0,0,0,0,0,0,2,0,0,0,0,0,0,0,0,0,0
syn_aggregate_01739,22,2.0,2,2,1,2,1,2,1,1,2,0,0,0,0,0,0,0,0,0,3,3,3,2,2,2,2,2,2,3,1,1,1,1,1,1,1,1,1,1,1,2,1,1,2,1,1,0,0,1,0,0,0,0,0,0,0,0,0,0,4,0,2,1,2,2,0,1,0,0,1
syn_aggregate_01740,20,2.0,1,2,1,1,0,1,1,0,0,0,1,1,0,1,1,0,0,1,0,1,1,1,1,0,1,0,1,1,0,0,0,0,0,0,0,0,0,0,1,1,0,0,1,0,0,0,0,0,0,0,0,0,0,0,0,3,0,0,0,0,1,1,0,0,0,0,0,0,0
syn_aggregate_01741,19,2.0,1,0,0,0,0,0,0,0,0,0,0,0,0,0,0,0,0,0,2,0,0,1,0,0,0,0,0,0,0,0,1,1,0,1,0,1,0,1,0,0,0,0,0,0,0,0,0,0,0,0,0,0,0,0,0,0,0,0,2,0,1,0,0,1,0,0,0,0,0
syn_aggregate_01742,22,2.0,1,1,1,1,0,0,0,0,0,1,2,1,0,1,1,1,1,1,2,1,1,1,1,1,0,0,0,0,1,0,1,0,0,0,0,0,0,0,0,0,0,0,0,0,0,0,0,1,0,0,0,0,0,0,0,0,0,0,1,0,1,1,0,1,0,0,2,1,0
syn_aggregate_01743,46,2.0,3,3,2,2,2,1,1,1,0,0,0,0,0,0,0,0,4,0,0,0,0,0,0,0,0,0,0,0,0,1,1,1,1,1,1,1,1,1,1,0,0,0,1,0,0,0,0,0,0,0,0,0,0,0,1,0,0,0,0,0,1,0,0,1,0,0,0,0,0
syn_aggregate_01744,22,2.0,2,2,1,1,0,1,1,0,1,1,1,1,1,1,0,0,0,0,0,2,2,2,2,2,1,2,2,1,2,0,0,0,0,0,0,1,1,0,0,1,1,1,1,1,0,0,0,0,1,0,0,0,0,0,0,0,0,0,1,0,0,0,0,0,0,0,0,2,0
syn_aggregate_01745,19,2.0,2,2,0,2,1,0,1,0,0,1,1,1,0,1,0,0,0,0,0,0,1,0,0,0,1,0,0,0,0,1,2,2,1,1,1,1,1,1,1,0,0,0,1,0,0,0,0,0,1,0,0,0,0,0,0,0,0,0,4,0,1,1,0,1,1,0,1,1,1
syn_aggregate_01746,24,2.0,2,2,1,1,1,1,0,0,0,0,0,0,0,0,0,0,0,0,0,0,1,0,0,0,1,0,0,0,0,0,1,0,0,1,0,1,0,1,1,0,0,0,0,0,0,0,0,0,0,0,0,0,0,0,0,0,0,0,0,0,0,1,0,0,0,0,2,0,1
syn_aggregate_01747,19,2.0,2,3,2,2,1,1,1,0,0,0,0,0,0,0,0,0,0,0,2,0,0,0,0,0,0,0,0,0,0,0,0,0,0,0,0,0,0,0,0,0,0,0,1,0,0,0,0,0,0,0,0,0,0,0,0,0,0,4,0,0,1,0,0,0,1,0,0,0,0
syn_aggregate_01748,20,2.0,1,1,1,0,0,0,0,0,0,0,0,0,0,0,0,0,0,0,0,0,1,0,0,0,0,0,0,0,0,0,1,0,0,0,0,0,0,0,0,2,1,1,1,0,0,0,0,0,0,0,0,0,0,0,0,0,0,0,2,0,0,0,0,0,0,0,0,3,0
syn_aggregate_01749,21,1.0,2,3,2,2,1,2,1,0,0,0,1,0,0,1,0,0,0,0,0,0,1,1,1,1,1,1,0,1,3,1,2,2,2,1,1,1,1,1,0,2,2,1,3,1,2,1,2,2,1,1,2,1,1,1,2,1,1,1,1,0,1,1,0,1,0,0,1,0,0
syn_aggregate_01750,22,2.0,3,3,2,3,2,2,2,1,0,1,2,1,0,1,1,0,0,0,0,0,0,0,0,0,0,0,0,0,3,1,2,2,1,1,1,1,1,1,1,0,0,0,0,0,0,0,0,0,0,0,0,0,0,0,0,0,0,0,1,0,2,2,0,2,1,1,2,1,0
syn_aggregate_01751,21,1.0,3,2,1,2,0,0,1,0,0,2,2,2,2,2,2,1,2,1,2,1,1,1,2,1,2,1,1,1,2,0,1,1,0,1,0,1,1,0,0,1,1,1,1,1,0,0,1,1,1,1,1,1,1,0,2,1,2,2,1,1,3,2,1,2,2,1,2,2,2
syn_aggregate_01752,43,1.0,3,3,2,2,1,1,1,0,1,0,0,0,0,0,0,0,0,0,2,1,1,0,0,0,1,1,0,0,2,0,1,1,0,1,0,1,1,1,0,1,1,1,1,1,1,1,1,1,1,0,0,0,0,0,0,0,0,0,4,0,2,2,0,1,0,0,1,1,0
syn_aggregate_01753,18,2.0,1,1,1,0,0,0,0,0,0,0,0,0,0,0,0,0,0,2,1,2,2,1,2,1,2,1,2,1,2,0,1,0,0,0,0,0,0,0,0,2,1,1,2,1,1,1,1,1,1,0,0,1,0,0,0,0,0,0,1,0,0,0,0,0,0,0,0,0,4
syn_aggregate_01754,19,1.0,1,1,1,1,1,1,0,0,0,0,0,0,0,0,0,0,0,0,1,1,1,0,1,0,1,0,0,0,0,1,1,1,1,1,0,1,1,1,1,1,0,0,0,0,0,0,0,0,0,0,1,0,0,0,0,0,0,0,0,0,2,1,0,2,1,1,1,1,0
syn_aggregate_01755,19,2.0,1,1,1,1,1,1,0,0,0,0,1,0,0,0,0,0,0,1,0,1,2,1,1,1,2,1,1,1,1,0,1,0,0,0,0,0,0,0,0,3,2,2,3,2,2,2,2,1,1,2,3,3,2,2,3,2,2,2,2,0,2,2,0,2,1,1,2,1,0
syn_aggregate_01756,21,1.0,1,2,1,1,0,0,1,0,1,0,0,1,0,0,0,0,0,0,0,1,1,0,1,0,1,0,0,1,1,0,1,0,0,1,1,1,0,0,0,1,0,0,1,0,0,0,0,0,0,0,0,0,0,0,0,0,0,0,0,0,1,1,0,1,0,0,1,1,1
syn_aggregate_01757,22,2.0,2,1,2,2,1,0,1,0,0,0,0,0,0,0,0,0,0,0,1,0,1,0,0,0,0,0,0,0,0,0,0,0,0,0,0,0,0,0,1,0,0,0,0,0,0,4,0,0,0,0,0,0,0,0,0,1,0,0,0,0,1,0,0,0,0,0,0,0,0
syn_aggregate_01758,24,2.0,0,1,0,0,0,0,0,0,0,0,1,1,0,0,0,0,0,0,0,0,0,0,0,0,0,0,0,0,0,0,0,0,0,0,0,0,0,0,0,0,0,0,0,0,0,0,0,0,0,0,0,0,0,0,0,0,0,0,0,0,1,0,0,1,0,0,1,0,0
syn_aggregate_01759,19,1.0,1,1,1,1,0,0,0,0,1,0,0,0,0,0,0,0,0,0,0,0,0,0,1,0,0,0,0,0,0,0,0,0,0,0,0,0,0,0,0,0,0,0,0,0,0,0,0,0,0,0,0,0,0,0,0,0,0,0,0,0,1,0,0,1,0,0,0,0,0
syn_aggregate_01760,19,2.0,0,1,0,1,0,0,1,0,0,2,2,2,1,2,2,1,2,1,1,1,1,0,1,0,0,0,0,0,0,0,1,1,0,1,0,0,1,0,0,0,0,0,0,3,0,0,0,0,0,0,0,0,0,0,0,0,0,0,4,0,2,2,0,1,0,0,1,0,0
syn_aggregate_01761,20,1.0,2,2,1,2,1,1,0,0,0,0,0,0,0,0,0,0,0,0,0,0,0,0,0,0,0,0,0,0,0,0,1,0,0,0,0,0,0,1,0,0,0,0,0,0,0,0,0,0,0,0,0,0,0,0,0,0,0,0,0,0,1,1,1,1,1,0,1,1,1
syn_aggregate_01762,18,2.0,1,2,1,1,0,0,0,0,0,0,0,0,0,0,0,0,0,0,0,1,2,1,0,1,2,1,0,0,1,0,1,1,0,0,0,0,0,0,0,0,0,0,0,0,0,0,0,0,3,0,0,0,0,0,0,0,0,0,2,0,2,2,0,1,1,1,2,1,1
syn_aggregate_01763,19,1.0,0,0,0,0,0,0,0,0,0,1,1,1,0,1,0,1,0,0,0,0,0,0,0,0,0,0,0,3,0,0,1,0,0,0,0,0,0,0,0,0,0,0,0,0,0,0,0,0,0,0,0,0,0,0,1,0,0,0,0,0,0,0,0,0,0,4,0,0,0
syn_aggregate_01764,18,2.0,3,3,2,3,1,0,0,0,0,2,2,1,1,2,2,1,1,1,2,2,2,1,2,1,1,1,1,1,2,1,2,2,1,1,1,1,2,1,2,2,3,2,3,2,3,2,2,2,2,0,0,0,0,0,0,0,0,0,4,1,4,4,2,4,3,2,3,3,2
syn_aggregate_01765,19,1.0,3,3,2,3,0,0,0,0,0,1,1,1,0,1,0,0,1,0,0,1,2,1,1,1,1,2,0,0,0,1,1,1,1,1,1,1,1,1,1,1,1,0,1,1,1,0,1,1,3,0,0,0,0,0,0,1,0,0,0,0,2,1,0,2,0,0,1,2,0
syn_aggregate_01766,18,2.0,2,3,2,3,2,2,2,0,1,0,1,0,0,0,0,0,0,0,0,2,2,1,1,1,1,2,0,1,1,1,3,2,2,3,2,2,2,2,1,2,1,1,2,0,0,0,0,1,0,1,1,1,1,1,1,0,1,1,1,1,3,2,1,2,2,1,2,2,1
syn_aggregate_01767,26,2.0,2,2,2,2,1,1,0,0,0,0,0,0,0,4,0,0,0,0,0,2,3,2,2,2,3,2,2,2,1,0,1,0,0,1,0,1,0,1,0,1,0,0,0,0,0,0,0,0,0,1,1,0,1,0,1,1,0,0,1,0,2,1,0,1,0,1,1,2,1
syn_aggregate_01768,18,2.0,2,2,1,1,1,1,1,0,0,2,3,3,2,2,2,2,2,2,1,1,2,1,1,1,1,1,1,1,1,0,0,0,0,0,0,0,0,2,0,2,1,1,2,1,1,0,0,1,1,0,0,0,0,0,0,0,4,0,0,0,1,0,0,0,0,0,1,0,0
syn_aggregate_01769,19,1.0,1,1,2,2,0,0,0,0,0,0,0,0,0,0,0,0,0,0,4,1,1,1,1,1,1,1,2,1,1,1,2,1,1,2,1,1,1,1,1,2,2,2,2,1,1,1,1,1,2,2,2,2,1,1,2,1,1,1,2,0,2,1,0,2,0,0,1,1,0
syn_aggregate_01770,22,2.0,1,2,0,1,0,0,1,0,0,0,0,0,0,0,0,0,0,0,0,0,0,0,0,0,0,0,0,0,4,0,0,0,0,0,0,0,0,0,0,0,0,0,0,0,0,0,0,0,1,0,0,0,0,0,0,0,0,0,0,0,0,0,0,0,0,0,0,0,2
syn_aggregate_01771,44,2.0,1,2,1,1,0,1,1,0,0,0,0,0,0,0,0,0,0,0,0,0,0,0,0,0,4,0,0,0,0,1,2,2,1,1,1,1,1,1,1,1,1,0,2,1,1,0,1,1,0,0,0,0,0,0,0,0,1,0,1,0,1,1,0,1,0,0,0,0,0
syn_aggregate_01772,18,2.0,0,1,0,0,0,0,0,0,0,0,1,0,0,0,0,0,1,0,1,0,1,0,0,0,0,0,0,0,0,0,0,0,0,0,0,0,0,0,0,0,0,0,0,0,0,0,0,0,1,0,0,1,0,0,0,0,1,0,0,0,1,0,0,0,0,0,0,1,0
syn_aggregate_01773,51,2.0,1,2,1,1,0,0,0,0,0,0,0,0,0,0,0,0,0,0,2,1,1,0,1,0,1,0,1,1,1,0,1,1,0,1,1,1,0,0,0,0,0,0,0,1,0,0,0,0,0,1,1,1,0,1,1,0,1,0,0,1,2,2,0,2,0,0,2,1,0
syn_aggregate_01774,19,2.0,1,2,2,1,1,1,0,0,0,0,1,0,0,0,0,0,0,1,0,0,0,1,1,0,0,0,0,0,0,0,1,0,0,1,0,0,1,0,0,1,0,0,1,0,0,0,0,0,0,0,0,0,0,0,0,0,0,0,0,0,1,1,0,0,0,0,0,0,0
syn_aggregate_01775,50,2.0,2,3,2,2,1,1,1,0,0,2,1,2,1,1,2,1,1,0,0,0,0,0,0,0,0,0,0,0,3,0,0,0,0,0,0,0,0,0,1,0,0,0,0,0,0,0,0,0,1,0,0,0,0,0,0,0,3,0,0,0,1,0,0,1,0,0,0,0,0
syn_aggregate_01776,22,2.0,2,2,1,1,0,0,0,0,0,0,0,0,0,0,0,0,0,0,0,1,2,1,1,1,1,1,0,2,1,0,0,0,0,0,0,0,0,0,0,0,0,0,0,0,0,0,0,0,1,0,0,0,0,0,0,0,0,0,0,0,1,0,0,0,0,0,0,0,0
syn_aggregate_01777,20,1.0,2,2,1,1,1,1,0,0,0,1,1,1,1,1,0,0,0,0,1,1,2,1,1,1,1,2,1,1,1,1,2,1,0,1,1,1,1,1,0,0,0,0,0,1,0,0,0,2,0,1,1,1,1,1,2,2,1,1,1,0,2,2,0,2,1,1,2,0,0
syn_aggregate_01778,19,2.0,0,0,0,0,0,0,0,0,0,0,0,0,0,0,0,0,0,0,0,0,0,0,0,0,0,0,0,0,0,0,0,0,0,0,0,0,0,0,0,0,0,0,0,0,0,0,0,0,0,0,0,0,0,0,0,0,0,0,0,0,0,0,0,0,0,0,0,0,0
syn_aggregate_01779,23,2.0,1,2,1,1,0,0,1,0,0,1,2,1,1,1,0,0,0,1,0,0,1,0,0,1,0,0,0,1,0,1,2,1,1,1,1,1,1,2,0,0,0,0,1,0,0,0,0,0,2,1,1,1,1,0,0,0,0,0,0,0,1,1,0,1,1,2,1,2,2
syn_aggregate_01780,28,2.0,1,0,0,0,0,0,0,0,0,0,0,0,0,0,0,0,0,0,0,0,0,0,0,0,0,0,0,0,0,0,1,1,0,1,1,0,1,0,0,0,0,0,0,0,0,0,0,0,0,0,0,0,0,0,0,0,0,0,0,0,0,0,0,0,0,0,0,0,0
syn_aggregate_01781,19,1.0,2,2,2,0,0,0,2,0,0,0,0,0,0,0,0,0,0,0,0,0,0,0,0,0,0,0,0,0,2,0,1,1,0,1,0,1,1,0,0,0,0,0,0,0,0,0,0,0,4,0,0,0,0,0,1,0,0,0,0,0,0,0,0,0,0,0,0,0,0
syn_aggregate_01782,18,2.0,1,2,1,1,1,1,0,0,0,1,2,2,1,1,1,1,1,1,1,1,1,1,1,0,1,0,0,0,1,0,2,1,0,1,0,1,1,1,0,0,0,0,0,0,0,0,0,3,0,1,2,1,1,1,1,1,1,1,1,0,1,1,0,1,0,1,1,1,0
syn_aggregate_01783,20,1.0,1,1,1,1,1,0,1,0,1,0,1,0,0,0,0,0,0,0,0,1,1,1,1,1,0,0,1,1,1,0,0,0,0,0,0,0,0,0,1,0,1,0,0,1,0,0,1,0,0,0,0,0,0,0,0,0,0,4,0,0,1,0,0,0,0,0,0,0,0
syn_aggregate_01784,18,1.0,1,1,1,2,0,0,0,0,0,0,1,0,0,0,0,0,0,0,0,1,1,0,1,0,1,1,0,1,0,0,2,1,1,1,0,1,1,0,0,2,1,1,2,1,1,1,1,1,2,0,0,0,1,0,0,0,0,1,0,4,4,4,3,4,3,3,3,3,3
syn_aggregate_01785,35,2.0,1,1,1,1,0,0,0,0,0,1,1,1,0,1,1,0,1,0,0,0,0,0,0,0,0,0,0,0,0,0,1,1,0,1,0,1,1,0,1,1,0,0,1,0,0,0,0,0,2,1,1,1,0,1,1,1,0,1,1,0,2,2,0,1,0,0,1,1,1
syn_aggregate_01786,18,2.0,0,1,0,1,0,0,1,0,0,0,0,0,0,0,0,0,0,0,0,0,0,1,0,0,0,0,0,0,0,0,1,0,0,1,0,1,1,0,0,1,0,0,1,1,0,0,0,0,0,0,0,0,0,0,0,0,0,0,0,0,0,1,0,0,0,0,0,1,0
syn_aggregate_01787,36,2.0,0,1,1,1,0,0,0,0,0,1,1,1,1,1,1,1,1,0,1,0,0,0,0,0,0,0,0,1,2,0,1,1,0,0,0,1,1,0,1,1,1,0,1,0,1,0,1,1,0,1,1,1,1,1,0,0,0,0,0,0,1,1,0,1,0,0,1,1,0
syn_aggregate_01788,18,2.0,2,2,1,2,1,0,1,0,0,1,1,1,1,1,1,1,1,1,1,2,2,2,2,2,2,2,2,1,2,0,1,1,0,1,0,1,1,0,0,2,1,1,1,1,1,1,1,1,1,0,0,0,0,0,0,0,0,0,4,1,2,1,1,2,0,0,1,0,0
syn_aggregate_01789,20,1.0,1,1,1,1,0,0,0,0,0,0,0,0,0,0,0,0,0,0,0,0,0,0,0,0,0,0,0,0,0,0,0,0,0,0,0,0,0,0,0,1,0,0,1,0,0,0,0,1,0,0,0,0,0,0,0,0,0,0,0,0,1,0,0,0,0,0,0,0,0
syn_aggregate_01790,20,2.0,2,2,1,2,0,2,0,0,0,1,1,1,0,1,1,1,0,0,0,1,1,1,1,1,1,0,1,1,0,1,1,1,1,1,1,1,1,1,2,0,0,0,0,0,0,0,0,0,4,1,1,1,1,0,0,0,0,0,0,1,3,2,1,2,1,2,2,2,2
syn_aggregate_01791,22,2.0,0,0,0,0,0,0,0,0,0,0,0,0,0,0,0,0,0,0,1,0,0,0,0,0,0,0,0,0,0,0,0,0,0,0,0,0,0,0,0,0,0,0,0,0,0,0,0,0,0,0,0,0,0,0,0,0,0,0,0,0,0,0,0,0,0,0,0,0,0
syn_aggregate_01792,21,2.0,2,2,1,1,0,1,0,0,0,0,0,0,1,0,0,0,1,0,0,1,1,1,1,1,0,0,0,0,0,2,3,2,2,2,3,2,2,2,3,0,0,0,0,0,0,0,0,0,1,0,0,0,0,0,0,0,0,0,0,0,1,1,0,1,0,0,1,0,0
syn_aggregate_01793,19,2.0,1,1,1,1,0,0,0,0,0,0,0,0,0,0,0,0,0,0,0,0,0,0,0,0,0,0,0,0,0,0,0,0,0,0,0,0,0,1,0,0,0,0,0,0,0,0,0,0,0,0,0,0,0,0,0,0,0,0,0,0,0,0,0,0,0,0,0,0,2
syn_aggregate_01794,19,1.0,2,2,1,1,0,1,0,0,0,0,0,0,0,0,0,0,0,0,0,2,2,2,2,2,2,2,2,2,2,0,0,0,4,0,0,0,0,0,0,1,0,0,1,0,0,0,0,0,0,0,0,0,0,0,0,0,3,0,0,0,0,0,0,0,0,0,0,0,3
syn_aggregate_01795,19,1.0,3,3,2,3,2,3,2,0,1,2,2,2,1,1,1,1,1,1,1,0,0,0,0,0,0,0,3,0,0,0,1,1,0,0,0,0,0,0,0,2,1,1,1,1,1,0,0,0,2,1,1,1,0,1,0,0,0,1,0,0,2,1,0,1,1,0,2,2,1
syn_aggregate_01796,21,2.0,1,1,1,1,1,0,0,0,0,0,1,0,0,1,0,0,0,0,0,0,0,0,1,0,0,0,0,0,0,1,2,2,2,2,1,1,1,0,0,2,2,2,2,2,2,2,2,3,2,1,2,1,2,1,2,1,1,1,2,1,2,2,0,2,1,1,2,1,1
syn_aggregate_01797,21,2.0,0,0,0,0,0,0,0,0,0,0,0,0,0,0,0,0,0,0,1,1,1,1,1,1,1,1,1,1,1,0,0,0,0,0,0,0,0,0,0,0,0,0,0,0,0,0,1,0,0,0,0,0,0,0,0,0,0,0,1,0,1,0,0,1,0,0,0,0,0
syn_aggregate_01798,22,2.0,1,2,1,1,0,1,1,0,0,0,0,0,0,0,0,0,0,0,2,1,1,1,1,1,1,1,1,1,2,0,0,0,0,0,0,0,0,0,0,0,1,0,0,0,1,0,0,0,0,0,0,0,0,0,0,0,0,0,0,0,2,0,0,0,0,0,0,0,0
syn_aggregate_01799,49,1.0,1,2,2,2,1,0,0,0,0,2,3,2,2,2,2,2,2,2,1,1,1,1,1,1,1,0,0,0,0,0,1,1,0,1,0,1,0,0,0,2,2,1,2,1,1,1,1,1,1,1,1,1,1,1,2,1,1,1,1,0,1,0,0,1,0,0,0,0,0
syn_aggregate_01800,,2.0,2,3,2,2,1,0,0,0,0,0,0,0,0,0,0,0,0,0,2,0,1,0,0,1,0,0,1,0,0,1,2,2,1,2,1,1,1,1,1,0,0,0,0,0,0,0,0,0,4,0,1,0,0,0,0,0,0,0,0,0,0,0,0,0,0,0,0,0,4
syn_aggregate_01801,40,2.0,1,2,1,2,0,1,0,0,0,1,1,1,0,0,0,0,0,0,0,1,1,1,1,1,1,1,0,1,1,1,1,1,1,1,1,0,0,0,0,2,1,2,2,1,1,0,0,0,1,1,1,1,0,0,1,0,0,0,0,1,2,1,1,1,1,0,1,1,1
syn_aggregate_01802,41,2.0,2,2,0,1,0,0,0,0,0,1,2,1,0,1,1,0,1,2,2,1,1,1,1,1,1,1,1,2,0,1,1,1,1,1,2,1,1,1,1,1,0,0,1,0,0,0,0,0,0,0,1,1,0,0,0,1,0,0,1,0,2,1,0,1,1,0,1,1,1
syn_aggregate_01803,32,1.0,3,3,2,2,1,1,1,0,0,1,1,1,1,2,1,1,1,2,2,3,3,3,3,2,3,3,2,3,2,3,3,3,3,3,3,3,3,2,2,1,1,0,1,0,0,0,0,0,0,0,0,0,0,0,0,0,0,3,0,0,1,1,0,1,0,0,0,0,0
syn_aggregate_01804,21,2.0,1,2,1,1,0,0,0,0,0,0,0,0,0,0,0,0,0,0,1,0,0,0,0,0,0,0,0,0,0,0,0,0,0,0,0,0,0,0,0,0,0,0,0,0,0,0,0,0,0,0,0,1,0,0,0,0,0,0,0,0,0,0,0,0,0,0,0,0,0
syn_aggregate_01805,36,2.0,0,1,0,0,0,0,0,0,0,0,1,0,0,0,0,0,0,0,0,0,0,0,0,0,2,0,0,0,0,0,1,1,0,1,0,1,1,1,0,0,0,0,1,0,0,0,0,0,0,0,0,0,0,0,0,0,0,0,0,0,0,2,0,0,0,0,0,0,0
syn_aggregate_01806,18,1.0,1,1,1,1,0,0,0,0,0,1,1,1,0,1,1,1,0,1,0,1,2,1,2,1,2,1,1,1,2,1,2,2,1,1,1,1,1,1,1,1,1,0,1,0,0,0,0,0,0,0,0,0,0,0,0,2,0,0,0,0,2,2,1,2,1,1,1,1,0
syn_aggregate_01807,22,2.0,2,2,1,2,1,1,1,0,0,1,1,1,0,1,1,1,1,0,0,1,1,1,1,1,1,1,1,1,1,1,2,2,1,1,1,2,1,1,2,0,1,0,0,0,0,0,0,0,0,0,0,0,0,0,0,0,0,0,0,0,1,1,0,1,0,0,1,0,0
syn_aggregate_01808,21,1.0,0,0,0,0,0,0,0,0,0,0,0,1,0,0,0,0,0,0,0,0,1,0,0,0,0,0,1,0,0,1,1,1,1,0,0,1,1,0,0,0,0,0,0,0,0,0,0,1,0,0,0,0,0,0,0,0,0,0,0,0,1,0,0,0,0,0,0,0,0
syn_aggregate_01809,18,2.0,0,1,0,2,1,0,0,0,0,0,0,0,0,0,0,0,0,0,0,1,1,1,1,1,1,1,0,0,1,0,0,0,0,0,0,0,0,0,0,1,0,0,0,0,0,0,0,0,1,0,1,0,0,0,0,0,0,0,0,1,1,1,0,1,1,0,1,1,0
syn_aggregate_01810,18,2.0,1,1,1,1,0,0,0,0,0,0,0,0,0,0,0,0,0,0,2,0,0,0,0,0,0,0,0,0,0,0,0,0,0,0,0,0,0,0,0,1,0,0,1,0,0,0,0,0,0,0,0,0,0,0,0,0,0,0,1,0,1,1,0,0,0,0,0,0,0
syn_aggregate_01811,18,2.0,0,1,0,2,0,0,0,0,0,0,0,0,0,0,0,0,1,0,0,0,0,0,0,0,0,0,0,0,4,0,0,0,0,0,0,0,0,0,0,0,0,0,0,0,1,0,0,0,0,0,0,0,0,0,0,0,0,0,0,0,2,1,0,1,0,0,1,0,1
syn_aggregate_01812,20,2.0,2,2,1,1,0,0,1,0,0,0,0,0,0,0,0,0,0,0,0,1,2,0,1,1,2,0,0,1,1,0,1,1,0,0,0,0,0,0,0,0,0,0,0,0,0,0,0,4,0,0,0,0,0,0,0,0,0,4,0,0,0,0,0,0,0,0,0,1,0
syn_aggregate_01813,18,2.0,1,2,1,1,0,0,0,0,0,0,0,0,0,1,0,0,0,0,3,1,1,1,1,1,1,1,1,1,1,0,1,1,0,1,1,1,1,1,1,0,0,0,0,4,0,0,0,0,0,0,0,0,0,0,0,0,0,0,3,1,2,2,1,2,1,0,2,1,1
syn_aggregate_01814,20,2.0,1,0,0,0,0,0,0,0,0,0,0,0,0,0,0,0,0,0,0,0,0,0,0,0,0,0,0,0,0,0,2,0,0,0,0,0,0,0,0,0,0,0,0,0,0,0,0,0,0,0,0,0,0,0,0,0,0,0,0,0,0,0,0,0,0,0,0,0,0
syn_aggregate_01815,40,1.0,0,1,0,0,0,0,0,0,0,0,1,0,0,0,0,0,0,0,2,0,0,0,0,1,0,0,0,0,0,0,0,0,0,0,0,0,0,0,0,0,0,0,0,0,0,0,0,0,1,0,0,0,0,0,0,0,0,0,0,0,0,0,0,0,0,0,0,0,0
syn_aggregate_01816,22,1.0,3,3,2,3,2,3,2,1,1,0,0,0,0,0,0,0,0,0,4,1,1,1,1,1,1,1,1,1,1,0,1,1,0,1,0,1,1,0,0,2,2,2,2,2,1,1,1,1,0,1,2,1,1,1,2,1,1,1,1,0,1,1,0,2,0,0,1,1,0
syn_aggregate_01817,18,2.0,2,2,1,1,1,1,1,0,0,0,0,1,0,0,0,0,0,0,0,0,0,0,0,0,0,0,0,0,3,0,1,0,0,0,0,0,0,0,0,0,0,0,0,0,0,0,0,0,0,1,1,1,1,1,0,0,0,0,0,0,0,1,0,0,0,0,0,0,0
syn_aggregate_01818,25,2.0,0,1,0,0,0,0,0,0,1,0,1,0,0,1,0,0,0,0,0,1,1,0,1,0,1,0,1,1,0,0,2,1,0,1,0,1,1,1,0,0,0,0,0,0,0,0,0,0,3,0,0,0,0,0,0,0,0,0,3,0,2,2,0,2,1,1,2,1,1
syn_aggregate_01819,20,2.0,0,1,0,1,1,0,1,0,0,0,0,0,0,0,0,0,0,0,2,0,0,0,0,0,0,0,0,0,0,0,0,0,0,0,0,0,2,0,0,0,0,0,0,0,0,0,0,0,1,0,0,0,0,0,0,0,0,0,0,0,1,0,0,0,0,1,1,0,0
syn_aggregate_01820,40,1.0,2,2,1,2,1,0,1,0,0,0,0,0,0,0,0,0,0,0,3,0,1,0,0,0,1,0,0,0,0,0,1,0,0,1,0,1,0,0,1,1,0,0,1,0,0,0,0,0,0,0,1,0,0,0,0,0,0,0,0,0,0,0,0,0,0,0,0,3,0
syn_aggregate_01821,21,2.0,2,3,1,2,1,2,1,0,0,1,2,1,0,1,0,0,1,1,0,1,2,1,1,1,2,1,1,1,1,3,4,4,3,3,3,3,3,3,3,2,1,1,1,1,1,1,1,0,1,1,1,1,1,1,1,1,1,1,1,1,2,2,1,2,2,1,2,2,2
syn_aggregate_01822,30,2.0,0,1,0,1,0,0,0,0,0,0,0,0,0,0,0,0,0,2,0,0,0,0,0,0,0,0,0,0,2,0,0,0,0,0,0,0,0,0,0,0,0,0,0,0,0,0,0,0,2,1,1,1,1,1,1,1,0,0,0,0,1,1,0,1,0,0,1,0,0
syn_aggregate_01823,22,1.0,1,2,0,1,0,1,0,0,0,0,0,0,0,0,0,0,0,1,0,0,0,0,0,0,0,0,0,0,2,0,0,0,0,1,0,0,1,0,0,0,0,0,0,0,0,0,0,0,2,0,0,0,0,1,0,0,0,0,0,0,0,0,0,0,0,0,0,0,0
syn_aggregate_01824,19,2.0,2,2,2,2,0,1,0,0,0,0,1,1,0,0,0,0,0,0,0,0,0,0,0,0,0,0,2,0,0,1,2,1,1,1,2,2,1,1,2,1,0,0,1,1,0,0,0,0,1,0,0,0,0,0,0,0,0,0,4,0,1,1,0,1,0,0,0,0,0
syn_aggregate_01825,50,2.0,3,3,3,3,2,2,2,1,0,2,2,2,1,2,2,1,2,1,1,4,4,4,4,4,3,3,3,3,0,3,4,4,3,3,3,3,3,3,1,2,2,2,3,1,2,2,1,2,2,2,3,2,2,2,2,3,2,1,3,0,2,2,0,3,1,2,2,3,3
syn_aggregate_01826,35,2.0,1,1,0,0,0,0,0,0,0,1,1,1,1,1,0,1,0,1,0,1,1,1,1,1,2,1,1,1,1,0,0,0,0,0,0,0,0,0,4,0,0,0,0,0,0,0,0,0,2,1,1,1,1,1,2,1,1,1,1,0,1,1,0,1,1,0,1,1,0
syn_aggregate_01827,20,1.0,0,0,0,0,0,0,0,0,0,0,0,0,0,0,0,0,0,0,0,1,1,1,1,0,0,0,0,0,0,0,0,0,0,0,0,0,0,0,1,0,0,0,0,0,0,0,0,0,0,0,0,1,0,0,0,1,0,1,0,0,0,0,0,0,0,0,0,0,0
syn_aggregate_01828,18,2.0,1,1,0,0,0,1,0,0,0,0,1,1,0,0,1,0,0,1,0,0,0,0,0,0,1,0,0,0,0,1,1,1,1,1,0,0,1,0,0,0,0,0,0,1,1,0,0,0,0,0,1,0,0,1,0,0,1,0,1,0,2,1,0,2,0,0,2,1,1
syn_aggregate_01829,19,1.0,1,1,0,1,0,0,1,0,0,0,0,0,0,0,0,1,0,0,0,1,1,0,2,0,1,0,0,1,1,0,0,0,0,0,0,0,0,3,0,0,0,0,0,0,0,0,0,0,0,0,0,0,0,0,1,0,0,1,0,0,1,1,0,0,0,0,0,0,0
syn_aggregate_01830,19,2.0,2,2,1,2,1,1,1,0,0,0,0,0,0,0,0,0,0,0,1,2,1,1,1,1,2,1,1,1,2,0,2,1,1,2,1,1,2,1,2,0,0,0,0,0,0,0,0,0,1,1,1,0,1,1,0,0,0,0,0,0,1,1,0,1,0,0,1,1,0
syn_aggregate_01831,19,2.0,1,1,1,1,0,0,0,0,0,0,0,0,0,0,0,0,0,0,0,0,0,0,0,0,0,0,0,0,4,1,1,1,1,0,0,0,1,0,0,0,0,0,0,0,0,0,0,1,0,0,0,0,0,0,0,0,0,0,3,1,0,0,0,4,0,0,0,0,0
syn_aggregate_01832,35,2.0,1,1,0,1,0,1,1,0,0,0,0,0,0,0,0,0,0,0,0,0,0,0,0,0,0,0,0,0,4,0,0,0,0,0,0,0,0,0,4,0,0,0,0,0,0,0,0,0,0,0,1,0,0,0,0,0,0,0,0,0,2,1,0,1,0,0,1,0,0
syn_aggregate_01833,27,2.0,2,2,1,1,1,0,1,0,0,1,1,1,1,1,0,0,0,0,1,2,2,2,2,1,2,1,1,1,1,0,1,0,0,0,1,0,0,0,0,1,1,1,1,1,0,0,0,0,0,1,2,1,1,1,1,2,1,1,1,0,1,1,0,1,0,0,1,0,0
syn_aggregate_01834,19,2.0,3,3,2,2,1,2,1,0,0,1,1,1,1,1,1,0,0,1,1,0,0,0,0,0,0,0,0,1,3,1,2,1,1,1,0,1,1,1,0,1,0,0,1,0,0,0,0,1,0,1,1,1,0,1,1,1,1,1,1,0,3,2,1,3,2,2,2,2,0
syn_aggregate_01835,18,2.0,1,1,0,0,0,0,0,0,0,0,0,0,0,0,0,0,0,0,0,0,0,0,0,0,4,0,0,0,0,0,0,0,0,0,4,0,0,0,0,0,0,0,0,0,0,0,0,0,0,0,0,0,0,0,0,0,0,1,0,0,0,0,0,0,0,0,0,0,0
syn_aggregate_01836,19,2.0,1,2,1,1,0,1,1,0,0,1,1,1,1,1,1,1,1,1,1,0,0,0,0,1,0,0,0,0,0,1,2,2,1,1,1,1,1,1,1,0,0,0,0,0,0,0,0,0,4,1,1,2,0,1,2,1,1,1,0,0,2,1,0,1,0,0,0,0,0
syn_aggregate_01837,18,2.0,2,2,1,1,0,2,0,0,0,1,1,1,0,1,1,0,1,1,0,2,2,2,3,2,2,1,1,1,3,2,3,3,2,2,2,2,2,2,0,0,0,0,1,0,0,0,0,0,0,0,0,0,0,0,1,0,0,0,0,1,2,2,1,2,2,1,2,1,3
syn_aggregate_01838,21,2.0,0,1,0,1,0,0,0,0,0,0,0,1,0,0,0,0,0,1,0,1,2,1,1,0,2,1,1,1,2,0,0,0,0,0,0,0,0,0,0,0,0,0,1,0,0,0,0,0,0,0,1,1,0,1,1,1,0,1,2,0,1,1,0,1,0,0,1,1,0
syn_aggregate_01839,18,2.0,2,2,1,1,0,1,0,0,0,0,0,0,0,0,1,0,0,0,0,1,1,1,1,0,1,0,0,0,0,0,1,1,0,1,0,0,1,0,0,0,0,0,0,0,0,0,0,0,0,0,0,0,0,0,0,0,0,2,0,0,0,0,0,0,0,2,0,0,0
syn_aggregate_01840,22,2.0,1,2,1,1,1,1,0,0,0,0,0,0,0,0,0,0,0,0,4,1,1,1,1,1,1,1,0,0,0,0,1,0,0,0,0,0,1,0,0,0,0,0,0,0,0,0,0,0,4,1,2,1,1,1,1,1,1,1,1,0,0,0,0,0,0,0,1,0,0
syn_aggregate_01841,18,1.0,1,1,0,0,0,0,0,0,0,0,1,0,0,0,0,0,0,0,0,2,3,1,1,1,1,1,0,0,0,1,3,2,2,2,1,2,2,2,0,0,0,0,0,0,0,0,0,0,1,0,0,0,0,0,0,0,0,0,0,0,1,1,0,1,0,0,0,0,0
syn_aggregate_01842,34,2.0,3,3,2,2,1,1,1,0,0,0,0,0,0,0,0,0,0,0,4,1,2,1,1,1,2,0,1,1,2,0,2,1,1,1,1,1,0,0,0,0,0,0,0,0,0,0,0,0,0,0,0,0,0,0,1,0,0,0,0,0,1,1,0,1,0,0,1,1,1
syn_aggregate_01843,34,2.0,2,2,1,1,1,1,0,0,0,0,1,1,0,1,0,0,1,1,1,1,1,1,0,1,1,0,1,0,2,2,2,2,2,2,1,1,2,2,1,0,0,0,0,0,0,0,0,0,4,1,1,1,1,1,0,1,1,0,1,1,2,2,1,2,1,1,1,2,1
syn_aggregate_01844,43,2.0,2,1,1,1,1,0,0,0,0,0,0,0,0,0,0,0,0,0,0,0,0,0,0,0,0,0,0,0,0,0,0,0,0,0,2,0,0,0,0,0,0,0,0,0,0,0,0,0,0,0,0,0,0,0,0,0,0,2,0,0,0,0,0,0,0,0,0,0,0
syn_aggregate_01845,21,2.0,1,1,0,1,0,0,0,0,0,0,0,0,0,0,0,0,0,0,2,1,1,1,2,1,1,2,1,1,1,0,0,1,0,0,0,0,0,0,1,1,0,0,0,0,0,0,0,0,0,0,0,0,0,0,0,0,2,0,0,0,2,2,0,1,1,1,1,1,0
syn_aggregate_01846,22,2.0,1,2,1,1,0,0,0,0,1,0,0,0,0,0,0,0,0,0,0,2,2,2,2,1,2,1,2,1,3,0,1,0,0,0,0,0,0,1,0,0,0,0,0,1,0,1,0,0,0,0,0,0,0,0,0,0,0,1,0,0,1,0,0,0,3,0,0,0,0
syn_aggregate_01847,44,2.0,2,2,1,1,0,1,0,0,0,0,1,1,0,0,0,0,0,0,0,1,2,1,2,1,2,1,1,1,2,0,0,0,0,0,2,0,0,0,0,1,2,1,1,1,1,0,1,1,0,1,1,1,1,1,1,1,1,1,1,0,2,2,0,2,1,1,2,1,1
syn_aggregate_01848,18,2.0,0,0,1,0,0,0,0,0,0,0,0,1,0,0,0,1,0,0,0,1,1,1,1,0,1,1,0,0,1,0,0,0,0,0,0,2,0,0,0,0,0,0,0,0,0,0,0,0,0,0,0,0,0,0,1,0,0,0,1,0,2,1,0,2,0,0,1,1,0
syn_aggregate_01849,22,2.0,0,1,1,1,1,0,1,0,0,0,1,0,0,0,0,0,0,0,0,1,1,0,1,0,1,0,1,0,0,1,1,1,0,1,0,1,1,0,0,0,0,0,0,1,0,0,0,0,0,0,0,0,0,0,1,0,0,0,0,0,1,0,0,0,0,0,0,0,0
syn_aggregate_01850,22,2.0,2,2,1,2,0,1,1,0,0,0,1,1,0,1,0,0,0,1,2,3,3,2,3,3,3,3,2,2,3,1,2,2,1,2,1,1,1,1,2,0,0,0,1,0,0,0,0,0,0,0,0,0,0,0,1,0,0,0,0,0,2,2,0,2,1,1,2,1,1
syn_aggregate_01851,30,2.0,1,1,0,1,0,1,1,0,0,0,0,0,0,0,0,0,0,0,0,0,0,0,1,0,0,0,0,1,0,0,0,0,0,0,0,0,0,0,1,0,0,0,0,0,0,0,0,0,1,0,0,0,0,0,0,0,0,0,0,0,0,0,0,0,0,0,0,0,0
syn_aggregate_01852,49,2.0,2,2,2,2,2,2,1,1,0,2,3,2,1,2,2,1,2,2,2,2,1,1,2,1,2,1,1,1,1,1,2,2,1,1,1,1,0,1,0,2,1,1,2,1,0,0,1,1,1,2,2,2,2,1,2,1,1,1,2,1,3,3,1,3,2,2,2,2,2
syn_aggregate_01853,18,2.0,2,2,1,1,0,1,0,0,0,0,0,0,0,1,0,0,0,0,0,3,2,2,3,2,3,2,2,2,3,1,1,1,1,1,0,0,0,0,1,2,1,2,2,1,1,1,1,1,1,1,2,1,1,1,1,2,1,1,2,0,3,3,1,3,2,2,2,2,1
syn_aggregate_01854,21,1.0,2,2,2,2,1,0,0,0,0,0,0,0,0,0,0,0,0,0,1,1,0,0,0,0,0,0,0,2,0,0,1,1,1,1,1,1,2,2,1,1,1,1,1,0,0,0,0,0,1,1,2,1,1,1,2,1,1,1,0,0,2,1,0,2,1,0,1,1,0
syn_aggregate_01855,19,2.0,1,2,1,1,0,0,0,1,1,2,2,2,2,2,2,1,2,2,0,4,4,3,4,3,4,3,3,2,3,0,0,0,0,0,0,0,0,0,4,4,4,4,4,4,4,4,3,4,4,3,3,3,3,2,3,2,2,2,1,2,3,3,2,3,2,2,3,2,4
syn_aggregate_01856,22,1.0,2,2,1,1,0,0,0,0,0,0,0,0,0,0,0,0,0,0,1,0,0,0,0,0,0,0,0,0,4,0,1,0,0,0,0,0,1,0,0,0,0,1,0,0,1,0,0,0,1,2,1,1,0,0,1,1,0,1,0,0,1,1,0,0,0,0,0,0,0
syn_aggregate_01857,22,1.0,1,2,1,2,0,0,0,0,0,1,1,0,0,0,0,0,0,0,4,1,1,1,1,0,1,1,0,0,0,1,1,1,1,1,1,1,1,2,0,0,0,0,0,1,0,0,1,0,0,1,2,1,1,2,2,1,1,2,2,0,1,1,0,1,0,0,0,0,0
syn_aggregate_01858,48,1.0,1,1,0,0,0,0,0,0,0,0,1,0,0,0,0,0,0,0,0,0,0,0,0,0,1,0,0,0,0,0,1,0,0,0,0,1,0,0,0,0,0,0,0,0,0,0,0,0,0,0,0,0,1,0,0,0,0,0,2,0,1,0,0,1,0,0,1,0,0
syn_aggregate_01859,22,2.0,0,1,0,0,0,0,0,0,0,0,0,0,0,0,0,0,0,0,0,0,0,0,0,0,0,0,0,0,0,0,0,0,0,0,0,0,0,0,2,1,1,1,1,0,1,0,0,0,0,0,0,0,0,0,1,1,0,0,1,0,1,0,0,0,0,0,1,0,0
syn_aggregate_01860,35,1.0,1,2,1,1,1,1,0,0,0,0,0,0,0,0,0,0,0,0,1,0,0,0,0,0,0,0,0,3,0,0,1,1,0,1,0,0,1,1,1,2,2,1,2,1,1,1,0,1,1,1,1,1,0,0,1,0,0,0,0,0,1,1,0,1,0,0,1,0,0
syn_aggregate_01861,18,2.0,1,2,0,1,0,2,0,0,0,0,0,1,0,0,0,0,0,1,0,0,0,0,0,0,0,0,0,0,3,0,1,1,0,1,1,1,1,1,1,0,0,0,0,2,0,0,0,0,0,0,0,0,0,0,0,0,0,4,0,2,2,2,1,2,0,0,1,1,1
syn_aggregate_01862,25,2.0,2,2,1,1,1,1,1,0,0,1,1,1,0,1,1,0,1,1,1,1,2,1,2,1,2,1,1,1,3,0,1,0,0,1,0,1,0,1,0,1,1,0,1,0,1,1,0,1,0,1,1,1,1,1,1,1,0,1,1,0,1,1,0,1,0,0,1,1,0
syn_aggregate_01863,19,2.0,1,2,0,1,1,0,1,0,0,0,0,0,0,0,0,0,0,0,4,0,1,1,0,1,1,2,1,0,0,0,1,0,0,0,0,0,0,0,0,0,0,0,0,0,0,0,0,0,0,0,0,0,0,0,0,0,0,3,0,0,2,1,0,1,0,0,1,1,0
syn_aggregate_01864,40,1.0,1,2,1,1,0,1,1,0,0,1,1,0,0,1,0,0,0,1,0,2,3,2,2,2,2,2,3,2,2,0,1,1,0,1,0,1,1,1,0,1,1,0,1,0,0,0,1,0,2,2,2,1,1,1,2,1,1,1,1,0,2,1,0,2,0,0,1,1,0
syn_aggregate_01865,43,1.0,1,2,1,2,1,1,1,0,0,1,1,1,0,1,1,0,1,1,0,2,2,2,2,2,2,2,2,1,1,0,0,0,0,0,0,0,0,0,4,2,1,1,2,1,1,0,1,1,2,0,0,0,0,0,0,3,0,0,0,0,2,1,0,2,1,0,2,1,1
syn_aggregate_01866,22,1.0,1,2,1,2,0,0,1,0,0,0,0,0,0,0,0,0,0,2,0,1,1,1,0,1,1,0,0,1,1,1,1,1,0,0,0,0,0,0,0,0,0,0,0,0,0,0,0,0,0,0,0,0,0,0,0,0,0,0,4,0,1,1,0,1,0,0,1,1,0
syn_aggregate_01867,20,2.0,0,0,0,0,0,0,0,0,0,0,0,0,0,0,0,0,0,0,0,0,0,0,0,0,0,0,0,0,0,0,0,0,0,0,0,0,0,0,0,0,0,0,0,0,0,0,0,0,0,0,0,0,0,0,0,0,0,0,0,0,0,0,0,0,0,0,0,0,1
syn_aggregate_01868,21,2.0,2,2,1,1,0,0,0,0,0,0,0,0,0,0,3,0,0,0,0,2,2,2,2,2,2,2,2,2,2,0,1,1,1,1,0,1,1,0,0,0,0,1,0,0,0,0,0,0,0,0,0,0,0,0,0,0,2,0,0,1,3,2,1,2,1,1,2,2,2
syn_aggregate_01869,19,2.0,0,3,0,1,0,0,0,0,0,0,0,0,0,0,0,0,0,0,4,0,0,0,0,0,0,0,0,0,3,0,0,0,0,0,0,0,0,0,1,1,0,0,0,0,0,1,0,2,0,0,1,1,0,1,1,1,0,1,0,0,2,0,0,0,0,0,0,0,0
syn_aggregate_01870,26,2.0,2,3,2,3,1,1,0,0,0,1,2,2,1,1,2,1,1,1,2,2,2,2,2,1,1,2,1,2,2,1,2,2,1,2,1,1,2,1,1,0,0,0,0,0,0,0,2,0,0,0,0,0,0,0,0,0,0,0,0,0,2,1,0,2,1,0,1,1,0
syn_aggregate_01871,48,2.0,1,1,1,1,1,0,0,0,0,0,1,0,0,0,0,0,1,1,0,1,0,1,1,0,1,0,0,1,1,0,0,0,0,0,0,0,0,0,1,0,0,0,1,0,0,0,0,0,0,0,0,0,0,0,0,0,0,2,0,0,1,0,0,1,0,0,1,1,1
syn_aggregate_01872,19,2.0,2,2,1,1,0,1,1,0,0,1,2,1,0,1,1,0,1,1,0,1,1,0,1,0,1,1,0,0,0,0,0,1,0,0,0,0,0,0,0,0,0,0,0,0,0,0,0,0,3,1,1,1,1,1,0,0,1,0,1,0,1,0,0,1,0,0,0,0,0
syn_aggregate_01873,18,2.0,1,1,1,1,1,1,0,0,0,0,0,0,0,0,0,0,0,0,3,1,1,1,1,1,1,1,1,1,1,1,2,1,1,1,1,1,2,1,1,1,1,1,1,1,1,0,0,1,1,1,2,2,1,2,2,2,1,2,2,0,1,1,0,2,1,0,1,1,0
syn_aggregate_01874,21,1.0,0,1,0,0,0,0,0,0,0,0,0,0,0,0,0,0,0,0,0,0,0,0,0,0,2,0,0,0,0,0,0,0,1,0,0,0,0,0,0,0,0,0,0,0,1,0,0,0,0,0,0,0,0,0,0,0,0,0,0,0,1,0,0,0,0,0,0,0,0
syn_aggregate_01875,21,2.0,1,2,1,1,0,1,0,0,0,1,2,1,1,2,1,1,1,1,1,0,0,0,0,0,0,0,0,0,0,0,1,1,1,1,0,1,1,1,0,0,0,0,0,0,0,0,0,0,2,0,0,1,0,0,0,0,0,1,0,0,0,0,0,2,0,0,0,0,0
syn_aggregate_01876,33,2.0,1,1,2,2,1,0,0,0,0,0,0,0,0,0,1,0,0,0,0,0,0,0,0,0,0,0,0,0,0,0,0,0,0,0,0,0,0,0,1,0,0,0,0,0,0,0,0,0,0,0,0,0,0,0,0,0,0,0,0,0,0,0,0,1,0,0,0,0,0
syn_aggregate_01877,25,1.0,1,1,2,2,1,1,1,0,0,1,2,1,1,1,2,0,1,1,1,0,0,0,0,0,0,0,0,3,0,0,2,1,1,1,1,2,0,0,0,0,0,0,0,0,0,0,0,1,1,0,0,0,0,0,0,0,0,4,0,0,2,2,0,2,1,1,2,1,0
syn_aggregate_01878,22,2.0,0,1,0,0,0,0,0,0,0,0,0,0,0,0,0,2,0,0,0,0,0,0,0,0,0,0,0,0,4,0,0,0,0,0,0,2,0,0,0,0,0,0,0,1,0,0,0,0,0,0,0,0,0,0,0,0,0,0,1,0,0,0,0,0,0,0,2,0,0
syn_aggregate_01879,18,1.0,2,2,1,1,1,1,1,0,0,0,0,0,0,0,0,0,0,0,4,1,1,1,1,2,1,1,1,1,0,0,0,0,0,0,0,0,0,0,4,1,1,1,1,1,1,1,1,1,1,0,0,0,0,0,0,0,0,0,2,0,2,1,0,2,0,0,1,1,0
syn_aggregate_01880,21,2.0,1,1,0,1,0,0,0,0,0,1,1,1,0,1,0,0,0,1,0,1,1,1,1,0,0,0,0,0,1,0,1,1,0,0,0,0,0,0,0,1,1,0,1,0,0,0,0,0,0,0,0,0,0,1,0,0,0,0,0,2,4,3,2,4,2,2,3,2,2
syn_aggregate_01881,19,2.0,2,2,1,1,0,1,0,0,0,0,0,0,0,0,0,0,0,0,0,0,0,1,0,0,0,0,0,0,0,0,1,0,0,0,0,0,0,0,0,0,1,0,0,0,0,0,0,0,0,0,0,0,0,0,0,0,0,0,3,0,0,0,0,0,0,0,0,0,1
syn_aggregate_01882,19,2.0,3,3,2,2,1,2,1,0,0,0,0,0,0,0,0,0,0,0,4,1,1,1,1,1,1,1,1,1,1,0,1,1,0,0,0,1,0,0,0,1,0,0,0,0,0,0,0,0,1,0,0,0,0,0,0,0,0,0,3,0,1,0,0,0,0,2,0,0,0
syn_aggregate_01883,22,2.0,1,2,1,1,1,0,0,0,0,0,0,0,0,0,0,0,0,0,1,1,1,1,1,1,1,0,0,1,0,0,0,0,0,0,0,0,0,0,0,0,0,0,0,0,0,0,0,0,0,0,0,0,0,0,0,0,1,2,0,1,2,1,0,1,0,0,1,1,2
syn_aggregate_01884,19,2.0,0,1,0,2,0,0,0,0,0,0,0,0,0,0,0,0,0,0,1,1,1,0,1,0,0,0,0,1,0,0,1,0,1,0,0,1,0,0,0,0,0,0,0,0,0,0,0,1,3,1,1,1,0,1,1,0,1,1,1,0,1,0,0,0,0,0,0,0,0
syn_aggregate_01885,20,2.0,3,3,2,3,1,2,2,1,0,2,2,2,1,1,1,1,1,1,1,2,2,1,2,1,1,2,1,1,1,0,0,1,0,0,0,0,0,0,0,1,1,1,1,2,1,1,1,1,1,0,0,0,0,0,0,0,0,4,0,0,1,1,0,1,0,0,1,1,0
syn_aggregate_01886,20,2.0,0,0,0,0,0,0,0,0,0,0,0,0,0,0,0,0,0,0,0,0,0,0,0,0,0,0,0,0,0,0,0,0,0,0,0,0,0,0,0,0,0,0,0,0,0,0,0,0,0,0,0,0,0,0,1,0,0,0,0,0,0,0,0,0,0,0,0,0,0
syn_aggregate_01887,18,1.0,0,0,0,0,0,0,0,0,0,0,0,0,0,0,0,0,1,0,3,0,0,0,0,0,0,0,0,0,1,0,0,0,0,0,0,0,0,0,0,0,0,0,0,0,0,0,0,0,0,0,0,0,0,0,2,0,0,0,0,0,0,0,0,0,0,0,0,0,0
syn_aggregate_01888,31,1.0,2,2,1,2,1,1,1,0,0,0,0,0,0,0,0,0,0,0,2,4,4,4,4,4,4,4,3,3,2,0,2,2,1,1,2,1,2,0,3,1,1,1,1,1,1,1,1,1,1,0,0,0,0,0,0,0,0,4,0,2,4,3,2,3,3,3,3,2,3
syn_aggregate_01889,22,2.0,1,2,1,1,0,1,1,0,0,1,1,1,0,1,1,0,0,1,0,0,0,0,0,0,0,0,0,0,4,2,3,3,2,2,2,3,2,2,2,1,1,0,1,0,0,0,0,1,0,0,1,0,0,0,0,0,0,0,0,0,1,1,0,1,1,0,1,0,1
syn_aggregate_01890,19,1.0,2,2,1,1,0,1,0,0,0,1,1,1,0,1,1,0,1,1,0,0,0,0,0,0,0,0,0,0,0,0,1,0,0,0,0,0,1,0,0,0,0,0,0,0,0,0,0,0,2,0,0,0,0,0,0,0,0,0,3,0,0,0,0,0,0,0,0,0,0
syn_aggregate_01891,18,1.0,2,2,1,1,0,0,1,0,0,0,0,0,0,0,0,0,0,0,0,1,2,1,2,1,1,1,1,1,1,0,0,0,0,0,0,0,0,0,0,2,2,2,2,2,2,2,2,2,2,0,0,0,0,0,0,0,0,0,0,0,0,0,0,0,0,0,0,0,0
syn_aggregate_01892,18,1.0,2,2,1,1,1,1,0,0,0,1,1,1,1,2,0,0,1,0,0,1,1,1,1,1,1,1,1,1,1,0,2,1,1,1,0,1,1,1,1,1,0,0,1,0,0,0,0,0,0,0,0,0,0,0,0,0,0,0,3,0,2,2,0,1,1,1,1,1,1
syn_aggregate_01893,21,2.0,1,2,1,1,0,1,1,0,0,0,0,0,0,0,2,0,0,0,0,1,1,0,0,0,1,0,1,0,0,1,2,2,1,1,1,1,1,1,0,0,0,0,0,0,0,0,0,1,0,0,1,1,0,1,0,1,1,0,1,0,1,1,0,1,0,0,1,0,0
syn_aggregate_01894,18,2.0,1,1,1,1,0,0,0,0,0,0,0,0,0,0,1,0,0,0,0,0,0,0,0,0,0,0,0,0,4,0,0,0,0,0,0,0,0,0,1,0,0,0,0,0,0,0,0,0,0,0,0,0,0,0,0,0,0,1,0,0,1,0,0,1,0,0,1,0,1
syn_aggregate_01895,22,2.0,2,2,1,1,0,1,0,0,0,0,0,0,0,0,0,0,4,0,0,0,0,0,0,0,0,0,0,0,2,0,1,0,0,0,0,0,0,0,0,0,0,0,0,0,0,0,0,0,0,0,0,0,0,0,0,0,1,0,0,1,2,2,0,2,1,0,1,1,0
syn_aggregate_01896,20,2.0,0,0,0,0,0,0,0,0,0,0,0,0,0,0,0,0,0,0,0,0,0,0,0,0,0,0,0,1,0,0,1,0,0,0,0,0,0,0,0,0,0,0,1,0,0,0,0,0,0,0,0,0,0,0,0,0,0,0,0,0,0,0,0,0,0,0,0,0,0
syn_aggregate_01897,18,1.0,1,0,0,0,0,0,0,0,0,0,0,0,0,0,0,0,0,0,4,0,0,0,0,0,0,0,0,0,0,0,0,0,0,0,0,0,2,0,0,0,0,0,0,1,0,0,0,0,0,0,0,0,0,0,0,0,0,0,0,0,1,0,0,1,0,0,0,0,0
syn_aggregate_01898,29,2.0,1,1,1,1,1,0,0,0,0,0,0,0,0,0,0,0,0,0,3,0,0,0,0,0,0,0,0,0,1,0,0,0,0,0,0,0,0,0,0,1,1,1,1,0,0,0,0,1,1,1,1,1,0,1,1,1,0,0,0,0,0,0,0,0,0,0,0,3,0
syn_aggregate_01899,21,2.0,2,2,1,1,1,1,1,0,0,3,4,3,3,3,3,2,3,2,3,1,1,1,1,1,1,1,1,1,1,1,2,2,1,1,1,1,1,2,2,1,1,1,1,0,0,0,0,0,0,1,1,1,1,1,0,0,0,0,1,0,1,0,0,1,0,0,0,0,0
syn_aggregate_01900,20,2.0,2,2,1,2,0,0,0,0,0,0,0,0,0,0,0,0,0,0,1,0,0,0,0,0,0,0,0,0,1,0,0,0,0,0,0,0,0,0,2,0,0,0,0,0,0,0,0,0,0,0,0,0,0,0,0,0,0,1,0,0,1,0,0,0,0,0,0,0,0
syn_aggregate_01901,46,2.0,2,2,1,1,0,0,1,0,0,0,0,0,0,0,0,0,0,0,2,1,2,1,1,1,1,1,1,1,1,2,3,2,2,2,2,2,2,1,1,1,1,0,1,1,1,0,1,0,0,0,0,0,0,0,0,0,0,2,2,1,2,2,1,2,2,1,2,1,2
syn_aggregate_01902,19,2.0,1,1,1,1,1,1,0,0,0,2,2,2,1,2,1,1,2,1,2,0,0,0,0,0,0,0,0,1,0,0,1,0,0,0,0,0,1,1,0,0,0,0,0,0,0,0,0,4,0,1,2,1,1,1,1,1,2,1,0,1,2,1,1,1,0,1,1,1,0
syn_aggregate_01903,29,1.0,2,2,2,2,1,1,0,0,0,0,0,0,0,0,0,0,0,0,1,0,0,0,0,0,0,0,0,0,0,1,2,2,1,1,0,1,1,1,0,1,1,0,1,0,0,0,0,0,0,1,1,1,0,1,1,1,1,1,0,0,2,0,0,0,0,0,0,0,0
syn_aggregate_01904,21,2.0,1,2,1,1,0,0,0,0,0,0,0,0,0,0,0,0,0,3,0,0,0,0,0,0,0,0,0,0,2,0,0,0,0,0,0,0,0,0,3,0,0,0,0,0,1,0,0,0,0,0,0,0,0,0,0,0,0,2,0,0,1,1,0,1,0,0,1,0,0
syn_aggregate_01905,20,2.0,1,1,1,2,1,1,0,0,0,1,1,0,0,1,1,0,1,0,0,0,0,0,0,0,3,0,0,0,0,0,1,0,0,1,0,0,1,0,0,2,1,1,1,1,2,1,1,1,1,0,0,0,0,0,0,1,0,0,1,0,2,2,0,2,1,1,2,1,2
syn_aggregate_01906,18,2.0,2,2,1,1,0,1,0,0,0,1,2,1,0,1,1,1,2,2,0,0,0,0,0,0,0,0,0,0,2,1,2,1,1,1,1,2,2,1,1,1,1,1,1,1,1,0,1,1,2,0,0,0,0,0,0,0,0,1,0,0,0,0,0,1,0,0,0,0,0
syn_aggregate_01907,50,2.0,3,2,2,2,1,1,0,0,0,0,0,0,0,0,0,0,0,0,4,2,2,2,2,1,2,1,1,1,2,0,1,1,0,0,0,1,1,1,0,1,1,0,1,0,0,0,0,0,0,1,2,1,1,1,1,2,1,0,2,0,1,1,0,1,0,0,1,2,1
syn_aggregate_01908,19,1.0,1,0,0,0,0,0,0,0,0,0,0,0,0,0,0,0,0,0,1,1,1,1,1,1,1,1,1,1,1,0,0,0,0,0,0,0,0,0,0,0,0,0,0,0,0,0,0,0,0,1,1,1,0,1,0,0,1,0,1,1,1,1,0,1,0,0,0,0,0
syn_aggregate_01909,43,2.0,1,1,0,1,0,0,0,0,0,0,1,0,0,0,0,0,0,0,0,0,0,1,0,0,0,0,0,0,0,0,0,0,0,0,0,0,0,4,0,0,0,0,0,0,1,0,1,0,0,0,1,0,0,0,0,0,0,0,0,0,0,0,0,4,0,0,0,0,0
syn_aggregate_01910,20,2.0,1,1,1,2,1,1,1,1,0,0,0,0,0,0,0,0,0,0,0,3,3,2,3,2,3,2,2,2,1,0,0,0,0,0,0,0,0,0,2,0,0,0,0,0,0,0,0,0,0,0,0,0,0,0,0,0,0,1,0,0,1,0,0,0,0,0,0,0,0
syn_aggregate_01911,20,2.0,1,2,1,2,0,0,0,0,0,0,0,0,0,0,0,0,0,0,4,2,2,2,2,2,2,2,2,2,2,1,1,1,1,1,0,0,0,0,0,1,1,0,1,1,1,1,0,0,0,0,0,0,0,0,0,0,0,0,4,0,1,1,0,1,0,0,1,1,0
syn_aggregate_01912,19,2.0,1,1,1,1,0,0,0,0,0,0,0,0,0,0,0,0,0,0,0,0,0,0,0,0,0,0,0,0,2,0,0,0,2,0,0,0,0,0,0,1,0,0,1,0,0,0,0,0,1,0,1,0,0,0,0,0,0,0,0,0,2,1,1,2,0,1,0,1,0
syn_aggregate_01913,18,2.0,1,1,0,1,2,0,0,0,0,0,0,0,0,0,0,0,0,0,3,0,0,1,0,0,0,0,0,0,0,0,1,0,0,0,1,0,0,0,0,2,0,0,0,0,0,0,0,0,0,0,0,0,1,0,0,0,0,0,0,0,0,0,0,0,0,1,0,0,0
syn_aggregate_01914,26,1.0,3,3,0,2,2,0,0,0,0,1,1,1,0,0,0,0,0,0,0,0,0,0,0,0,0,0,0,0,3,0,1,1,0,0,0,0,1,0,0,0,0,0,0,0,0,0,0,0,3,0,0,0,0,0,0,0,0,0,0,0,0,0,0,0,4,0,0,0,0
syn_aggregate_01915,34,2.0,1,1,1,1,0,0,1,0,0,0,0,0,0,0,0,0,0,0,1,0,0,0,1,0,0,0,0,0,0,0,1,0,0,0,0,0,0,0,0,0,1,0,0,0,0,0,0,0,0,0,1,0,0,0,1,0,0,0,1,0,1,0,0,1,0,0,0,0,0
syn_aggregate_01916,22,1.0,2,2,1,1,1,0,1,0,0,0,0,0,0,0,0,0,4,0,0,1,1,0,1,1,1,0,1,1,1,1,2,1,1,1,1,1,1,1,1,0,0,0,0,0,0,0,0,0,3,0,0,0,0,0,0,0,0,0,4,0,1,1,0,1,1,0,1,1,1
syn_aggregate_01917,19,2.0,2,2,1,2,1,0,1,0,0,0,0,0,0,0,2,0,0,0,0,1,1,0,1,0,1,1,0,0,0,0,0,0,0,0,0,0,1,2,0,0,1,0,0,1,0,0,0,2,0,0,0,0,0,0,0,0,0,0,0,0,2,2,0,1,0,0,1,0,0
syn_aggregate_01918,19,2.0,0,0,0,0,0,0,0,0,0,0,0,0,0,0,0,0,0,0,0,0,0,0,0,0,0,0,0,0,0,0,0,0,0,0,0,0,0,0,0,0,0,0,0,0,0,0,0,0,0,0,0,0,0,0,0,0,0,0,0,0,1,0,0,0,0,0,0,0,0
syn_aggregate_01919,18,1.0,3,3,1,2,0,0,0,0,0,0,0,1,0,0,0,0,0,0,0,2,2,2,2,2,2,2,2,1,2,1,2,2,1,2,1,2,1,1,1,0,0,0,0,0,0,0,0,0,4,0,0,0,0,0,0,0,2,0,0,0,2,2,0,2,1,1,1,1,0
syn_aggregate_01920,18,2.0,1,0,0,0,0,0,0,0,0,0,1,0,0,0,0,0,0,0,0,0,0,0,0,0,0,0,1,1,2,0,0,0,0,0,0,0,0,0,0,0,0,0,1,0,0,0,0,0,0,0,0,0,0,0,0,0,0,0,1,0,1,0,0,0,0,0,0,0,0
syn_aggregate_01921,19,2.0,2,2,2,2,1,1,0,0,0,0,0,0,0,0,0,0,0,0,2,1,1,1,1,1,1,1,1,1,1,3,4,4,4,4,3,3,3,3,2,0,0,0,1,0,0,0,0,0,1,1,1,1,0,1,1,1,0,1,1,0,2,1,0,1,1,0,2,1,0
syn_aggregate_01922,34,2.0,1,1,1,1,1,0,0,0,0,0,0,0,0,0,0,0,0,1,0,0,0,0,0,0,0,0,0,0,0,0,0,0,0,0,0,0,0,0,3,0,1,0,0,0,0,0,0,1,1,0,0,0,0,0,0,0,0,0,1,0,0,0,0,0,0,0,0,0,0
syn_aggregate_01923,39,2.0,2,2,2,2,1,1,1,0,1,0,0,0,0,0,4,0,0,0,0,1,1,1,0,0,1,1,0,0,0,0,0,0,0,0,0,0,0,4,0,1,1,1,1,0,0,0,0,0,0,2,2,2,2,2,2,2,2,2,2,0,2,2,0,2,0,0,1,0,0
syn_aggregate_01924,19,2.0,3,3,3,3,2,3,2,2,3,0,0,0,0,0,0,0,0,0,4,1,1,1,1,1,1,0,0,1,1,1,2,2,1,2,1,1,2,1,0,0,0,0,0,0,0,0,0,3,0,1,1,1,0,1,1,1,0,1,1,2,2,2,1,2,2,2,2,2,2
syn_aggregate_01925,19,2.0,3,3,2,3,2,3,2,1,0,0,1,0,0,0,0,0,0,4,0,4,4,3,4,3,3,3,3,4,0,2,3,3,2,2,2,2,2,1,0,1,1,1,1,1,0,0,0,1,0,0,0,0,0,0,0,0,0,2,0,0,2,2,0,2,1,1,2,1,1
syn_aggregate_01926,21,2.0,1,2,1,2,0,0,0,0,0,1,1,1,0,1,1,0,1,1,0,2,2,1,1,1,2,1,1,1,1,0,1,1,1,1,0,1,1,0,0,0,0,0,1,0,0,0,0,0,0,0,1,0,0,0,0,0,0,0,0,0,1,1,0,1,1,1,2,1,0
syn_aggregate_01927,19,1.0,2,2,1,1,0,0,0,0,1,0,0,0,0,0,0,0,0,0,1,2,2,2,2,2,2,1,2,1,2,0,1,0,0,0,0,1,0,0,0,1,1,0,1,0,0,0,0,0,0,0,1,0,0,0,0,0,0,0,0,0,2,1,0,1,1,1,2,1,1
syn_aggregate_01928,19,2.0,1,1,2,0,0,0,0,0,0,0,1,0,0,0,0,0,0,0,0,1,1,0,1,0,1,0,0,0,0,0,1,0,0,0,0,0,0,1,0,0,0,0,0,0,0,0,0,0,0,0,2,0,0,0,0,0,0,0,0,0,0,0,0,0,0,0,0,0,4
syn_aggregate_01929,19,2.0,1,2,1,1,0,1,0,0,1,0,0,0,0,3,0,0,0,0,0,2,3,2,2,2,2,2,2,2,3,0,1,1,1,1,0,1,1,1,0,1,1,1,1,0,0,0,0,0,0,0,1,0,0,0,1,0,0,0,0,0,1,1,0,1,0,0,0,1,0
syn_aggregate_01930,45,2.0,2,2,1,1,1,1,1,0,0,4,4,4,3,3,3,2,3,3,2,1,1,1,1,1,1,1,1,1,1,1,2,1,1,1,1,1,1,1,1,1,1,0,0,0,0,0,0,0,0,0,1,0,0,0,0,0,0,0,0,0,2,1,0,1,0,0,0,0,0
syn_aggregate_01931,20,2.0,0,1,0,1,0,0,0,0,0,0,0,0,0,0,0,0,0,2,0,1,1,0,1,0,1,1,0,0,1,0,1,1,0,1,0,0,1,0,0,1,1,1,1,0,1,0,1,0,0,0,0,0,0,0,1,0,0,0,0,0,1,0,0,1,0,0,0,0,0
syn_aggregate_01932,19,2.0,2,3,2,2,1,2,2,1,0,0,0,0,0,0,0,0,0,0,2,3,3,2,2,2,2,2,2,2,2,1,1,1,1,1,1,1,1,1,1,2,1,1,2,1,1,1,0,1,1,0,1,0,0,0,0,0,0,0,1,1,2,2,1,2,1,1,1,1,1
syn_aggregate_01933,19,2.0,1,1,1,1,1,0,0,0,0,1,1,1,0,1,0,1,0,0,0,1,1,1,1,0,1,0,0,0,0,3,3,3,3,2,2,2,2,2,2,1,1,0,1,0,1,0,0,1,0,0,0,0,0,0,1,0,0,0,0,0,2,2,0,1,1,0,1,2,0
syn_aggregate_01934,24,1.0,1,1,1,1,0,0,0,0,0,0,0,0,0,0,0,0,0,0,3,0,1,0,0,0,1,0,0,0,0,0,0,0,0,0,0,0,1,0,0,0,0,0,0,0,1,0,0,0,1,0,0,0,0,0,0,0,0,0,0,0,0,0,0,0,0,0,0,0,0
syn_aggregate_01935,19,2.0,1,2,1,1,0,0,1,0,0,0,0,1,0,0,0,0,0,0,0,0,0,0,0,0,0,0,0,3,0,0,0,0,0,0,0,0,0,0,1,0,0,0,0,0,0,0,0,0,0,0,0,0,0,0,0,0,0,0,0,0,0,0,0,0,0,0,0,0,0
syn_aggregate_01936,21,2.0,1,2,0,1,0,0,1,0,0,0,1,0,0,0,0,0,0,0,0,1,1,1,2,1,1,2,0,1,1,0,0,0,0,0,0,0,0,0,0,1,1,0,0,0,0,0,0,0,0,0,0,0,0,0,0,0,0,0,2,0,0,1,0,0,0,0,0,0,0
syn_aggregate_01937,18,2.0,1,1,0,0,0,0,0,0,0,0,0,0,0,0,0,0,0,0,0,0,0,0,0,0,1,0,0,0,0,0,1,0,0,1,0,0,0,0,0,1,0,0,1,0,0,0,0,0,0,0,0,0,0,0,0,0,0,0,4,0,1,0,0,0,0,0,0,0,0
syn_aggregate_01938,42,2.0,0,0,0,0,0,0,0,0,0,0,0,0,0,0,0,0,0,0,3,0,0,0,0,0,0,0,0,1,2,0,0,0,0,0,0,0,0,0,0,0,0,0,0,0,0,1,0,0,0,0,0,0,0,0,0,0,0,1,0,0,1,1,0,1,1,0,1,1,0
syn_aggregate_01939,22,2.0,1,2,1,1,0,0,0,0,1,0,1,0,0,0,0,0,0,0,0,0,0,0,0,0,1,0,0,0,0,0,0,0,0,0,0,0,0,0,2,0,0,0,0,0,0,0,0,0,0,0,0,0,0,0,0,0,0,0,0,0,1,0,0,1,0,0,1,0,0
syn_aggregate_01940,39,1.0,0,1,0,0,0,0,0,0,0,0,0,0,0,0,0,0,0,0,1,0,0,0,0,0,0,0,0,1,0,1,1,1,1,1,1,0,1,0,1,1,0,0,1,1,0,0,0,0,0,1,1,1,1,1,1,2,1,1,1,0,1,0,0,0,0,0,0,2,0
syn_aggregate_01941,41,2.0,2,2,1,1,1,0,0,0,1,0,0,0,0,0,0,0,0,1,0,1,1,0,1,0,1,1,0,1,1,2,3,2,2,2,2,2,2,1,0,0,0,0,0,0,0,0,0,1,0,0,1,0,0,0,0,0,0,0,1,1,1,1,0,1,1,0,1,1,1
syn_aggregate_01942,32,1.0,1,1,1,0,0,0,0,0,0,0,0,0,0,0,0,0,0,0,0,0,0,0,0,0,0,0,0,2,0,0,0,0,0,0,0,0,0,0,0,0,0,0,0,0,0,0,0,0,0,0,0,0,0,0,0,0,0,0,0,0,0,0,0,0,0,0,0,0,0
syn_aggregate_01943,27,2.0,3,3,2,3,2,3,1,0,0,1,1,1,0,0,0,0,1,1,0,0,0,0,0,0,1,0,0,0,0,0,1,1,1,1,1,1,1,1,0,3,2,2,3,2,2,1,2,2,1,1,1,1,1,1,1,1,1,1,1,0,1,1,0,1,1,0,1,0,1
syn_aggregate_01944,44,2.0,2,2,1,1,1,1,0,0,0,0,0,0,0,0,0,0,0,0,0,0,0,0,1,1,0,0,0,1,1,0,0,0,0,0,0,0,0,4,0,0,0,0,1,0,0,0,0,0,0,0,0,0,0,0,0,0,0,0,2,0,1,1,0,0,0,0,0,0,0
syn_aggregate_01945,36,2.0,2,2,1,1,1,0,1,0,1,0,0,0,0,0,0,0,0,0,4,1,2,0,1,0,1,2,0,0,4,0,1,1,1,1,0,1,1,1,0,2,2,1,2,1,1,1,1,0,1,1,1,1,0,1,1,1,0,1,0,0,0,0,0,0,0,0,0,0,0
syn_aggregate_01946,21,2.0,2,2,1,1,0,1,0,0,0,1,2,1,1,1,1,1,1,2,1,1,2,1,1,1,2,1,1,1,2,1,1,1,1,0,0,0,1,0,1,1,1,1,2,1,1,0,1,1,0,1,2,2,1,2,1,1,1,1,2,0,2,2,0,2,1,1,1,1,1
syn_aggregate_01947,22,2.0,1,1,1,1,0,0,0,0,0,0,0,0,0,0,0,0,0,0,2,1,1,1,1,0,1,0,1,1,0,0,1,0,0,0,0,0,0,1,0,0,0,0,0,0,0,0,0,0,2,0,0,0,0,0,0,1,0,0,0,0,0,0,0,1,0,0,0,0,0
syn_aggregate_01948,18,2.0,1,1,1,1,1,1,0,0,0,1,1,1,1,1,1,0,1,1,1,0,0,0,0,0,0,1,0,0,0,0,1,0,0,1,0,0,0,0,0,0,0,0,0,0,0,0,0,0,0,0,0,0,0,0,0,0,0,0,0,0,1,0,0,0,0,0,0,0,0
syn_aggregate_01949,21,2.0,2,2,1,1,0,1,0,0,0,0,1,0,0,0,1,0,0,2,0,0,0,0,0,0,0,0,0,4,0,0,0,0,0,0,0,1,1,1,0,0,0,0,0,0,0,0,0,0,0,0,0,0,0,0,0,0,0,0,2,0,1,1,0,1,1,0,1,1,1
syn_aggregate_01950,21,1.0,2,3,1,2,1,1,2,0,0,3,3,3,3,3,3,3,2,3,3,2,3,2,3,2,3,2,2,2,2,4,4,4,3,3,4,3,3,3,2,2,1,1,2,1,1,1,0,1,2,0,0,0,0,0,0,0,0,0,4,2,4,4,2,4,3,3,3,3,2
syn_aggregate_01951,20,2.0,1,1,1,1,0,1,0,0,0,0,0,0,0,2,0,0,0,0,0,0,0,0,0,0,1,1,0,0,0,0,0,0,0,0,0,0,0,0,1,0,0,1,1,0,0,0,0,0,0,0,0,0,0,0,0,0,0,0,0,0,1,1,0,1,0,0,1,1,0
syn_aggregate_01952,18,2.0,1,1,1,1,0,0,0,0,0,0,0,0,0,0,0,0,0,0,0,0,0,0,0,0,0,0,0,0,1,0,1,0,0,0,0,0,0,0,0,0,0,0,1,1,0,0,0,0,0,0,0,0,0,0,0,0,0,0,0,0,0,0,0,0,0,0,0,4,0
syn_aggregate_01953,19,2.0,2,1,1,1,0,0,1,0,0,0,0,0,0,0,0,0,0,2,0,4,4,4,4,3,3,3,3,4,2,0,0,0,0,0,0,0,0,0,1,0,0,0,0,0,0,0,0,0,2,1,1,0,0,1,0,1,0,0,2,0,1,1,0,1,0,0,1,0,0
syn_aggregate_01954,19,2.0,0,1,0,1,0,0,1,0,0,0,0,0,0,0,0,0,0,0,0,0,0,0,0,0,0,0,0,0,4,0,0,0,0,0,0,0,0,0,2,1,0,0,0,0,0,0,0,0,0,1,1,1,1,0,1,1,0,0,0,0,1,0,0,1,0,0,1,1,0
syn_aggregate_01955,18,2.0,2,2,1,1,1,1,1,0,0,0,0,0,0,0,0,0,0,0,2,0,0,0,0,0,0,0,0,0,0,0,1,0,0,0,0,0,0,0,0,0,1,0,0,0,0,0,0,0,0,0,0,0,0,0,0,0,0,0,3,0,1,1,0,1,0,0,0,0,0
syn_aggregate_01956,33,2.0,2,2,1,1,0,1,0,0,0,1,1,1,0,1,0,0,1,0,0,1,1,1,1,1,1,1,1,1,1,0,0,0,0,0,0,0,0,0,0,1,1,1,1,1,1,1,1,1,0,0,0,0,0,1,0,0,1,0,0,0,2,2,0,1,1,0,2,1,0
syn_aggregate_01957,20,2.0,2,3,2,2,1,1,0,0,0,0,1,0,0,0,0,0,0,1,0,1,1,0,0,0,0,0,0,0,0,0,0,1,0,0,0,1,0,0,0,0,0,0,0,0,0,0,0,0,3,0,1,0,0,0,0,0,1,0,0,0,4,0,0,0,0,0,0,0,0
syn_aggregate_01958,24,2.0,1,1,1,1,0,1,1,1,0,0,0,0,0,0,0,0,0,0,1,1,1,0,1,1,1,0,0,0,0,0,0,0,0,0,0,1,0,0,0,0,0,0,0,0,0,0,0,0,0,0,0,0,0,0,0,0,0,0,0,0,0,1,0,0,0,0,0,0,2
syn_aggregate_01959,21,2.0,3,3,2,2,1,2,2,0,1,0,0,0,0,0,0,0,2,0,0,1,1,1,1,1,0,0,0,0,0,0,1,1,0,1,0,1,0,0,0,1,1,0,1,0,1,0,0,0,0,1,1,0,1,0,0,1,0,0,0,0,1,1,0,1,0,0,1,1,0
syn_aggregate_01960,19,2.0,2,2,1,1,1,1,0,0,0,0,0,0,0,0,0,0,0,0,0,1,1,1,0,0,1,0,0,1,1,0,0,0,0,0,0,0,0,0,1,0,0,0,0,0,0,0,0,0,0,0,0,0,0,0,0,0,0,0,1,0,0,0,0,0,0,0,0,0,0
syn_aggregate_01961,20,2.0,1,1,0,1,1,0,1,0,0,0,0,1,0,0,0,1,0,0,2,1,1,1,0,1,1,0,1,0,0,0,0,0,0,0,0,2,2,0,0,1,0,0,2,0,0,0,0,0,1,0,0,0,0,0,0,0,0,0,1,0,1,0,0,0,0,0,1,0,0
syn_aggregate_01962,21,1.0,1,1,0,1,0,0,0,0,0,0,0,0,0,0,0,0,0,0,1,0,0,0,0,0,0,0,0,0,0,0,1,1,0,1,0,1,1,0,1,0,0,0,0,0,0,0,0,0,3,0,0,0,0,0,0,0,0,0,0,0,1,1,0,1,0,0,1,0,0
syn_aggregate_01963,31,2.0,2,2,1,1,0,1,1,0,0,3,3,3,3,3,3,3,3,3,2,1,1,1,1,0,1,0,1,0,2,1,2,2,1,2,1,2,1,2,1,1,1,1,1,2,1,2,1,1,2,2,2,2,1,1,1,1,1,1,1,0,2,2,0,2,1,1,2,1,1
syn_aggregate_01964,21,2.0,1,0,0,0,0,0,0,0,0,0,0,0,0,0,0,0,0,0,1,0,0,0,0,0,0,0,0,0,0,0,0,0,0,0,0,0,0,0,0,0,0,0,0,0,0,0,0,0,0,0,0,0,0,0,0,0,0,0,0,0,0,0,0,0,0,0,1,0,0
syn_aggregate_01965,28,2.0,1,2,1,2,0,0,0,0,0,0,0,0,0,0,0,0,0,0,4,2,2,1,2,1,2,2,1,0,2,0,1,1,0,1,1,1,1,1,0,0,0,1,0,0,0,0,0,2,0,0,0,0,0,0,0,0,0,0,2,0,2,0,0,0,0,0,0,0,1
syn_aggregate_01966,19,2.0,2,2,2,2,1,1,0,0,0,0,0,0,0,0,0,0,0,0,1,1,1,1,1,0,0,0,0,0,0,0,0,0,0,0,1,2,0,0,0,0,0,0,0,1,0,2,0,0,0,0,0,0,0,0,0,0,0,0,3,0,2,2,0,2,0,0,1,1,0
syn_aggregate_01967,19,1.0,1,1,1,1,1,1,0,0,0,0,1,0,0,1,0,0,1,0,1,0,0,0,0,0,0,0,0,0,0,0,0,0,0,0,0,0,0,0,3,1,1,0,1,1,0,0,0,1,0,1,1,1,1,1,1,1,1,2,1,0,1,0,0,1,0,0,0,0,0
syn_aggregate_01968,24,1.0,1,1,0,0,0,0,0,0,0,0,0,0,0,0,0,0,0,0,4,0,0,0,0,0,0,0,0,0,1,0,0,0,1,0,0,0,0,0,0,0,0,0,1,0,0,0,0,0,0,0,1,1,0,1,1,0,1,0,0,0,2,0,0,2,0,0,0,0,0
syn_aggregate_01969,19,2.0,2,3,2,2,1,2,1,0,0,2,3,2,3,2,2,2,3,2,1,2,2,1,1,1,1,2,1,1,2,1,1,1,1,1,2,1,1,1,1,1,1,1,1,1,0,0,0,0,0,1,1,0,0,1,1,0,1,1,0,0,1,1,0,1,0,0,1,1,0
syn_aggregate_01970,49,2.0,3,3,2,3,2,3,2,1,0,0,0,0,0,0,0,0,0,0,4,0,0,0,0,0,0,0,0,0,0,1,2,2,1,1,1,2,1,1,1,1,0,0,0,0,0,0,0,0,0,1,1,1,1,1,2,1,1,1,1,0,2,2,0,2,1,1,2,2,0
syn_aggregate_01971,19,1.0,2,2,2,2,1,1,1,0,0,1,1,1,1,1,1,0,0,1,0,0,1,0,1,0,1,0,0,1,0,0,0,0,0,0,0,0,0,2,0,0,0,0,0,0,0,2,0,0,0,1,1,1,1,1,0,0,1,1,1,0,0,0,0,1,0,0,0,0,0
syn_aggregate_01972,34,2.0,2,2,1,1,1,1,0,0,0,0,0,0,0,0,0,0,0,0,0,0,0,0,0,0,0,0,0,0,0,0,0,0,0,0,0,0,0,0,0,0,0,0,0,0,0,0,0,0,0,0,0,0,0,0,0,0,0,0,0,0,1,1,0,1,0,0,1,0,0
syn_aggregate_01973,20,2.0,0,1,0,0,0,0,0,0,0,0,0,0,0,0,0,0,0,1,0,0,1,0,1,1,1,1,0,1,1,0,0,0,0,0,0,0,0,1,1,1,0,0,1,0,0,0,0,0,0,0,1,0,0,2,0,0,0,0,0,0,0,0,0,0,0,0,0,0,0
syn_aggregate_01974,21,2.0,2,2,1,1,1,1,0,0,0,0,1,0,0,0,0,0,0,0,0,1,1,1,1,0,0,0,1,0,0,1,1,1,1,1,0,1,1,1,0,0,0,0,0,0,1,0,0,0,0,0,0,0,0,0,0,0,0,0,1,0,1,0,0,0,0,0,0,0,0
syn_aggregate_01975,21,2.0,1,2,1,1,0,0,0,0,0,0,0,0,0,1,0,0,0,0,0,0,0,0,0,0,0,0,0,2,0,0,0,0,0,0,0,0,0,0,0,0,0,0,0,0,0,0,0,0,1,0,0,0,0,0,0,0,0,1,0,0,0,0,0,0,0,0,0,0,1
syn_aggregate_01976,20,1.0,1,1,1,1,1,1,0,0,0,0,0,0,0,0,0,0,0,0,0,0,0,0,0,0,0,0,0,4,0,1,2,1,1,1,1,1,1,1,1,0,0,0,0,0,0,0,0,0,2,0,0,0,0,1,0,0,0,0,1,0,2,1,0,2,1,1,1,1,0
syn_aggregate_01977,18,2.0,2,2,1,2,0,0,0,0,0,0,0,0,0,0,0,0,0,0,2,0,0,0,0,0,0,0,0,1,1,0,0,0,0,0,0,0,0,0,3,0,0,0,0,0,0,0,0,0,2,0,0,0,0,0,0,0,1,0,0,0,0,0,0,0,0,0,0,0,2
syn_aggregate_01978,19,2.0,1,2,1,1,1,1,1,1,0,0,0,1,0,0,0,0,0,1,0,0,1,0,0,0,0,0,0,0,0,2,3,2,2,3,2,2,2,1,2,1,1,1,1,0,0,0,0,1,1,1,1,1,0,1,1,1,0,1,0,0,2,1,0,1,1,0,1,1,1
syn_aggregate_01979,22,2.0,3,3,3,3,3,3,3,0,1,0,0,0,0,0,0,0,0,3,0,2,2,1,2,1,2,1,1,1,2,0,1,0,0,0,0,0,1,0,0,3,3,3,3,2,2,2,2,2,2,1,1,1,1,1,2,1,1,1,1,0,2,1,1,2,1,1,2,1,1
syn_aggregate_01980,19,2.0,0,1,0,1,0,0,1,0,0,0,0,0,0,0,0,0,0,0,2,0,0,0,0,0,0,0,1,0,0,0,0,0,0,0,0,0,0,0,0,0,0,0,1,0,0,0,0,0,0,0,0,0,0,0,0,0,0,0,0,0,1,0,0,0,0,0,0,0,0
syn_aggregate_01981,19,1.0,2,2,1,1,1,1,0,0,0,0,0,0,0,0,0,0,0,0,0,1,2,1,1,1,2,1,1,1,1,0,1,1,0,1,0,1,1,0,0,0,0,0,0,0,1,0,0,0,0,0,0,0,0,0,3,0,0,0,0,0,0,1,0,0,0,0,1,0,0
syn_aggregate_01982,20,2.0,3,3,1,2,1,1,1,0,0,0,0,0,0,0,0,0,0,0,4,2,2,2,2,2,3,2,2,1,2,0,0,0,0,0,0,0,2,0,0,0,0,0,1,0,0,0,0,0,0,0,0,0,0,0,0,0,0,3,0,0,1,0,0,0,0,0,0,0,0
syn_aggregate_01983,19,2.0,2,2,2,2,1,1,0,0,0,0,0,0,0,0,0,0,0,0,4,1,2,1,1,1,1,1,1,2,1,0,2,1,0,2,0,1,1,1,3,0,0,0,1,0,0,0,0,0,0,0,0,0,0,0,0,0,0,0,0,0,2,1,0,2,0,0,1,1,0
syn_aggregate_01984,18,2.0,2,2,2,2,1,2,1,1,0,0,1,1,0,0,0,0,0,0,0,1,2,0,1,1,2,1,1,0,0,4,4,4,4,4,4,4,4,4,4,0,0,0,0,0,0,0,0,0,1,0,1,0,0,0,0,0,0,0,0,0,2,2,0,2,1,1,1,1,0
syn_aggregate_01985,48,2.0,2,2,1,1,1,1,0,0,0,0,0,0,0,0,0,0,1,0,0,1,2,1,1,1,2,1,1,1,1,0,1,1,1,1,0,1,1,1,0,0,0,0,0,0,0,0,0,0,1,0,0,0,0,0,0,0,0,0,0,0,1,1,0,2,0,0,0,0,0
syn_aggregate_01986,19,1.0,1,2,0,2,0,0,0,0,0,0,1,0,0,0,0,0,1,0,0,4,4,4,4,4,4,4,4,3,4,1,3,3,2,2,2,2,2,1,2,1,0,0,0,0,1,0,0,0,1,2,3,2,2,2,3,2,2,1,3,0,1,1,0,1,0,0,1,0,0
syn_aggregate_01987,20,2.0,1,1,1,1,1,0,0,0,0,0,0,0,0,0,0,0,0,0,0,1,1,0,0,0,1,0,0,0,0,0,0,0,0,0,0,0,0,0,3,0,0,0,0,0,0,0,0,0,2,0,0,0,0,0,0,0,0,0,0,0,0,0,0,0,0,0,0,0,4
syn_aggregate_01988,22,2.0,1,2,0,1,0,0,1,0,0,0,0,0,0,0,0,0,0,0,0,0,0,0,0,0,0,0,0,0,1,0,0,0,0,0,0,0,0,0,0,0,0,0,0,0,0,0,0,0,0,0,0,0,0,0,0,0,0,0,0,0,1,0,0,0,0,0,1,0,0
syn_aggregate_01989,19,1.0,0,0,0,0,0,0,0,0,0,0,0,0,0,0,0,0,0,0,0,0,0,0,0,0,0,0,0,3,0,0,0,0,0,0,0,0,0,0,0,1,0,0,0,0,0,0,0,0,0,0,0,0,0,0,0,0,0,0,0,0,0,0,0,0,0,0,0,0,0
syn_aggregate_01990,46,2.0,2,2,1,0,0,0,0,0,0,0,0,0,0,0,4,0,0,0,0,0,0,0,0,0,1,0,1,0,0,0,0,0,0,0,0,0,0,1,0,0,0,0,0,0,0,0,0,2,0,0,0,0,2,0,0,0,0,0,0,0,2,1,0,1,1,0,1,1,0
syn_aggregate_01991,44,2.0,1,1,1,1,0,0,0,0,0,0,1,0,0,0,0,0,0,0,0,0,0,0,0,0,0,0,0,0,1,0,0,1,0,0,0,0,0,0,0,0,0,0,0,0,0,0,0,0,0,0,0,0,0,0,0,0,0,0,0,0,0,0,0,2,0,0,0,0,0
syn_aggregate_01992,19,2.0,2,3,2,2,1,2,1,0,0,1,1,1,0,1,0,0,1,0,0,0,0,0,0,0,0,0,0,0,0,0,0,0,0,0,0,0,0,2,0,2,0,0,0,0,0,0,0,0,0,1,1,1,1,0,1,1,1,1,1,0,2,1,0,2,0,0,1,1,0
syn_aggregate_01993,22,2.0,1,2,1,2,1,1,1,0,0,2,2,2,1,1,1,1,1,1,2,1,1,0,1,1,1,0,0,0,0,0,0,0,0,0,0,0,0,4,0,2,1,1,2,1,0,0,0,0,0,1,1,1,0,0,1,1,0,0,1,0,2,1,0,1,0,0,2,2,2
syn_aggregate_01994,22,2.0,2,2,1,1,0,1,0,0,0,0,2,0,0,0,0,0,0,0,0,1,1,1,1,1,0,0,0,0,0,0,0,0,0,0,0,0,0,0,0,1,1,0,1,0,0,0,0,0,0,0,0,0,0,0,0,0,0,0,2,0,1,0,0,0,0,0,0,0,3
syn_aggregate_01995,18,2.0,1,2,1,2,1,0,1,0,0,0,0,0,0,0,0,1,0,1,0,3,3,2,3,2,2,2,2,2,2,1,1,1,2,2,1,0,1,2,2,0,0,0,0,0,1,0,0,0,0,0,0,0,0,0,0,0,0,1,0,0,1,0,0,1,0,0,0,0,0
syn_aggregate_01996,20,2.0,1,1,0,1,0,0,0,0,0,0,0,0,0,0,0,0,0,0,0,0,0,0,0,0,0,0,0,0,0,0,0,0,0,0,0,0,0,0,0,0,0,0,0,0,0,0,0,0,0,1,1,1,1,1,1,1,1,1,1,0,0,1,0,0,0,0,0,0,3
syn_aggregate_01997,18,1.0,2,2,1,1,0,1,1,0,0,1,1,1,1,1,1,1,1,1,1,0,1,0,0,0,0,0,0,0,0,0,1,0,0,0,0,0,0,0,0,0,0,0,0,0,0,0,1,2,0,1,1,1,1,1,1,1,1,1,1,0,2,1,0,1,0,0,1,0,1
syn_aggregate_01998,18,1.0,0,1,0,1,0,0,0,1,0,1,2,1,0,1,0,0,1,1,0,0,1,0,0,0,1,0,0,0,0,1,2,1,1,1,1,1,1,1,1,1,1,0,1,1,1,1,1,1,1,0,0,0,0,0,0,0,0,0,3,0,1,0,0,0,0,0,0,0,1
syn_aggregate_01999,20,2.0,3,3,3,3,3,3,2,0,0,1,1,2,1,1,1,1,2,2,1,2,2,2,2,1,2,2,1,2,3,0,1,1,0,1,1,1,1,1,0,1,0,0,0,1,0,0,0,1,0,3,3,3,3,3,3,3,2,2,3,1,2,2,1,2,1,1,2,1,1
syn_aggregate_02000,19,2.0,2,2,1,1,0,0,0,0,0,0,0,0,0,0,0,0,3,0,0,1,1,0,0,0,1,0,1,0,0,0,0,0,0,0,0,0,0,0,0,0,0,0,0,0,0,0,0,0,0,1,1,0,1,1,1,0,0,1,0,0,0,0,0,0,0,0,0,0,0
syn_aggregate_02001,19,1.0,2,2,1,1,0,0,0,0,0,0,0,0,0,0,0,0,4,0,0,0,0,0,0,0,0,0,0,0,1,0,2,1,0,1,0,1,1,1,2,0,0,0,0,0,0,0,0,0,0,1,1,1,1,1,1,1,2,1,1,0,1,0,0,0,0,0,1,0,0
syn_aggregate_02002,19,2.0,1,2,1,1,0,1,1,0,0,0,0,0,0,0,0,0,0,1,0,1,1,0,1,1,1,0,0,0,3,0,0,0,0,0,0,0,0,3,0,0,0,0,0,0,0,0,0,0,0,0,0,0,0,0,0,0,0,0,1,0,0,0,0,0,0,0,0,0,1
syn_aggregate_02003,22,2.0,1,1,1,1,0,0,0,0,0,0,0,0,0,0,0,0,0,0,0,0,0,0,0,0,0,0,0,0,0,0,0,0,0,0,0,0,0,0,2,0,0,0,0,0,0,0,0,0,0,0,0,0,0,0,0,0,0,0,0,0,0,0,0,0,0,0,0,0,0
syn_aggregate_02004,21,2.0,2,1,0,2,0,0,0,0,0,0,0,1,0,0,0,0,0,1,0,1,1,1,1,1,1,1,1,1,1,0,1,1,0,0,0,0,0,0,0,0,0,0,0,0,0,0,0,2,0,0,1,0,0,0,0,0,0,0,0,0,0,0,0,0,0,0,0,0,4
syn_aggregate_02005,38,2.0,2,2,1,1,1,0,0,1,0,0,0,0,0,0,0,0,0,0,0,1,1,1,1,1,1,1,2,1,1,1,2,2,1,1,0,1,1,1,0,1,1,0,1,0,1,0,0,0,1,1,2,1,1,2,1,1,1,1,0,0,1,1,0,1,0,0,1,1,1
syn_aggregate_02006,31,2.0,2,2,1,1,0,0,0,0,0,0,0,0,0,0,0,0,0,0,0,3,3,2,3,2,3,2,3,3,2,1,2,1,1,2,0,1,2,1,1,1,1,1,1,0,0,0,1,0,0,1,2,1,1,1,2,2,1,0,1,0,2,2,0,1,1,0,1,1,0
syn_aggregate_02007,21,2.0,2,2,2,2,1,1,1,0,1,1,1,0,0,0,0,0,0,0,0,2,2,2,1,2,1,1,1,1,2,1,2,2,1,1,1,2,1,1,1,0,0,0,1,0,0,0,0,3,0,1,2,1,1,1,2,1,1,1,1,0,2,1,0,2,1,0,2,1,0
syn_aggregate_02008,22,2.0,1,2,1,1,0,1,0,0,0,0,0,0,0,0,0,0,0,0,4,0,1,0,0,0,0,0,0,0,0,0,1,1,0,0,0,1,0,0,0,0,0,0,0,0,0,0,0,4,0,0,0,0,0,0,0,1,1,0,0,0,1,1,0,1,0,0,1,1,0
syn_aggregate_02009,44,1.0,3,3,2,2,1,0,0,0,0,1,1,1,1,1,1,1,0,0,0,1,1,1,1,1,2,1,1,1,1,1,1,1,1,1,1,1,1,1,1,2,0,0,1,0,0,0,0,0,0,0,0,0,0,0,0,0,0,1,1,0,0,0,0,0,0,0,0,2,0
syn_aggregate_02010,18,2.0,1,1,1,0,0,0,0,0,0,1,1,1,0,1,0,0,1,1,0,1,1,1,1,1,1,1,1,0,0,0,1,1,1,1,0,1,1,1,0,2,2,1,2,2,1,0,1,1,2,1,1,1,0,1,1,1,1,0,0,0,2,2,1,2,1,1,2,2,2
syn_aggregate_02011,40,1.0,3,3,3,3,0,0,0,0,0,0,0,0,0,0,0,0,3,0,0,0,0,0,0,0,1,1,0,0,0,0,1,1,1,1,0,1,1,1,0,2,2,1,2,1,1,0,0,0,2,1,1,1,0,0,1,1,0,0,1,1,2,2,1,2,1,1,2,1,0
syn_aggregate_02012,43,2.0,1,0,0,0,0,0,0,0,0,0,0,0,0,0,0,0,0,0,1,0,0,0,0,0,0,0,0,0,0,0,1,0,0,0,0,0,0,0,0,1,0,0,1,0,0,0,0,1,0,0,0,0,0,0,0,0,0,0,2,0,1,1,0,1,0,0,0,0,0
syn_aggregate_02013,21,2.0,1,2,1,1,1,0,1,0,0,0,0,0,0,0,0,0,0,0,1,1,2,1,1,1,2,2,1,1,1,1,2,2,1,1,1,2,1,1,0,0,0,0,0,0,0,0,0,0,1,0,1,0,1,0,0,0,0,0,0,0,2,1,0,1,1,1,1,0,0
syn_aggregate_02014,22,2.0,1,1,2,2,1,1,0,0,1,1,2,1,0,1,1,0,1,1,2,4,4,4,4,4,4,4,4,4,3,0,1,1,0,1,0,1,1,0,0,1,0,0,1,0,0,0,0,2,0,2,3,2,2,2,3,2,1,2,3,0,2,2,1,2,1,1,2,1,1
syn_aggregate_02015,19,2.0,1,1,1,1,0,0,0,0,0,0,0,0,0,0,0,0,0,0,4,1,1,1,1,1,1,1,1,1,1,0,1,1,0,1,0,0,1,0,0,0,0,0,0,0,0,0,0,0,3,0,0,0,0,0,0,0,0,3,0,0,2,1,0,1,0,0,1,1,0
syn_aggregate_02016,20,2.0,1,0,0,0,0,0,0,0,0,0,0,0,0,0,0,0,0,2,0,0,0,0,0,0,0,0,0,1,0,1,2,1,1,2,1,1,2,1,2,0,0,0,0,0,0,0,0,1,0,2,2,1,2,2,1,1,2,1,2,0,2,2,0,2,1,1,1,1,0
syn_aggregate_02017,43,1.0,2,2,1,1,1,1,1,1,0,3,3,3,2,3,3,2,3,3,3,1,1,1,1,1,1,1,0,0,1,3,3,3,3,2,3,3,2,3,2,2,1,1,2,1,1,1,1,1,1,1,1,1,1,1,1,1,1,1,2,1,3,3,2,3,2,2,2,2,2
syn_aggregate_02018,18,1.0,2,2,1,1,0,0,1,0,0,0,1,0,0,0,0,0,0,0,0,0,1,0,0,0,1,0,0,0,0,0,0,0,0,0,1,0,0,0,0,0,0,0,4,0,0,0,0,0,0,0,0,0,0,0,0,0,2,0,0,1,1,1,0,1,0,0,1,0,1
syn_aggregate_02019,24,2.0,1,1,1,1,1,1,0,0,0,0,0,0,0,0,0,0,0,2,0,0,0,0,0,0,0,0,0,0,0,0,0,0,0,0,0,0,0,0,2,0,0,0,0,0,0,0,0,0,0,0,0,0,0,0,2,0,0,0,0,0,1,1,0,1,0,0,1,1,0
syn_aggregate_02020,31,1.0,0,1,0,1,0,0,1,0,0,0,0,0,0,0,0,0,0,0,2,1,1,1,1,1,0,0,0,1,0,0,1,0,0,0,0,0,0,0,0,0,0,0,0,0,0,0,0,0,1,0,0,1,0,0,0,0,0,0,0,0,1,0,0,0,0,0,0,0,1
syn_aggregate_02021,20,1.0,2,2,1,1,1,0,1,0,0,0,0,1,0,0,0,0,0,1,0,0,0,0,0,0,0,0,0,0,2,1,1,1,1,1,1,1,1,1,1,1,0,0,1,0,0,0,0,1,1,1,2,1,1,2,1,1,1,2,2,0,2,2,0,2,0,0,2,2,1
syn_aggregate_02022,19,2.0,1,1,0,2,1,0,1,0,0,3,3,2,2,2,2,2,2,2,2,1,1,0,1,1,1,0,1,1,2,1,2,1,1,1,1,1,2,1,1,0,0,0,0,0,0,0,0,1,0,1,2,1,1,1,2,1,1,1,1,0,1,0,0,2,0,0,0,0,0
syn_aggregate_02023,49,2.0,2,2,1,2,1,1,0,0,0,1,1,1,0,0,0,0,0,0,0,1,1,1,1,1,1,1,1,1,1,1,2,1,1,1,1,1,1,1,0,1,0,0,1,0,0,0,0,0,0,0,1,0,0,0,1,0,0,0,0,0,1,1,0,1,0,0,1,1,0
syn_aggregate_02024,21,2.0,2,2,1,1,1,1,0,0,0,0,0,1,0,0,0,0,0,0,0,0,0,0,0,0,0,0,0,0,0,0,0,0,0,0,0,0,0,0,0,0,0,0,0,0,0,1,0,0,0,0,0,0,0,1,0,0,1,0,0,0,0,0,0,0,0,0,3,0,0
syn_aggregate_02025,19,2.0,1,1,1,1,1,0,0,0,0,1,1,1,1,1,1,1,1,1,2,3,3,2,3,2,2,2,2,2,2,0,0,1,0,0,0,0,1,0,0,0,0,0,0,0,0,0,0,3,0,0,0,0,0,0,0,0,0,0,0,0,1,0,0,0,0,0,0,0,0
syn_aggregate_02026,42,2.0,0,0,0,0,0,0,2,0,0,0,0,0,0,0,0,0,0,0,1,0,0,0,0,0,0,0,0,0,3,0,0,0,0,0,0,0,0,0,2,0,0,0,1,0,0,0,0,0,0,0,0,0,0,0,0,0,1,0,0,0,0,0,0,0,0,0,0,4,0
syn_aggregate_02027,20,2.0,2,2,1,2,1,1,0,0,0,0,0,0,0,0,0,0,0,4,0,1,1,1,1,1,0,1,0,1,1,0,1,0,0,0,0,0,0,0,0,2,2,1,2,1,1,1,1,1,2,0,1,0,0,1,0,0,0,0,0,0,2,1,0,1,1,1,1,1,0
syn_aggregate_02028,18,1.0,1,1,1,1,0,1,1,0,1,0,1,1,1,1,0,0,0,0,0,0,0,0,0,0,0,0,0,0,1,0,0,0,0,0,0,0,0,0,1,0,0,0,0,0,0,0,0,0,0,0,0,0,0,0,0,0,0,0,1,0,0,1,0,1,0,0,0,0,0
syn_aggregate_02029,22,2.0,1,1,1,1,1,0,0,0,0,0,0,0,0,0,0,0,0,0,1,1,0,0,0,0,0,1,0,0,0,0,0,0,0,0,0,0,0,0,0,1,0,0,0,0,0,0,0,0,0,1,1,0,1,0,1,0,0,1,0,0,1,0,0,0,0,0,0,0,0
syn_aggregate_02030,20,2.0,3,3,2,2,1,2,1,0,0,0,1,0,0,0,0,0,0,0,0,0,0,0,0,0,0,0,0,1,2,0,1,0,0,0,0,0,0,0,0,0,0,0,1,1,0,0,0,0,0,0,0,0,0,0,1,1,1,1,0,0,1,0,0,1,0,0,1,0,0
syn_aggregate_02031,18,1.0,0,0,0,0,0,0,0,0,0,0,0,0,0,0,0,0,0,0,0,1,1,1,1,1,1,1,1,1,1,0,1,1,1,1,1,1,1,1,1,0,0,0,0,1,0,0,1,0,0,0,0,0,1,0,0,0,0,0,3,0,2,1,0,2,0,0,1,0,0
syn_aggregate_02032,18,2.0,2,2,1,1,1,1,0,0,0,1,1,1,0,1,1,0,1,1,1,1,1,1,1,1,1,1,0,1,1,0,0,0,0,0,0,0,0,2,0,2,2,2,2,1,2,1,2,2,2,2,2,1,1,1,2,1,1,1,1,0,1,1,0,1,1,0,1,1,0
syn_aggregate_02033,20,2.0,1,1,1,1,1,0,0,0,0,0,0,0,0,0,0,0,0,2,0,0,0,0,0,0,1,0,0,0,0,1,2,1,1,2,1,1,1,1,2,0,1,0,0,0,0,0,0,0,0,0,0,0,0,0,1,0,0,0,0,0,1,0,0,0,0,0,0,0,0
syn_aggregate_02034,19,2.0,0,1,0,1,0,0,1,0,2,0,0,0,0,0,0,0,0,0,0,0,0,0,0,0,0,0,0,0,0,0,1,1,1,0,1,1,1,0,0,0,0,0,0,0,0,0,0,0,0,1,0,0,0,0,0,0,0,0,0,0,1,1,0,1,0,0,1,1,0
syn_aggregate_02035,46,2.0,3,3,2,3,2,2,1,0,0,1,2,1,1,2,1,0,1,1,1,2,2,1,2,1,2,1,1,2,1,1,2,2,1,1,1,1,1,1,0,1,1,1,1,0,1,1,0,1,1,1,1,1,1,1,1,1,1,1,1,0,2,2,1,2,1,1,2,2,1
syn_aggregate_02036,48,1.0,2,2,1,1,0,1,1,0,1,1,1,1,0,1,1,0,1,1,0,1,1,1,1,1,0,0,0,0,0,0,0,1,0,0,0,0,0,0,0,1,0,0,0,0,0,0,0,0,0,1,1,1,0,1,1,1,0,0,0,0,1,0,0,0,0,0,1,0,0
syn_aggregate_02037,19,2.0,1,1,1,1,0,0,0,0,0,0,1,0,0,0,0,0,0,0,0,0,0,0,0,0,0,0,0,4,0,1,2,1,1,2,1,2,1,1,2,1,1,0,1,0,0,0,0,1,0,0,1,1,0,1,1,1,0,0,1,0,2,1,0,1,1,0,1,1,0
syn_aggregate_02038,22,2.0,1,1,1,1,1,0,0,0,0,0,0,0,0,0,0,0,0,0,3,0,1,0,1,0,0,1,0,1,1,1,2,1,0,1,1,1,1,1,0,1,1,1,1,1,0,0,1,0,4,0,0,0,0,0,0,0,0,4,0,0,1,1,0,1,1,1,0,1,0
syn_aggregate_02039,19,2.0,2,2,1,2,1,1,1,0,0,0,0,0,0,0,0,0,0,0,2,2,2,2,2,1,2,2,2,2,1,3,4,4,3,3,3,3,3,2,3,0,0,0,0,0,0,0,0,0,3,1,1,0,1,1,1,1,0,0,0,0,2,1,0,1,0,0,1,1,0
syn_aggregate_02040,20,2.0,2,2,1,1,0,0,0,0,0,1,1,1,0,1,0,0,0,1,0,0,0,0,0,0,1,0,0,0,0,1,2,1,1,1,2,1,1,1,1,0,0,0,0,0,0,0,0,0,2,0,1,0,0,1,0,1,0,1,0,0,1,0,0,0,0,0,1,0,0
syn_aggregate_02041,19,1.0,1,1,2,1,0,0,0,0,0,0,0,0,0,0,0,0,0,0,0,1,1,0,2,1,2,1,0,1,1,0,0,0,0,0,0,0,0,0,0,0,0,0,0,1,0,0,0,0,0,0,0,0,0,0,0,0,0,0,2,0,1,0,0,0,0,0,0,0,0
syn_aggregate_02042,24,2.0,0,1,0,0,0,0,0,0,0,0,0,0,0,0,0,0,0,0,0,0,0,0,0,0,1,0,0,0,1,0,0,0,0,0,0,0,0,0,1,0,0,0,0,0,0,0,0,0,0,0,0,0,0,0,0,0,0,0,0,0,0,0,0,0,0,0,0,0,0
syn_aggregate_02043,19,2.0,0,0,0,0,0,0,0,0,0,0,0,0,0,2,0,0,0,0,0,0,0,0,0,0,0,0,0,0,1,0,0,0,0,0,0,0,0,1,0,0,0,0,0,0,0,0,0,0,4,0,0,0,0,0,0,0,0,0,0,0,0,1,0,0,0,0,0,0,0
syn_aggregate_02044,18,2.0,1,1,0,1,0,0,1,0,2,0,0,0,0,0,0,0,0,2,0,0,0,0,0,0,0,0,0,0,0,0,2,1,1,1,1,1,1,0,0,0,0,0,0,0,0,0,0,2,0,0,1,0,0,0,0,0,0,0,0,0,1,0,0,0,0,0,0,0,0
syn_aggregate_02045,18,2.0,0,2,1,2,0,1,0,0,0,0,0,0,0,1,0,0,0,0,0,0,0,0,0,0,1,0,0,0,0,0,0,0,0,0,0,0,0,0,0,0,1,0,0,0,0,0,0,0,0,0,0,0,0,0,0,0,0,0,3,0,0,1,0,0,0,0,2,0,0
syn_aggregate_02046,21,1.0,0,0,0,0,0,0,0,0,0,1,1,1,0,1,1,1,0,1,0,0,0,0,0,1,0,0,0,0,0,0,0,0,0,0,0,0,0,0,3,0,0,0,0,0,0,0,0,0,0,0,1,0,0,0,0,0,0,0,0,0,0,0,0,1,0,0,0,0,0
syn_aggregate_02047,19,2.0,1,1,1,1,1,0,0,0,0,0,0,0,0,0,0,0,0,0,0,1,1,1,1,0,1,0,0,0,1,2,2,2,2,2,2,1,2,1,2,0,0,0,0,0,0,0,0,0,1,1,1,1,1,1,0,1,1,0,1,0,2,1,0,2,1,1,1,1,0
syn_aggregate_02048,47,2.0,0,2,0,1,0,0,1,0,0,0,0,0,0,0,0,0,0,0,2,0,0,0,0,0,0,0,0,0,3,0,0,0,0,0,0,0,0,0,0,0,0,0,0,0,0,0,0,0,0,0,0,0,0,0,0,0,0,0,4,1,4,3,0,3,1,1,2,0,0
syn_aggregate_02049,20,1.0,0,0,1,1,0,0,0,0,0,0,0,0,0,0,0,0,0,0,0,0,0,0,0,0,2,0,0,0,0,0,0,0,0,0,0,0,0,0,0,0,0,0,0,0,0,0,0,0,0,0,0,0,0,0,0,0,0,0,0,0,0,0,0,0,0,0,0,0,0
syn_aggregate_02050,29,2.0,2,3,2,3,1,1,1,0,1,2,2,2,1,2,1,1,1,1,2,3,3,2,3,3,3,2,3,2,3,0,2,2,1,2,1,2,2,1,1,2,1,1,2,1,1,0,0,1,0,1,2,1,1,1,2,2,1,1,1,0,1,1,0,1,0,0,1,0,0
syn_aggregate_02051,28,1.0,1,1,0,0,0,1,0,0,0,0,0,0,1,1,0,0,1,0,1,0,0,0,0,0,1,0,0,0,0,0,1,1,0,1,1,1,1,0,0,0,0,0,0,0,0,0,0,1,0,0,0,0,0,0,0,0,0,0,0,0,1,0,0,0,0,0,1,0,0
syn_aggregate_02052,19,1.0,3,3,2,3,0,2,1,0,0,0,0,0,0,0,0,0,0,0,0,0,1,0,0,1,1,0,1,0,0,0,0,0,0,0,0,0,0,0,4,2,1,1,2,1,1,1,0,1,1,1,1,1,0,1,1,1,1,1,1,0,0,0,0,0,0,0,0,0,3
syn_aggregate_02053,20,1.0,1,1,1,1,0,0,1,0,0,1,1,1,0,1,1,0,1,0,0,1,2,1,1,1,2,1,1,1,2,0,0,0,0,0,0,0,0,3,0,1,0,0,0,0,0,0,0,0,0,0,2,0,0,0,0,0,0,0,0,0,0,0,0,0,0,0,0,0,0
syn_aggregate_02054,18,2.0,1,1,0,1,0,1,1,0,2,0,0,0,0,0,0,0,0,0,2,0,0,0,0,0,0,0,0,0,1,0,0,0,0,0,0,0,0,0,2,0,0,0,0,0,0,0,0,0,0,0,0,0,0,0,0,0,0,0,0,0,1,1,0,0,0,0,0,0,0
syn_aggregate_02055,19,2.0,0,0,0,0,0,0,0,0,0,0,0,0,0,0,0,0,0,0,0,0,0,0,0,0,0,0,0,0,0,0,0,0,0,0,0,0,0,0,0,1,0,0,0,0,0,0,0,0,0,0,0,0,0,0,0,0,0,0,1,0,0,0,0,0,0,0,0,0,0
syn_aggregate_02056,18,2.0,1,1,0,0,0,0,0,0,2,0,0,0,0,0,0,0,0,0,1,1,1,1,1,1,0,1,1,0,0,0,0,0,0,0,0,0,0,0,0,0,1,0,0,0,0,0,0,0,0,0,1,0,0,0,0,0,1,0,0,0,0,0,0,2,0,0,0,0,0
syn_aggregate_02057,22,1.0,2,3,2,2,1,2,1,1,0,0,0,0,0,0,0,0,3,0,0,0,0,0,0,0,0,0,0,0,0,1,2,1,1,1,2,1,1,1,0,0,0,0,1,0,0,0,0,0,0,0,1,0,0,0,0,0,0,0,0,0,2,1,0,1,1,0,1,1,1
syn_aggregate_02058,20,2.0,2,2,1,1,1,0,1,0,0,0,1,2,1,1,0,0,1,1,0,0,0,1,0,0,0,0,0,0,0,0,1,0,0,0,0,0,0,0,0,0,0,0,0,0,0,0,0,0,2,0,0,0,0,0,1,0,0,0,0,0,0,0,0,0,0,0,0,0,3
syn_aggregate_02059,20,2.0,2,2,1,1,0,1,0,0,0,0,0,0,0,0,0,0,0,0,0,0,0,0,0,0,0,0,0,0,4,0,1,0,0,0,0,0,0,0,0,0,0,0,0,0,0,0,0,0,0,0,0,0,0,0,0,0,0,0,0,0,0,0,0,1,0,0,0,0,0
syn_aggregate_02060,46,2.0,2,2,0,2,0,0,0,0,0,0,0,0,0,0,0,0,0,0,3,1,2,0,1,1,1,0,1,1,0,0,0,0,0,0,0,0,0,0,0,1,0,0,0,0,0,0,0,0,0,0,0,0,0,0,0,0,0,0,0,1,2,1,0,2,1,0,2,1,0
syn_aggregate_02061,19,2.0,1,2,1,1,1,1,0,0,0,0,0,0,0,0,0,0,0,0,4,1,1,1,1,1,1,1,1,0,1,1,2,1,1,2,0,2,1,1,1,1,1,1,1,0,0,0,0,0,1,0,0,0,0,0,0,0,0,0,4,1,3,2,1,3,2,1,2,2,2
syn_aggregate_02062,18,1.0,0,1,0,0,0,0,0,0,0,0,0,0,0,0,0,0,0,0,0,0,0,0,0,0,0,0,0,0,0,0,0,0,0,0,0,0,0,0,0,0,0,0,0,0,0,0,0,0,0,0,0,0,0,0,0,0,0,0,0,0,0,0,0,0,0,0,0,0,0
syn_aggregate_02063,33,1.0,1,1,1,1,1,1,0,0,1,1,2,2,1,1,1,0,1,1,1,1,1,1,1,0,1,0,0,0,1,0,1,1,0,1,0,1,1,1,0,0,0,0,0,0,0,0,0,0,1,0,0,0,0,0,0,1,0,0,0,0,2,2,1,2,1,1,2,1,0
syn_aggregate_02064,28,2.0,0,0,0,0,0,0,0,0,0,0,0,0,0,0,0,0,0,0,0,0,0,0,0,0,0,0,0,0,0,0,0,0,0,0,0,2,0,0,0,0,0,0,1,0,0,0,0,0,0,0,0,0,0,0,0,0,0,3,0,0,1,0,0,0,0,0,0,0,1
syn_aggregate_02065,22,2.0,2,3,1,2,1,1,0,0,0,0,0,0,0,0,0,0,0,0,1,1,1,1,1,0,0,0,1,1,0,0,0,0,0,0,0,0,0,0,0,1,0,0,1,0,0,0,0,0,0,1,1,1,1,1,1,1,1,0,0,0,0,0,0,0,0,0,0,1,2
syn_aggregate_02066,50,2.0,1,1,1,1,0,0,0,0,0,0,0,0,0,0,0,0,0,3,0,2,1,1,1,1,0,0,1,1,1,0,2,1,1,2,1,1,2,0,0,1,1,0,1,0,0,0,0,0,0,0,1,0,0,0,0,0,0,0,0,2,2,2,2,2,2,2,2,2,1
syn_aggregate_02067,18,2.0,2,3,2,2,1,1,1,1,0,1,1,1,1,1,0,0,1,1,0,1,1,0,1,0,1,1,0,0,1,2,3,3,2,2,3,3,2,2,3,0,0,0,0,0,0,0,4,0,0,1,1,1,1,1,1,1,0,0,0,0,1,1,0,1,0,1,1,1,0
syn_aggregate_02068,47,1.0,2,2,1,1,1,0,1,0,0,0,0,0,0,0,0,0,0,2,0,1,1,0,1,1,0,1,0,1,1,0,1,0,0,0,0,0,0,0,1,1,0,0,0,0,0,0,0,0,0,0,0,0,0,0,0,0,0,0,0,1,1,1,1,1,0,0,0,0,0
syn_aggregate_02069,21,1.0,1,1,0,0,0,0,0,0,0,0,0,0,0,0,0,0,0,0,0,0,0,0,0,0,0,0,0,0,1,0,0,0,0,0,0,0,0,0,0,0,0,0,0,0,0,0,0,0,0,0,0,0,0,0,0,0,0,0,0,0,0,0,0,0,0,0,0,0,0
syn_aggregate_02070,31,2.0,1,2,1,1,1,0,1,0,0,1,2,2,1,1,1,0,1,1,1,2,3,2,1,3,3,1,2,1,2,0,1,1,0,1,0,1,1,0,1,2,2,2,1,1,1,0,0,1,0,0,0,0,0,0,0,0,0,1,1,0,2,1,0,2,1,1,2,1,0
syn_aggregate_02071,45,1.0,3,3,2,2,1,1,1,1,0,0,0,0,0,0,0,0,0,0,4,1,2,1,1,1,2,1,1,1,1,1,1,1,0,1,0,0,1,1,0,0,0,0,0,0,0,0,0,0,4,0,0,0,0,0,0,1,0,1,1,0,0,0,0,4,0,0,0,0,0
syn_aggregate_02072,20,2.0,1,1,1,1,1,1,1,0,0,0,0,0,0,0,0,0,0,0,4,1,2,1,2,1,1,1,1,1,1,1,1,1,1,1,1,1,1,2,0,1,1,1,1,1,0,0,1,1,2,0,1,0,0,0,1,0,0,0,0,0,0,1,0,0,0,0,0,0,2
syn_aggregate_02073,21,2.0,0,1,0,0,0,0,0,0,0,0,0,0,0,0,0,0,0,0,0,0,1,0,0,0,0,0,0,0,0,0,0,0,0,0,0,0,0,1,1,0,1,0,0,0,0,0,0,0,0,0,0,0,0,0,1,0,0,0,0,0,1,1,0,1,0,0,2,1,0
syn_aggregate_02074,19,1.0,1,1,1,1,1,0,0,0,0,0,0,0,0,0,0,0,0,0,0,0,0,0,0,0,0,0,0,0,0,0,0,0,0,0,0,0,0,0,0,0,0,0,0,0,0,0,0,0,0,0,0,0,0,0,0,0,0,0,0,0,0,0,0,0,0,0,0,0,0
syn_aggregate_02075,19,1.0,1,1,0,0,0,0,0,0,0,0,0,0,0,0,0,0,0,0,0,0,1,0,0,1,0,0,0,0,0,0,0,0,0,0,0,0,0,0,1,0,0,0,0,0,0,0,0,0,0,0,0,0,0,0,0,0,0,0,0,0,1,1,0,1,0,0,1,0,0
syn_aggregate_02076,22,2.0,3,3,2,3,2,2,2,1,0,0,0,0,0,0,0,4,0,0,0,2,2,2,2,2,2,2,1,2,2,1,2,1,1,1,1,1,1,1,1,1,1,0,1,1,0,0,0,0,0,0,0,0,0,0,0,0,1,0,0,0,2,1,0,2,1,0,1,1,0
syn_aggregate_02077,22,2.0,3,2,2,2,1,0,0,0,0,0,0,0,0,0,0,0,2,0,0,0,0,0,0,0,0,0,4,0,0,0,0,0,0,0,0,0,2,0,0,0,0,0,0,0,0,0,0,0,0,0,0,0,0,0,1,1,0,0,0,0,0,0,0,1,0,0,0,0,0
syn_aggregate_02078,22,2.0,2,2,1,1,1,1,0,0,0,0,0,0,0,0,0,0,0,0,3,2,2,2,2,2,2,1,2,2,2,1,2,1,1,1,1,1,1,1,0,0,0,0,0,0,0,2,0,0,0,0,0,0,0,0,0,0,0,1,0,0,1,1,0,1,0,0,1,1,0
syn_aggregate_02079,18,2.0,3,3,1,1,0,0,1,0,0,0,0,0,0,0,0,0,0,1,1,1,2,1,1,2,2,1,1,2,1,0,0,0,0,0,0,0,0,0,0,0,0,0,0,0,0,0,0,0,3,0,0,1,0,0,0,0,2,0,0,0,2,1,0,1,1,0,2,1,0
syn_aggregate_02080,19,2.0,3,3,2,2,1,1,1,0,0,2,3,2,2,2,2,1,2,1,1,1,2,1,1,1,1,1,1,1,1,1,2,2,1,2,1,2,1,1,1,1,1,0,1,0,0,0,0,0,0,2,2,2,2,2,2,2,2,1,2,0,0,0,0,0,1,0,0,0,0
syn_aggregate_02081,20,1.0,1,1,1,0,0,0,0,0,0,0,0,0,0,0,0,0,0,0,0,1,1,1,0,0,1,0,0,1,1,0,0,0,0,0,0,0,0,2,0,0,0,0,0,0,0,0,0,0,0,0,0,0,0,0,0,0,0,0,0,0,0,0,0,0,0,0,0,0,0
syn_aggregate_02082,18,2.0,0,0,0,0,0,0,0,0,0,0,0,0,0,1,0,0,0,0,0,3,2,2,3,2,2,2,2,2,2,0,2,1,1,1,1,1,1,1,0,1,0,0,1,0,0,0,0,0,0,0,0,0,0,0,0,0,0,0,1,0,2,1,0,1,1,1,0,1,0
syn_aggregate_02083,46,2.0,2,2,1,2,1,1,1,0,0,0,0,0,0,0,0,0,0,0,1,0,0,0,0,0,0,0,0,0,0,0,0,0,0,0,0,0,0,0,0,0,0,0,0,0,0,0,0,0,0,0,0,0,0,0,0,0,0,0,0,0,1,0,0,0,1,0,1,0,0
syn_aggregate_02084,20,2.0,0,1,1,1,0,0,1,0,0,0,0,0,0,0,0,0,0,2,0,0,1,0,0,0,1,0,0,0,0,0,0,0,0,0,0,0,0,0,2,0,0,0,0,0,0,0,0,0,0,0,1,0,0,1,0,0,0,0,0,0,1,1,0,1,1,0,1,0,0
syn_aggregate_02085,19,2.0,1,1,1,1,0,1,1,1,0,0,0,0,0,0,0,0,0,0,0,0,0,0,0,0,0,0,1,0,0,1,2,2,1,1,1,1,1,1,1,0,0,0,1,0,0,0,0,0,0,0,0,0,0,0,0,0,0,0,0,0,1,1,0,1,1,0,1,1,0
syn_aggregate_02086,18,1.0,2,2,2,2,2,1,1,0,1,0,0,1,0,0,0,0,0,0,0,1,1,0,0,0,1,0,0,1,0,1,2,1,1,1,1,1,1,1,2,0,0,0,1,0,0,0,0,0,1,1,1,1,1,1,1,1,1,1,1,0,2,1,0,1,0,0,1,0,0
syn_aggregate_02087,19,1.0,3,3,2,2,0,1,1,0,1,0,0,0,0,0,0,0,0,0,4,3,3,3,3,2,3,2,2,2,2,2,3,3,2,2,2,3,2,2,0,0,0,0,0,0,0,0,0,0,4,1,1,1,1,1,1,1,0,0,0,2,3,3,2,3,3,3,3,3,2
syn_aggregate_02088,22,1.0,1,1,0,1,0,1,0,0,0,2,2,2,1,1,1,1,1,1,1,2,2,1,2,1,1,1,1,1,0,0,0,0,0,0,0,0,0,2,0,0,0,0,1,0,0,0,0,0,0,0,1,1,0,1,1,1,1,0,0,0,0,0,0,0,0,0,0,0,0
syn_aggregate_02089,19,2.0,0,1,0,1,0,0,0,0,0,0,0,0,0,1,0,0,0,1,1,1,1,1,1,1,1,0,0,0,0,0,0,0,0,0,0,0,0,0,3,0,0,2,0,0,0,0,0,0,0,0,0,0,0,0,0,0,0,0,0,0,0,0,0,0,0,0,0,0,0
syn_aggregate_02090,21,2.0,2,2,1,2,1,1,1,0,0,1,1,1,0,1,0,0,1,0,0,0,0,0,0,0,0,0,0,0,4,1,2,2,1,2,2,2,2,2,2,1,1,1,1,1,1,1,1,1,1,0,0,0,0,0,0,0,0,0,2,0,2,2,1,2,1,1,2,2,2
syn_aggregate_02091,20,1.0,0,2,0,0,0,0,0,0,0,0,0,0,0,0,0,0,0,0,0,1,1,1,1,1,1,0,0,0,0,0,0,0,0,0,0,0,0,0,0,0,1,0,0,0,0,0,0,0,0,0,1,0,0,0,0,0,0,0,0,0,0,0,0,0,0,0,0,0,0
syn_aggregate_02092,19,2.0,0,1,0,0,0,0,0,0,0,0,0,0,0,0,0,0,0,0,0,1,1,0,0,0,1,1,0,0,0,0,1,0,0,1,0,1,0,0,0,0,0,0,0,0,0,0,0,1,0,0,0,0,0,0,1,0,0,0,0,0,0,0,0,0,0,0,0,0,0
syn_aggregate_02093,20,2.0,0,1,0,0,0,0,0,0,0,0,0,0,0,0,0,0,0,0,0,0,0,0,1,0,0,0,2,0,0,0,0,0,0,0,0,0,0,0,1,0,0,0,0,0,0,0,2,0,0,0,0,0,0,0,0,0,0,0,2,0,0,0,0,0,0,0,0,0,0
syn_aggregate_02094,26,1.0,2,2,1,2,1,0,0,0,0,0,0,0,0,0,1,0,0,0,0,1,0,1,1,1,1,0,0,0,1,0,0,0,0,0,0,0,0,0,0,0,1,0,0,0,0,0,0,0,0,0,0,1,0,0,0,0,0,0,0,0,2,1,0,1,0,0,1,0,0
syn_aggregate_02095,24,2.0,1,2,1,2,1,0,1,0,0,0,0,0,0,0,0,0,0,0,0,0,0,0,0,0,0,0,0,0,0,0,1,0,0,0,0,0,0,0,0,0,0,0,0,0,0,0,0,0,0,0,0,0,0,0,0,0,0,0,0,0,1,1,0,1,0,0,0,0,0
syn_aggregate_02096,19,1.0,2,2,1,1,0,1,0,0,1,1,1,1,1,1,1,1,2,1,1,1,2,1,1,2,1,1,1,1,1,3,4,3,3,3,3,3,3,2,3,2,1,1,2,1,1,1,1,1,1,1,2,1,1,1,2,1,1,1,1,0,2,1,0,2,1,0,2,0,0
syn_aggregate_02097,18,1.0,2,2,1,2,1,0,1,0,0,1,2,1,1,1,1,0,1,1,0,1,2,2,1,1,2,1,1,0,1,2,3,2,2,2,2,2,2,1,2,1,1,0,0,0,0,0,0,0,0,2,2,1,2,1,1,2,1,1,1,0,1,0,0,1,0,0,0,1,0
syn_aggregate_02098,18,2.0,2,2,2,2,0,1,0,0,0,1,2,1,0,1,1,0,1,1,0,0,1,0,0,0,0,0,0,1,0,1,1,1,0,1,0,1,1,0,0,1,0,0,0,0,0,0,0,0,0,0,0,0,0,0,0,1,0,0,0,0,1,0,0,1,0,0,0,0,0
syn_aggregate_02099,22,2.0,2,2,0,2,0,0,0,0,0,0,1,0,0,0,0,0,0,0,0,1,2,1,1,1,1,1,1,1,1,1,1,1,0,1,1,1,0,1,0,0,0,4,0,0,0,0,0,0,0,1,1,0,0,1,1,0,0,1,1,0,1,1,0,1,0,1,1,0,0
syn_aggregate_02100,19,1.0,1,1,0,1,0,0,1,0,0,1,1,1,0,1,0,0,1,0,0,1,1,0,1,1,1,0,1,1,1,0,0,0,0,0,0,0,0,2,0,1,0,0,0,0,0,0,0,0,0,0,0,0,0,0,0,0,0,0,2,0,0,0,0,0,0,0,0,0,0
syn_aggregate_02101,22,2.0,2,2,1,1,0,1,0,0,0,0,0,1,0,0,0,0,0,0,0,1,1,1,1,1,1,0,0,0,0,1,1,1,1,1,0,1,1,0,0,1,1,1,1,0,1,0,1,1,0,0,0,1,0,0,0,0,1,0,0,0,1,1,0,1,0,0,1,0,0
syn_aggregate_02102,21,2.0,2,2,1,2,1,0,0,0,0,0,0,0,0,0,0,0,0,0,3,2,2,1,2,1,2,1,1,1,1,1,1,0,0,0,0,0,0,0,0,1,1,0,1,0,0,0,0,0,1,1,1,1,1,1,0,0,1,1,0,0,2,1,0,2,0,1,2,1,0
syn_aggregate_02103,19,2.0,2,1,0,1,0,0,1,0,0,0,0,0,0,0,0,0,0,0,2,0,0,0,0,0,0,0,0,1,0,0,0,0,0,0,0,0,0,3,0,0,0,0,0,0,0,0,0,0,1,0,0,0,0,0,0,0,0,1,0,0,0,0,0,0,0,0,0,0,0
syn_aggregate_02104,18,2.0,1,2,1,2,1,0,1,0,1,0,0,0,0,0,0,0,0,0,0,1,2,0,1,1,1,1,1,2,0,0,2,2,1,2,0,2,1,1,1,2,2,1,2,1,1,1,1,1,0,1,2,1,0,1,1,2,0,1,1,1,2,1,1,2,0,1,2,1,2
syn_aggregate_02105,18,2.0,2,2,0,1,0,1,0,0,0,1,1,1,1,1,1,0,1,1,0,3,3,3,3,2,3,3,2,2,1,1,3,2,2,2,2,2,2,2,2,3,3,2,3,2,2,2,2,2,1,1,1,1,0,1,2,1,0,0,0,0,2,2,1,2,2,1,2,1,0
syn_aggregate_02106,31,1.0,1,2,1,1,0,1,1,0,1,0,0,0,0,0,0,0,0,0,0,0,0,0,0,0,0,0,0,0,4,0,0,0,0,0,0,0,1,0,0,0,0,0,0,0,0,0,0,0,0,0,0,0,0,0,0,0,0,0,0,0,0,0,0,0,0,0,0,0,0
syn_aggregate_02107,18,1.0,2,2,1,2,1,1,0,0,0,0,0,0,0,0,0,1,0,0,0,1,2,1,2,1,1,1,1,1,2,1,2,1,1,1,1,1,1,1,1,1,1,1,1,1,0,0,0,0,0,0,1,0,0,0,0,0,1,0,0,1,2,2,1,2,0,1,1,1,2
syn_aggregate_02108,19,2.0,2,2,1,1,0,0,0,0,0,1,1,1,0,1,0,1,1,0,0,1,1,1,0,0,1,1,0,0,0,0,1,0,0,1,0,0,0,1,1,1,0,0,1,0,0,0,0,1,0,0,0,0,0,0,0,0,0,0,4,0,2,1,0,1,1,0,1,1,0
syn_aggregate_02109,22,2.0,1,1,1,1,1,0,0,0,0,0,0,0,0,0,0,0,2,0,0,0,0,0,0,0,1,0,1,0,0,0,0,0,0,0,0,0,0,0,1,1,2,1,1,1,0,0,0,0,3,0,0,0,0,0,0,0,0,0,1,0,1,0,0,0,0,0,0,0,0
syn_aggregate_02110,22,2.0,1,1,1,1,0,0,0,0,0,0,1,0,0,1,0,0,0,0,0,0,0,0,0,0,0,0,2,0,0,0,0,0,0,0,0,0,0,0,0,0,0,0,0,0,1,0,0,0,0,1,1,1,1,0,1,1,0,1,1,0,0,1,0,0,0,0,1,0,0
syn_aggregate_02111,51,2.0,2,2,1,1,0,0,1,0,0,1,1,1,1,1,1,1,1,1,0,1,1,0,0,0,0,0,0,0,0,0,0,0,0,0,0,0,0,0,1,1,1,1,0,1,0,0,0,1,1,1,1,1,1,1,1,1,1,1,1,0,1,1,0,1,0,0,1,0,1
syn_aggregate_02112,18,1.0,1,1,0,1,0,1,1,0,0,0,0,0,0,0,0,0,0,0,0,0,0,0,0,0,0,0,0,0,0,0,0,0,0,0,0,0,0,0,0,0,0,0,0,0,0,0,0,0,0,0,0,0,0,0,0,0,0,0,0,0,1,1,0,1,0,0,1,1,0
syn_aggregate_02113,18,1.0,1,1,0,0,0,0,0,0,0,0,0,0,0,0,0,0,0,0,2,0,0,0,0,0,0,0,0,0,0,0,0,0,0,2,0,0,0,0,0,0,0,0,0,0,0,0,0,0,0,0,0,0,0,0,0,0,0,0,0,0,2,2,0,1,1,0,1,1,0
syn_aggregate_02114,19,2.0,1,1,1,1,0,1,0,0,0,0,1,0,0,0,0,0,0,0,0,1,2,1,1,1,2,1,0,1,2,0,0,0,0,0,0,1,0,1,0,0,0,0,0,0,0,0,0,0,0,0,0,0,0,0,0,0,0,0,2,0,1,0,0,0,1,0,1,1,0
syn_aggregate_02115,19,2.0,3,3,2,3,2,2,1,0,1,1,1,1,0,1,0,0,1,1,0,1,2,1,1,1,2,1,1,1,1,2,3,3,2,2,2,3,2,2,2,0,1,0,0,0,0,1,0,0,0,1,2,1,2,1,1,1,1,1,2,0,2,2,1,2,0,1,1,2,0
syn_aggregate_02116,44,2.0,2,3,2,3,1,2,1,0,0,1,2,1,1,1,0,0,0,1,0,1,2,1,1,1,2,1,1,1,2,1,1,1,1,1,1,1,1,1,1,2,1,1,2,1,0,0,0,1,2,1,2,1,1,1,2,1,1,1,1,0,1,1,0,2,0,0,1,1,0
syn_aggregate_02117,40,2.0,0,0,1,1,1,0,1,0,0,0,1,0,0,0,0,0,0,0,0,0,0,0,0,0,0,0,0,0,3,0,0,0,0,0,0,1,0,0,1,0,1,0,0,0,0,0,0,0,0,0,0,0,0,0,0,0,0,0,3,0,2,1,0,1,0,0,2,0,0
syn_aggregate_02118,47,2.0,0,0,0,0,0,0,0,0,0,0,0,0,0,0,0,0,0,0,1,0,0,0,0,0,0,0,0,0,0,0,1,1,0,1,0,1,1,0,1,0,0,0,0,0,4,0,0,0,0,0,0,0,0,0,0,0,0,0,1,0,0,0,0,0,0,0,0,0,2
syn_aggregate_02119,34,2.0,2,2,1,2,0,1,0,0,0,2,2,2,1,1,1,1,1,1,1,1,2,1,1,1,2,1,1,1,1,2,3,2,2,2,2,2,2,2,2,1,1,0,1,1,0,0,0,1,0,1,1,2,1,1,1,1,0,1,2,1,3,2,1,3,1,1,3,2,1
syn_aggregate_02120,20,2.0,1,2,0,1,0,1,0,0,0,1,2,1,0,1,1,1,2,1,2,1,1,0,1,1,1,0,1,1,2,0,0,0,0,0,2,0,0,0,0,1,1,0,1,0,0,0,0,0,0,0,1,0,0,0,0,0,0,0,0,0,2,2,0,1,1,1,2,1,0
syn_aggregate_02121,18,2.0,1,1,1,1,0,0,0,0,0,0,0,0,0,0,0,0,0,3,0,1,1,1,2,1,2,1,2,1,0,0,1,1,0,1,0,1,1,0,0,0,0,0,0,0,0,0,0,1,0,1,1,1,1,1,1,1,0,0,1,0,1,0,0,0,0,0,0,0,0
syn_aggregate_02122,21,2.0,2,2,1,1,0,0,0,1,0,0,0,0,0,0,0,0,0,2,0,3,3,2,3,2,3,2,2,2,2,0,0,0,0,0,0,0,0,0,4,2,2,2,2,1,1,0,0,0,0,0,0,0,1,0,0,0,1,0,0,0,1,0,0,0,0,0,1,0,0
syn_aggregate_02123,49,2.0,1,1,1,1,1,0,0,0,0,0,0,0,0,0,0,0,0,0,3,2,2,2,1,2,2,1,1,2,2,1,1,1,1,0,1,1,1,1,1,0,0,0,0,0,0,0,0,0,0,0,0,0,1,0,0,0,0,1,2,0,1,1,0,1,0,0,0,0,0
syn_aggregate_02124,18,2.0,1,1,1,1,0,0,0,0,1,0,0,0,0,0,0,0,0,0,4,1,1,1,1,1,2,1,1,1,1,1,2,2,1,1,1,2,1,1,1,0,0,0,0,1,0,1,0,0,0,1,1,1,1,1,1,1,1,1,1,0,2,1,0,1,1,0,1,1,0
syn_aggregate_02125,22,2.0,2,3,2,2,1,2,1,0,0,1,2,1,0,1,2,1,0,1,2,2,2,2,2,2,1,2,1,2,3,3,3,3,3,3,3,3,2,2,2,2,3,2,3,2,2,2,3,2,2,1,1,0,1,1,0,0,0,0,1,0,2,1,0,1,0,0,1,1,1
syn_aggregate_02126,21,1.0,1,1,1,1,1,1,1,0,0,0,0,0,0,0,0,0,0,0,1,0,0,0,0,0,0,0,0,2,0,0,0,0,0,0,0,0,0,0,3,2,0,0,0,0,0,0,0,0,0,0,0,0,0,0,2,0,0,0,0,0,0,0,0,0,0,0,0,0,0
syn_aggregate_02127,22,2.0,2,2,0,1,0,0,1,0,0,0,0,0,0,1,0,0,0,0,0,0,0,0,1,0,1,0,0,0,0,0,0,0,0,0,0,0,0,0,0,0,0,0,0,0,0,0,2,0,0,0,0,0,0,0,0,0,0,0,2,0,2,1,0,2,1,1,2,0,3
syn_aggregate_02128,22,1.0,1,2,1,2,0,0,0,0,0,0,0,0,0,0,0,0,0,0,0,0,0,0,0,0,0,0,0,0,0,0,0,1,0,0,0,0,0,3,0,0,0,0,0,0,0,0,0,1,0,0,0,0,0,0,0,0,0,0,2,0,0,0,0,0,1,0,0,0,0
syn_aggregate_02129,18,1.0,1,0,0,0,0,0,0,0,0,0,1,0,0,1,0,0,0,0,0,1,2,1,1,1,1,1,1,1,1,0,0,0,0,0,0,0,0,0,2,0,0,0,0,1,0,0,0,1,0,0,0,0,0,0,0,0,0,0,4,0,1,1,0,1,1,1,1,1,0
syn_aggregate_02130,36,1.0,2,2,1,2,0,0,0,0,0,0,0,1,0,0,0,0,0,0,2,1,1,1,1,0,1,1,0,1,1,0,1,0,0,0,0,0,0,0,0,0,0,0,0,1,0,0,0,0,0,0,0,0,0,0,1,1,0,1,0,0,0,0,0,0,0,0,1,0,0
syn_aggregate_02131,36,1.0,2,3,2,2,1,2,1,0,0,0,0,0,0,0,0,0,0,0,3,2,2,2,2,2,2,2,2,2,2,1,1,1,1,1,1,1,1,1,1,0,0,0,0,0,0,0,1,1,0,2,2,2,1,1,2,2,1,1,1,2,3,2,1,2,2,1,2,1,0
syn_aggregate_02132,19,2.0,2,3,2,2,1,2,1,0,1,1,2,1,1,2,1,1,1,1,1,1,2,1,2,1,2,1,1,1,1,1,1,1,1,1,0,1,1,1,0,2,3,2,3,2,2,2,1,2,2,1,1,0,1,0,1,0,0,0,0,0,2,2,0,2,0,0,0,0,0
syn_aggregate_02133,20,2.0,2,2,1,2,1,0,0,0,0,2,2,2,0,1,1,1,1,1,0,1,1,1,1,0,1,0,0,1,0,2,2,2,2,2,2,2,2,2,2,1,1,1,1,1,1,1,1,1,1,1,1,1,0,0,1,1,0,1,1,0,1,1,0,1,0,0,1,1,0
syn_aggregate_02134,19,2.0,0,1,0,1,0,0,0,0,0,0,0,0,0,0,0,0,0,2,0,1,1,0,1,1,1,0,0,1,2,0,0,0,1,0,0,0,0,0,0,1,0,0,0,0,0,0,0,0,0,0,1,0,0,0,0,1,0,0,0,0,1,0,0,0,0,0,0,0,0
syn_aggregate_02135,19,1.0,2,2,1,1,0,1,0,0,0,0,0,0,0,0,0,0,0,0,1,0,1,0,0,0,0,0,0,0,0,0,0,0,0,0,0,0,0,0,3,0,0,0,0,0,0,0,0,0,0,0,1,0,0,0,1,0,0,0,0,0,1,0,0,0,0,0,0,1,0
syn_aggregate_02136,19,2.0,1,1,1,0,0,0,0,0,0,0,0,0,0,0,0,0,0,0,0,0,0,0,0,0,0,0,0,0,0,0,0,0,0,0,0,0,0,0,0,0,0,0,0,0,0,0,0,0,2,0,0,0,0,0,0,0,0,0,0,0,0,0,0,0,0,0,0,0,0
syn_aggregate_02137,18,2.0,1,2,1,1,0,1,0,0,0,1,1,1,0,1,0,0,0,1,0,1,1,1,1,1,1,1,0,0,2,0,1,1,0,1,1,1,0,0,0,0,0,0,0,0,2,0,0,0,0,1,1,1,1,1,0,0,0,1,0,0,2,2,0,1,1,1,1,1,1
syn_aggregate_02138,47,1.0,1,1,0,2,0,0,0,0,0,1,1,2,0,1,1,1,2,1,1,2,2,1,2,2,1,2,1,2,2,1,2,2,1,2,1,1,2,1,1,0,0,0,0,0,1,1,0,0,0,1,1,2,1,1,1,2,1,0,3,0,2,2,1,2,0,0,1,1,0
syn_aggregate_02139,18,2.0,3,3,1,2,1,1,1,0,0,0,0,0,0,0,0,0,2,0,0,1,1,1,1,1,1,1,1,1,0,1,1,1,1,1,0,1,1,1,0,0,0,0,0,0,0,0,0,0,0,0,0,0,0,0,0,0,0,0,0,1,2,2,1,2,2,1,2,1,1
syn_aggregate_02140,19,2.0,2,1,1,1,0,0,0,0,0,0,1,0,0,0,0,0,0,0,0,1,1,1,1,1,1,1,1,1,1,1,1,1,1,1,0,0,1,0,0,0,0,0,0,1,0,0,0,0,0,0,0,0,0,0,0,0,0,0,0,0,0,0,0,0,0,0,0,0,0
syn_aggregate_02141,22,2.0,1,1,1,1,1,1,0,0,0,0,0,0,0,0,0,0,0,0,4,2,2,2,2,2,2,2,2,1,2,0,1,1,0,1,0,0,1,0,0,2,3,2,3,2,2,2,2,2,2,0,0,0,0,0,0,0,0,0,0,0,1,1,0,1,1,1,1,0,0
syn_aggregate_02142,41,2.0,1,1,1,0,0,0,0,0,0,0,0,0,0,0,0,0,0,0,1,1,2,1,2,1,1,2,1,2,1,0,0,0,0,0,0,0,0,0,4,1,1,0,1,0,0,0,0,0,1,0,0,0,0,0,0,0,0,4,0,0,1,1,0,1,0,0,1,0,0
syn_aggregate_02143,21,1.0,3,3,3,3,3,3,3,3,3,3,3,3,2,3,2,2,2,2,2,4,4,4,4,3,3,3,3,3,0,2,3,2,2,2,2,3,2,1,2,4,4,4,4,3,4,3,3,4,4,1,1,1,0,1,1,1,1,0,1,3,4,4,3,4,4,4,4,4,4
syn_aggregate_02144,48,2.0,3,3,3,3,3,3,3,3,2,0,0,0,0,0,0,0,0,0,0,1,1,0,1,1,1,0,0,1,1,1,2,2,1,1,0,1,1,1,2,2,1,1,0,0,0,0,0,1,0,1,1,2,1,1,2,1,1,1,1,0,2,1,0,1,0,0,1,1,0
syn_aggregate_02145,20,2.0,1,2,1,1,0,1,0,0,0,0,0,0,0,0,0,0,0,0,0,0,0,0,0,0,0,0,0,0,0,0,1,1,1,1,2,1,1,1,1,0,0,0,0,0,0,0,0,0,2,0,0,0,0,0,0,0,0,0,0,0,3,3,1,2,2,1,2,2,4
syn_aggregate_02146,,2.0,0,1,1,1,0,0,0,0,0,0,0,0,0,0,0,0,0,4,0,0,1,0,0,0,1,0,0,0,0,0,1,1,0,1,0,1,1,0,0,0,0,0,0,0,0,0,0,2,0,0,0,0,0,0,0,0,0,0,0,0,1,0,0,1,0,0,0,0,0
syn_aggregate_02147,19,2.0,3,3,2,2,1,2,1,0,0,1,1,1,1,1,0,0,1,1,0,2,3,2,2,2,2,2,1,3,2,1,1,1,1,1,1,1,1,0,0,1,0,0,0,0,0,0,0,0,0,0,0,0,0,0,0,1,0,0,2,0,1,1,1,1,1,1,1,2,2
syn_aggregate_02148,20,1.0,1,1,1,0,0,0,0,0,0,0,1,0,0,0,0,0,0,0,0,0,0,0,0,0,0,0,2,0,0,0,1,0,0,0,0,0,0,0,3,1,1,0,1,0,0,0,0,0,0,0,0,0,0,0,0,0,0,0,0,0,0,0,0,0,0,0,1,0,0
syn_aggregate_02149,19,2.0,1,1,1,1,1,1,0,0,0,1,2,1,0,1,2,1,1,1,2,0,1,0,0,0,0,0,1,0,2,1,2,1,1,1,1,1,1,0,1,1,0,0,0,0,0,0,0,1,2,1,2,1,1,2,2,1,1,1,2,0,2,1,0,2,1,0,1,1,0
syn_aggregate_02150,21,1.0,2,3,2,2,0,1,0,0,0,2,2,2,1,2,2,1,1,1,2,1,1,1,1,1,1,1,1,1,1,1,2,1,1,2,1,1,2,1,1,1,0,0,1,0,0,0,0,0,0,0,1,1,1,1,1,1,0,1,1,1,3,2,1,2,2,1,2,2,3
syn_aggregate_02151,20,2.0,2,2,1,2,1,1,1,0,0,0,0,0,0,0,0,0,0,0,0,1,1,1,1,1,2,1,1,1,1,1,2,1,1,1,1,1,1,0,1,1,0,0,1,0,0,0,0,0,0,0,0,0,0,0,0,0,0,3,0,0,2,1,0,1,0,0,0,1,0
syn_aggregate_02152,49,2.0,2,2,1,1,1,1,1,0,0,1,2,2,1,1,1,1,1,1,1,1,2,1,1,1,2,1,1,1,1,2,3,2,2,2,1,2,3,2,1,0,0,0,0,0,0,0,0,0,4,2,2,2,2,2,2,2,2,2,2,0,2,1,0,2,1,1,1,1,0
syn_aggregate_02153,46,1.0,2,2,1,1,1,0,1,0,0,0,1,0,0,0,0,0,0,0,0,0,0,1,0,0,0,0,0,0,2,0,0,0,0,0,0,0,0,1,0,0,0,0,0,0,2,0,0,0,0,0,0,0,0,0,1,0,0,0,0,0,0,0,0,1,0,0,0,0,0
syn_aggregate_02154,18,2.0,1,1,1,1,1,0,0,0,0,2,2,3,2,2,2,2,2,2,3,2,2,1,2,1,1,1,1,1,2,0,1,1,0,1,0,0,0,0,0,0,0,0,1,0,0,0,0,0,0,0,0,0,0,0,0,0,0,0,4,0,2,1,0,1,0,0,1,1,1
syn_aggregate_02155,19,2.0,2,2,2,1,1,1,1,0,0,1,2,1,1,1,1,1,1,1,1,1,1,1,0,0,0,0,0,1,1,1,2,2,1,1,1,1,1,1,1,2,1,0,1,0,0,0,0,0,0,1,1,1,0,1,1,1,0,1,1,1,2,2,1,2,1,0,1,1,2
syn_aggregate_02156,38,2.0,0,1,0,1,0,0,1,0,0,0,0,0,0,0,0,0,0,0,1,0,1,0,0,0,0,0,0,0,0,0,0,0,0,0,0,0,0,0,0,0,0,0,0,0,0,0,0,0,0,0,0,0,0,0,0,0,0,0,1,0,0,0,0,0,0,0,0,0,0
syn_aggregate_02157,21,2.0,2,2,1,1,0,0,0,0,0,0,0,0,0,0,0,0,0,0,4,0,0,0,0,0,0,0,0,0,4,0,2,1,0,1,0,1,2,1,1,0,0,0,0,0,0,0,0,0,3,0,1,0,0,0,0,1,0,0,1,0,2,1,0,1,0,1,2,1,0
syn_aggregate_02158,19,2.0,1,0,0,0,0,0,0,0,0,0,0,0,0,0,0,0,0,0,1,0,0,0,0,0,0,0,0,0,1,0,0,0,0,0,2,0,0,0,0,0,0,0,0,0,0,0,0,0,0,0,0,0,0,0,0,0,0,0,0,0,0,0,0,1,0,0,0,0,0
syn_aggregate_02159,22,1.0,1,1,1,1,0,0,0,0,0,0,0,0,0,0,0,3,0,0,0,1,1,0,1,1,1,0,0,0,0,1,2,2,1,1,1,2,1,1,0,1,1,0,1,1,0,0,0,1,0,0,0,0,0,0,0,0,0,0,2,0,2,1,0,1,0,0,1,1,0
syn_aggregate_02160,20,1.0,1,2,0,1,0,1,1,0,0,0,0,0,0,0,0,0,0,0,0,0,0,0,0,0,0,0,0,0,3,0,1,1,0,1,0,0,1,0,0,0,0,0,0,0,0,0,0,0,0,0,0,0,0,0,0,0,0,1,0,0,1,0,0,0,0,0,1,0,0
syn_aggregate_02161,21,2.0,1,1,1,1,1,0,0,0,0,1,1,1,1,1,1,1,1,1,1,1,1,0,1,1,1,0,1,1,1,1,1,1,1,1,0,0,0,0,0,0,0,0,0,0,0,0,0,0,0,2,3,3,2,2,3,2,2,1,3,0,1,1,0,1,0,0,1,0,0
syn_aggregate_02162,19,2.0,1,1,1,1,1,0,0,0,0,1,1,1,1,1,2,1,1,1,0,1,1,1,1,1,1,1,1,1,1,0,1,1,0,0,0,1,1,0,0,2,1,1,2,1,1,0,1,1,1,1,1,1,1,1,0,0,0,0,0,0,1,1,0,1,0,0,0,1,0
syn_aggregate_02163,21,1.0,1,1,1,1,1,0,0,0,0,0,1,0,0,1,1,0,0,1,0,0,0,0,0,0,0,0,0,0,0,0,1,1,0,0,0,0,1,0,0,0,1,1,0,2,2,0,0,0,0,0,0,0,0,3,0,0,0,0,0,0,2,1,0,1,1,0,2,1,1
syn_aggregate_02164,20,1.0,1,1,1,1,1,1,0,0,0,0,0,0,0,0,0,0,0,0,0,0,0,0,0,0,0,0,0,0,3,0,1,0,0,0,0,0,0,0,0,0,1,0,0,0,0,0,0,0,0,0,0,0,0,0,0,0,0,0,0,0,0,0,0,0,0,0,0,0,0
syn_aggregate_02165,19,2.0,2,1,0,0,0,0,0,0,2,0,0,0,0,0,0,0,0,0,1,1,2,2,1,1,1,1,1,1,1,0,2,1,1,1,1,1,1,0,0,0,0,0,1,0,0,0,0,0,0,0,0,1,0,0,0,0,0,1,1,0,1,1,0,2,1,1,1,0,0
syn_aggregate_02166,36,2.0,0,1,1,1,0,0,0,0,0,0,1,0,0,0,0,0,0,0,0,0,0,0,0,0,0,0,0,0,0,0,1,0,0,0,0,0,1,1,0,1,0,0,0,0,0,0,0,0,0,0,0,0,0,0,0,0,0,3,0,0,1,1,0,0,0,0,0,0,0
syn_aggregate_02167,18,1.0,0,1,1,1,0,0,0,0,0,0,0,0,0,0,0,0,0,0,3,0,0,0,0,0,0,0,0,0,4,1,2,1,1,1,0,1,1,1,1,1,1,0,1,0,0,0,0,0,0,0,0,0,0,0,0,0,0,0,0,0,1,1,0,1,0,0,0,1,0
syn_aggregate_02168,48,1.0,2,2,1,1,1,0,1,0,0,0,0,0,0,0,0,0,0,0,1,1,1,0,1,0,1,1,0,0,1,1,2,2,1,2,1,2,2,2,1,0,0,0,0,0,0,0,0,0,3,0,0,0,0,0,0,0,1,0,0,0,1,1,0,0,0,0,0,0,0
syn_aggregate_02169,21,1.0,3,3,2,2,1,1,1,0,0,0,0,0,0,0,0,0,0,0,1,0,0,0,0,0,0,0,1,0,0,0,0,0,0,0,0,0,0,1,2,2,2,1,2,1,1,1,1,1,0,0,1,0,0,1,0,0,1,0,0,0,1,2,0,2,1,1,2,1,0
syn_aggregate_02170,22,2.0,1,1,0,1,1,1,0,0,0,0,1,1,0,0,0,1,0,0,0,1,1,0,0,0,1,0,1,0,0,0,0,0,0,0,0,0,0,0,3,0,0,0,0,0,0,0,0,0,3,1,1,0,0,0,1,0,0,0,0,0,1,0,0,0,0,0,0,0,0
syn_aggregate_02171,20,1.0,0,0,0,0,0,0,0,0,0,0,0,0,0,0,0,0,0,0,0,0,0,0,0,0,1,1,0,1,1,0,0,0,0,0,0,0,0,0,3,0,0,0,0,0,0,0,0,1,0,0,0,0,0,0,0,0,0,0,0,0,0,0,0,0,0,0,0,0,0
syn_aggregate_02172,22,1.0,1,1,1,1,1,1,0,0,0,1,2,1,1,1,1,1,2,1,1,1,2,2,2,1,1,1,0,0,1,0,1,0,0,0,0,0,1,0,1,0,0,0,0,1,1,0,0,0,0,1,2,1,1,1,2,1,1,0,1,0,1,1,0,1,0,0,0,0,0
syn_aggregate_02173,19,1.0,2,2,1,1,1,1,0,0,0,0,0,0,0,0,0,0,0,0,0,1,1,0,1,1,1,1,1,0,0,0,2,0,0,0,0,0,0,0,0,0,0,0,1,0,0,0,0,0,0,1,1,0,1,1,0,0,1,0,2,0,1,1,0,1,0,0,1,0,0
syn_aggregate_02174,42,2.0,1,1,1,1,0,0,0,0,0,0,0,0,0,0,0,0,0,0,0,0,0,0,0,0,0,0,0,0,0,0,0,0,0,0,0,0,0,0,0,0,0,0,1,0,0,0,0,0,0,0,0,0,0,0,0,0,4,0,0,0,2,1,0,1,1,1,1,1,1
syn_aggregate_02175,21,2.0,1,1,1,1,1,0,0,0,0,0,0,0,0,0,0,0,1,2,0,1,1,1,1,1,0,0,0,0,0,0,0,0,0,0,0,0,2,0,0,0,0,0,0,0,0,0,0,0,2,0,0,0,0,0,0,1,0,0,0,0,0,0,0,0,0,0,0,0,2
syn_aggregate_02176,44,2.0,2,2,1,1,0,1,1,0,0,1,1,1,0,1,1,1,1,2,0,0,1,0,0,0,1,0,0,1,0,0,0,0,0,0,0,0,0,0,4,1,1,1,1,1,0,0,0,1,1,0,1,0,0,0,0,0,0,0,0,0,2,2,0,2,0,0,1,0,1
syn_aggregate_02177,38,1.0,0,1,0,0,0,0,0,0,0,1,1,1,0,1,1,0,0,1,0,2,3,2,2,2,3,2,2,2,2,1,2,1,1,2,0,1,1,1,2,0,0,0,0,0,0,0,0,3,0,0,0,0,0,0,0,0,0,0,0,0,2,2,0,1,1,1,2,2,0
syn_aggregate_02178,20,1.0,3,3,2,2,1,1,2,1,0,0,0,0,0,1,0,0,0,0,0,0,0,0,0,0,0,0,0,0,0,1,2,2,1,2,0,1,1,1,2,1,0,0,0,0,0,0,0,1,0,0,0,0,0,0,0,0,0,0,4,0,2,2,1,2,1,2,2,2,1
syn_aggregate_02179,19,1.0,0,2,0,0,0,0,0,0,0,0,0,0,0,0,0,0,0,0,4,0,0,0,0,0,0,0,0,0,2,0,2,0,0,0,0,0,0,0,0,0,0,0,0,0,2,0,0,0,0,1,1,1,1,1,1,1,1,1,1,0,1,0,0,0,0,0,0,0,1
syn_aggregate_02180,18,2.0,0,1,0,0,0,0,0,0,1,0,0,0,0,0,0,0,0,0,0,0,1,0,0,0,1,0,0,0,1,0,0,0,0,0,0,0,2,0,0,0,0,1,2,0,0,0,0,0,0,0,0,0,0,0,0,0,0,0,0,1,3,2,2,2,1,1,2,3,4
syn_aggregate_02181,19,2.0,1,2,1,2,1,1,1,0,0,0,0,0,0,0,0,0,0,0,1,1,1,1,1,0,1,1,1,1,1,1,2,2,1,1,1,2,2,1,1,3,2,2,3,2,2,2,2,1,0,1,1,1,0,0,0,0,0,0,1,0,1,1,0,1,1,1,1,1,1
syn_aggregate_02182,18,1.0,1,2,1,2,0,1,1,0,0,1,2,1,1,1,0,0,1,1,0,3,3,3,3,2,3,2,2,2,3,1,1,1,1,1,0,0,0,0,0,1,1,1,1,1,1,1,1,1,1,0,0,0,0,0,0,0,0,0,0,0,0,0,0,0,0,0,0,0,3
syn_aggregate_02183,20,2.0,1,2,1,1,1,1,1,0,0,0,0,0,0,0,0,0,0,3,0,0,0,0,0,1,0,0,0,0,0,0,1,0,0,0,0,0,1,0,0,0,0,0,0,0,0,0,0,0,0,0,1,0,0,0,0,0,0,0,2,0,2,2,0,2,1,1,1,1,1
syn_aggregate_02184,29,2.0,2,2,1,1,0,1,0,0,0,0,0,0,0,0,0,0,0,0,2,0,1,0,0,0,1,0,0,0,0,0,0,0,0,0,0,0,0,3,0,0,0,0,1,0,1,0,0,1,1,1,1,1,0,1,1,1,1,1,0,0,1,1,0,1,0,0,1,1,0
syn_aggregate_02185,39,2.0,2,2,1,1,0,1,1,0,0,0,1,0,0,0,0,0,0,0,0,0,0,0,0,0,0,0,0,0,4,0,2,2,0,1,0,1,1,0,0,0,0,0,0,1,0,0,0,1,0,1,1,1,1,1,0,1,1,1,0,0,0,0,0,0,0,0,0,0,0
syn_aggregate_02186,19,1.0,3,3,2,2,1,2,0,1,0,0,0,0,0,0,0,0,0,0,4,2,1,1,2,1,1,1,1,1,1,1,2,1,1,1,1,1,1,1,1,0,0,0,0,0,0,0,0,0,3,0,1,0,0,1,0,0,1,0,2,0,1,1,0,1,0,0,1,0,0
syn_aggregate_02187,44,1.0,1,2,1,1,1,1,0,0,0,0,1,0,0,0,0,1,0,0,0,0,1,0,0,0,0,0,0,0,0,0,0,0,0,0,0,0,0,1,0,0,0,0,0,0,0,0,0,0,0,0,1,1,1,0,1,1,0,0,1,0,0,0,0,0,0,0,0,0,0
syn_aggregate_02188,19,1.0,2,2,1,2,1,0,1,0,0,1,2,1,1,2,1,1,1,2,1,1,1,1,1,1,1,1,0,0,1,1,2,2,1,1,1,2,1,1,2,2,2,1,2,1,1,1,0,1,1,1,1,1,1,0,1,0,1,1,1,0,1,1,0,1,1,1,1,1,0
syn_aggregate_02189,18,1.0,1,1,1,1,1,1,0,0,0,0,0,0,0,0,0,0,0,0,3,1,2,1,1,1,1,1,1,1,1,0,1,0,0,0,0,0,0,0,0,0,0,0,0,2,0,0,0,0,0,0,0,1,0,0,0,0,0,0,0,0,1,1,0,1,0,0,1,1,0
syn_aggregate_02190,19,2.0,3,3,2,2,2,2,1,1,1,3,3,3,3,3,3,3,3,2,4,1,2,1,2,1,1,1,2,1,1,3,4,4,3,3,3,3,2,2,3,2,3,2,3,2,2,2,2,2,2,1,1,1,0,1,1,0,1,1,0,2,4,4,3,4,3,3,3,3,2
syn_aggregate_02191,19,2.0,0,0,0,0,0,0,0,0,0,0,0,0,0,0,0,0,0,0,1,0,0,0,0,0,0,0,0,0,4,0,0,0,0,0,0,0,0,0,0,0,1,0,1,0,0,0,0,0,0,0,0,0,0,0,0,0,0,1,1,0,1,1,0,1,0,0,1,0,0
syn_aggregate_02192,20,1.0,0,0,0,0,0,0,0,0,0,0,0,0,0,0,0,0,0,0,4,0,0,0,0,0,0,0,0,4,0,0,0,0,0,0,0,0,0,0,0,1,0,0,1,0,0,0,0,0,0,0,0,0,0,0,0,0,0,0,1,0,0,0,0,1,0,0,0,0,0
syn_aggregate_02193,19,2.0,1,2,1,2,0,1,0,0,0,0,0,0,0,0,0,0,0,1,0,1,1,1,1,0,1,1,0,0,0,0,2,0,0,0,0,0,0,0,0,0,0,0,0,0,0,0,0,0,1,0,0,0,0,0,0,0,0,0,0,1,1,1,0,1,1,0,1,0,0
syn_aggregate_02194,39,2.0,1,0,0,0,0,0,0,0,0,0,0,0,0,0,0,0,0,4,0,1,2,1,1,0,2,1,0,1,2,0,0,0,0,0,0,0,0,0,3,0,0,0,0,0,0,0,0,0,0,0,1,0,0,0,0,0,0,0,1,0,4,0,0,0,0,0,0,0,0
syn_aggregate_02195,20,2.0,1,1,0,2,0,0,1,0,2,0,0,0,0,0,0,0,0,0,2,0,0,0,1,0,0,0,0,0,0,0,1,0,0,0,0,0,0,0,0,0,0,0,1,0,0,0,0,0,0,0,0,0,0,0,0,0,0,0,4,0,1,0,0,1,0,0,0,0,0
syn_aggregate_02196,18,1.0,2,2,1,1,1,1,0,0,0,0,0,0,0,0,0,0,0,1,0,0,0,0,0,0,0,0,2,0,0,0,1,1,1,1,1,1,1,0,0,0,0,0,0,0,0,0,0,0,1,0,0,0,0,0,0,0,0,0,2,0,1,0,0,0,0,0,0,0,0
syn_aggregate_02197,20,1.0,2,2,1,1,0,0,0,0,0,0,1,0,0,0,0,0,0,0,0,0,0,1,0,0,0,1,0,0,0,0,0,0,0,0,0,0,0,4,0,0,0,0,0,0,0,0,0,2,1,0,0,0,0,0,0,0,0,0,2,0,1,1,0,1,1,0,1,1,0
syn_aggregate_02198,19,2.0,3,3,2,3,2,3,2,1,0,3,3,3,3,3,3,3,2,3,4,3,3,3,3,3,2,2,2,2,2,2,2,2,1,2,2,2,2,1,0,2,1,1,2,1,0,0,1,1,1,1,2,1,1,1,2,1,0,1,2,1,3,3,1,3,2,2,3,2,2
syn_aggregate_02199,19,2.0,2,2,1,1,1,1,0,0,0,1,1,2,1,2,1,1,1,1,1,1,1,1,1,1,1,1,0,0,0,1,2,1,1,1,1,1,1,1,0,0,0,0,0,0,0,0,0,2,0,1,1,1,1,1,0,0,0,0,0,0,1,1,0,1,1,1,1,1,0
syn_aggregate_02200,38,2.0,1,2,1,2,0,0,1,0,1,0,0,0,0,0,0,0,0,0,0,2,2,2,2,1,2,1,2,1,2,1,1,1,1,1,0,0,0,1,1,1,0,0,0,0,0,0,0,0,2,0,0,0,0,0,4,0,0,0,0,0,2,2,0,1,1,0,2,1,0
syn_aggregate_02201,19,2.0,1,2,1,1,0,0,1,0,0,0,0,0,0,0,0,0,0,0,4,1,1,1,1,1,1,1,1,2,1,0,0,0,0,0,0,0,0,0,4,0,0,0,1,0,0,0,0,0,0,0,0,0,0,0,0,0,0,0,4,0,1,0,0,0,0,0,0,0,0
syn_aggregate_02202,18,2.0,3,3,2,3,1,1,0,0,0,0,0,0,0,0,0,0,0,4,0,4,4,3,4,3,4,3,3,3,3,2,3,2,2,2,1,2,2,1,2,3,3,2,3,2,2,1,2,2,1,1,1,1,1,1,2,2,1,1,1,2,3,3,2,3,2,2,2,2,1
syn_aggregate_02203,19,2.0,2,2,1,1,0,1,0,0,0,1,2,2,1,2,2,1,2,1,2,1,2,1,1,1,2,1,1,1,2,1,2,1,1,2,1,2,1,1,0,0,0,1,1,0,0,0,0,0,0,1,2,1,1,1,2,0,1,1,2,0,1,1,0,1,0,0,1,1,0
syn_aggregate_02204,21,1.0,0,1,0,0,0,0,0,0,0,0,0,0,0,0,0,0,0,1,0,0,0,0,0,0,0,0,0,0,0,0,0,0,0,0,0,0,0,0,0,0,0,0,0,1,0,0,0,0,0,0,0,0,0,0,0,0,0,0,3,0,1,1,0,1,1,1,1,1,1
syn_aggregate_02205,,2.0,2,2,1,1,0,0,0,0,0,0,4,0,0,0,0,0,0,0,0,2,2,1,2,1,2,1,1,1,1,0,1,1,1,1,1,1,1,1,1,1,1,0,1,1,0,0,0,1,0,0,0,0,0,0,0,0,0,0,1,0,1,1,0,1,0,0,1,0,0
syn_aggregate_02206,20,2.0,1,2,1,1,0,0,0,0,0,1,1,1,0,1,1,0,1,0,0,1,1,0,0,0,1,0,1,1,0,0,0,0,0,0,0,0,0,0,2,0,0,0,0,0,1,0,0,0,0,0,0,0,0,0,0,1,0,1,0,0,0,0,0,0,0,0,0,0,0
syn_aggregate_02207,21,2.0,2,2,1,1,0,0,1,0,0,0,0,0,0,0,0,0,0,0,3,1,1,1,1,1,1,0,0,0,0,1,2,2,1,2,0,1,0,1,0,0,0,0,0,0,0,0,0,0,0,0,0,0,0,0,0,0,0,1,0,0,2,1,0,2,1,1,1,1,0
syn_aggregate_02208,21,2.0,0,1,1,1,0,0,0,0,0,0,1,0,0,0,0,0,0,0,0,1,2,1,1,2,2,1,0,1,1,0,1,0,0,0,0,1,0,0,0,0,0,0,0,0,0,0,0,0,0,1,1,0,1,1,1,0,0,0,0,0,2,1,0,2,0,0,1,1,0
syn_aggregate_02209,19,2.0,1,1,0,0,0,0,0,0,0,0,0,0,0,0,0,0,0,0,0,0,0,0,0,0,0,0,0,0,2,0,0,0,0,0,0,0,0,0,0,0,0,0,0,0,0,2,0,0,0,0,0,0,0,0,0,0,0,0,0,0,1,0,0,1,0,0,0,0,0
syn_aggregate_02210,20,1.0,2,2,1,1,1,1,1,0,0,4,4,4,3,4,3,3,3,3,3,2,2,2,2,2,2,2,1,1,1,1,2,1,1,1,1,1,1,0,1,3,3,3,3,3,2,2,3,3,2,3,3,3,3,3,3,3,3,3,3,1,2,2,1,2,2,1,2,1,1
syn_aggregate_02211,21,2.0,0,0,0,0,0,0,0,0,0,0,0,0,0,0,0,0,0,0,0,0,0,0,0,0,0,0,0,3,0,0,0,0,0,0,0,0,0,0,0,0,0,0,0,0,0,0,0,0,0,0,0,0,0,0,0,0,0,0,0,0,1,0,0,0,0,0,0,0,0
syn_aggregate_02212,19,2.0,1,1,1,1,0,0,0,0,0,0,0,0,0,0,0,0,0,0,0,0,0,0,0,0,0,0,0,0,2,0,0,0,0,0,0,0,0,0,4,0,0,0,0,0,0,0,0,0,0,0,0,0,0,0,0,0,0,0,1,0,2,1,0,1,1,0,1,1,1
syn_aggregate_02213,22,2.0,3,3,2,2,1,1,1,0,1,0,0,0,0,0,0,0,0,3,0,0,0,0,0,0,0,0,0,1,0,0,0,0,0,0,0,2,0,0,0,0,0,0,0,0,0,0,0,0,0,0,0,0,0,0,0,0,0,0,0,0,1,1,0,1,0,0,1,0,0
syn_aggregate_02214,21,2.0,2,2,1,1,0,1,0,0,0,1,2,1,1,1,1,1,1,1,1,0,0,0,0,0,0,0,0,0,0,0,0,0,0,0,0,0,0,0,0,0,1,0,0,0,0,0,0,0,0,0,1,0,0,0,0,0,0,0,0,0,0,1,0,1,0,0,0,0,0
syn_aggregate_02215,18,2.0,1,1,1,1,0,0,0,0,0,1,1,1,0,1,1,0,1,1,1,0,0,0,0,0,0,0,0,3,0,0,0,0,0,0,0,0,0,0,3,0,0,0,0,0,0,0,0,0,0,1,2,1,1,1,2,1,1,1,1,0,0,0,0,0,0,0,0,0,4
syn_aggregate_02216,18,2.0,1,1,1,0,0,0,0,0,0,0,0,0,0,0,0,0,0,1,0,0,1,0,0,0,0,0,0,0,0,0,2,1,0,1,0,1,0,0,0,1,1,0,1,1,1,0,1,1,1,0,0,0,0,0,1,0,0,0,0,0,2,1,0,1,1,1,1,1,0
syn_aggregate_02217,22,2.0,1,1,2,1,0,0,0,0,0,0,1,0,0,0,0,0,0,1,0,0,0,0,0,0,0,0,0,0,1,0,1,1,1,1,1,1,1,1,0,0,0,0,0,0,0,0,0,0,3,0,1,1,0,0,1,1,0,0,0,0,1,1,1,1,1,0,0,0,0
syn_aggregate_02218,43,2.0,1,2,0,1,0,1,1,0,0,0,0,0,0,0,0,0,0,0,0,0,0,0,0,0,0,0,0,0,0,0,0,0,0,0,0,0,0,0,0,0,0,0,0,0,0,0,0,0,0,0,0,0,0,0,0,0,0,0,0,0,0,0,0,4,0,0,0,0,0
syn_aggregate_02219,19,1.0,2,2,1,1,0,1,0,0,0,0,0,0,0,0,0,0,0,0,0,0,0,0,0,0,0,0,0,0,0,0,0,0,0,0,0,0,0,0,0,0,0,0,0,0,0,0,0,0,2,0,0,0,0,0,0,0,0,0,0,0,0,0,0,0,0,0,0,0,0
syn_aggregate_02220,21,2.0,0,0,0,0,0,0,0,0,0,0,1,0,0,0,0,0,0,1,0,0,1,0,0,0,1,0,0,0,1,0,1,0,1,1,0,0,1,0,0,1,1,0,0,0,0,0,0,0,0,0,0,0,0,0,0,0,0,0,1,0,1,1,0,1,0,0,0,0,0
syn_aggregate_02221,46,2.0,1,1,1,1,0,0,0,0,0,0,1,0,0,0,0,0,0,0,0,1,2,1,2,1,1,1,1,1,1,1,1,1,1,0,1,1,1,0,0,0,0,0,0,0,0,0,0,0,1,0,0,0,0,0,0,0,0,0,3,0,1,1,0,1,0,1,1,1,0
syn_aggregate_02222,20,2.0,2,1,1,1,0,0,0,0,0,0,0,1,0,0,0,0,0,1,0,0,1,0,0,0,1,0,1,0,0,0,1,1,0,0,0,1,1,0,0,0,0,0,0,0,0,0,0,0,4,1,1,1,0,0,1,0,0,1,0,0,0,0,0,0,0,0,0,1,2
syn_aggregate_02223,18,2.0,0,0,2,0,0,0,0,0,0,0,0,0,0,0,0,0,0,0,0,0,0,0,0,0,0,0,0,0,0,0,0,0,0,0,3,0,0,0,0,0,0,0,0,0,0,0,0,0,0,0,0,0,0,0,0,0,0,0,0,0,0,0,0,0,0,0,0,0,0
syn_aggregate_02224,26,2.0,1,2,1,1,0,1,0,0,0,0,1,0,0,0,0,0,0,0,3,0,0,0,0,0,0,0,0,0,2,0,0,0,0,0,0,0,0,0,0,1,1,0,0,0,0,0,0,0,0,0,2,0,0,0,0,0,0,0,0,0,0,0,0,1,0,0,0,0,0
syn_aggregate_02225,46,2.0,2,3,2,2,1,1,1,0,0,1,1,1,0,1,0,0,1,0,0,0,1,0,0,0,1,0,0,0,0,0,0,0,1,1,0,0,1,1,0,1,0,0,0,0,0,0,1,0,0,0,0,0,0,0,0,0,0,0,3,2,3,2,2,2,1,2,2,3,2
syn_aggregate_02226,18,2.0,1,2,0,2,0,1,1,0,1,2,3,2,2,2,2,1,2,2,1,1,1,1,1,1,1,1,0,0,1,2,2,2,2,2,2,2,2,1,2,1,0,0,1,1,0,0,0,0,1,0,0,0,0,0,0,0,0,0,2,0,1,0,0,0,0,0,0,0,0
syn_aggregate_02227,21,1.0,2,2,1,1,1,0,1,0,0,0,0,0,0,0,0,0,0,0,0,0,0,0,0,0,0,0,0,1,0,0,1,1,0,0,0,1,0,0,0,1,1,0,1,1,0,0,0,1,0,0,0,0,0,0,0,0,4,0,0,0,1,1,0,1,0,0,1,0,0
syn_aggregate_02228,19,2.0,1,1,0,1,0,0,1,0,1,0,0,0,0,0,0,0,0,0,3,1,2,1,2,1,1,1,1,1,2,0,1,0,0,0,1,0,0,0,0,0,0,0,0,0,0,0,0,2,0,1,2,1,1,1,1,1,2,1,1,0,1,1,0,1,1,1,1,1,0
syn_aggregate_02229,21,1.0,1,1,1,1,0,0,1,0,0,0,1,0,0,0,0,0,0,0,0,1,1,1,1,0,2,2,1,1,1,0,1,0,0,1,0,0,0,0,0,0,0,0,0,0,0,0,0,0,2,0,0,0,0,0,0,0,0,0,0,0,1,2,0,1,0,0,1,0,1
syn_aggregate_02230,42,2.0,2,2,1,1,1,1,1,0,0,0,0,0,1,1,0,0,1,0,0,1,1,1,1,1,1,1,1,1,1,1,1,1,0,1,1,1,1,0,1,0,0,1,0,0,0,0,2,0,0,0,0,0,1,0,0,0,0,0,1,1,3,2,1,2,1,1,2,2,2
syn_aggregate_02231,24,1.0,1,1,1,1,0,0,0,0,0,0,1,0,0,0,0,0,0,0,0,1,1,0,1,1,1,0,0,1,1,0,0,0,0,0,0,0,0,0,0,0,0,0,0,0,0,0,0,0,0,0,1,0,0,0,0,0,0,0,0,0,1,0,0,0,0,0,1,0,0
syn_aggregate_02232,22,1.0,2,2,1,1,0,0,0,0,0,1,1,1,1,1,0,0,0,0,1,1,1,1,1,1,1,1,1,1,1,1,1,1,1,1,1,1,2,1,1,0,0,0,1,0,0,0,0,0,0,0,0,0,0,0,0,0,0,1,0,0,1,1,0,1,0,0,1,0,0
syn_aggregate_02233,18,2.0,1,1,1,1,0,0,0,1,0,0,2,0,0,0,0,0,0,0,0,1,1,0,1,0,0,0,1,0,0,0,1,1,0,1,0,1,1,1,0,0,0,0,0,0,0,0,0,0,1,0,1,0,0,0,0,1,0,1,0,0,1,0,0,0,0,0,0,0,0
syn_aggregate_02234,18,2.0,2,2,0,1,0,1,1,0,0,0,0,0,0,0,0,0,0,0,0,1,1,1,1,0,1,0,1,0,0,0,0,0,0,0,0,0,0,0,0,0,0,2,0,0,0,0,0,0,0,0,0,0,0,0,0,0,0,0,1,0,0,0,0,2,0,0,0,0,0
syn_aggregate_02235,19,1.0,0,1,0,0,0,0,0,0,0,0,0,0,0,0,0,0,0,3,0,0,0,0,0,0,0,0,0,0,0,0,0,0,0,0,0,0,0,1,0,0,0,1,0,0,0,0,0,0,1,0,0,0,0,0,0,0,0,0,0,0,0,0,0,0,0,0,0,0,2
syn_aggregate_02236,18,2.0,2,3,2,2,1,1,1,0,0,0,0,0,0,0,0,0,0,0,3,0,0,0,0,0,0,0,0,4,0,1,2,2,1,1,1,2,2,1,0,0,0,0,0,0,0,0,0,0,3,1,1,1,1,1,1,0,1,0,0,0,2,2,0,2,0,1,1,1,1
syn_aggregate_02237,20,2.0,2,3,2,2,1,2,1,0,0,0,0,0,0,0,0,0,0,4,0,1,1,0,1,0,1,0,0,0,0,0,2,2,1,1,0,0,1,1,1,1,0,0,0,0,0,0,0,0,0,0,0,0,0,0,0,0,0,3,0,0,2,1,0,1,0,0,2,1,0
syn_aggregate_02238,22,2.0,0,1,0,0,0,0,0,0,0,1,1,1,1,1,1,1,1,1,1,0,0,0,0,0,0,0,0,0,3,0,0,0,0,0,0,0,0,0,0,0,1,0,0,1,0,0,0,0,0,1,1,1,0,0,1,1,0,0,1,0,1,1,0,2,1,1,1,1,1
syn_aggregate_02239,20,2.0,0,0,0,0,0,0,0,0,0,0,0,0,0,0,0,0,0,0,0,0,0,0,0,0,0,2,0,0,0,0,0,0,0,0,0,0,0,0,0,0,0,0,0,0,0,0,0,0,0,0,0,0,0,0,0,0,0,0,0,0,1,0,0,0,0,0,0,0,0
syn_aggregate_02240,19,2.0,2,2,1,1,1,1,0,0,0,1,1,1,0,0,0,0,0,0,0,1,1,1,1,2,1,1,1,2,1,2,3,3,2,2,2,2,2,2,2,2,1,1,2,2,1,1,1,0,2,1,2,1,1,1,2,1,1,1,2,1,3,3,2,3,3,2,3,4,3
syn_aggregate_02241,32,2.0,1,1,0,1,0,1,0,0,0,0,1,0,0,0,0,0,0,0,0,0,0,0,0,0,0,0,0,0,0,0,0,0,0,0,0,0,0,0,4,0,0,0,0,0,0,0,0,0,1,1,1,1,1,0,0,0,0,0,2,0,0,0,0,1,0,0,0,0,0
syn_aggregate_02242,26,2.0,1,1,1,1,1,1,1,0,0,0,1,0,0,0,0,0,0,0,0,0,0,0,0,0,0,0,0,0,0,1,1,1,0,0,0,0,0,0,0,0,0,0,0,0,0,0,0,3,0,0,0,0,0,0,0,0,0,0,3,0,1,0,0,1,0,0,0,0,0
syn_aggregate_02243,18,1.0,1,2,0,0,0,0,0,0,0,0,1,0,0,0,1,0,0,0,0,1,1,1,1,1,1,2,1,1,1,1,1,1,0,0,1,0,0,0,0,0,0,0,0,0,0,0,0,1,2,0,1,0,0,1,1,0,0,1,0,0,1,0,0,0,0,0,0,0,0
syn_aggregate_02244,19,2.0,1,1,0,1,0,1,0,0,0,0,0,0,0,0,0,0,0,0,1,1,2,1,1,1,2,1,1,1,1,1,2,1,1,1,0,1,1,1,1,1,1,0,1,1,1,0,1,1,0,1,1,1,0,1,1,1,1,0,0,0,1,0,0,1,0,0,0,0,0
syn_aggregate_02245,20,2.0,0,0,0,0,0,0,0,0,0,0,0,0,0,0,0,0,0,0,0,0,0,0,0,0,0,0,0,0,3,0,1,0,0,0,0,0,0,0,0,0,0,0,0,0,0,0,0,1,0,0,1,0,0,0,0,0,0,1,0,0,1,1,0,1,0,0,1,1,0
syn_aggregate_02246,34,1.0,1,1,1,1,1,1,1,1,1,1,1,1,0,1,1,0,1,1,0,1,1,0,0,0,0,0,0,0,0,1,2,2,1,1,2,2,1,1,1,2,1,1,2,1,1,0,1,1,0,1,1,1,1,1,0,0,0,0,0,0,2,2,0,1,0,0,1,0,1
syn_aggregate_02247,45,1.0,1,0,0,0,0,0,0,0,0,0,0,0,0,0,0,0,0,0,0,0,0,0,1,0,0,0,0,0,0,0,0,0,0,0,0,0,0,0,0,0,0,0,0,0,0,0,0,2,0,0,0,0,0,0,0,0,0,0,0,0,1,1,0,1,0,0,0,0,0
syn_aggregate_02248,47,2.0,2,1,1,2,1,1,1,0,0,0,0,0,1,1,1,0,0,0,0,1,1,0,1,1,1,0,1,1,1,0,0,0,0,0,0,0,0,0,2,0,1,0,1,0,0,0,0,1,1,1,1,1,0,1,0,0,0,1,0,0,1,0,0,0,0,0,0,0,0
syn_aggregate_02249,32,2.0,2,3,2,2,1,1,0,0,0,0,0,0,0,0,0,0,0,0,4,0,1,0,0,0,0,0,0,0,1,0,1,1,0,0,0,0,0,0,0,0,0,0,0,0,0,0,0,0,0,0,0,0,0,0,0,0,0,0,0,0,1,1,0,1,1,1,1,1,0
syn_aggregate_02250,19,2.0,2,1,1,1,1,1,1,0,0,0,1,0,0,0,0,0,0,0,0,1,2,1,1,2,2,1,1,1,1,1,2,2,1,1,1,1,1,1,1,0,0,0,0,3,0,0,0,0,0,0,0,0,0,0,0,0,0,0,0,0,1,1,0,1,0,0,1,1,0
syn_aggregate_02251,22,1.0,2,2,1,1,0,0,0,0,1,1,1,1,1,1,1,1,1,1,1,1,2,1,2,1,1,1,1,2,2,0,2,2,1,1,1,2,2,1,0,1,1,1,1,1,1,0,0,0,0,1,1,1,1,1,1,0,0,0,1,1,2,2,1,2,1,1,2,1,1
syn_aggregate_02252,31,2.0,1,2,0,1,0,0,0,0,1,0,0,1,0,0,0,0,0,0,2,0,0,0,0,0,0,0,0,0,0,0,0,0,0,0,0,0,0,0,0,0,0,0,0,0,0,0,0,0,0,0,0,0,0,0,0,0,0,0,0,0,0,0,0,0,0,0,0,0,0
syn_aggregate_02253,21,2.0,1,1,1,1,0,0,0,0,0,0,0,0,0,0,0,0,0,0,3,4,4,3,2,2,4,4,2,1,3,0,1,1,0,1,0,1,1,0,0,2,1,1,1,1,1,0,0,1,1,0,0,0,0,0,0,0,0,2,0,1,1,1,1,1,0,1,1,1,0
syn_aggregate_02254,20,2.0,0,0,0,0,0,0,0,0,0,0,0,0,0,0,0,0,0,0,2,0,0,1,0,0,0,0,0,0,0,0,1,1,0,1,0,1,1,1,0,0,0,0,0,0,0,0,0,0,0,0,0,0,0,0,0,0,1,0,0,0,0,0,0,0,0,0,0,0,2
syn_aggregate_02255,18,1.0,2,3,2,2,1,1,1,0,1,1,1,1,0,1,1,0,0,0,1,1,1,1,1,1,2,1,1,1,1,2,3,2,2,3,2,2,3,1,1,2,1,1,2,2,1,1,1,1,2,3,3,3,2,2,3,2,2,2,2,0,3,3,1,3,2,2,3,2,1
syn_aggregate_02256,19,2.0,1,1,1,1,1,0,0,0,0,0,0,0,0,0,0,0,0,0,0,0,0,0,0,0,1,0,0,0,0,0,0,0,0,0,0,0,0,1,0,0,0,0,0,0,0,0,0,0,0,0,0,0,0,0,0,0,0,1,0,0,1,0,0,1,0,0,0,0,0
syn_aggregate_02257,18,2.0,1,0,1,0,0,0,0,0,0,0,1,0,0,0,0,1,0,0,0,0,0,0,0,0,0,0,0,0,3,0,0,0,0,0,0,0,0,0,0,2,1,1,2,1,1,0,0,1,1,1,1,1,1,1,1,1,1,0,1,0,2,1,0,1,0,0,1,1,0
syn_aggregate_02258,21,1.0,2,3,1,2,1,2,1,0,0,0,2,0,0,0,0,0,0,0,0,0,0,0,0,0,0,0,0,0,4,1,2,2,2,2,2,2,2,1,1,0,0,0,1,0,0,0,0,1,0,1,1,0,0,0,0,0,0,0,0,0,1,1,0,1,1,1,1,1,0
syn_aggregate_02259,20,1.0,1,2,1,1,0,0,0,0,0,0,0,0,0,0,0,0,0,0,4,2,3,2,2,3,3,2,1,2,2,0,2,1,1,1,1,1,1,0,0,1,0,0,0,0,1,0,0,0,0,0,0,0,0,0,0,0,0,0,3,0,2,1,0,2,0,1,1,0,0
syn_aggregate_02260,18,1.0,1,2,1,1,1,0,1,0,0,0,0,0,0,0,0,0,0,2,0,0,0,0,0,0,0,0,0,0,0,0,0,0,0,0,0,0,0,0,4,0,0,0,0,0,0,0,0,0,0,0,0,0,0,0,0,0,0,0,0,0,0,1,0,0,0,0,0,0,0
