ID,W1_age_r,W1_sex_r,W1_depression_it1,W1_depression_it2,W1_depression_it3,W1_depression_it4,W1_depression_it5,W1_depression_it6,W1_depression_it7,W1_depression_it8,W1_depression_it9,W1_separation_anxiety_it1,W1_separation_anxiety_it2,W1_separation_anxiety_it3,W1_separation_anxiety_it4,W1_separation_anxiety_it5,W1_separation_anxiety_it6,W1_separation_anxiety_it7,W1_separation_anxiety_it8,W1_separation_anxiety_it9,W1_separation_anxiety_it10,W1_specific_phobia_it1,W1_specific_phobia_it2,W1_specific_phobia_it3,W1_specific_phobia_it4,W1_specific_phobia_it5,W1_specific_phobia_it6,W1_specific_phobia_it7,W1_specific_phobia_it8,W1_specific_phobia_it9,W1_specific_phobia_it10,W1_social_anxiety_it1,W1_social_anxiety_it2,W1_social_anxiety_it3,W1_social_anxiety_it4,W1_social_anxiety_it5,W1_social_anxiety_it6,W1_social_anxiety_it7,W1_social_anxiety_it8,W1_social_anxiety_it9,W1_social_anxiety_it10,W1_panic_it1,W1_panic_it2,W1_panic_it3,W1_panic_it4,W1_panic_it5,W1_panic_it6,W1_panic_it7,W1_panic_it8,W1_panic_it9,W1_panic_it10,W1_agoraphobia_it1,W1_agoraphobia_it2,W1_agoraphobia_it3,W1_agoraphobia_it4,W1_agoraphobia_it5,W1_agoraphobia_it6,W1_agoraphobia_it7,W1_agoraphobia_it8,W1_agoraphobia_it9,W1_agoraphobia_it10,W1_generalized_anxiety_it1,W1_generalized_anxiety_it2,W1_generalized_anxiety_it3,W1_generalized_anxiety_it4,W1_generalized_anxiety_it5,W1_generalized_anxiety_it6,W1_generalized_anxiety_it7,W1_generalized_anxiety_it8,W1_generalized_anxiety_it9,W1_generalized_anxiety_it10
syn_aggregate_00001,18,2.0,2,2,2,2,1,1,1,0,0,0,0,0,0,0,0,0,0,0,0,2,3,2,2,2,2,3,2,1,1,2,3,3,2,2,3,2,2,2,2,2,2,1,2,1,1,1,1,1,1,0,0,0,0,0,0,0,2,1,3,1,3,2,1,3,2,2,2,2,1
syn_aggregate_00002,18,2.0,0,0,0,0,0,0,0,0,0,0,0,0,0,0,0,0,0,0,0,0,1,0,0,0,0,0,0,0,0,0,0,0,0,0,0,0,0,0,1,1,1,1,1,1,1,0,0,1,3,0,1,0,0,0,1,0,0,0,0,0,0,0,0,1,0,0,0,0,0
syn_aggregate_00003,23,2.0,2,2,1,1,1,0,1,0,0,0,1,1,0,1,0,0,0,0,0,1,1,1,1,1,1,1,1,1,1,2,2,2,2,2,2,2,2,2,2,4,4,4,4,4,4,3,4,4,2,2,2,2,2,2,2,2,2,2,2,2,2,2,1,2,1,2,2,2,1
syn_aggregate_00004,26,2.0,1,1,0,1,0,0,0,0,0,1,1,1,0,1,1,0,0,1,0,4,4,4,4,4,4,3,3,3,4,1,2,1,1,1,1,1,1,1,1,4,4,4,4,3,3,3,3,2,2,0,0,0,0,0,0,0,0,1,1,2,4,4,2,4,3,3,3,3,2
syn_aggregate_00005,45,2.0,3,3,2,3,3,3,3,0,0,1,1,2,1,2,1,1,1,1,2,4,4,4,4,4,4,4,4,4,4,4,4,4,4,4,4,4,4,3,4,4,4,4,4,4,4,4,3,3,3,0,1,0,0,0,0,0,1,0,1,3,4,4,4,4,4,4,3,4,3
syn_aggregate_00006,34,1.0,3,3,2,3,2,3,2,1,0,0,2,1,0,1,1,1,1,1,0,2,3,2,2,2,3,2,2,2,3,2,3,2,1,2,2,2,1,1,2,3,2,3,3,2,2,2,2,3,2,0,0,0,0,0,0,0,0,1,2,0,2,2,0,2,1,1,1,1,1
syn_aggregate_00007,33,2.0,3,3,2,3,1,2,1,0,0,0,0,0,0,0,0,0,0,0,4,1,1,1,1,1,1,1,1,1,1,4,4,4,4,4,4,3,3,3,4,2,2,1,2,1,1,0,1,0,0,1,1,0,0,1,1,1,0,0,0,1,2,2,1,3,2,2,3,2,1
syn_aggregate_00008,18,1.0,3,3,3,3,3,3,3,3,3,2,2,2,1,1,1,1,2,1,1,4,4,3,4,3,4,4,4,4,4,3,4,4,3,3,4,4,4,3,2,4,4,4,4,3,3,3,3,4,4,0,2,0,0,0,0,0,0,2,0,3,4,4,3,4,4,4,4,4,4
syn_aggregate_00009,19,1.0,2,2,2,2,2,1,1,0,0,1,0,1,0,1,0,0,0,0,0,4,4,4,4,4,4,3,4,3,4,2,2,2,1,2,1,2,2,1,1,1,0,0,1,0,0,0,0,0,0,1,1,1,0,1,1,1,0,0,0,3,4,3,3,4,3,3,3,3,2
syn_aggregate_00010,20,2.0,1,0,0,0,0,0,0,0,0,0,0,0,0,0,0,0,0,0,0,0,0,0,1,0,0,1,0,0,0,0,1,0,0,0,0,0,1,0,0,2,2,2,2,1,1,1,1,1,0,0,0,0,0,0,2,0,0,0,0,0,0,0,0,0,0,0,0,0,0
syn_aggregate_00011,19,1.0,1,1,0,1,1,0,0,0,0,0,1,0,0,0,0,0,0,0,0,1,2,0,0,0,2,1,1,0,0,2,2,2,2,2,2,1,1,2,2,2,2,2,2,1,2,1,1,1,1,0,0,0,0,0,0,0,0,0,3,0,1,1,0,1,0,0,1,0,0
syn_aggregate_00012,20,2.0,3,3,2,3,2,3,2,2,0,0,0,0,0,0,0,0,0,0,0,2,3,2,3,2,2,3,2,2,1,3,4,4,4,4,4,3,3,4,3,3,3,2,3,2,2,1,2,2,2,0,0,0,0,0,0,0,0,0,0,2,3,3,2,3,2,2,2,2,2
syn_aggregate_00013,21,2.0,2,2,2,2,1,1,0,0,0,0,0,0,0,0,0,0,0,0,1,1,1,0,1,0,0,0,0,0,0,1,3,3,2,3,2,2,2,2,1,4,4,4,4,4,4,4,3,3,4,1,2,1,1,1,1,2,1,1,2,0,1,0,0,1,0,0,0,0,0
syn_aggregate_00014,20,2.0,0,1,0,0,0,0,0,0,0,0,0,0,0,0,0,0,0,0,0,0,1,0,0,0,1,0,0,0,0,0,0,0,0,0,0,0,0,0,0,0,0,0,0,0,0,0,0,1,0,0,0,0,0,0,0,0,0,0,0,0,1,0,0,0,0,0,0,0,0
syn_aggregate_00015,18,1.0,2,2,1,1,1,1,1,0,0,0,1,0,0,0,0,0,0,0,0,1,1,0,1,1,1,1,1,1,1,1,3,3,2,2,2,2,3,2,1,0,0,0,0,0,0,0,0,1,0,0,0,0,0,0,0,0,0,0,0,0,1,0,0,0,0,0,0,0,0
syn_aggregate_00016,19,2.0,2,2,1,2,1,0,1,0,0,0,1,0,0,0,0,0,0,0,0,0,0,0,0,0,0,0,0,1,0,2,3,2,2,2,2,2,2,1,2,1,1,0,1,0,0,0,0,0,0,0,0,0,0,0,0,0,0,0,0,0,2,2,1,2,1,1,2,2,2
syn_aggregate_00017,19,2.0,3,3,2,3,2,3,2,2,1,0,0,1,0,0,0,0,0,0,0,3,3,3,3,2,3,2,2,2,1,3,4,3,3,3,3,3,2,2,3,2,1,1,2,1,1,0,0,1,0,0,1,0,0,0,0,0,0,0,0,3,4,3,3,4,2,3,3,3,1
syn_aggregate_00018,42,1.0,3,3,3,3,2,3,3,2,1,0,0,0,0,0,0,0,2,0,0,2,2,2,2,2,1,1,1,1,1,4,4,4,4,4,4,4,3,4,3,2,2,1,2,1,1,1,1,1,2,0,0,0,0,0,0,0,0,0,2,3,4,4,3,4,3,3,3,2,2
syn_aggregate_00019,21,2.0,0,0,0,0,0,0,0,0,0,0,0,0,0,0,0,0,0,0,0,1,2,1,2,1,2,1,1,1,1,0,1,1,1,1,0,1,1,1,0,1,1,0,1,0,0,0,0,1,0,0,1,0,0,0,0,0,0,0,0,0,0,0,0,0,0,0,0,0,2
syn_aggregate_00020,18,2.0,0,1,0,0,0,0,0,0,0,0,0,0,0,0,0,0,0,0,0,1,1,0,0,0,0,0,0,0,0,0,1,0,0,0,0,0,0,0,0,1,1,1,1,1,1,1,1,0,0,0,0,0,0,0,0,0,2,0,0,0,1,0,0,1,0,0,0,0,0
syn_aggregate_00021,19,1.0,2,1,0,1,0,1,0,0,0,0,0,0,0,0,0,0,0,0,2,0,0,0,0,0,0,0,0,1,0,0,0,0,0,0,0,0,1,0,1,1,1,0,1,0,1,0,0,1,0,0,0,0,0,0,0,0,1,0,0,0,1,1,0,1,0,0,1,1,0
syn_aggregate_00022,19,1.0,3,3,2,3,1,2,0,0,0,0,1,0,0,0,0,0,0,0,0,1,1,1,1,1,1,1,0,0,0,2,2,1,2,1,1,2,1,1,2,3,4,3,4,3,3,3,3,3,2,1,1,1,1,1,1,1,0,0,1,0,1,1,0,1,1,0,1,0,1
syn_aggregate_00023,21,2.0,2,2,0,1,1,0,0,0,0,0,0,1,0,1,0,0,0,0,0,3,3,3,2,2,3,2,2,2,2,2,3,3,2,2,3,2,2,2,3,0,0,0,0,2,0,0,0,0,0,0,0,0,0,0,1,0,0,0,0,0,2,2,0,1,0,1,1,1,1
syn_aggregate_00024,36,2.0,3,3,2,3,1,1,0,0,0,0,0,0,0,0,0,0,0,0,0,4,4,4,4,3,4,4,3,4,3,0,0,0,0,0,0,0,0,0,0,0,1,0,0,0,0,0,0,0,0,0,0,0,0,0,0,0,0,0,1,0,1,1,0,1,0,0,1,0,0
syn_aggregate_00025,20,2.0,2,2,1,1,0,0,1,0,0,0,1,0,0,0,0,0,0,0,0,0,1,0,0,1,0,0,1,0,0,0,2,2,1,2,1,1,2,1,1,1,1,1,1,0,0,0,0,0,2,0,1,0,0,0,0,2,0,0,0,1,3,3,1,2,2,2,3,2,1
syn_aggregate_00026,19,2.0,2,2,1,2,1,1,0,0,0,0,0,0,0,0,0,0,0,0,0,1,1,1,0,1,1,0,0,1,0,2,2,2,2,1,1,1,2,1,2,1,1,0,1,0,1,0,0,1,1,0,1,0,0,0,0,0,1,0,0,0,2,2,0,2,1,0,1,1,0
syn_aggregate_00027,19,1.0,2,2,1,2,1,1,1,0,0,0,1,0,0,1,0,0,0,0,0,4,4,4,4,3,4,3,4,4,3,2,2,2,2,2,1,1,1,2,1,1,0,1,1,0,0,0,0,0,0,0,0,0,0,0,1,0,0,0,0,0,1,0,0,0,0,0,0,0,0
syn_aggregate_00028,18,2.0,1,2,1,2,1,1,0,0,0,0,0,0,0,0,0,0,0,0,4,2,2,1,2,1,2,2,1,2,2,3,4,4,4,3,4,4,3,3,2,2,3,2,2,2,2,3,2,1,2,1,1,2,1,1,2,1,1,1,2,3,4,4,3,4,3,3,4,4,3
syn_aggregate_00029,19,1.0,2,2,1,2,1,1,1,0,0,0,0,0,0,0,0,0,0,0,2,3,3,3,3,3,3,2,2,2,3,2,3,2,2,2,2,2,2,2,2,4,4,3,4,4,4,3,4,3,4,0,0,0,0,0,0,0,0,0,3,1,4,4,2,3,3,3,3,3,2
syn_aggregate_00030,18,2.0,2,2,1,1,0,0,0,0,0,1,2,1,1,1,0,0,1,1,0,0,0,0,0,0,0,1,0,0,0,1,2,2,1,1,1,2,1,1,0,1,1,0,1,0,0,0,0,0,0,0,0,0,0,1,0,0,0,2,0,0,0,0,0,0,0,0,4,0,0
syn_aggregate_00031,19,2.0,0,0,0,0,0,0,0,0,0,0,0,0,0,0,0,0,0,0,0,0,0,0,0,0,0,0,0,0,0,0,1,0,0,0,0,0,0,0,0,1,1,0,1,0,0,0,0,0,0,0,0,0,0,0,0,0,0,0,0,0,0,0,0,0,0,0,0,0,0
syn_aggregate_00032,22,1.0,0,0,0,0,0,0,0,0,0,1,1,1,0,1,0,0,0,0,1,1,1,1,1,1,1,1,1,1,1,0,0,0,0,0,0,0,0,0,2,1,1,0,1,0,0,0,0,1,0,0,0,0,0,0,0,0,0,0,0,0,1,1,0,1,0,0,0,1,0
syn_aggregate_00033,19,2.0,2,2,2,2,1,1,1,0,0,2,3,3,2,3,2,1,3,2,3,3,3,2,3,2,3,2,1,2,3,4,4,4,4,4,4,4,4,4,3,3,3,3,3,2,3,2,2,2,1,1,1,1,1,1,2,2,0,0,0,3,4,4,3,4,3,3,4,4,4
syn_aggregate_00034,19,1.0,2,1,1,1,0,0,0,0,0,1,1,1,0,0,0,0,0,1,0,1,2,1,1,1,2,1,1,1,1,4,4,4,4,4,4,4,3,4,4,3,3,2,3,2,2,2,2,2,2,0,1,0,0,0,0,0,0,0,0,3,3,3,2,3,3,3,3,3,2
syn_aggregate_00035,19,2.0,3,3,2,3,2,2,2,1,0,1,1,1,0,1,1,1,1,1,1,4,4,4,4,4,4,3,4,3,4,3,4,4,3,4,4,3,3,3,4,3,3,3,3,2,2,2,2,2,2,0,0,0,0,0,0,0,0,2,0,3,4,4,3,4,3,3,4,4,3
syn_aggregate_00036,19,1.0,3,3,2,3,2,2,1,0,0,0,0,0,0,0,0,0,1,0,0,3,3,2,3,2,3,2,2,2,2,0,1,1,0,1,0,0,0,0,0,2,1,1,2,1,0,0,0,1,0,0,0,0,0,0,0,0,0,1,0,0,1,0,0,0,0,0,0,0,2
syn_aggregate_00037,33,2.0,3,3,2,2,2,2,2,2,0,1,2,1,1,1,2,1,1,1,1,4,4,4,4,3,4,4,3,4,3,2,3,3,2,2,2,2,2,1,1,4,4,4,4,4,3,4,4,3,4,1,1,1,1,1,0,0,0,0,0,1,3,3,2,3,2,2,3,2,4
syn_aggregate_00038,21,2.0,1,2,1,2,1,1,1,1,1,0,0,0,0,0,0,0,0,0,0,0,0,0,0,0,0,0,0,0,0,0,2,2,1,1,1,1,1,1,0,3,3,3,3,2,3,2,2,2,3,0,0,0,0,0,0,0,0,0,0,0,0,0,0,0,0,0,0,0,0
syn_aggregate_00039,22,2.0,3,3,2,3,2,2,1,0,0,2,2,2,1,1,1,1,1,2,2,4,4,4,4,3,3,3,3,3,1,4,4,4,4,4,4,3,4,4,4,2,2,2,2,2,2,1,2,2,2,1,1,1,0,1,1,1,0,1,1,4,4,4,4,4,4,4,4,4,4
syn_aggregate_00040,19,2.0,2,0,0,0,0,0,0,0,0,0,0,0,0,0,0,0,0,0,3,1,1,1,1,1,1,1,0,1,0,0,0,0,0,0,0,0,0,0,0,3,3,3,3,3,3,2,3,2,3,0,0,0,0,0,0,0,0,0,2,0,0,0,0,0,0,0,0,0,0
syn_aggregate_00041,19,2.0,2,2,1,1,0,0,1,0,0,0,0,0,0,0,0,0,0,0,2,1,1,0,1,1,1,0,1,0,0,0,0,1,0,0,0,0,0,0,0,0,0,0,0,0,0,0,0,3,0,0,0,1,0,0,0,0,0,0,0,0,1,1,0,1,0,0,0,1,0
syn_aggregate_00042,20,2.0,3,3,3,3,3,3,3,2,2,1,2,2,0,2,1,1,2,2,1,4,4,4,4,3,4,3,4,3,2,4,4,4,4,4,4,4,4,3,3,4,4,4,4,3,4,4,4,3,4,1,1,1,1,1,1,1,1,1,1,2,4,4,3,4,3,3,4,3,4
syn_aggregate_00043,18,1.0,0,0,0,0,2,0,0,0,0,1,1,1,0,1,1,0,0,1,0,2,2,1,2,1,2,1,1,2,1,4,4,4,4,4,4,4,4,3,3,4,4,4,4,3,4,3,4,3,3,0,0,0,0,0,1,0,0,0,1,4,4,4,4,4,4,4,4,4,3
syn_aggregate_00044,19,2.0,3,3,2,3,2,3,2,0,0,0,0,0,0,0,0,0,0,0,2,4,4,4,4,4,4,4,3,4,3,4,4,4,4,4,3,4,4,4,4,4,4,4,4,4,4,3,4,4,2,0,0,0,0,0,2,0,0,0,0,3,4,4,3,4,4,3,4,4,4
syn_aggregate_00045,19,2.0,3,3,3,3,2,3,3,2,2,0,0,0,0,0,0,0,0,0,1,1,2,1,1,1,1,1,1,2,1,3,4,4,3,4,3,3,4,3,1,4,4,4,4,4,4,3,4,4,3,1,2,1,1,1,2,2,1,1,2,3,4,4,3,4,4,4,4,4,2
syn_aggregate_00046,18,1.0,3,3,2,3,2,3,2,1,0,1,1,1,1,1,1,1,2,0,0,4,4,4,4,4,4,4,4,4,4,2,4,3,3,2,1,3,2,2,1,3,3,3,3,3,2,2,2,2,3,0,0,0,0,0,0,0,0,1,0,4,4,4,4,4,4,4,4,4,3
syn_aggregate_00047,50,2.0,3,3,3,3,3,3,3,3,3,2,2,2,1,2,2,1,2,2,2,4,4,4,4,4,4,4,3,3,4,4,4,4,4,4,4,4,3,3,2,4,4,4,4,3,4,4,4,4,4,0,1,1,0,1,1,1,0,1,1,4,4,4,4,4,4,4,4,4,4
syn_aggregate_00048,20,2.0,3,3,2,3,2,2,3,2,2,0,1,0,0,0,0,0,0,0,0,3,3,2,3,2,2,2,2,3,2,0,0,0,0,0,0,0,0,0,2,2,2,2,3,2,2,1,1,1,1,0,0,0,0,0,0,0,0,0,2,0,2,0,0,0,0,0,0,0,0
syn_aggregate_00049,19,1.0,2,3,2,3,2,3,2,1,1,0,0,0,0,0,0,0,0,0,3,1,2,1,1,1,2,1,1,1,1,0,1,0,0,1,0,1,0,0,0,1,1,1,2,1,0,0,0,2,2,0,0,0,0,0,2,0,0,0,0,1,3,3,1,3,2,2,2,3,2
syn_aggregate_00050,20,1.0,3,3,3,3,2,3,3,2,2,3,4,3,3,3,3,2,3,3,3,4,4,3,4,4,4,3,3,4,2,4,4,4,4,4,3,3,4,3,3,4,4,4,4,4,4,4,4,4,2,2,2,2,2,1,2,1,1,1,1,4,4,4,4,4,4,4,4,4,4
syn_aggregate_00051,21,2.0,1,2,1,1,1,0,1,0,0,0,0,1,0,0,0,0,1,0,0,4,4,4,4,3,3,3,2,4,1,3,3,3,3,3,3,3,2,3,4,0,0,0,0,0,0,0,0,0,0,0,0,1,0,0,0,0,0,0,0,4,4,4,4,4,3,3,3,3,3
syn_aggregate_00052,29,1.0,3,3,2,3,1,2,1,1,1,0,1,0,0,0,0,1,0,0,0,1,1,0,0,0,1,1,0,0,0,2,3,3,2,2,2,2,2,2,2,2,2,2,2,1,2,1,1,2,1,0,0,0,0,0,0,0,0,0,0,1,3,3,2,3,2,2,3,2,1
syn_aggregate_00053,20,1.0,1,2,1,2,1,0,1,0,0,0,0,0,0,0,0,0,0,0,3,1,2,1,1,1,2,1,1,1,1,4,4,4,4,4,3,4,4,3,3,1,1,0,1,0,0,0,0,0,0,0,1,0,0,1,0,1,0,0,0,1,4,4,2,4,3,3,3,4,3
syn_aggregate_00054,19,1.0,3,3,3,3,3,3,3,3,1,1,2,2,1,1,1,1,1,1,1,3,4,4,3,3,4,3,3,4,3,4,4,4,4,4,4,4,4,3,3,2,1,1,2,1,1,1,1,1,2,1,2,1,1,1,1,1,0,1,0,2,4,3,2,4,2,3,3,2,1
syn_aggregate_00055,21,2.0,3,3,2,2,2,2,1,0,0,0,1,0,1,0,0,0,0,1,0,4,4,4,4,3,4,3,3,3,2,3,4,3,4,3,3,3,3,3,1,3,3,3,3,3,3,2,2,3,3,0,0,0,0,0,0,0,0,0,2,3,4,4,3,4,3,4,4,4,4
syn_aggregate_00056,20,1.0,3,3,3,3,2,3,3,3,3,0,0,0,0,0,0,0,0,3,0,2,2,1,2,1,1,1,2,1,1,3,3,3,3,3,3,2,3,2,2,3,3,3,3,3,2,2,3,3,3,1,1,1,1,1,1,2,2,1,2,1,3,3,2,3,3,2,3,2,1
syn_aggregate_00057,21,2.0,2,2,2,2,0,1,1,0,0,0,0,0,0,1,0,0,0,1,0,4,4,3,4,3,4,4,3,3,4,2,2,2,1,1,2,1,1,2,2,4,4,4,4,3,4,4,4,4,4,0,0,0,0,0,0,0,0,0,0,2,3,3,2,3,2,2,3,3,3
syn_aggregate_00058,22,2.0,2,2,2,2,1,1,1,0,0,1,1,0,0,0,1,0,0,1,2,0,0,0,0,1,0,1,0,0,0,2,3,3,2,2,2,2,2,1,2,0,0,0,0,0,0,0,0,2,0,1,1,1,0,0,1,0,1,0,1,0,1,1,0,1,0,0,0,0,0
syn_aggregate_00059,50,1.0,1,1,0,1,0,1,0,0,0,0,0,0,0,0,0,0,0,3,0,3,3,3,4,3,3,3,3,3,3,1,1,1,1,1,0,0,1,0,0,3,3,3,3,3,3,2,2,2,2,1,1,1,0,1,1,1,0,1,2,3,4,4,3,4,4,3,4,3,4
syn_aggregate_00060,31,2.0,2,3,2,3,1,2,1,1,0,1,1,1,0,1,0,0,1,1,0,4,4,4,4,4,4,4,4,4,4,4,4,4,4,4,4,4,4,4,3,3,2,2,3,2,2,1,2,2,1,1,2,1,1,1,2,1,1,2,2,3,4,4,3,4,4,3,4,4,3
syn_aggregate_00061,23,2.0,1,3,2,2,1,2,1,0,0,0,0,1,0,1,0,0,0,1,0,4,4,4,4,4,4,4,3,3,4,4,4,4,4,4,4,4,4,4,0,1,2,1,2,2,1,1,2,1,2,1,1,1,0,1,1,1,0,1,0,0,3,2,1,3,1,1,3,2,1
syn_aggregate_00062,19,1.0,3,3,2,3,2,3,2,2,1,0,0,0,0,0,0,0,0,0,2,3,3,3,3,3,4,4,3,3,3,1,1,1,1,1,1,1,1,0,1,3,3,3,3,2,3,3,2,4,3,0,0,2,0,0,0,0,0,0,0,3,4,4,3,4,4,3,4,4,3
syn_aggregate_00063,23,1.0,1,1,1,1,1,1,0,0,1,0,0,0,0,0,0,0,0,0,2,2,2,1,1,1,1,0,0,1,1,3,3,4,3,3,3,4,3,3,3,2,3,2,1,2,2,2,2,1,2,1,1,1,1,1,2,1,1,0,1,0,2,1,0,1,0,0,1,1,0
syn_aggregate_00064,50,1.0,3,3,3,3,3,3,3,2,2,0,0,0,0,0,0,1,0,0,0,4,3,3,3,3,3,3,3,3,3,0,1,0,0,0,0,0,0,0,0,1,0,0,1,0,0,0,0,0,0,0,0,0,0,0,0,0,0,0,4,0,2,2,0,1,0,0,2,1,0
syn_aggregate_00065,20,2.0,3,3,3,3,2,3,3,2,2,2,2,3,2,2,1,2,2,2,2,4,4,4,4,4,4,4,4,4,4,4,4,4,4,4,3,4,4,3,3,4,4,4,4,4,4,4,4,4,4,1,1,1,0,0,1,1,1,1,1,4,4,4,4,4,4,4,4,4,4
syn_aggregate_00066,20,2.0,2,3,2,2,2,1,2,1,0,0,0,0,0,0,0,0,0,2,0,0,0,0,0,0,0,0,0,0,1,1,2,2,2,2,1,2,1,2,2,1,1,0,1,0,0,0,0,0,0,0,1,0,0,0,0,0,0,0,0,2,3,2,1,3,2,1,2,2,2
syn_aggregate_00067,20,1.0,3,3,2,3,2,2,1,0,1,0,0,0,0,0,0,0,0,0,4,4,4,3,4,3,3,3,3,2,0,3,3,3,3,2,3,3,3,3,3,1,1,1,1,0,0,0,0,0,0,0,1,0,0,1,0,0,0,1,0,4,4,4,4,4,4,4,4,3,4
syn_aggregate_00068,22,2.0,3,3,3,3,2,3,2,1,0,0,0,0,0,0,0,0,0,0,2,1,1,0,2,1,1,1,1,2,1,1,2,2,2,2,1,2,2,1,1,3,3,2,3,2,2,2,2,2,2,0,1,0,0,0,0,0,0,0,0,0,1,1,0,1,1,1,1,1,0
syn_aggregate_00069,19,2.0,2,2,1,1,0,1,0,0,0,1,1,1,0,0,1,1,0,1,0,0,2,0,1,1,1,0,0,2,0,2,3,3,2,2,2,2,2,2,2,4,3,4,4,3,3,3,2,3,2,2,2,1,1,1,2,1,1,2,1,0,1,0,0,0,0,0,0,1,0
syn_aggregate_00070,43,1.0,3,3,3,3,3,2,2,1,2,1,2,1,1,1,2,0,1,2,2,2,2,1,2,1,2,1,2,1,3,3,3,4,3,3,3,3,3,3,3,3,3,3,4,2,3,2,2,3,2,0,0,0,0,0,0,0,0,0,3,3,4,3,3,4,3,2,3,3,2
syn_aggregate_00071,20,1.0,1,1,1,1,0,0,0,0,0,1,1,0,0,0,1,0,0,0,0,0,0,0,0,0,0,0,0,0,0,1,2,1,1,1,1,2,1,1,1,0,0,0,0,0,0,0,0,0,0,0,0,0,0,0,0,0,0,0,0,0,0,0,0,0,0,2,0,0,0
syn_aggregate_00072,21,1.0,1,1,1,0,0,0,0,0,0,0,1,0,0,0,0,0,0,0,0,0,0,0,0,0,2,0,0,0,0,0,1,1,0,1,0,0,0,0,0,2,1,0,2,1,0,0,0,1,0,0,0,0,0,0,0,0,0,0,1,1,3,2,1,2,2,1,2,2,1
syn_aggregate_00073,33,1.0,1,1,0,0,0,0,0,0,0,0,0,0,0,0,0,0,0,0,2,0,1,0,0,0,0,0,0,1,0,0,1,0,0,0,0,1,0,1,0,1,1,1,1,1,0,0,0,1,0,0,0,0,0,0,0,0,0,0,0,0,1,0,0,0,0,0,0,0,0
syn_aggregate_00074,20,1.0,2,2,1,1,1,1,0,0,0,0,0,0,1,0,0,0,0,0,0,3,4,3,3,3,3,3,2,3,3,0,1,1,1,1,0,1,0,0,0,0,0,0,0,0,0,0,0,1,0,0,0,0,0,0,0,3,0,0,0,2,4,4,2,3,3,2,3,1,1
syn_aggregate_00075,21,1.0,3,3,2,2,2,2,1,0,0,0,0,0,0,0,0,0,0,0,2,2,2,1,2,1,2,2,1,1,1,2,2,2,1,2,1,2,1,1,2,3,2,2,2,2,1,2,2,2,2,0,0,0,0,0,0,0,0,1,2,2,3,2,1,2,1,1,2,1,0
syn_aggregate_00076,21,1.0,2,2,1,1,1,1,1,0,0,0,0,0,0,0,0,0,0,0,0,1,1,1,2,1,1,1,1,1,1,3,3,3,3,3,2,2,2,2,2,1,0,1,1,0,0,0,0,0,0,0,0,0,0,0,0,0,0,0,0,0,0,0,0,0,0,0,0,0,1
syn_aggregate_00077,22,1.0,2,2,1,2,1,2,2,0,1,0,0,0,0,0,0,0,0,0,0,2,3,2,3,2,2,2,1,1,2,3,4,4,4,4,4,4,3,3,3,0,2,1,1,0,0,0,0,1,2,0,0,1,0,0,0,0,1,0,0,4,4,4,4,4,4,4,4,3,4
syn_aggregate_00078,20,2.0,3,3,3,3,2,3,3,1,1,1,2,2,1,1,1,1,2,2,0,0,0,0,0,0,0,0,0,0,3,3,3,3,3,2,2,3,3,2,2,2,2,1,2,1,1,0,1,1,0,1,2,1,1,1,2,1,1,1,1,0,1,1,0,1,0,0,1,0,0
syn_aggregate_00079,19,1.0,0,0,1,1,0,0,1,0,0,0,0,0,0,0,0,0,0,0,3,0,0,0,0,0,0,0,0,0,0,0,1,1,0,1,0,1,1,0,0,2,1,1,1,1,1,1,1,1,1,0,0,0,0,0,0,0,0,0,1,0,1,0,0,1,0,0,0,0,0
syn_aggregate_00080,19,2.0,1,2,1,2,0,1,1,0,0,0,0,0,0,0,0,0,0,0,0,0,0,0,0,0,0,0,0,0,0,0,0,0,0,0,0,0,1,2,0,0,0,0,1,0,0,0,0,0,0,0,0,0,0,0,0,0,0,3,0,0,1,0,0,1,0,0,0,0,0
syn_aggregate_00081,18,1.0,0,1,0,1,0,0,0,0,0,0,0,0,0,0,0,0,0,1,0,3,3,3,3,2,3,2,2,2,3,0,1,0,0,0,0,0,0,0,0,2,2,2,2,2,1,1,1,1,2,0,0,0,0,0,0,0,0,1,2,0,2,2,0,2,1,1,2,1,0
syn_aggregate_00082,20,1.0,2,2,1,2,1,1,0,0,1,0,0,0,0,0,0,0,0,0,4,1,1,1,1,1,2,1,0,1,1,3,4,4,3,3,3,3,3,2,2,4,4,4,4,4,4,3,3,4,2,1,1,1,1,0,0,1,0,0,0,0,2,2,0,2,1,1,2,1,0
syn_aggregate_00083,19,1.0,3,3,3,3,3,3,3,3,3,2,3,2,2,2,1,2,2,2,2,4,4,4,4,4,4,4,4,3,3,2,3,3,2,2,2,2,2,2,2,4,4,4,4,3,4,4,4,4,4,2,3,2,2,2,3,2,2,2,2,4,4,4,3,4,4,3,4,3,4
syn_aggregate_00084,22,2.0,2,2,1,2,1,1,1,0,0,0,0,0,0,0,0,0,0,0,1,2,2,1,2,2,2,2,2,3,2,2,2,2,2,2,1,1,2,2,3,2,1,1,2,1,1,1,1,1,1,0,0,0,0,0,0,1,0,0,0,1,2,2,1,2,2,1,2,2,2
syn_aggregate_00085,22,2.0,0,1,1,1,1,0,0,0,0,0,0,1,0,0,0,0,0,0,0,2,2,2,2,2,1,1,2,2,3,0,1,0,0,0,0,0,1,0,1,3,2,2,3,2,2,1,1,1,0,0,0,0,0,0,0,0,0,0,1,1,1,1,0,1,0,0,0,0,0
syn_aggregate_00086,21,2.0,0,1,0,0,0,0,0,0,1,0,0,1,0,0,0,0,0,0,0,0,0,0,0,0,0,0,0,0,4,0,0,0,0,0,0,0,2,2,0,4,4,4,4,3,4,3,3,3,3,0,0,1,0,0,0,0,0,1,0,1,3,3,1,3,2,2,3,2,3
syn_aggregate_00087,18,2.0,1,1,1,1,0,0,0,0,0,0,0,0,0,0,0,0,0,0,1,2,2,1,1,1,2,1,1,1,2,0,0,0,0,0,0,0,0,0,4,2,2,2,2,1,2,1,2,2,2,0,0,0,0,0,0,0,1,0,0,0,2,2,0,1,1,0,2,1,2
syn_aggregate_00088,30,2.0,3,3,3,3,3,3,3,0,1,1,2,1,1,2,1,1,1,0,2,4,4,4,4,4,4,4,4,3,4,3,4,4,4,4,3,4,4,4,3,4,4,4,4,3,3,3,3,3,0,1,2,1,0,0,1,0,1,1,1,1,2,2,1,2,2,1,2,2,2
syn_aggregate_00089,21,2.0,3,3,2,3,2,2,1,1,0,1,1,1,1,1,1,1,1,1,2,4,4,4,4,4,4,4,3,4,4,4,4,4,4,3,4,4,4,3,2,4,4,4,4,4,4,3,4,3,4,2,3,2,3,3,2,2,1,2,2,3,4,4,3,4,4,4,4,4,4
syn_aggregate_00090,19,2.0,3,3,3,3,3,3,3,2,2,0,0,0,0,0,0,0,0,0,4,2,3,2,2,2,3,1,1,2,1,3,4,3,3,3,2,2,3,2,1,2,2,1,2,1,1,0,0,1,0,2,2,2,2,2,1,1,2,1,2,1,2,2,1,2,1,1,2,2,2
syn_aggregate_00091,20,1.0,3,3,2,3,0,1,1,0,0,0,0,0,0,0,0,0,0,0,4,0,0,0,0,0,0,0,0,0,3,2,2,2,2,2,2,2,2,1,2,0,0,0,0,0,0,0,0,0,2,0,1,0,0,0,1,0,0,0,0,1,3,2,1,3,1,2,2,2,2
syn_aggregate_00092,19,1.0,2,2,1,1,1,1,1,0,0,0,0,0,0,0,0,0,0,1,0,1,1,1,1,1,1,1,1,1,1,0,0,0,1,0,0,0,0,0,0,1,0,0,1,0,0,0,0,0,1,1,1,1,1,1,0,0,1,1,0,1,3,2,1,3,2,2,3,2,2
syn_aggregate_00093,21,2.0,2,2,1,1,1,1,1,0,1,1,2,1,1,1,1,0,1,1,2,4,4,3,4,3,4,3,2,2,3,1,3,2,1,2,2,1,2,1,1,4,4,4,4,3,4,4,3,4,3,2,2,2,1,1,2,1,1,1,2,1,4,3,2,4,3,2,3,3,2
syn_aggregate_00094,31,2.0,2,2,1,1,1,0,0,0,0,0,1,0,0,0,0,0,1,0,0,0,0,0,0,0,0,0,0,0,0,0,0,0,0,0,0,0,0,0,0,0,0,0,0,1,0,0,1,0,0,0,0,0,0,0,0,0,2,0,0,1,2,2,1,2,2,1,2,2,4
syn_aggregate_00095,26,1.0,0,0,0,0,0,0,0,0,0,0,0,0,0,0,0,0,0,0,0,1,1,0,1,0,0,0,1,0,0,0,0,0,0,0,0,0,0,0,0,2,1,1,2,0,0,0,0,1,1,0,0,0,0,0,0,0,0,0,0,0,0,0,0,0,0,0,0,0,4
syn_aggregate_00096,21,2.0,2,2,1,1,1,1,1,0,0,0,0,1,0,0,0,1,0,0,0,2,2,1,2,2,1,2,0,1,2,0,0,0,0,0,0,0,1,0,0,2,1,1,2,1,1,0,1,1,0,0,1,0,0,0,0,0,0,0,0,1,3,3,1,2,2,2,2,2,2
syn_aggregate_00097,21,1.0,1,2,1,1,1,1,1,0,0,0,0,0,0,0,0,0,0,0,1,1,1,1,1,1,1,1,1,1,2,0,1,1,0,1,0,1,1,0,0,0,0,0,4,0,0,0,0,0,0,0,0,0,0,0,0,0,0,4,0,0,1,1,0,1,0,0,1,0,0
syn_aggregate_00098,21,2.0,3,3,3,3,3,3,3,3,3,1,1,1,0,1,1,0,0,1,0,2,3,1,2,2,3,2,1,2,3,3,3,3,3,3,3,3,3,4,3,3,3,2,3,2,3,2,2,2,3,0,0,0,0,0,0,0,1,0,0,4,4,4,3,4,4,4,3,4,3
syn_aggregate_00099,19,2.0,3,3,3,3,2,3,3,2,2,1,2,1,0,1,1,0,1,1,0,4,4,4,4,4,4,4,4,4,4,4,4,4,4,4,4,4,3,4,4,4,4,4,4,4,4,3,3,3,3,2,2,3,3,2,3,2,2,2,3,3,4,4,3,4,4,4,4,4,3
syn_aggregate_00100,22,1.0,3,3,3,3,3,2,1,2,1,0,0,0,0,0,0,0,0,0,1,2,3,2,3,2,2,2,3,2,3,3,4,3,3,3,3,3,2,2,2,4,4,4,4,3,3,3,3,4,3,0,0,0,0,1,0,0,0,2,0,1,3,3,2,3,2,2,3,2,2
syn_aggregate_00101,19,2.0,3,3,3,3,3,3,3,2,3,1,2,1,1,1,2,1,1,1,1,4,4,4,4,4,4,4,4,4,3,4,4,4,4,4,4,3,4,4,3,2,2,1,2,2,2,1,1,2,1,0,0,0,0,0,0,0,0,0,0,3,4,4,3,4,3,3,3,3,2
syn_aggregate_00102,22,2.0,3,3,2,2,2,2,1,0,1,0,0,0,1,0,0,0,0,3,0,3,3,2,3,2,2,3,2,2,2,3,4,4,3,3,4,3,3,3,2,4,4,4,4,4,4,4,3,3,3,0,0,0,0,0,0,0,0,0,0,3,4,4,3,4,4,4,4,4,4
syn_aggregate_00103,20,2.0,0,0,1,1,1,0,0,0,0,0,0,0,0,0,0,0,0,1,2,0,0,0,0,0,0,0,0,2,0,3,3,3,3,2,3,2,3,2,2,1,1,1,1,1,1,1,0,0,0,1,1,1,0,1,0,1,1,0,0,0,1,0,0,1,0,0,0,0,0
syn_aggregate_00104,19,2.0,1,1,1,1,0,0,1,0,0,0,0,0,0,0,1,0,0,0,2,1,1,1,1,1,1,1,1,1,1,2,3,2,2,2,2,2,2,2,1,3,2,2,3,2,2,1,2,2,2,0,0,0,0,0,0,0,0,0,0,2,3,3,2,3,2,2,3,3,3
syn_aggregate_00105,47,2.0,1,1,0,1,1,0,1,0,0,0,0,0,0,0,0,0,0,0,3,1,1,0,1,0,1,0,0,0,0,1,2,2,1,2,2,2,2,1,1,2,2,2,2,1,2,1,1,1,2,0,0,0,0,0,0,0,0,0,4,1,4,3,2,3,3,3,3,3,3
syn_aggregate_00106,25,2.0,3,3,2,3,2,2,2,1,0,0,0,0,0,0,0,0,0,0,0,1,1,0,1,0,1,1,0,0,1,0,0,0,0,0,0,0,0,0,4,2,3,2,3,2,2,1,2,2,1,0,0,0,0,0,0,0,0,0,0,0,1,1,0,1,0,0,0,0,0
syn_aggregate_00107,22,1.0,3,3,3,3,2,3,3,2,3,1,1,1,0,1,1,1,2,1,1,4,3,3,4,3,4,3,2,3,2,4,4,4,4,4,4,4,4,3,3,4,4,4,4,4,3,4,3,3,3,1,1,1,0,1,1,1,1,0,1,1,3,2,1,3,1,0,2,2,2
syn_aggregate_00108,20,2.0,2,1,1,2,0,0,1,0,0,0,1,0,0,0,0,0,1,1,0,4,4,4,4,3,4,3,3,3,3,0,0,0,0,0,0,0,0,0,2,0,0,0,0,0,0,0,0,0,4,0,0,0,0,0,0,0,0,0,2,0,1,1,0,1,1,0,1,0,0
syn_aggregate_00109,19,2.0,2,3,2,2,1,2,1,0,0,0,0,0,0,2,0,0,0,0,0,4,4,4,4,4,4,3,4,3,4,4,4,4,4,4,4,4,4,4,3,3,3,2,3,2,2,2,2,2,1,0,1,0,0,0,0,1,0,0,0,0,2,2,0,1,0,0,1,1,0
syn_aggregate_00110,42,2.0,1,2,1,2,0,0,0,1,0,0,0,0,0,0,0,0,0,0,0,2,2,2,2,1,2,2,2,2,2,2,2,2,2,2,2,1,2,2,0,4,4,3,4,4,3,4,3,3,3,0,0,0,0,0,0,0,0,0,3,1,2,2,1,2,1,2,2,1,2
syn_aggregate_00111,22,1.0,3,3,3,2,2,2,2,1,1,0,0,0,0,0,0,0,0,3,0,0,0,0,0,0,0,0,0,0,0,0,0,0,0,0,0,0,0,0,3,2,3,3,2,3,2,2,2,2,3,0,0,0,1,0,0,0,1,0,0,1,1,1,0,1,1,1,1,1,0
syn_aggregate_00112,19,1.0,3,3,3,3,2,3,3,2,0,1,2,2,1,1,1,1,1,1,1,3,3,3,3,3,3,3,3,3,4,3,3,3,3,3,3,3,3,3,2,4,4,4,4,3,4,4,4,4,3,2,2,2,1,2,3,2,1,1,2,2,4,4,3,4,3,3,4,3,3
syn_aggregate_00113,19,2.0,2,2,1,1,1,1,0,0,0,0,1,1,0,0,1,0,1,2,1,2,3,2,3,2,3,2,2,2,2,1,2,1,1,1,1,1,1,1,1,2,1,1,2,1,1,0,1,1,1,1,1,1,0,1,1,0,0,0,0,0,1,1,0,1,0,0,0,0,0
syn_aggregate_00114,22,1.0,0,0,0,0,0,0,0,0,0,0,0,0,0,0,0,0,0,0,3,1,2,1,1,1,1,0,1,1,0,0,1,0,0,0,0,1,0,0,1,1,0,0,1,0,1,0,0,1,0,1,1,1,1,1,2,2,1,1,1,0,2,2,0,2,0,1,1,1,0
syn_aggregate_00115,50,1.0,2,3,2,2,0,1,0,0,0,1,1,1,0,1,1,0,1,1,1,1,2,1,1,1,1,1,2,0,2,1,3,2,2,2,1,2,2,2,2,2,2,1,2,1,1,1,1,1,1,0,0,0,0,0,0,0,0,1,0,0,2,1,0,1,0,0,1,1,0
syn_aggregate_00116,19,2.0,2,2,1,1,1,1,1,0,0,0,0,0,0,0,0,0,0,1,0,4,4,4,4,4,4,4,4,4,3,3,4,3,3,3,2,3,2,2,1,4,4,4,4,4,3,4,3,4,3,1,2,1,1,1,2,1,1,1,1,1,3,2,1,2,2,2,1,1,2
syn_aggregate_00117,19,2.0,1,1,0,0,0,0,0,0,0,1,1,1,1,0,0,0,0,1,0,4,4,4,4,4,4,3,4,4,4,1,2,1,1,1,1,2,1,1,2,3,3,3,3,2,3,3,2,3,2,0,0,0,0,0,1,0,0,0,0,0,0,0,0,0,0,0,0,0,2
syn_aggregate_00118,20,2.0,2,3,2,2,1,2,1,0,0,2,2,2,1,2,2,2,1,1,1,4,4,4,4,4,4,4,4,4,4,4,4,4,4,3,4,3,3,3,2,4,4,4,4,4,4,4,3,4,3,1,1,1,0,1,1,1,1,1,1,3,4,4,4,4,4,4,4,4,3
syn_aggregate_00119,20,2.0,2,2,1,2,1,1,1,0,0,0,0,0,0,0,0,0,0,0,0,1,1,0,0,0,1,0,0,1,0,0,0,0,0,0,0,0,0,0,4,0,0,0,0,0,0,0,0,0,0,0,0,0,0,0,0,0,1,0,0,0,2,2,0,1,0,0,1,1,0
syn_aggregate_00120,20,1.0,3,3,2,3,2,1,1,1,0,1,1,1,1,1,1,1,1,1,1,2,2,2,2,2,2,1,2,1,3,0,0,0,0,0,0,0,0,0,4,4,4,4,4,3,3,3,4,3,2,1,2,1,1,1,2,1,1,1,0,3,4,4,3,4,4,3,4,3,4
syn_aggregate_00121,22,1.0,2,3,2,2,1,2,1,0,0,0,0,0,0,0,1,0,0,0,0,1,2,1,1,1,2,1,1,1,1,3,3,3,3,3,3,3,3,3,3,4,4,4,4,4,3,4,3,4,3,1,1,1,1,1,1,1,1,1,1,3,4,4,3,4,2,3,4,2,2
syn_aggregate_00122,30,2.0,3,3,3,3,3,3,3,3,2,1,1,1,1,1,1,1,2,1,1,4,4,4,4,4,3,3,3,4,3,1,2,2,2,2,1,2,2,1,3,3,3,3,3,3,3,2,3,3,2,1,1,1,1,1,1,1,1,1,1,1,4,4,2,3,3,3,3,3,4
syn_aggregate_00123,22,2.0,2,3,2,3,1,2,1,0,0,0,0,0,0,0,0,0,0,1,1,4,4,4,3,3,3,3,3,2,2,1,2,2,1,2,1,2,1,2,1,2,2,1,2,2,2,1,1,1,2,0,0,0,0,0,0,0,0,0,2,0,2,1,0,1,1,0,1,1,2
syn_aggregate_00124,21,2.0,3,3,2,3,2,2,2,1,0,0,0,0,0,0,0,0,0,0,2,3,3,3,3,3,3,3,3,4,3,0,0,0,0,0,0,0,0,0,2,1,0,0,1,0,0,0,0,0,0,0,1,0,0,0,0,0,0,0,0,0,1,1,0,1,0,0,0,0,0
syn_aggregate_00125,19,2.0,3,3,2,2,1,1,1,1,1,0,0,0,0,1,0,0,1,0,1,0,0,0,0,0,0,0,4,0,0,3,4,4,4,3,4,3,3,3,3,2,2,2,2,2,1,1,1,2,2,0,0,0,0,0,0,0,0,0,2,2,3,3,2,3,3,2,2,3,1
syn_aggregate_00126,21,2.0,2,2,1,2,1,1,1,0,0,1,1,1,0,0,0,0,0,0,0,0,0,0,0,0,0,0,0,3,0,3,3,3,3,3,3,3,3,3,3,3,2,2,3,2,2,2,2,2,2,0,0,0,0,0,0,0,0,0,0,0,2,2,0,2,1,1,1,1,0
syn_aggregate_00127,19,1.0,2,2,1,2,1,0,0,0,0,0,1,0,0,0,0,0,3,0,0,3,3,2,3,3,3,3,3,2,3,2,3,2,2,2,2,1,1,1,2,1,1,1,1,1,1,1,1,1,1,1,1,1,1,0,1,1,0,0,2,0,0,0,0,0,0,1,0,0,0
syn_aggregate_00128,22,1.0,1,1,0,1,0,0,0,0,0,0,0,0,1,1,0,0,0,0,0,2,2,2,2,1,1,1,2,2,1,3,4,4,3,3,4,3,3,2,1,0,0,0,0,0,0,0,0,0,3,0,0,0,0,0,0,1,1,0,0,0,0,0,0,0,0,0,0,0,0
syn_aggregate_00129,20,1.0,0,1,0,0,0,0,0,0,0,0,0,0,0,0,0,0,0,0,0,0,0,0,0,0,0,0,0,1,0,0,0,0,0,0,0,0,0,0,0,1,0,0,1,0,0,0,0,0,0,0,0,0,0,0,0,0,0,0,0,0,0,0,0,0,0,0,0,0,4
syn_aggregate_00130,21,1.0,2,2,1,1,1,1,1,0,0,0,0,0,0,0,0,0,0,0,0,3,3,4,4,3,4,3,3,3,4,0,0,0,0,0,0,0,0,2,0,4,4,3,4,3,3,2,3,2,3,0,0,1,0,0,0,1,0,0,0,1,4,3,1,3,2,2,3,2,4
syn_aggregate_00131,42,2.0,1,2,1,1,0,1,1,0,0,0,0,0,0,0,0,0,0,0,0,2,2,1,2,1,2,2,2,2,3,2,2,2,2,1,2,1,2,1,1,2,2,1,2,1,2,1,1,1,2,0,0,0,0,0,4,0,0,0,0,0,2,1,0,2,0,0,1,1,1
syn_aggregate_00132,31,2.0,3,3,2,2,0,1,1,0,0,0,1,0,0,1,0,0,1,0,0,4,4,4,4,4,3,3,3,3,1,3,3,3,3,3,3,3,3,3,3,4,3,4,3,3,4,3,3,4,4,1,2,1,1,1,2,1,1,1,2,1,3,3,1,3,2,2,3,2,3
syn_aggregate_00133,22,2.0,2,3,2,2,1,2,0,0,0,1,2,2,0,1,1,0,1,0,0,4,4,4,4,3,4,4,4,3,4,4,4,4,4,3,4,4,3,3,3,0,0,0,0,0,0,0,0,0,2,0,0,0,0,0,0,0,0,0,0,2,4,4,3,4,3,3,4,3,3
syn_aggregate_00134,33,1.0,3,3,2,3,2,2,2,1,0,0,0,0,0,0,0,0,0,0,4,3,3,3,3,3,3,3,3,3,2,3,4,4,3,3,4,4,3,3,2,3,3,3,3,3,3,4,3,2,2,0,0,0,0,0,0,0,0,0,0,0,1,1,0,1,1,0,1,1,0
syn_aggregate_00135,21,2.0,1,1,0,0,0,0,0,0,0,0,0,0,0,0,0,0,0,0,2,2,3,2,3,2,2,2,3,1,2,0,1,1,1,1,1,1,1,0,0,0,0,0,0,0,0,0,0,0,0,1,1,1,1,1,0,0,0,0,0,0,0,0,0,0,0,0,0,0,0
syn_aggregate_00136,49,2.0,2,2,1,1,1,1,1,0,0,0,1,0,0,0,0,0,0,0,0,0,0,0,0,0,0,0,0,0,3,0,0,0,0,0,0,0,0,3,0,1,1,0,1,1,0,0,0,1,2,0,0,0,0,0,0,0,0,1,0,1,3,3,1,3,2,2,2,3,3
syn_aggregate_00137,37,2.0,3,3,2,3,1,2,1,0,0,0,1,0,0,0,0,0,0,0,0,2,2,2,2,1,2,2,1,2,1,1,1,1,1,1,1,1,1,1,1,3,4,3,3,2,3,2,2,2,2,1,1,1,0,0,1,1,0,0,0,3,4,4,3,4,3,4,4,3,3
syn_aggregate_00138,19,2.0,3,3,2,3,2,3,2,1,0,1,1,1,1,1,1,1,1,1,1,1,1,0,1,0,1,0,1,0,0,1,1,1,1,1,1,1,1,0,1,1,1,0,1,0,0,0,0,0,0,0,0,0,1,0,0,0,0,0,0,2,2,2,1,2,1,1,2,2,1
syn_aggregate_00139,21,2.0,1,1,0,1,0,0,1,0,1,0,0,0,0,0,0,0,0,0,0,2,2,2,2,2,1,1,1,2,1,2,3,2,2,2,2,2,2,1,2,4,4,4,3,3,3,2,3,3,0,0,0,0,0,0,0,0,2,0,0,0,2,2,0,2,1,1,2,2,0
syn_aggregate_00140,20,1.0,3,3,3,3,2,3,3,2,1,0,0,0,0,0,0,0,0,0,2,3,3,3,3,2,3,3,2,3,2,2,3,3,2,2,2,3,2,2,2,4,4,4,4,3,3,4,3,3,3,1,1,1,1,0,1,1,0,0,0,0,1,1,0,1,0,0,1,1,0
syn_aggregate_00141,50,1.0,3,3,3,3,3,3,3,3,1,2,2,2,1,2,2,3,2,2,2,4,4,4,4,4,4,4,4,4,2,4,4,4,4,4,3,3,3,3,3,4,4,4,4,4,4,4,4,4,4,0,1,0,0,0,0,0,0,0,3,3,4,4,2,4,3,3,3,3,0
syn_aggregate_00142,21,2.0,2,2,1,1,0,0,1,0,0,0,0,0,0,0,0,0,0,0,0,0,0,0,0,0,0,0,0,0,0,2,3,3,2,2,1,2,3,1,1,1,1,1,1,0,0,0,0,0,2,0,0,0,0,0,0,0,0,0,0,2,3,3,2,3,2,2,3,3,3
syn_aggregate_00143,36,1.0,2,2,1,2,1,1,0,0,0,1,1,1,0,1,1,0,0,0,0,1,1,0,0,0,1,0,0,0,0,4,4,4,4,4,4,4,4,4,4,3,3,3,3,2,3,2,3,2,2,1,1,1,1,1,1,1,1,1,1,0,0,1,0,0,0,0,0,0,0
syn_aggregate_00144,19,1.0,3,3,3,3,3,1,2,2,0,1,2,1,1,1,1,0,1,2,0,3,3,3,3,2,3,3,4,2,3,4,4,4,4,4,4,4,4,4,3,3,3,3,4,3,3,2,2,2,2,0,0,0,0,0,0,4,0,0,0,4,4,4,4,4,4,4,4,4,3
syn_aggregate_00145,20,1.0,0,0,0,0,1,0,0,0,0,0,0,0,0,0,0,0,0,0,4,0,0,0,0,0,1,0,0,0,1,0,0,0,0,0,0,0,0,0,0,0,0,0,1,0,0,0,0,0,0,0,0,0,0,0,0,0,0,0,1,0,0,0,0,0,0,0,0,0,0
syn_aggregate_00146,19,1.0,1,1,1,1,1,0,0,0,0,0,0,0,0,0,0,0,0,1,0,0,0,0,0,2,0,0,0,0,0,1,1,1,0,1,0,1,1,0,0,2,0,0,0,0,0,0,0,0,0,1,1,0,1,0,0,0,1,1,1,1,3,3,1,2,2,1,2,2,2
syn_aggregate_00147,20,2.0,3,3,3,2,2,1,1,1,0,0,1,0,0,0,0,0,0,0,0,3,3,2,3,2,3,2,2,2,2,0,1,0,0,0,0,0,0,2,1,1,1,1,1,0,0,0,0,0,0,0,0,0,0,0,0,0,0,0,3,0,2,1,0,2,0,0,1,1,0
syn_aggregate_00148,44,2.0,1,1,1,2,1,0,0,0,0,0,0,0,0,0,0,0,0,0,2,0,0,0,0,0,1,0,0,0,0,4,4,4,4,4,3,3,3,3,3,2,2,2,2,1,2,2,1,2,1,0,0,0,0,0,0,0,0,0,3,0,1,1,0,1,0,0,1,0,0
syn_aggregate_00149,23,2.0,1,0,0,0,0,0,0,0,0,0,1,0,0,0,0,0,0,0,0,0,1,0,0,1,1,0,0,0,2,0,0,0,0,0,0,0,0,1,1,2,2,1,2,1,1,1,1,1,1,0,0,0,0,0,0,0,0,0,0,0,0,0,0,0,0,0,0,0,0
syn_aggregate_00150,20,2.0,0,1,0,1,0,0,0,0,0,0,0,0,0,0,0,0,0,0,4,4,4,4,4,4,4,4,4,3,4,0,1,1,0,1,0,0,1,0,0,0,0,0,0,1,0,0,0,0,0,0,0,0,0,0,0,0,0,0,0,1,3,2,2,3,2,2,2,1,0
syn_aggregate_00151,19,2.0,1,1,1,1,1,1,1,0,0,0,0,0,0,0,0,0,0,0,2,4,4,4,3,4,4,4,4,4,3,3,3,3,2,3,3,2,2,2,2,4,4,4,3,3,3,3,3,3,3,0,0,0,0,0,1,0,0,0,0,2,4,3,2,3,3,2,3,3,2
syn_aggregate_00152,29,2.0,3,3,2,3,1,2,1,0,0,0,0,0,0,0,0,0,0,0,4,1,2,1,2,1,2,1,1,1,2,1,2,1,1,1,2,1,2,1,1,3,2,2,3,2,1,1,2,2,4,0,0,0,0,0,0,0,0,0,1,0,1,1,0,1,0,0,1,0,0
syn_aggregate_00153,46,2.0,1,0,0,0,0,0,0,0,0,0,0,0,0,0,0,0,0,0,0,0,0,0,0,0,0,0,2,0,0,0,1,1,0,1,0,1,0,1,0,2,1,0,1,1,0,0,0,0,1,0,0,0,0,0,0,0,0,0,0,0,1,0,0,1,0,0,0,1,0
syn_aggregate_00154,18,2.0,3,3,3,2,2,2,1,1,1,0,0,0,0,0,0,0,0,2,0,0,0,0,0,0,0,0,0,0,0,3,4,3,3,3,3,4,3,3,2,0,0,0,0,0,0,0,0,0,0,0,0,0,0,0,0,0,0,0,1,0,0,0,0,0,0,0,0,2,0
syn_aggregate_00155,19,2.0,1,1,1,1,0,0,0,0,0,0,0,0,0,0,0,0,1,0,0,4,3,3,4,3,3,3,3,3,3,4,4,4,4,4,4,4,4,3,3,4,4,4,4,3,3,3,2,3,1,1,2,1,1,1,2,1,1,1,1,4,4,4,4,4,4,4,4,4,4
syn_aggregate_00156,20,2.0,3,3,3,2,2,2,1,0,1,0,0,0,0,0,0,0,0,4,0,2,2,1,2,1,2,2,2,1,1,2,3,2,3,3,2,2,2,1,1,0,0,0,0,0,0,0,0,0,1,0,0,1,0,0,0,0,0,0,0,0,3,3,2,3,2,1,2,2,1
syn_aggregate_00157,18,2.0,0,2,0,2,0,0,0,0,0,0,1,0,0,0,0,0,0,0,1,0,0,0,0,0,0,0,2,0,0,2,3,3,3,3,2,2,2,2,3,0,0,0,0,0,0,0,0,0,0,0,0,0,0,0,1,0,0,0,0,0,0,0,0,0,0,0,0,0,0
syn_aggregate_00158,43,2.0,3,3,3,3,3,3,3,3,3,1,2,1,0,1,1,1,0,2,0,4,4,4,4,4,3,3,3,3,3,4,4,4,4,4,4,4,3,3,3,4,4,4,4,4,4,4,4,4,4,2,3,2,2,2,3,2,2,2,3,3,4,4,4,4,4,4,4,4,4
syn_aggregate_00159,19,2.0,3,3,2,2,1,2,1,0,0,0,0,1,0,0,0,0,0,0,0,4,4,4,4,4,4,4,3,4,4,4,4,4,4,3,4,4,4,3,4,3,3,2,3,2,1,1,1,1,1,0,0,0,0,0,1,0,0,0,0,2,4,4,3,4,3,3,4,3,0
syn_aggregate_00160,19,2.0,3,3,3,2,2,2,3,2,0,0,0,0,0,0,0,0,0,0,4,4,4,3,4,3,4,4,3,3,3,4,4,4,4,4,4,4,4,4,4,3,3,3,3,2,2,2,1,2,2,0,0,0,0,0,0,0,0,0,4,4,4,4,4,4,4,4,4,4,4
syn_aggregate_00161,18,2.0,0,2,0,0,0,0,0,0,0,0,1,0,0,1,0,0,0,1,0,4,4,4,3,3,4,3,3,4,2,3,4,4,3,3,2,3,3,2,1,3,2,2,3,1,1,1,1,1,1,0,0,0,0,0,1,0,0,0,0,1,3,3,1,3,2,2,3,2,2
syn_aggregate_00162,19,1.0,0,0,0,0,0,0,0,0,0,0,0,0,0,0,0,0,0,0,0,0,0,0,0,0,0,0,0,0,1,0,0,0,0,0,1,0,0,0,0,3,2,2,3,1,1,1,0,1,0,0,0,0,0,0,0,0,0,3,0,0,0,0,0,0,0,0,1,0,0
syn_aggregate_00163,41,2.0,3,3,3,3,3,3,3,1,1,1,1,1,1,1,0,0,0,0,0,4,4,4,3,3,4,3,3,3,3,3,3,4,3,3,4,3,3,3,3,3,3,3,3,3,3,3,3,2,3,0,1,0,0,0,0,0,0,0,0,4,4,4,4,4,3,3,3,3,3
syn_aggregate_00164,19,2.0,1,1,0,0,0,0,0,0,0,0,1,0,0,0,0,0,0,0,2,0,0,0,0,0,0,0,0,0,4,1,1,2,1,1,0,1,1,1,1,1,1,0,2,0,0,0,0,0,0,0,0,0,0,0,0,0,0,0,4,2,4,4,2,3,2,2,3,4,3
syn_aggregate_00165,22,2.0,3,3,3,3,3,3,3,2,3,2,3,3,2,2,2,2,2,2,2,4,3,3,4,3,4,3,3,3,2,4,4,4,4,4,3,4,4,3,3,4,4,4,4,3,4,4,3,4,3,1,2,1,1,1,2,1,1,1,1,3,4,4,3,4,2,2,4,3,2
syn_aggregate_00166,19,1.0,3,3,3,3,3,3,2,2,1,1,2,1,1,1,0,0,1,1,2,4,4,4,4,4,4,4,4,3,3,4,4,4,4,4,3,4,3,3,4,4,4,4,4,4,4,4,4,4,4,1,1,1,0,0,1,1,0,0,0,2,4,4,3,4,3,3,3,3,2
syn_aggregate_00167,38,2.0,2,3,2,2,1,2,1,0,0,0,0,0,0,0,0,0,0,0,0,0,0,1,0,0,0,0,0,0,0,1,2,1,1,2,1,1,1,1,1,1,1,0,1,0,0,0,0,1,0,1,2,1,1,1,2,1,1,1,2,0,2,2,1,2,1,1,1,1,0
syn_aggregate_00168,18,2.0,1,1,2,1,1,0,1,0,1,0,0,0,0,0,0,0,0,0,2,2,2,2,2,2,2,1,1,2,2,3,4,4,3,4,3,3,4,4,3,1,1,1,1,1,0,0,0,0,0,0,0,1,0,0,0,0,0,0,2,2,3,3,2,3,2,2,3,3,2
syn_aggregate_00169,19,2.0,3,3,2,3,2,3,2,2,1,0,0,0,0,0,0,0,3,0,0,4,4,4,3,3,3,3,3,2,3,4,4,4,4,4,4,4,3,3,3,0,0,0,0,2,0,0,0,0,0,0,0,0,0,0,0,0,0,0,0,3,4,4,3,4,4,4,4,4,3
syn_aggregate_00170,49,2.0,3,3,3,3,3,3,3,3,3,1,1,1,1,1,0,0,0,0,1,4,4,4,4,4,4,4,4,4,4,3,4,4,3,3,3,3,4,2,3,4,4,4,4,3,4,4,4,4,2,0,0,0,0,0,0,0,0,1,1,1,4,4,2,3,2,3,3,2,1
syn_aggregate_00171,19,2.0,0,0,0,0,0,0,0,0,0,0,0,0,0,0,0,0,0,0,0,0,1,0,0,0,0,0,0,0,3,0,0,0,0,0,1,2,0,0,0,3,3,3,4,3,3,3,3,2,2,0,0,0,0,0,0,0,0,0,0,0,0,0,0,0,0,0,0,0,1
syn_aggregate_00172,19,1.0,2,2,1,1,1,1,0,0,0,0,0,0,0,0,0,0,0,0,0,0,0,0,0,0,0,0,0,0,0,0,1,0,0,0,0,0,0,0,0,0,0,0,0,0,0,0,0,0,0,0,0,0,0,0,0,0,0,2,0,0,1,1,0,1,0,0,1,0,0
syn_aggregate_00173,31,2.0,2,2,2,2,2,1,1,1,0,0,0,0,0,0,0,0,0,0,2,2,2,1,2,1,2,1,1,1,1,3,4,3,3,3,3,3,2,2,3,3,3,3,3,2,3,2,3,2,3,0,0,0,0,0,0,0,0,3,0,2,4,4,2,4,4,3,4,4,4
syn_aggregate_00174,19,2.0,1,2,1,2,0,0,0,0,0,0,0,0,0,0,0,0,0,0,1,0,0,0,0,0,0,0,0,0,0,0,0,0,0,0,1,1,0,0,0,2,1,1,2,1,1,0,1,2,1,0,0,0,0,0,0,0,0,0,0,3,4,3,3,4,2,2,3,3,3
syn_aggregate_00175,26,1.0,2,2,1,1,0,0,0,0,0,0,1,0,0,1,0,0,0,0,1,4,4,3,4,3,4,3,3,3,3,0,1,1,1,1,1,1,1,1,1,3,3,3,3,3,3,3,3,3,3,2,3,2,2,2,2,2,1,2,2,0,1,1,0,1,0,0,0,0,0
syn_aggregate_00176,,2.0,3,3,1,2,1,2,0,0,0,1,1,1,1,2,1,1,1,1,1,4,4,4,4,4,4,4,4,4,4,3,4,4,3,4,3,3,3,2,2,4,4,4,4,4,4,4,4,4,4,0,0,0,0,0,0,0,0,0,3,3,4,4,3,4,4,4,4,4,4
syn_aggregate_00177,21,1.0,3,3,3,3,2,3,3,2,2,0,0,0,0,0,0,0,0,3,0,3,4,3,4,3,4,4,3,3,3,4,4,4,4,4,3,4,4,3,4,3,3,4,4,3,2,2,3,2,3,1,2,0,0,1,1,1,0,0,0,3,4,4,3,4,3,3,4,4,2
syn_aggregate_00178,18,1.0,2,2,1,1,0,1,1,0,0,0,0,0,0,0,0,0,0,0,2,2,2,2,2,2,2,2,2,2,2,3,4,4,4,4,3,3,3,3,1,3,3,3,3,2,3,3,2,3,3,0,0,0,0,0,0,0,0,0,2,1,3,3,1,3,2,1,2,2,1
syn_aggregate_00179,32,2.0,3,3,2,2,0,1,0,0,0,0,0,0,0,0,0,0,0,4,0,4,3,3,4,2,3,3,2,2,2,3,3,3,2,3,3,3,3,2,3,4,3,3,4,2,2,1,3,2,1,0,0,0,0,0,0,0,2,0,0,1,3,3,2,3,2,2,3,2,2
syn_aggregate_00180,22,1.0,3,3,2,2,1,1,1,0,0,0,0,0,0,0,0,0,0,2,0,4,4,3,4,3,4,4,3,3,2,1,1,1,0,0,0,1,1,0,1,4,4,4,4,4,3,3,3,3,3,1,1,1,1,0,1,1,0,1,1,3,4,4,3,4,4,4,4,4,4
syn_aggregate_00181,20,2.0,3,3,2,3,2,2,1,0,0,1,1,1,1,1,0,0,0,0,0,1,1,1,1,0,1,0,0,0,0,1,2,2,2,2,2,2,2,1,2,4,4,4,4,3,4,3,3,3,4,0,0,0,0,0,0,0,0,0,2,2,4,3,2,3,2,2,3,3,2
syn_aggregate_00182,21,2.0,3,3,3,3,3,3,0,1,2,0,0,0,0,0,0,0,0,1,0,0,0,0,0,0,0,0,0,0,0,0,0,0,0,0,0,0,0,1,0,3,2,2,3,2,2,2,1,1,2,0,0,0,0,0,0,0,0,0,2,1,3,3,2,3,2,3,3,3,3
syn_aggregate_00183,19,1.0,0,1,1,0,0,0,1,0,0,0,1,1,0,1,0,1,0,0,0,1,2,1,1,1,1,1,1,1,1,2,3,2,3,2,1,2,2,2,2,2,1,1,2,0,1,0,0,0,0,1,2,1,1,1,2,1,1,1,2,0,1,1,0,1,0,0,1,0,0
syn_aggregate_00184,42,2.0,3,3,3,3,2,2,2,1,0,0,0,0,0,0,0,1,0,0,0,0,0,0,0,0,0,0,0,0,4,3,4,3,3,3,2,3,3,2,2,2,1,1,2,1,0,0,0,0,0,0,1,0,0,0,0,0,0,0,0,1,4,3,1,3,2,2,3,3,3
syn_aggregate_00185,18,1.0,0,2,0,0,0,0,0,0,0,0,0,1,0,0,0,0,0,0,0,4,4,4,4,4,4,4,4,3,3,3,3,3,3,3,3,2,3,2,2,2,2,2,2,1,1,1,1,1,2,0,0,0,0,0,0,0,0,0,0,0,2,1,0,1,0,0,1,1,0
syn_aggregate_00186,34,2.0,2,2,1,2,1,2,0,0,0,0,0,0,0,0,0,0,0,2,0,3,3,2,3,2,3,2,2,2,3,4,4,4,4,3,3,3,4,3,3,3,3,3,3,3,3,3,3,3,3,0,0,0,0,0,0,0,0,0,0,0,1,1,0,1,0,0,1,1,0
syn_aggregate_00187,22,2.0,3,3,2,2,1,2,0,0,0,0,0,0,0,0,0,0,2,0,0,1,1,0,1,1,1,0,1,0,1,1,2,1,1,1,1,2,1,1,0,2,1,1,2,1,1,1,1,1,1,0,0,0,0,0,0,0,0,0,1,0,2,2,0,2,1,1,2,2,2
syn_aggregate_00188,20,2.0,2,3,2,2,1,2,1,0,0,0,0,0,0,0,0,0,0,4,0,2,2,1,2,1,2,1,1,1,1,3,4,4,3,4,3,3,4,3,3,4,4,3,4,3,3,3,4,3,2,1,1,1,1,1,1,1,0,0,0,0,1,0,0,0,0,0,0,0,0
syn_aggregate_00189,19,2.0,3,3,2,3,2,2,2,2,1,2,2,2,1,1,1,1,1,1,2,4,4,3,3,3,3,3,3,3,3,4,4,4,4,4,4,4,4,3,3,4,4,4,4,4,4,3,3,4,3,1,1,1,0,1,0,1,0,0,1,3,4,4,3,4,4,4,4,4,3
syn_aggregate_00190,20,2.0,3,3,2,3,2,2,1,1,0,0,0,0,0,0,0,0,0,4,0,1,1,0,0,0,1,0,0,0,0,3,4,4,3,3,3,3,3,2,2,0,0,0,0,1,0,0,0,0,0,0,1,0,0,0,0,1,0,0,0,2,3,4,2,3,3,3,3,3,2
syn_aggregate_00191,21,1.0,3,3,3,3,2,3,2,2,2,0,1,1,0,1,1,0,0,0,0,4,4,4,4,3,4,4,3,4,1,3,3,3,3,3,3,3,2,2,3,3,3,3,3,2,2,2,2,3,3,0,0,0,0,0,0,0,0,1,1,3,4,4,4,4,3,3,4,4,3
syn_aggregate_00192,21,2.0,3,3,3,3,2,3,3,0,0,1,1,1,0,0,1,0,0,1,1,1,1,1,0,0,0,0,0,0,0,4,4,4,3,3,3,4,4,3,3,2,2,2,2,2,2,2,2,1,2,1,2,1,1,1,1,2,1,1,2,2,3,3,2,3,2,2,3,2,3
syn_aggregate_00193,20,1.0,1,1,1,1,0,0,0,0,0,1,1,1,0,1,1,1,0,0,0,0,0,0,0,0,2,0,0,0,0,1,2,2,2,2,1,2,2,1,1,3,3,3,3,2,3,3,2,3,2,0,0,0,0,0,0,0,0,2,0,0,1,1,0,1,0,0,1,0,0
syn_aggregate_00194,20,2.0,3,3,3,3,2,2,1,1,2,0,0,1,0,0,0,0,1,0,1,3,2,2,3,2,2,2,2,2,1,2,2,2,1,1,1,1,2,1,2,2,2,2,3,2,1,2,2,2,2,1,1,0,0,1,0,0,0,1,0,0,2,2,0,2,0,0,1,1,0
syn_aggregate_00195,29,1.0,2,2,1,2,1,1,1,0,0,0,1,0,0,0,0,0,0,0,0,1,1,0,0,0,2,2,1,0,0,1,2,2,1,1,1,1,1,1,1,3,3,2,4,2,3,2,2,2,2,0,1,0,0,0,0,0,0,0,0,0,2,1,0,1,0,0,1,1,2
syn_aggregate_00196,36,2.0,2,2,1,2,1,1,0,0,0,0,0,0,0,0,0,0,0,0,1,1,1,0,0,0,1,0,0,1,0,2,3,3,3,2,2,2,3,2,2,4,4,4,4,4,3,3,3,3,3,0,1,0,0,0,1,0,0,0,0,1,3,2,1,2,1,1,2,1,2
syn_aggregate_00197,19,2.0,3,3,3,3,3,3,3,2,3,1,2,2,0,1,2,1,1,1,1,4,4,4,4,4,4,4,3,3,4,4,4,4,4,4,4,4,4,4,3,3,3,3,3,3,2,3,2,2,4,1,2,1,0,1,1,2,1,1,0,4,4,4,4,4,3,4,4,4,4
syn_aggregate_00198,18,2.0,2,2,1,1,0,1,1,0,0,1,2,2,1,2,1,1,1,1,2,2,2,2,2,1,2,1,2,1,2,1,2,2,1,1,1,2,1,1,2,2,1,1,2,0,1,0,0,0,0,1,2,1,1,1,1,1,1,1,1,0,1,1,0,0,0,0,1,0,0
syn_aggregate_00199,49,2.0,3,3,3,3,2,3,2,2,1,1,1,1,0,1,1,0,0,1,4,1,1,0,0,0,1,0,0,0,0,4,4,3,4,4,2,3,4,3,4,4,4,4,4,3,4,3,4,3,3,1,1,1,1,1,0,0,0,0,0,3,4,4,3,4,4,4,4,4,4
syn_aggregate_00200,18,2.0,1,1,0,1,0,0,1,0,0,0,1,0,0,0,0,0,0,0,0,0,0,0,0,0,0,0,0,0,2,3,3,3,3,3,2,2,2,2,3,2,1,1,2,1,1,1,1,1,0,0,0,0,0,0,1,0,0,0,0,1,2,2,1,2,2,1,2,2,1
syn_aggregate_00201,20,2.0,3,3,2,3,2,2,1,0,1,1,2,2,1,2,1,1,1,2,1,3,3,3,3,2,3,2,2,2,2,1,2,1,1,1,1,2,1,1,0,2,2,2,2,1,2,1,1,1,2,1,2,1,1,1,2,1,1,2,2,3,4,4,3,4,3,3,4,3,3
syn_aggregate_00202,21,1.0,3,3,3,3,2,3,3,3,2,0,0,4,0,0,0,0,0,0,0,2,1,1,1,1,2,1,1,2,2,0,2,1,1,1,1,2,2,0,1,4,4,4,4,3,4,3,3,4,2,0,0,0,0,0,0,1,1,0,0,4,4,4,4,4,4,3,4,4,2
syn_aggregate_00203,19,2.0,1,2,1,1,1,1,1,0,0,0,0,1,0,0,0,0,0,0,0,3,3,3,4,4,3,3,2,2,2,2,2,2,2,2,1,2,2,2,2,4,4,4,4,3,4,3,3,3,2,1,1,1,0,1,1,1,0,0,0,1,4,3,2,3,3,3,2,2,3
syn_aggregate_00204,22,1.0,2,3,1,2,1,1,1,0,0,0,0,0,0,0,0,0,0,0,0,0,0,0,0,0,0,0,0,0,4,0,0,0,0,0,0,0,0,0,1,1,1,0,1,0,0,0,0,0,1,0,0,0,0,0,0,0,0,0,0,2,3,2,1,3,2,1,2,2,1
syn_aggregate_00205,20,1.0,2,2,1,2,1,2,1,1,0,3,4,3,2,3,2,2,2,2,3,1,2,1,1,1,2,1,0,1,1,2,3,2,2,2,2,2,2,1,2,3,2,2,3,2,2,2,2,2,3,1,1,1,1,1,1,1,1,1,0,2,3,3,2,3,2,2,2,2,1
syn_aggregate_00206,22,2.0,3,3,3,3,3,3,3,3,3,0,1,0,0,0,0,0,0,0,0,3,3,2,3,2,2,3,2,2,1,3,4,3,3,3,2,3,2,2,3,2,3,3,3,2,2,2,2,1,3,0,0,0,0,0,0,0,0,0,0,1,4,4,2,4,2,1,3,3,2
syn_aggregate_00207,26,1.0,3,3,3,3,3,3,3,3,3,3,3,2,2,2,3,2,2,2,2,4,4,4,4,4,4,4,3,4,4,4,4,4,4,4,4,3,4,3,4,4,4,4,4,4,4,4,4,4,4,2,2,2,2,2,2,2,1,1,2,0,2,2,1,2,2,2,2,2,2
syn_aggregate_00208,36,2.0,0,1,0,1,0,0,1,0,0,0,0,0,0,0,0,0,0,0,0,0,1,0,0,0,1,0,0,0,0,0,0,0,0,0,0,0,0,0,0,0,0,0,0,0,1,0,0,0,0,0,0,0,0,0,0,0,0,0,0,0,1,1,0,1,0,0,0,0,0
syn_aggregate_00209,18,2.0,2,2,1,1,1,1,1,0,0,1,1,2,1,1,1,1,2,1,1,1,1,1,1,1,1,1,0,0,0,0,0,0,0,0,0,0,0,0,1,3,3,2,3,2,3,2,2,3,3,0,1,0,0,0,0,0,0,0,0,0,0,0,0,0,0,0,0,1,0
syn_aggregate_00210,18,2.0,3,3,3,3,2,3,3,3,3,0,1,0,0,0,0,0,0,0,3,4,4,4,4,3,4,3,3,3,2,4,4,4,4,4,4,4,3,3,4,4,4,4,4,3,4,3,4,4,2,1,1,1,1,1,1,1,1,0,0,4,4,4,4,4,4,4,4,4,2
syn_aggregate_00211,24,1.0,1,1,1,0,0,0,0,0,0,0,0,0,0,0,0,0,0,0,0,0,0,0,0,0,0,0,0,0,0,0,0,0,0,0,0,0,0,0,1,1,1,0,1,0,0,0,0,0,1,0,0,0,0,0,0,0,0,0,0,0,2,2,0,2,1,1,2,1,1
syn_aggregate_00212,33,2.0,1,2,1,1,0,0,0,0,0,0,0,0,0,0,0,0,0,0,0,0,1,0,0,0,0,0,0,1,0,1,2,1,1,2,1,1,2,1,1,0,0,0,0,0,0,0,0,0,0,0,0,0,0,0,0,0,0,0,3,0,2,2,0,1,1,0,1,1,0
syn_aggregate_00213,21,1.0,1,2,1,1,0,0,1,0,0,0,0,0,0,0,0,0,0,0,0,0,1,0,0,0,1,0,0,0,0,0,0,1,0,0,0,0,0,0,0,0,0,0,0,0,0,0,0,0,0,0,0,0,0,0,0,0,0,0,0,0,1,0,0,0,0,0,0,0,1
syn_aggregate_00214,20,1.0,1,2,1,1,0,0,0,0,0,0,0,0,0,0,0,0,0,0,0,2,3,2,2,2,2,3,2,1,1,0,0,0,1,0,0,0,0,0,0,2,2,2,2,2,2,1,1,1,2,0,1,0,0,1,0,0,0,0,0,1,2,2,1,2,1,1,2,2,1
syn_aggregate_00215,24,2.0,0,0,0,0,0,0,0,0,0,1,1,0,0,0,0,0,0,0,0,0,0,0,0,0,1,0,0,0,0,4,4,4,4,4,4,3,4,4,3,0,0,0,0,0,1,0,0,0,0,0,0,0,0,0,1,1,0,0,0,0,0,0,0,0,0,0,0,0,4
syn_aggregate_00216,21,2.0,3,3,3,3,2,3,2,2,2,0,0,0,0,0,0,0,0,0,0,2,2,1,2,1,2,1,1,1,0,3,3,3,3,3,2,3,3,2,3,2,2,2,2,1,1,1,1,2,3,0,0,0,0,0,0,0,1,0,0,2,3,3,2,3,3,3,3,4,4
syn_aggregate_00217,18,1.0,3,3,2,2,1,2,1,0,0,1,1,1,0,1,0,1,1,1,0,1,1,0,1,0,1,0,0,1,1,1,2,2,1,2,1,2,2,1,0,2,2,1,2,1,1,1,1,1,2,0,0,0,0,0,0,0,0,4,0,0,1,0,0,0,0,0,0,0,2
syn_aggregate_00218,19,2.0,1,2,1,1,0,0,1,0,0,0,0,0,0,0,0,0,0,0,2,0,1,0,0,0,0,0,0,2,1,1,2,1,1,1,1,1,1,1,1,4,4,4,4,4,3,3,3,3,3,0,1,0,0,0,0,0,0,0,2,1,2,2,1,3,2,1,2,2,4
syn_aggregate_00219,21,1.0,3,3,3,3,3,3,3,3,1,0,0,0,0,0,0,0,0,0,0,0,1,0,0,0,0,1,0,0,0,4,4,4,4,3,4,4,3,4,1,0,0,0,0,1,0,0,0,0,0,0,0,0,0,0,0,0,0,0,3,1,3,3,1,2,2,2,2,2,1
syn_aggregate_00220,30,2.0,2,3,2,2,1,2,1,0,0,0,0,0,0,0,0,0,0,0,1,4,4,4,4,4,4,4,4,3,4,1,2,2,1,1,2,1,2,1,2,1,0,0,0,1,0,0,0,1,1,0,0,0,0,0,0,0,0,0,0,3,4,4,3,4,2,3,3,3,2
syn_aggregate_00221,20,1.0,1,1,1,2,1,1,1,0,1,0,1,0,0,0,0,0,0,1,0,0,1,0,0,0,1,0,0,1,0,4,4,4,4,4,4,4,4,4,4,4,4,4,4,3,4,4,4,4,4,2,3,2,2,2,3,2,1,2,3,4,4,4,4,4,4,4,4,4,4
syn_aggregate_00222,20,2.0,0,1,1,1,0,0,1,0,0,0,0,0,0,0,0,0,0,0,0,0,0,0,0,0,0,0,1,0,0,0,1,0,0,0,0,1,0,0,0,0,0,0,0,0,0,0,0,0,0,0,0,0,0,0,0,0,0,0,2,0,2,1,0,2,0,0,1,1,2
syn_aggregate_00223,19,1.0,3,3,3,3,2,2,2,0,1,0,1,0,0,0,0,0,0,0,0,1,1,1,1,1,0,0,0,0,0,3,4,3,3,3,3,4,2,3,1,4,3,4,3,3,3,3,2,2,2,1,1,1,1,1,1,1,0,1,1,0,0,0,0,0,0,0,0,3,0
syn_aggregate_00224,35,2.0,3,3,2,2,1,2,1,0,0,1,1,1,1,1,1,1,1,1,1,2,2,2,2,1,2,1,1,2,1,3,4,3,3,3,2,2,3,2,1,3,3,2,3,2,3,2,3,2,3,0,0,0,0,0,1,2,0,0,0,0,1,1,0,2,1,1,2,1,1
syn_aggregate_00225,20,2.0,0,1,0,1,0,0,0,0,0,0,0,0,0,0,2,0,0,0,0,2,3,2,3,2,3,2,2,3,3,0,0,0,0,0,0,0,0,0,1,3,3,2,3,2,2,3,2,3,3,0,0,0,0,0,0,0,0,0,0,0,3,3,1,3,2,2,3,2,1
syn_aggregate_00226,20,2.0,2,2,2,2,1,1,1,0,0,1,1,1,0,1,0,0,0,0,0,3,3,3,3,2,2,2,2,2,3,1,2,2,2,2,1,2,2,2,2,0,0,0,0,0,0,0,0,0,0,0,0,0,0,0,0,0,0,2,0,0,0,0,0,0,0,0,0,0,4
syn_aggregate_00227,40,1.0,2,2,1,2,1,1,1,0,0,1,1,1,0,0,1,0,0,1,0,3,3,2,3,2,3,2,2,2,1,3,4,3,4,4,3,3,3,3,2,4,4,3,4,3,3,3,2,3,1,1,1,0,0,1,0,1,0,0,2,1,3,3,2,4,3,2,4,3,4
syn_aggregate_00228,36,2.0,3,3,3,3,3,3,3,3,2,0,0,1,0,0,0,0,0,0,0,2,2,2,2,2,2,2,2,2,2,0,0,0,0,0,0,0,0,3,0,2,2,2,2,2,2,2,2,2,2,0,0,0,0,0,0,0,0,0,0,0,1,1,0,1,0,0,1,1,0
syn_aggregate_00229,18,1.0,1,1,1,1,0,0,0,0,0,0,0,0,0,0,0,0,0,0,2,1,1,1,0,1,1,1,1,1,0,1,2,1,1,1,1,1,1,1,1,1,1,1,1,1,0,0,0,0,0,0,0,0,0,0,0,0,0,0,4,0,2,2,0,1,0,0,0,0,0
syn_aggregate_00230,48,1.0,2,2,2,2,1,2,1,0,0,0,0,0,0,0,0,0,0,0,0,0,0,0,0,1,0,0,0,0,1,0,0,0,0,0,0,0,0,0,0,4,4,4,4,3,4,4,3,3,2,0,0,0,0,0,0,0,0,0,0,1,3,3,1,3,2,2,2,3,4
syn_aggregate_00231,19,1.0,1,0,0,0,0,0,0,0,0,0,0,0,0,0,1,0,0,0,0,1,1,1,1,1,1,1,1,1,2,0,0,0,0,0,0,0,0,0,0,4,4,4,4,3,3,3,3,2,3,0,0,0,0,0,0,0,0,0,3,0,0,0,0,0,0,0,0,0,0
syn_aggregate_00232,30,2.0,3,3,2,3,2,3,2,0,1,0,0,0,0,0,0,0,0,0,4,1,1,1,1,1,1,0,0,0,0,2,2,2,3,3,2,2,2,1,2,4,4,4,4,4,4,4,4,4,4,0,0,0,0,0,0,0,0,0,3,3,4,4,3,4,3,4,4,4,3
syn_aggregate_00233,51,1.0,1,2,1,1,0,1,1,0,0,0,1,0,0,0,0,0,0,0,0,3,3,2,3,2,3,2,3,2,2,0,0,0,0,0,0,0,0,0,3,0,1,0,0,0,0,0,0,0,1,0,0,0,0,0,0,0,0,0,0,1,2,2,1,2,1,1,2,2,2
syn_aggregate_00234,20,2.0,3,3,3,3,2,2,2,0,2,1,2,1,1,2,1,1,2,1,2,0,0,0,0,0,0,0,0,0,0,0,0,0,0,0,0,0,0,0,3,2,2,2,2,1,1,1,1,1,1,0,0,0,0,0,0,0,0,0,0,3,4,4,3,3,3,3,3,3,3
syn_aggregate_00235,42,1.0,2,2,1,2,1,1,1,0,0,0,0,0,0,0,0,0,0,0,4,2,2,1,2,1,2,2,2,1,3,3,4,4,3,4,3,3,3,3,1,4,3,3,4,3,3,2,3,3,2,0,0,0,0,0,0,0,2,0,0,0,0,0,0,0,0,0,0,1,2
syn_aggregate_00236,22,2.0,3,3,2,3,2,2,2,1,0,0,0,0,0,0,0,0,0,0,2,4,4,4,4,3,3,3,4,3,3,0,1,1,0,1,0,1,1,1,0,3,2,3,3,2,3,2,2,2,2,0,0,0,0,0,2,0,0,0,0,3,4,4,2,4,3,3,4,4,3
syn_aggregate_00237,28,2.0,1,1,1,1,0,0,1,0,0,1,2,1,1,2,1,1,1,1,2,4,4,4,4,3,4,3,4,3,3,0,0,1,0,0,0,0,1,0,0,0,0,0,0,0,0,0,0,0,1,0,0,0,0,0,1,0,1,0,0,1,3,2,1,2,2,2,3,2,1
syn_aggregate_00238,19,2.0,3,3,2,3,1,2,1,1,0,1,2,1,0,1,1,1,1,1,1,1,1,0,1,1,1,1,0,0,0,0,1,0,0,0,0,3,0,0,0,1,0,0,1,0,0,0,0,0,0,0,1,0,0,1,0,0,1,0,2,0,1,1,0,1,0,0,0,0,0
syn_aggregate_00239,20,1.0,2,2,1,1,0,0,0,0,0,0,0,0,0,0,0,0,0,0,3,1,1,1,0,1,1,1,1,1,2,0,1,1,0,1,1,1,1,1,0,3,3,2,3,3,2,2,2,2,2,0,0,0,0,0,0,0,0,0,0,1,2,2,1,2,1,1,1,2,1
syn_aggregate_00240,20,2.0,3,3,3,3,3,3,3,3,3,2,3,3,2,2,2,2,2,3,2,3,4,4,3,3,3,4,3,2,2,4,4,4,4,4,4,4,4,4,4,4,4,4,4,4,4,4,4,4,4,2,2,2,2,2,2,2,2,1,1,3,4,4,3,4,4,4,4,4,4
syn_aggregate_00241,33,1.0,0,0,0,0,0,0,0,0,0,0,0,0,0,0,0,0,0,0,0,0,0,0,0,0,2,0,0,0,0,0,0,0,0,0,0,0,0,0,0,0,0,0,0,0,0,0,0,0,0,0,0,0,0,0,0,0,0,0,0,0,0,0,0,1,0,0,0,0,0
syn_aggregate_00242,45,2.0,3,3,2,3,1,2,2,1,1,0,1,1,0,1,0,0,1,1,0,0,0,0,0,0,0,0,1,0,0,0,1,2,0,1,2,1,1,0,0,1,1,1,1,1,0,0,0,1,1,0,1,0,0,0,0,0,1,1,0,0,2,2,0,2,1,1,1,0,0
syn_aggregate_00243,19,2.0,2,2,1,1,1,0,0,0,0,0,0,0,0,0,0,0,0,0,4,2,2,2,2,1,2,2,1,1,2,2,2,2,2,2,1,1,2,2,1,2,2,2,2,2,2,1,2,2,2,0,0,0,0,0,3,0,0,0,0,3,4,4,3,4,3,4,4,4,4
syn_aggregate_00244,20,2.0,2,2,1,1,1,1,1,0,0,0,0,0,0,0,0,0,0,0,0,1,1,1,0,0,1,0,1,1,1,1,2,1,1,1,1,1,1,1,1,0,0,0,0,0,0,0,0,0,0,0,0,0,0,0,0,0,0,0,0,0,0,0,0,1,0,0,2,0,0
syn_aggregate_00245,19,1.0,3,3,3,3,3,3,3,3,3,2,3,3,2,2,2,3,2,1,2,4,4,4,4,4,4,4,3,4,3,4,4,4,4,4,4,4,3,4,4,4,4,4,4,4,4,4,4,4,4,1,1,1,0,1,1,1,1,1,1,4,4,4,4,4,4,4,4,4,4
syn_aggregate_00246,38,1.0,3,3,2,3,2,3,2,1,0,0,0,0,0,0,0,0,0,0,2,4,4,4,3,4,4,4,3,4,4,3,4,4,3,4,4,3,3,3,1,2,2,2,2,2,2,2,1,1,2,0,4,0,0,0,0,0,0,0,0,0,2,2,0,2,1,1,2,1,0
syn_aggregate_00247,19,1.0,3,3,3,3,3,3,3,3,1,0,0,0,0,1,0,0,0,0,0,2,3,2,2,2,2,2,2,2,2,2,3,3,2,3,2,2,2,2,2,1,1,1,1,0,0,0,0,0,0,0,0,0,0,0,2,0,0,0,0,3,4,4,3,4,4,3,4,4,2
syn_aggregate_00248,22,1.0,2,1,1,0,1,0,0,0,0,0,0,0,0,0,0,0,0,1,0,1,1,1,0,1,1,1,0,1,1,2,3,2,2,2,2,2,2,1,2,2,2,1,2,1,1,1,1,1,2,0,0,0,0,0,0,0,0,2,0,1,3,2,1,3,2,1,2,2,3
syn_aggregate_00249,19,2.0,1,1,1,1,0,0,0,0,0,0,0,1,0,0,0,0,0,0,0,3,3,3,3,2,3,3,3,2,3,2,2,2,2,2,1,1,2,2,2,1,1,1,1,0,0,0,0,1,1,0,0,0,0,0,0,0,0,0,4,0,0,0,0,1,0,0,0,0,0
syn_aggregate_00250,21,2.0,2,3,2,2,1,1,1,1,0,0,4,0,0,0,0,0,0,0,0,4,4,4,4,3,3,3,4,4,2,2,3,3,3,3,3,3,3,3,2,4,4,3,4,3,4,4,4,3,3,1,1,2,1,1,1,1,2,2,1,2,4,4,2,4,3,3,3,4,3
syn_aggregate_00251,20,2.0,3,3,2,3,2,2,1,0,0,0,0,0,0,0,0,0,0,0,0,2,2,2,1,2,2,1,1,2,2,4,4,4,4,4,4,3,4,4,3,2,2,1,2,1,1,0,1,1,1,0,0,0,0,0,0,0,0,0,4,0,2,1,0,2,0,0,1,1,0
syn_aggregate_00252,19,1.0,0,0,1,1,1,0,1,0,0,0,0,0,0,0,0,0,0,1,0,2,2,2,2,2,2,2,2,1,2,3,3,3,3,3,2,2,2,2,2,2,2,2,3,2,1,2,1,2,3,1,2,1,1,1,2,1,1,1,2,0,2,2,0,2,1,1,2,1,1
syn_aggregate_00253,21,1.0,0,1,0,0,0,0,0,0,0,0,0,0,0,0,0,0,0,0,3,1,2,1,1,1,1,1,1,1,1,0,0,0,0,0,0,0,0,0,1,3,3,3,3,3,3,3,2,3,2,0,0,0,0,0,0,0,0,0,0,0,1,1,0,1,0,0,1,1,0
syn_aggregate_00254,19,1.0,3,3,2,3,2,3,0,0,3,1,2,1,0,1,2,0,1,1,1,2,3,2,2,2,3,2,1,1,1,3,4,4,3,3,3,3,3,3,3,4,4,4,4,3,3,3,3,2,2,0,0,0,0,0,0,0,1,0,0,4,4,4,4,4,4,4,3,4,3
syn_aggregate_00255,19,2.0,3,2,2,2,1,2,1,0,1,1,1,0,0,0,0,0,0,0,0,4,4,4,4,3,4,4,4,4,4,4,4,4,4,4,4,4,4,4,4,3,3,2,3,2,2,2,1,2,2,0,0,0,0,0,0,0,0,2,0,3,4,4,3,4,4,4,4,4,2
syn_aggregate_00256,19,2.0,2,2,1,1,0,1,1,0,0,0,0,0,0,0,2,0,0,0,0,0,0,0,0,0,0,0,0,0,0,1,1,1,1,1,1,1,1,1,1,0,0,0,0,1,0,0,0,1,0,1,0,0,0,0,0,0,0,0,0,0,2,1,0,2,1,0,1,0,0
syn_aggregate_00257,21,1.0,3,3,2,3,1,2,2,0,1,4,4,4,3,4,3,3,3,3,3,4,4,4,4,3,4,4,3,3,3,2,3,2,2,2,2,2,2,1,2,4,4,4,4,3,4,4,3,3,4,2,3,2,2,2,2,2,2,2,3,3,4,4,3,4,2,2,3,2,4
syn_aggregate_00258,24,2.0,2,3,2,2,1,2,1,0,0,1,1,1,0,1,0,1,0,0,1,3,4,3,3,2,3,4,3,3,3,3,4,4,3,4,4,3,3,3,2,3,4,3,3,2,3,2,2,2,2,0,0,0,0,0,0,0,0,1,0,3,4,4,3,4,3,3,4,3,2
syn_aggregate_00259,20,2.0,2,2,1,2,1,1,1,0,0,0,0,0,0,0,0,0,0,0,4,4,4,4,4,3,4,4,4,3,2,1,2,2,1,2,1,2,1,2,1,3,3,3,3,2,2,2,2,3,2,1,2,1,1,2,2,1,1,1,2,1,3,3,1,3,2,2,2,2,2
syn_aggregate_00260,19,2.0,3,3,3,3,2,3,0,0,0,1,0,0,0,0,0,0,0,0,0,3,3,3,3,3,3,3,3,3,3,3,4,3,3,3,3,4,3,2,3,3,3,3,3,2,3,2,2,2,3,1,1,1,0,1,1,1,1,0,2,1,3,3,1,2,2,1,2,2,0
syn_aggregate_00261,20,1.0,2,2,1,1,0,0,1,0,0,0,0,0,0,0,0,0,0,0,0,0,0,0,0,0,1,0,0,0,0,0,0,0,1,0,0,0,0,0,0,0,0,0,0,0,0,0,0,0,1,0,0,0,0,0,0,0,0,0,0,0,0,0,0,0,0,0,0,0,0
syn_aggregate_00262,19,2.0,0,1,1,1,0,0,0,0,0,0,0,0,0,0,0,0,0,0,0,0,0,0,0,0,0,0,1,1,1,0,0,0,0,0,0,0,0,0,0,1,0,0,1,0,0,0,0,1,0,0,0,0,0,0,0,0,0,0,0,0,2,2,0,1,0,0,1,1,0
syn_aggregate_00263,22,2.0,3,3,2,2,2,2,1,1,0,1,1,1,1,1,0,0,0,0,0,4,4,4,3,3,4,4,3,4,2,2,3,3,2,2,2,2,2,2,2,4,4,4,4,4,4,4,4,4,4,2,2,2,2,2,2,1,1,1,3,4,4,4,4,4,4,4,4,4,3
syn_aggregate_00264,43,1.0,2,2,1,2,1,1,1,0,0,0,1,0,0,0,0,0,0,0,0,1,1,1,1,1,1,1,1,1,1,3,4,3,3,3,2,3,3,3,1,1,1,0,1,0,0,0,0,0,0,0,0,0,0,0,0,0,0,0,0,0,1,1,0,1,0,1,1,0,1
syn_aggregate_00265,21,2.0,2,2,1,2,1,1,1,0,0,0,0,0,0,0,0,0,0,0,0,0,1,0,0,1,0,0,0,2,0,4,4,4,4,3,3,4,3,3,3,3,3,2,3,2,2,2,2,2,1,0,0,0,0,0,0,0,0,0,0,1,2,2,1,2,1,1,1,2,2
syn_aggregate_00266,47,2.0,3,3,2,2,1,1,1,1,1,1,1,1,0,1,0,0,0,0,0,4,4,4,4,3,4,4,3,3,3,3,4,3,3,3,3,4,2,2,3,2,2,1,2,2,1,1,1,1,2,0,1,0,0,0,0,0,1,0,0,0,1,1,0,1,0,0,1,1,0
syn_aggregate_00267,22,2.0,1,1,1,1,0,0,0,0,0,0,0,0,0,0,0,0,0,0,3,4,4,4,4,4,4,4,4,4,4,4,4,4,4,3,4,4,4,4,3,4,4,4,3,3,4,3,3,3,2,1,1,0,1,0,1,1,0,1,0,3,4,4,3,4,3,3,4,3,3
syn_aggregate_00268,19,2.0,3,3,3,3,2,2,2,1,0,0,1,0,0,0,0,0,0,0,0,1,2,1,1,1,2,1,1,1,1,2,3,2,2,2,2,2,2,2,1,2,2,2,2,2,2,1,1,1,2,0,0,0,0,0,1,0,2,0,0,0,2,2,0,1,1,1,1,0,1
syn_aggregate_00269,19,2.0,3,3,3,3,2,3,2,1,0,1,2,1,0,1,1,0,1,0,0,1,1,2,2,1,1,2,1,1,1,2,2,2,1,2,2,2,2,1,1,2,3,3,3,2,2,2,2,2,2,0,0,0,0,0,0,0,0,0,2,0,0,0,0,0,0,0,0,0,1
syn_aggregate_00270,42,2.0,2,2,1,2,1,0,0,0,0,0,0,0,0,0,0,0,1,0,0,4,4,4,4,3,4,4,3,4,3,0,1,0,0,0,0,0,0,0,0,3,3,3,3,3,3,2,2,3,3,0,0,0,0,0,0,0,0,3,0,0,1,1,0,1,0,0,1,1,0
syn_aggregate_00271,21,1.0,3,3,2,2,1,2,1,0,0,0,1,0,0,0,1,0,0,0,0,0,0,0,0,0,0,0,1,0,0,0,1,0,0,0,0,0,0,0,0,4,4,4,4,4,4,4,4,3,4,0,0,0,0,0,0,0,0,3,0,0,0,0,0,0,0,0,0,0,0
syn_aggregate_00272,22,1.0,2,2,1,2,0,0,0,0,0,1,1,1,0,1,1,1,2,2,1,0,0,0,0,0,0,0,0,3,0,4,4,4,4,4,4,4,4,3,3,3,2,2,2,1,2,2,1,2,3,1,2,1,1,1,1,2,1,1,1,2,4,4,2,4,3,3,3,4,3
syn_aggregate_00273,22,2.0,3,3,3,3,2,3,2,2,1,0,0,0,0,0,0,0,0,0,2,4,4,4,4,3,4,4,3,3,4,2,2,2,2,2,2,1,2,2,0,3,3,3,3,3,2,2,2,2,3,2,2,1,1,1,1,1,2,1,2,0,2,2,0,1,1,1,1,1,2
syn_aggregate_00274,19,2.0,2,2,2,2,1,2,1,1,0,1,1,1,1,1,0,0,1,1,1,2,1,1,2,1,2,2,1,1,1,4,4,4,4,4,4,4,3,3,4,4,4,3,4,3,3,3,3,3,2,0,0,0,0,0,0,0,0,0,4,0,1,2,0,1,1,1,1,1,0
syn_aggregate_00275,19,2.0,3,3,2,2,1,2,1,0,0,0,0,0,0,0,0,0,0,2,0,3,3,3,3,3,3,2,3,2,1,3,3,3,3,3,2,2,3,2,2,1,1,1,1,1,1,0,0,1,0,0,0,0,0,0,0,0,0,0,3,0,2,2,1,2,1,2,2,2,3
syn_aggregate_00276,18,1.0,1,1,1,0,0,0,0,0,0,0,1,0,1,0,0,0,0,0,0,0,0,1,0,0,0,0,0,0,0,0,2,1,0,1,1,1,1,1,0,4,4,3,4,4,4,3,3,3,3,0,0,0,0,0,0,0,0,0,3,0,1,0,0,0,0,0,0,0,0
syn_aggregate_00277,18,2.0,2,3,2,3,2,2,2,1,0,0,1,1,0,1,0,0,0,1,0,2,2,2,2,2,2,1,2,2,2,2,3,3,3,3,2,2,2,3,2,2,2,1,2,1,1,1,1,1,1,1,1,1,1,1,1,1,1,1,1,1,3,2,1,2,2,1,2,2,2
syn_aggregate_00278,19,2.0,1,1,1,1,0,1,1,0,0,0,1,0,0,1,0,1,0,0,0,1,1,1,1,0,1,0,1,1,1,0,0,0,0,0,0,0,0,0,0,2,2,1,2,1,1,0,0,1,0,0,0,0,0,0,1,1,0,0,0,1,2,2,1,2,1,1,2,2,2
syn_aggregate_00279,50,2.0,3,3,2,3,2,3,2,1,0,0,0,1,0,0,0,0,0,0,0,2,2,2,2,1,2,2,2,2,2,3,4,3,3,3,3,3,2,2,0,3,3,3,2,2,2,2,2,2,2,0,0,0,0,0,0,2,0,0,0,2,4,4,3,4,3,3,4,3,2
syn_aggregate_00280,18,2.0,3,3,2,3,2,2,1,0,1,0,1,0,0,0,0,0,0,0,0,0,0,0,0,0,0,0,0,0,0,0,1,1,0,0,0,1,1,0,0,4,3,4,4,3,3,2,3,3,2,0,0,0,0,0,0,0,0,0,0,3,4,3,2,3,2,2,3,2,3
syn_aggregate_00281,22,2.0,3,3,2,2,1,1,0,0,0,1,2,2,1,1,1,1,1,1,1,2,3,2,3,2,3,2,2,2,2,1,2,1,1,1,1,2,1,1,1,4,4,3,4,3,3,3,3,2,3,0,0,0,0,0,0,0,0,0,0,2,3,3,2,3,3,2,3,3,2
syn_aggregate_00282,19,2.0,2,2,1,2,1,1,1,0,0,0,0,0,0,0,0,0,0,1,0,4,4,4,4,3,4,3,3,4,3,2,3,3,2,2,2,2,3,1,0,1,2,1,1,0,0,0,0,0,1,0,1,0,0,0,0,1,0,0,2,4,4,4,4,4,4,4,4,4,3
syn_aggregate_00283,19,2.0,3,3,3,3,2,3,3,2,2,0,1,0,0,0,0,0,0,0,0,1,1,1,0,1,1,1,0,1,1,1,2,1,1,1,1,1,1,1,0,2,2,2,2,1,0,0,0,1,0,0,0,0,0,0,0,0,0,2,0,0,2,2,1,2,1,1,2,1,3
syn_aggregate_00284,20,1.0,3,3,3,3,3,3,3,2,1,0,0,0,0,0,0,0,0,0,2,1,2,1,2,1,2,1,1,1,2,3,4,4,3,3,3,3,3,3,3,3,3,3,3,3,2,2,2,2,3,0,1,1,0,1,1,0,1,0,1,3,4,3,3,4,3,3,3,3,3
syn_aggregate_00285,38,1.0,2,3,2,3,1,2,1,0,0,1,1,1,1,1,0,0,0,0,0,4,4,4,4,4,4,4,3,3,3,4,4,4,4,4,4,3,4,4,3,4,4,4,4,4,3,4,4,4,3,1,1,0,0,0,1,0,0,0,0,3,4,4,3,4,4,4,4,3,2
syn_aggregate_00286,19,2.0,0,0,1,1,1,1,0,0,0,1,1,1,0,1,0,0,0,1,0,3,3,4,4,3,4,4,2,2,3,3,4,4,3,4,4,3,3,3,2,2,2,1,2,1,1,0,1,1,1,0,0,0,0,0,0,0,0,0,2,0,2,1,0,1,0,0,1,1,0
syn_aggregate_00287,22,2.0,3,3,3,3,2,2,1,0,1,1,2,1,1,1,1,1,1,1,1,4,4,4,4,4,4,4,4,3,3,1,2,1,1,1,1,1,1,0,1,4,4,4,4,3,4,3,4,4,4,1,1,1,1,0,1,1,0,0,0,1,2,2,1,2,1,1,2,1,2
syn_aggregate_00288,18,1.0,3,3,3,3,0,0,0,0,0,2,3,3,2,2,2,2,2,2,2,2,3,2,3,2,3,2,2,3,2,2,2,2,1,2,1,2,1,2,2,4,4,4,4,4,4,4,4,3,4,1,1,1,1,1,2,1,1,1,1,1,3,2,1,2,2,1,2,2,2
syn_aggregate_00289,21,2.0,3,3,3,3,3,3,3,3,3,1,1,1,0,1,1,0,0,0,0,3,3,2,3,2,3,2,2,2,2,4,4,4,4,4,4,4,4,4,4,1,2,1,2,1,1,1,1,1,2,2,2,2,2,2,1,1,1,1,2,4,4,4,3,4,4,4,4,4,4
syn_aggregate_00290,18,2.0,3,3,2,2,1,2,1,0,0,0,0,1,0,0,0,0,0,0,0,0,0,0,0,0,1,0,0,0,0,0,1,0,0,0,0,0,0,0,0,2,2,2,3,2,2,1,2,2,1,1,1,1,1,1,1,1,0,0,1,1,3,3,1,2,2,1,2,2,3
syn_aggregate_00291,19,2.0,3,3,3,3,2,3,3,3,2,1,1,1,1,1,1,0,0,0,0,4,4,4,4,3,4,3,4,4,3,1,2,2,2,2,1,2,2,1,2,3,3,3,3,3,3,3,3,3,2,0,0,0,0,0,0,0,0,0,2,2,4,3,2,3,3,3,3,3,2
syn_aggregate_00292,19,2.0,0,1,0,1,0,0,0,0,0,0,0,0,0,0,0,0,0,0,0,1,2,1,1,2,2,1,1,1,2,3,4,4,3,3,3,3,4,2,3,2,1,0,2,0,0,0,0,0,0,0,0,0,1,0,0,0,1,0,0,1,2,2,1,2,2,1,2,2,1
syn_aggregate_00293,21,1.0,3,3,2,3,1,2,0,0,0,0,0,0,0,0,0,0,0,0,0,1,1,1,1,1,0,0,1,0,2,3,4,4,3,3,3,3,2,2,1,1,1,1,1,1,1,0,0,1,1,0,0,0,0,0,0,0,0,0,4,0,2,2,0,2,1,1,1,1,2
syn_aggregate_00294,19,2.0,3,3,3,3,3,3,3,2,2,0,0,0,0,0,0,0,0,0,4,1,1,1,1,1,1,1,1,0,0,3,4,4,3,3,3,3,3,2,2,0,0,0,1,0,0,0,0,0,1,0,0,0,0,0,0,0,0,0,2,4,4,4,3,4,4,3,4,3,3
syn_aggregate_00295,18,1.0,2,2,1,1,1,1,0,0,0,0,0,0,0,0,0,0,0,1,2,0,0,0,0,0,0,1,0,0,0,2,2,2,2,2,1,2,2,1,2,1,1,0,1,0,0,0,0,0,0,0,0,0,0,0,0,0,0,0,0,1,3,3,1,3,2,2,3,2,1
syn_aggregate_00296,19,2.0,3,3,3,3,3,3,3,1,1,0,2,0,0,0,0,0,0,0,0,2,2,3,2,2,2,2,2,1,3,1,0,0,0,0,0,0,0,0,0,2,2,2,3,2,2,2,2,2,2,0,0,0,0,0,0,0,0,0,1,0,4,3,1,3,2,2,3,3,2
syn_aggregate_00297,18,2.0,1,2,1,1,1,1,1,0,0,1,2,1,0,1,1,2,0,1,0,0,1,0,0,0,1,0,0,0,0,4,4,4,4,4,3,4,4,3,4,1,1,1,1,0,0,1,0,1,0,1,2,1,1,1,2,1,1,0,2,3,4,4,3,4,3,4,4,3,3
syn_aggregate_00298,20,2.0,1,1,0,1,1,1,0,0,0,0,0,0,0,0,0,0,0,2,0,0,1,0,0,0,0,0,0,0,0,0,1,1,0,1,1,1,1,1,0,0,0,0,1,0,0,0,0,0,0,0,0,0,0,0,0,0,0,2,0,0,1,0,0,0,0,0,0,0,0
syn_aggregate_00299,18,2.0,2,2,2,2,1,2,1,0,1,1,1,1,1,1,0,0,0,0,0,4,4,4,4,3,4,3,4,3,2,3,4,4,3,3,4,4,3,3,3,4,3,3,4,3,3,2,2,2,2,0,0,0,0,0,0,0,0,3,0,3,4,3,3,4,3,3,4,2,1
syn_aggregate_00300,43,2.0,3,3,2,2,1,1,1,0,0,1,2,1,1,2,1,1,2,1,2,4,4,4,4,4,4,4,3,4,3,2,3,3,2,2,2,2,3,2,2,4,4,4,4,4,4,4,4,3,4,0,1,1,0,0,1,0,0,0,0,3,4,4,3,4,3,3,4,3,3
syn_aggregate_00301,20,2.0,3,3,3,3,3,3,3,1,1,1,1,0,0,1,0,0,0,0,0,3,3,3,3,2,3,3,2,3,2,3,4,3,3,3,2,2,2,2,0,4,4,4,4,3,4,4,4,3,4,0,0,0,0,0,0,0,0,0,4,3,4,4,3,4,4,4,3,3,3
syn_aggregate_00302,24,1.0,2,2,1,2,0,0,0,0,0,0,0,0,0,0,0,0,0,0,0,0,0,0,0,0,0,0,0,0,0,0,1,0,0,0,0,0,0,0,0,1,0,0,2,0,0,0,0,0,0,0,0,1,0,0,0,0,0,0,0,3,4,4,3,4,3,3,4,3,2
syn_aggregate_00303,20,2.0,2,3,2,2,1,1,1,0,0,0,0,0,0,0,0,0,0,0,0,3,2,2,2,2,2,2,2,2,1,0,1,1,0,0,0,1,1,0,0,4,4,4,4,4,4,4,4,3,4,0,0,0,0,0,0,0,0,0,3,0,2,1,0,1,1,0,1,0,1
syn_aggregate_00304,21,2.0,0,2,0,0,0,0,0,0,0,0,1,1,0,1,0,0,0,1,0,4,4,4,4,4,4,4,4,4,4,4,4,4,4,4,4,4,4,3,3,3,3,3,3,3,3,3,3,2,3,1,2,1,1,1,2,1,0,1,1,3,4,4,3,4,4,3,4,4,3
syn_aggregate_00305,19,2.0,3,3,3,3,3,3,3,3,3,1,1,1,1,1,0,1,0,2,1,4,4,4,4,4,4,4,4,4,4,4,4,4,4,4,4,4,4,4,4,4,4,4,4,3,4,3,3,3,4,0,0,0,0,0,0,0,0,0,3,4,4,4,3,4,4,4,3,4,3
syn_aggregate_00306,21,2.0,2,2,1,1,1,1,0,0,0,1,1,1,0,0,0,0,0,0,0,0,0,0,0,0,1,0,0,0,0,1,2,2,1,1,1,1,1,1,1,0,0,0,0,0,0,0,0,0,3,0,0,0,0,0,1,1,0,0,0,0,1,1,0,1,0,0,1,0,0
syn_aggregate_00307,25,2.0,3,3,3,3,3,3,3,3,2,1,2,2,1,1,1,1,0,1,2,4,4,4,4,4,4,4,4,4,4,4,4,4,4,4,4,4,4,4,3,4,4,4,4,4,4,3,4,4,3,2,2,3,2,2,2,3,2,2,2,4,4,4,4,4,4,4,4,4,3
syn_aggregate_00308,20,2.0,2,3,2,2,1,1,0,0,0,0,0,0,0,2,0,0,0,0,0,0,1,0,0,0,0,1,0,0,0,1,2,2,1,1,1,2,2,1,0,4,4,4,4,3,4,3,3,3,4,1,1,1,1,1,1,0,0,0,0,0,2,1,0,2,1,0,2,1,0
syn_aggregate_00309,18,2.0,1,1,1,0,0,0,0,0,0,0,0,0,0,0,0,0,1,0,0,3,3,3,3,2,3,2,3,3,2,0,0,0,0,0,0,0,0,0,0,2,1,1,2,1,2,0,1,1,1,0,0,0,0,0,0,0,0,0,0,0,2,1,0,2,1,0,1,1,1
syn_aggregate_00310,38,2.0,3,3,3,3,3,3,3,3,3,0,1,0,0,0,0,0,1,1,0,3,4,4,4,3,4,3,2,2,1,3,4,3,3,3,3,3,3,3,3,3,3,3,3,2,3,2,3,3,1,0,0,0,0,0,0,0,2,0,0,1,3,3,1,3,2,2,3,3,2
syn_aggregate_00311,20,2.0,1,1,1,1,0,0,0,0,0,0,0,0,0,0,0,0,0,0,2,4,4,4,4,2,3,3,2,1,2,0,1,0,0,0,0,0,1,0,0,0,0,0,0,0,0,0,0,0,1,0,0,0,0,0,0,0,0,0,1,0,0,0,0,0,0,0,1,0,0
syn_aggregate_00312,18,1.0,3,3,2,2,1,2,1,0,0,0,0,0,0,0,0,0,0,1,3,4,4,4,4,4,4,4,3,3,4,0,2,2,1,1,2,2,1,1,0,4,4,4,4,4,3,3,3,4,4,1,1,1,1,1,0,0,0,0,0,3,4,4,4,4,3,4,4,4,4
syn_aggregate_00313,18,2.0,1,1,0,0,0,0,0,0,0,0,0,0,0,0,0,0,0,0,3,0,0,0,0,0,0,0,0,0,4,0,1,0,0,1,0,0,0,0,0,3,3,3,3,2,2,2,2,3,3,0,0,0,0,0,0,0,0,4,0,0,2,1,0,2,0,0,1,0,0
syn_aggregate_00314,20,1.0,2,3,2,2,1,1,1,1,0,1,1,0,0,1,0,0,1,0,0,2,2,1,2,1,2,2,1,2,3,4,4,4,4,4,4,4,4,4,4,4,4,4,4,3,4,4,3,4,4,1,2,1,1,1,1,1,2,1,1,1,3,3,2,3,2,2,3,2,1
syn_aggregate_00315,42,1.0,1,2,1,1,0,0,0,0,0,0,0,0,0,0,0,0,0,0,2,4,4,3,4,3,4,3,3,3,1,2,3,2,2,2,1,2,2,1,1,4,4,4,4,3,4,3,3,4,3,0,0,0,0,0,0,0,0,4,0,1,3,2,1,3,1,2,2,2,2
syn_aggregate_00316,20,1.0,3,3,2,2,0,0,0,0,0,1,1,1,0,1,0,1,1,1,0,3,4,3,4,3,4,4,3,3,1,1,2,2,1,2,1,1,1,1,2,2,2,1,2,1,1,1,1,2,2,0,1,0,0,0,1,0,0,0,0,1,3,3,2,3,1,2,3,2,4
syn_aggregate_00317,43,2.0,2,2,1,1,1,1,1,0,0,0,0,0,0,0,0,0,0,0,2,3,3,2,3,2,3,2,2,2,3,0,0,0,0,0,0,0,0,0,0,1,0,0,1,0,0,0,0,0,0,0,0,1,0,0,0,0,0,0,0,0,1,0,0,0,0,0,0,0,0
syn_aggregate_00318,20,1.0,3,3,3,3,2,3,2,1,1,0,0,0,0,0,0,0,1,0,0,3,3,3,3,3,3,3,3,3,3,2,3,2,3,2,2,2,3,2,2,4,4,4,4,3,3,3,3,3,2,0,0,0,0,0,0,0,0,0,0,1,3,3,1,3,2,2,3,2,4
syn_aggregate_00319,18,2.0,1,1,0,0,0,0,0,0,0,0,0,0,0,0,0,0,0,0,0,1,1,1,1,1,2,1,2,2,2,0,0,0,0,0,0,0,0,0,2,0,0,0,0,0,0,0,0,0,0,0,0,0,0,0,0,0,0,1,0,0,1,0,0,0,0,0,0,0,0
syn_aggregate_00320,20,2.0,3,3,2,2,1,2,1,0,0,0,0,0,0,0,0,0,0,3,0,0,1,0,0,0,0,1,0,1,1,1,2,1,1,1,1,1,2,1,1,0,0,0,0,0,0,0,0,0,0,0,0,0,0,4,0,0,0,0,0,2,3,3,2,3,2,3,3,3,3
syn_aggregate_00321,21,1.0,2,2,1,2,1,1,0,0,1,0,0,0,0,0,0,0,0,0,0,0,0,0,0,0,0,1,0,0,0,0,1,0,0,0,0,0,1,1,0,4,4,4,4,3,4,3,3,3,3,0,0,0,0,0,0,0,0,0,0,0,2,1,0,1,1,1,1,1,0
syn_aggregate_00322,19,1.0,1,1,1,1,1,0,0,0,0,0,0,0,0,0,0,0,0,0,0,1,1,1,1,1,1,0,0,0,0,0,1,0,0,0,0,0,0,0,0,0,0,0,0,0,0,0,0,0,4,0,0,0,0,0,0,0,0,0,2,1,2,2,1,2,1,1,2,2,2
syn_aggregate_00323,50,2.0,2,2,1,2,1,2,0,0,0,0,1,0,0,0,0,0,0,0,0,4,4,4,4,4,4,4,4,3,3,1,2,1,1,1,1,2,1,1,0,2,2,1,2,1,1,1,1,1,1,0,0,0,0,0,0,0,0,0,0,0,1,1,0,1,0,0,1,1,0
syn_aggregate_00324,24,2.0,3,3,3,3,3,3,3,3,0,1,1,1,0,1,1,1,1,1,1,1,1,0,1,0,1,0,0,0,0,4,4,4,4,4,4,4,4,3,3,4,4,4,4,3,3,3,2,3,1,0,1,0,0,0,1,0,1,1,0,0,0,1,0,0,0,0,0,1,0
syn_aggregate_00325,20,1.0,3,3,3,3,3,3,2,2,1,0,1,0,0,0,0,0,0,0,0,3,3,2,3,2,3,2,2,2,2,3,4,4,3,3,3,3,3,2,2,3,3,2,3,2,3,2,2,2,1,1,2,1,1,1,2,1,1,1,2,3,4,3,3,4,3,3,4,3,3
syn_aggregate_00326,23,1.0,1,1,1,1,1,1,0,0,0,0,0,0,0,0,0,0,0,0,0,2,2,1,1,1,1,1,1,1,1,0,2,1,1,1,1,1,1,1,2,0,0,0,1,0,0,0,1,0,1,0,0,0,0,0,0,0,0,0,0,0,3,2,1,3,2,2,2,2,1
syn_aggregate_00327,19,2.0,1,1,1,0,0,0,0,0,0,0,1,0,0,0,0,0,0,1,0,3,3,3,3,3,4,3,2,2,2,0,1,1,0,0,0,1,0,0,0,3,4,3,3,3,3,2,3,2,4,0,0,0,0,0,0,0,0,0,0,0,0,0,0,0,0,0,0,1,0
syn_aggregate_00328,19,1.0,2,3,2,2,1,2,1,0,0,0,0,0,0,0,0,0,0,0,0,2,2,1,2,2,2,1,2,1,2,4,4,4,3,3,4,3,3,3,1,3,3,3,3,3,3,2,2,3,2,1,1,1,0,1,1,1,0,0,0,1,2,2,1,2,1,2,2,2,2
syn_aggregate_00329,19,2.0,1,1,1,1,1,1,0,0,1,1,1,1,0,0,0,0,0,1,0,1,2,1,2,1,1,1,1,1,1,0,1,0,0,0,0,0,0,0,0,2,2,1,2,1,1,1,1,1,1,3,3,3,3,3,3,3,3,3,2,1,3,3,1,3,2,2,2,2,1
syn_aggregate_00330,25,1.0,1,1,1,1,0,0,0,0,0,0,0,0,0,0,0,0,0,0,0,2,3,3,2,2,3,2,1,2,3,0,2,1,1,1,1,2,1,0,0,0,0,0,0,0,0,0,0,0,2,0,0,0,0,0,0,0,0,0,0,1,2,2,1,2,2,2,2,3,3
syn_aggregate_00331,34,2.0,2,2,1,1,1,1,0,0,0,0,0,0,0,0,0,0,0,0,3,2,3,2,2,2,2,2,1,2,2,1,2,2,1,1,2,1,2,1,0,2,2,1,2,2,1,1,1,2,2,0,0,0,0,0,0,0,0,0,4,0,1,0,0,0,0,0,1,0,0
syn_aggregate_00332,22,2.0,3,3,3,3,2,3,2,1,1,0,1,0,0,0,0,0,1,0,0,4,4,4,4,4,4,4,4,4,3,4,4,4,4,4,4,4,4,3,3,4,4,4,4,4,4,4,4,4,4,1,2,1,1,1,2,1,1,1,1,0,2,0,0,0,0,0,0,0,0
syn_aggregate_00333,39,2.0,3,3,3,3,3,3,3,3,3,1,2,2,0,1,1,0,2,1,3,3,3,2,3,2,3,2,2,2,2,4,4,4,4,4,4,4,4,3,4,3,2,2,3,2,2,2,2,2,1,3,3,3,2,2,3,2,2,2,1,3,4,4,3,4,4,4,4,4,4
syn_aggregate_00334,34,2.0,2,2,1,1,0,0,1,0,0,0,0,1,0,0,0,0,0,0,0,3,3,3,3,3,3,2,2,2,3,0,0,0,0,0,0,0,0,1,0,4,4,4,4,4,4,3,4,4,4,1,1,0,0,1,0,0,1,0,0,0,2,1,0,1,0,0,1,1,0
syn_aggregate_00335,18,1.0,2,1,0,2,0,0,0,0,0,0,1,0,0,0,0,0,0,0,0,2,2,1,2,1,2,1,1,1,2,0,1,1,0,1,0,1,1,0,0,1,2,1,1,1,1,0,0,1,0,0,0,0,0,0,1,1,0,0,0,0,1,1,0,1,0,0,1,0,0
syn_aggregate_00336,29,2.0,3,3,3,3,2,3,2,1,0,0,1,0,0,1,0,0,1,0,1,2,3,2,2,2,3,2,2,1,1,3,3,3,3,3,2,2,3,2,2,4,3,3,4,3,3,3,2,3,3,0,0,0,0,0,0,0,0,1,1,1,3,3,1,3,2,2,2,2,3
syn_aggregate_00337,21,2.0,3,3,2,2,2,2,1,0,0,0,0,0,0,0,0,0,0,0,0,1,1,0,1,0,1,1,0,0,1,2,3,2,2,2,2,2,3,2,2,2,1,1,2,1,1,1,1,1,1,0,1,0,0,0,0,0,0,0,0,2,3,3,2,3,2,2,2,2,2
syn_aggregate_00338,19,2.0,3,3,2,3,0,2,2,1,0,0,0,0,0,0,0,0,0,0,0,0,0,0,1,0,0,0,0,0,0,4,4,3,4,4,3,4,4,3,2,0,0,0,0,0,0,0,0,0,3,0,0,0,0,0,0,0,1,0,0,0,2,2,1,2,1,1,2,2,2
syn_aggregate_00339,18,1.0,1,1,1,1,0,0,0,0,0,0,0,1,0,0,0,0,1,0,1,2,3,3,2,3,3,2,1,2,1,0,0,0,0,0,0,0,0,0,0,2,2,2,2,1,1,1,1,1,1,0,0,0,0,0,0,0,0,1,0,1,2,2,1,2,1,2,2,2,1
syn_aggregate_00340,21,2.0,0,1,0,0,0,0,0,0,0,0,0,0,0,0,0,0,0,0,0,0,0,0,0,0,0,0,0,0,0,0,2,0,0,0,0,0,0,0,0,0,0,0,0,0,0,0,0,0,4,0,0,0,0,0,0,0,0,0,0,0,0,0,0,1,0,0,0,0,0
syn_aggregate_00341,40,2.0,3,3,3,3,3,3,3,2,2,1,1,1,0,1,1,0,1,1,1,4,4,4,4,4,4,3,3,3,3,2,2,2,2,2,1,1,1,1,1,3,2,2,3,2,2,2,2,1,2,0,0,0,0,0,0,1,0,1,0,3,4,4,3,4,4,4,4,4,4
syn_aggregate_00342,19,2.0,3,3,2,3,2,2,2,1,0,0,0,1,0,0,0,0,0,0,0,4,4,4,4,4,4,4,3,4,3,4,4,4,4,4,4,4,4,3,4,1,1,1,2,1,0,0,0,1,0,0,2,0,0,0,0,0,0,0,0,3,4,4,3,4,3,3,4,4,3
syn_aggregate_00343,21,2.0,2,2,2,2,1,2,1,0,0,0,0,0,0,0,0,0,0,0,0,3,3,3,3,3,2,2,2,2,2,4,4,4,4,4,4,4,4,3,4,2,2,2,2,1,2,1,1,3,3,0,1,0,0,0,0,0,0,0,0,0,1,1,0,1,0,0,1,0,0
syn_aggregate_00344,19,2.0,3,3,2,3,2,2,1,0,0,0,0,0,0,1,0,0,1,0,0,1,0,0,0,0,0,0,0,0,0,2,3,3,2,2,2,2,2,1,1,2,1,1,2,1,1,0,1,1,0,0,0,0,0,0,0,0,0,1,0,1,3,2,1,2,1,2,2,2,3
syn_aggregate_00345,18,2.0,2,2,2,2,1,1,0,0,0,0,0,0,0,0,0,0,0,2,0,4,4,4,4,4,4,4,3,3,4,3,3,3,3,3,3,3,2,2,2,3,3,3,4,2,3,2,3,2,3,0,0,0,0,0,0,0,0,1,0,0,0,0,0,1,0,0,0,0,0
syn_aggregate_00346,22,2.0,2,2,0,1,0,1,1,0,0,0,0,0,0,0,0,0,0,0,0,2,2,1,2,1,2,2,1,1,2,1,2,2,1,2,2,2,1,1,1,3,3,3,3,2,3,3,2,3,2,0,1,0,0,0,0,0,0,0,0,0,1,0,0,0,0,0,0,0,0
syn_aggregate_00347,19,1.0,1,1,0,1,0,0,0,0,0,0,0,0,0,0,0,0,0,1,0,1,1,0,1,0,1,1,0,1,1,2,3,3,2,3,3,2,3,2,2,0,0,0,0,1,0,0,0,1,0,0,0,0,0,0,0,0,0,0,0,2,4,4,2,4,3,2,3,3,3
syn_aggregate_00348,37,2.0,1,0,0,0,0,0,0,0,0,0,1,0,0,0,0,0,0,0,0,2,2,2,2,2,2,2,3,2,2,1,1,2,1,1,0,1,1,1,1,1,1,1,1,0,0,0,0,0,0,0,0,0,0,0,0,0,0,0,0,0,1,0,0,0,0,0,1,0,0
syn_aggregate_00349,37,2.0,3,3,2,3,2,3,2,1,1,1,1,1,0,1,0,1,1,1,0,1,2,1,1,1,2,1,1,1,2,1,2,2,1,2,1,2,1,1,2,3,3,2,3,2,2,2,2,3,2,1,1,1,0,1,2,2,1,1,1,1,3,3,1,3,2,2,2,2,1
syn_aggregate_00350,20,2.0,3,3,1,2,1,2,1,0,0,1,2,1,1,1,1,1,1,1,0,4,4,4,4,3,4,4,2,3,3,1,2,1,2,2,0,2,1,1,2,1,0,0,0,0,1,0,0,1,0,0,0,0,0,0,1,1,0,0,0,2,3,3,2,3,3,2,3,2,3
syn_aggregate_00351,22,2.0,0,1,0,0,0,0,0,0,0,0,0,0,0,0,0,0,0,0,0,4,4,4,4,4,4,4,3,3,3,1,2,1,1,2,1,1,1,1,2,3,3,2,3,2,2,2,2,2,2,1,1,1,1,1,1,1,1,1,2,4,4,4,4,4,4,4,4,4,4
syn_aggregate_00352,36,1.0,3,3,2,2,1,1,1,0,1,0,0,0,1,1,0,1,0,0,0,2,2,2,3,2,2,2,3,2,2,3,4,4,3,3,3,3,3,2,2,2,1,1,2,1,1,0,0,0,0,0,0,0,0,0,3,0,0,0,0,3,4,4,3,4,3,3,4,4,3
syn_aggregate_00353,42,2.0,1,1,1,1,0,0,0,0,0,0,0,0,0,0,0,0,0,0,3,3,3,2,4,2,3,3,2,3,2,3,4,4,3,3,3,3,2,2,1,4,3,4,4,3,3,2,2,2,3,0,0,0,0,0,0,0,0,1,0,0,0,0,0,2,0,0,0,0,0
syn_aggregate_00354,19,1.0,3,3,2,2,2,1,1,0,0,0,0,0,0,0,0,0,0,0,0,2,2,1,2,1,2,1,1,2,1,2,3,3,2,2,2,2,2,2,2,1,1,0,1,0,0,0,1,0,0,0,1,0,0,0,0,0,0,0,0,4,4,4,3,4,3,3,4,4,4
syn_aggregate_00355,25,2.0,3,3,3,3,3,3,2,2,2,2,3,3,2,3,2,3,2,2,3,3,3,2,3,2,3,2,1,2,1,3,3,3,2,3,3,3,3,2,2,2,2,2,2,1,1,1,1,1,1,0,0,0,0,0,0,0,0,4,0,3,4,4,4,4,4,4,4,4,4
syn_aggregate_00356,20,2.0,1,2,1,1,1,1,1,0,1,2,1,2,1,1,0,0,0,0,0,3,3,3,3,3,3,3,3,3,3,0,1,0,0,0,0,0,0,0,0,4,4,4,4,3,4,3,4,3,3,0,1,1,0,1,1,0,1,0,0,4,4,4,4,4,3,3,4,4,2
syn_aggregate_00357,21,2.0,3,3,2,2,1,2,1,0,0,0,1,0,0,0,0,0,1,0,0,0,0,0,0,0,0,0,0,0,1,3,4,4,3,3,3,3,3,3,3,2,2,2,2,2,1,2,1,2,2,1,2,1,1,1,2,1,1,1,1,1,3,2,1,3,1,1,2,2,1
syn_aggregate_00358,20,1.0,2,2,2,2,1,1,0,0,0,0,0,0,0,0,2,0,0,0,0,2,2,2,2,2,2,2,2,2,2,2,2,2,2,2,1,2,2,2,0,2,2,2,2,1,2,1,1,2,2,1,1,1,1,0,0,0,0,0,0,1,3,3,2,3,2,2,2,2,1
syn_aggregate_00359,19,2.0,3,3,3,3,2,3,2,1,1,0,0,0,0,0,2,0,0,0,0,2,2,2,2,2,1,1,1,1,1,4,4,4,4,4,4,3,3,3,4,4,4,4,4,4,4,3,4,4,3,1,1,1,1,1,2,1,1,1,1,3,4,4,3,4,4,4,3,4,3
syn_aggregate_00360,22,2.0,3,3,3,3,2,3,3,2,0,1,2,1,1,1,2,1,1,1,1,2,2,2,2,2,2,2,2,3,2,4,4,4,4,4,4,4,4,3,3,3,3,3,3,3,3,3,3,3,3,0,0,1,0,0,0,1,0,1,0,4,4,4,4,4,4,4,4,4,3
syn_aggregate_00361,20,2.0,3,3,2,3,2,2,1,0,0,0,0,0,0,0,0,0,0,0,1,2,2,1,2,2,2,1,2,1,2,0,1,0,0,0,0,0,0,0,0,2,1,1,2,0,1,0,1,0,1,0,0,0,0,0,0,0,0,0,0,0,2,1,0,2,1,0,1,1,0
syn_aggregate_00362,28,1.0,1,1,0,0,0,0,0,0,0,0,0,0,0,0,0,0,0,0,4,0,1,0,0,0,1,0,0,0,1,2,3,3,2,2,2,3,2,2,3,4,3,3,4,3,2,3,3,3,2,2,2,1,2,1,2,1,1,1,2,1,2,2,1,2,1,1,2,2,1
syn_aggregate_00363,18,2.0,3,3,2,3,2,2,1,0,0,0,0,0,0,0,0,0,0,1,0,3,3,2,3,2,3,3,2,2,2,3,4,3,4,3,3,4,3,4,3,4,4,4,4,4,4,3,4,4,3,0,0,0,0,0,1,1,1,0,0,1,3,3,1,3,2,2,2,3,2
syn_aggregate_00364,20,2.0,3,3,2,3,1,2,1,2,0,0,0,0,0,0,0,0,0,0,1,4,3,3,3,3,4,3,2,2,3,0,0,0,0,0,0,0,0,1,0,1,1,1,1,1,1,1,0,0,0,0,0,1,0,0,0,0,0,0,1,0,2,2,0,2,1,1,1,1,0
syn_aggregate_00365,19,1.0,0,1,0,2,0,0,0,0,0,0,0,0,0,0,0,0,0,0,1,0,0,0,0,0,0,0,0,0,0,1,2,1,1,1,1,1,1,1,0,0,0,0,0,0,0,0,0,0,0,0,0,0,0,0,0,0,0,0,0,0,0,0,0,0,0,0,0,0,0
syn_aggregate_00366,21,1.0,3,3,2,2,1,2,1,0,0,1,2,1,0,1,1,0,1,1,0,3,3,3,3,3,3,3,3,2,4,4,4,4,4,4,4,4,4,4,3,4,4,4,4,3,4,3,3,3,3,0,0,1,0,0,0,0,0,0,0,4,4,4,4,4,4,4,4,4,4
syn_aggregate_00367,20,2.0,0,2,0,0,0,0,0,0,0,0,0,0,0,0,0,0,0,0,2,4,4,3,4,3,4,3,3,2,4,3,4,4,4,4,3,3,4,3,2,2,1,2,1,1,1,1,0,1,0,0,0,0,0,0,0,0,0,0,0,2,3,3,2,3,2,2,3,2,3
syn_aggregate_00368,22,2.0,0,0,0,0,0,0,0,0,0,0,0,0,0,0,0,0,0,0,0,1,1,1,1,0,1,1,1,1,0,0,0,0,0,0,0,0,0,0,1,2,2,2,2,1,2,1,2,1,2,0,0,0,0,0,0,0,0,1,0,0,0,1,0,0,0,0,0,0,0
syn_aggregate_00369,18,2.0,3,3,2,2,1,1,0,0,0,1,2,1,1,1,1,2,1,1,0,4,4,4,4,3,4,4,3,3,3,4,4,4,3,3,4,3,4,3,3,4,4,4,4,3,4,4,4,4,4,2,3,2,2,2,3,2,2,2,2,4,4,4,4,4,4,4,4,4,4
syn_aggregate_00370,34,2.0,2,2,1,2,1,1,1,2,1,0,0,0,0,0,0,0,0,0,0,1,2,1,1,1,2,1,1,1,1,3,4,4,3,3,4,4,3,3,3,0,0,0,0,0,0,1,0,0,0,0,0,0,0,0,0,0,0,0,4,0,1,1,0,2,0,0,1,1,0
syn_aggregate_00371,19,2.0,2,2,1,2,0,1,0,0,0,1,2,1,1,1,1,1,1,2,1,4,4,4,4,4,4,4,4,4,4,4,4,4,4,4,4,4,4,4,4,4,4,4,4,4,4,3,4,3,3,0,0,0,0,0,0,0,0,0,0,4,4,4,4,4,4,4,4,3,4
syn_aggregate_00372,18,2.0,0,2,0,2,0,0,0,0,0,0,0,0,0,0,0,0,0,0,4,2,3,2,2,2,3,2,1,2,3,0,1,1,0,1,0,1,1,0,0,2,2,1,2,1,1,1,1,1,1,0,1,0,0,1,1,0,0,0,0,0,2,2,0,2,1,1,2,1,1
syn_aggregate_00373,35,2.0,1,2,1,1,1,0,1,0,0,1,2,1,0,1,1,0,1,1,0,4,4,3,4,3,4,3,3,3,1,4,4,4,4,4,4,4,4,4,4,4,3,3,4,3,3,3,3,3,4,1,1,1,2,1,1,1,2,1,2,1,2,2,1,2,2,1,2,2,1
syn_aggregate_00374,19,2.0,1,2,1,1,0,1,0,0,1,0,0,0,0,0,0,0,0,0,0,0,0,0,0,0,0,0,0,0,0,0,0,0,0,0,0,0,0,0,0,0,0,0,0,0,0,0,0,0,0,0,0,0,0,0,0,0,0,0,0,0,0,0,0,1,0,0,1,0,0
syn_aggregate_00375,33,1.0,3,3,2,2,1,2,1,1,0,0,0,0,0,0,0,0,0,0,4,4,4,3,3,3,3,3,2,2,3,2,3,2,2,2,2,2,3,2,1,4,4,4,4,4,4,4,4,4,4,0,1,0,0,0,1,0,0,0,0,3,4,4,4,4,4,4,4,4,3
syn_aggregate_00376,20,1.0,2,2,1,1,1,1,1,0,0,0,0,0,0,0,0,0,0,0,0,0,0,0,0,0,0,0,2,0,0,1,2,1,1,1,1,2,1,0,0,0,0,0,0,0,0,0,0,0,0,0,0,0,0,0,0,0,0,0,0,0,0,0,0,0,0,0,0,0,0
syn_aggregate_00377,20,2.0,3,3,2,3,2,3,3,0,0,1,1,1,0,1,1,0,1,1,0,2,2,2,1,1,2,2,2,1,2,4,4,4,3,4,3,3,3,3,2,2,2,2,2,1,2,1,1,1,2,0,0,0,0,0,0,0,0,0,0,3,4,3,2,4,2,3,3,3,1
syn_aggregate_00378,21,1.0,2,2,1,2,1,1,1,1,0,0,1,0,0,0,0,0,0,0,0,1,1,0,1,0,1,0,1,0,0,0,0,0,0,0,0,0,0,0,0,3,2,1,3,1,0,0,0,0,0,0,0,0,0,0,0,0,0,0,0,0,1,0,0,1,0,0,1,0,1
syn_aggregate_00379,18,2.0,1,1,1,1,0,0,1,0,0,0,0,0,0,0,0,0,4,0,0,4,4,3,4,3,4,3,3,3,1,3,4,4,3,4,4,3,4,3,2,2,2,2,2,2,2,2,2,2,2,0,1,0,0,0,0,0,0,0,1,0,4,4,0,4,4,4,4,4,2
syn_aggregate_00380,19,2.0,1,2,1,2,1,1,1,0,0,2,2,2,1,1,2,1,1,1,1,2,2,2,2,2,2,2,2,2,2,0,1,0,0,0,0,0,1,1,1,4,3,4,4,3,3,3,2,2,3,0,0,1,0,0,0,0,0,0,0,2,3,3,2,4,3,3,2,3,2
syn_aggregate_00381,19,2.0,2,2,2,2,1,1,0,0,0,0,0,0,0,0,0,0,0,2,0,3,3,3,3,3,3,2,2,2,2,0,1,1,0,1,1,0,1,1,0,0,0,0,0,0,0,0,1,0,0,0,0,0,0,0,0,0,2,0,0,0,1,0,0,0,0,0,0,2,0
syn_aggregate_00382,38,2.0,3,3,3,3,3,3,3,2,1,0,0,0,0,0,0,0,0,0,4,3,3,3,2,2,2,2,2,2,2,4,4,4,4,4,4,4,4,4,4,4,4,4,4,4,4,4,4,4,4,1,0,0,0,0,1,0,1,0,1,4,4,4,4,4,3,4,4,4,4
syn_aggregate_00383,29,2.0,2,2,2,2,1,2,1,0,1,0,1,0,0,0,0,0,0,0,0,2,3,2,3,2,2,1,2,2,2,1,2,1,1,1,0,1,1,0,0,1,1,1,1,0,1,0,0,1,0,0,0,1,0,0,0,0,0,0,0,1,3,2,1,2,2,1,2,2,1
syn_aggregate_00384,20,2.0,1,1,1,1,1,0,0,0,0,0,0,0,0,0,0,0,0,0,0,1,1,0,0,0,1,0,1,1,1,0,0,1,0,0,0,1,0,0,0,1,1,1,1,0,0,0,0,1,0,1,1,1,0,1,1,0,1,1,0,1,1,1,1,1,1,1,1,1,1
syn_aggregate_00385,32,2.0,2,2,1,1,0,0,1,0,0,1,2,2,0,1,1,1,1,1,2,0,0,0,0,0,0,0,0,0,0,0,1,0,0,1,0,0,0,1,0,1,1,0,1,0,0,0,0,0,0,0,0,0,0,0,0,0,0,0,3,0,1,1,0,1,0,0,1,0,0
syn_aggregate_00386,20,2.0,1,1,1,0,0,0,0,0,0,0,0,0,0,0,1,0,0,0,0,2,2,2,2,2,2,2,2,2,2,3,4,4,3,4,3,3,4,3,2,4,3,3,4,3,3,2,3,3,2,2,2,1,1,1,1,1,1,1,1,1,3,3,2,3,2,2,3,2,2
syn_aggregate_00387,21,1.0,3,3,2,2,0,0,0,0,0,0,0,0,0,0,0,0,0,0,3,4,4,4,3,3,4,3,4,4,3,3,3,3,3,3,2,3,3,3,2,1,1,1,1,1,1,1,1,0,1,0,0,0,0,0,0,0,0,0,0,1,2,2,1,2,2,2,2,1,1
syn_aggregate_00388,19,1.0,3,3,2,3,2,3,0,0,0,1,2,1,1,1,1,1,1,2,1,3,3,3,3,3,3,3,3,3,0,1,1,1,1,1,0,1,1,1,1,4,4,4,4,3,4,3,4,4,4,2,2,2,1,1,2,2,1,1,1,0,2,2,1,2,1,1,2,2,2
syn_aggregate_00389,19,1.0,0,1,0,0,0,0,0,0,0,0,0,0,0,0,0,0,0,0,0,2,2,2,2,2,1,1,1,2,0,0,1,0,0,0,0,0,0,0,0,0,0,0,0,0,0,0,0,0,3,0,0,0,0,0,0,0,0,0,0,0,1,0,0,1,0,0,0,0,1
syn_aggregate_00390,35,1.0,2,2,1,1,1,1,0,0,0,0,0,0,0,0,0,0,0,2,0,0,0,0,0,0,1,1,0,0,1,0,0,0,0,0,0,0,0,0,4,3,3,3,3,2,2,2,2,2,2,0,0,0,0,0,0,0,0,0,0,3,4,4,3,4,4,3,4,4,2
syn_aggregate_00391,19,2.0,3,3,3,3,2,3,3,3,2,4,4,3,3,3,2,2,2,0,1,4,4,4,4,4,4,4,4,3,3,0,1,1,1,1,1,1,1,1,1,4,4,4,4,4,3,4,4,4,3,0,0,0,0,0,0,0,0,0,4,3,4,3,3,4,3,3,3,3,3
syn_aggregate_00392,20,1.0,3,3,2,3,1,2,1,0,1,1,2,1,0,1,0,0,0,1,0,2,2,2,2,2,2,2,2,1,2,0,0,0,0,0,0,0,0,0,4,4,4,4,4,4,4,4,4,4,4,2,2,2,2,1,2,2,2,1,1,0,2,1,0,1,1,1,1,1,0
syn_aggregate_00393,20,2.0,2,2,1,1,0,0,1,0,0,0,0,0,0,0,0,0,0,0,2,2,2,2,2,1,2,2,2,1,2,0,0,0,0,0,0,0,0,0,0,0,0,0,0,0,1,0,0,0,0,0,0,0,0,0,0,0,0,1,0,0,0,0,0,0,0,0,0,0,1
syn_aggregate_00394,18,1.0,3,3,3,3,2,3,1,1,0,1,1,1,1,0,0,0,0,0,0,3,3,2,3,2,3,2,3,2,2,4,4,4,4,4,4,3,4,3,4,2,2,2,2,1,2,2,2,2,0,0,1,1,0,1,1,1,1,1,1,1,4,4,2,4,3,3,4,3,2
syn_aggregate_00395,49,2.0,3,3,2,3,2,3,2,1,0,0,0,0,0,0,0,0,0,0,1,2,1,1,2,1,2,1,1,1,1,2,2,2,2,2,1,2,2,2,1,3,3,3,3,2,3,3,2,3,2,0,0,0,0,0,1,0,0,0,1,3,4,4,4,4,4,4,4,4,4
syn_aggregate_00396,21,2.0,3,3,3,3,3,3,3,3,3,1,2,1,0,1,2,1,1,1,2,4,4,4,4,4,4,4,4,4,3,2,3,3,2,2,3,3,2,2,3,4,4,4,4,3,4,3,4,4,3,2,2,2,2,1,2,2,1,2,1,4,4,4,4,4,4,4,4,4,3
syn_aggregate_00397,18,2.0,3,3,2,1,1,1,0,0,1,1,2,2,1,2,1,1,1,0,1,1,1,1,1,0,1,0,1,0,2,0,0,0,0,0,0,0,1,2,1,1,1,1,1,1,1,1,1,1,1,1,1,0,0,0,0,0,0,0,0,3,4,4,2,4,3,3,4,3,2
syn_aggregate_00398,19,2.0,2,2,1,2,1,1,1,0,0,0,0,0,0,0,0,0,0,2,0,3,3,3,3,2,2,2,2,2,2,1,2,2,1,1,2,1,1,1,2,3,3,3,4,3,3,2,2,2,3,1,2,1,1,1,1,1,0,0,0,0,2,2,0,2,1,1,1,1,0
syn_aggregate_00399,38,1.0,1,1,0,0,0,0,0,0,0,0,0,0,0,0,0,0,0,0,0,1,1,1,1,1,1,0,0,0,0,2,3,2,2,2,2,2,2,2,2,0,0,0,0,0,0,0,0,0,0,0,0,0,0,0,0,0,0,0,0,1,2,2,0,2,1,1,1,2,2
syn_aggregate_00400,18,1.0,2,2,1,2,1,2,1,0,1,0,0,0,0,0,0,0,0,0,4,4,4,4,3,3,3,4,3,3,4,3,4,4,3,4,4,3,3,3,2,4,4,4,4,4,4,4,4,3,3,0,0,0,0,0,0,0,0,0,3,3,4,3,3,4,2,2,3,2,2
syn_aggregate_00401,19,2.0,1,2,1,1,0,0,1,0,0,0,0,0,0,0,0,0,2,0,0,2,2,1,2,1,2,1,1,1,2,0,0,0,0,0,0,0,0,0,0,1,1,1,1,1,2,1,0,0,0,0,0,0,0,0,0,0,0,0,3,0,0,0,0,0,0,0,0,0,1
syn_aggregate_00402,22,2.0,3,3,2,3,2,2,2,2,1,2,2,2,1,2,2,1,2,2,2,4,4,4,4,4,4,4,4,4,3,3,4,3,3,3,3,3,3,3,2,4,4,4,3,4,4,4,3,3,4,1,2,1,0,1,2,1,1,1,1,0,2,2,1,2,1,1,2,2,2
syn_aggregate_00403,19,2.0,0,0,0,0,0,0,0,0,0,0,0,0,0,0,0,0,0,0,0,2,2,1,2,1,1,1,1,1,1,0,0,0,0,0,0,0,0,0,4,0,0,0,0,0,0,0,0,0,2,0,0,0,0,0,0,0,0,0,0,3,4,4,3,4,3,3,4,4,2
syn_aggregate_00404,21,2.0,3,3,2,3,2,3,2,1,0,0,0,0,0,0,0,0,0,0,3,1,1,1,1,1,1,1,1,1,1,3,3,3,2,3,3,2,3,2,2,3,3,3,4,3,3,3,2,3,3,1,1,1,1,0,0,0,0,0,0,3,4,4,2,4,3,3,4,3,3
syn_aggregate_00405,20,2.0,3,3,2,3,1,1,1,0,0,0,0,0,0,0,0,0,0,4,0,4,4,4,4,4,4,4,4,4,4,3,4,4,3,3,3,3,3,3,3,0,0,0,0,0,0,0,0,0,4,0,0,0,0,0,0,0,0,0,0,4,4,4,4,4,4,4,4,4,4
syn_aggregate_00406,21,2.0,3,3,2,2,1,2,2,1,0,1,1,1,1,1,1,1,1,1,1,2,1,1,2,2,1,2,1,2,1,2,2,2,2,2,2,2,1,1,1,3,3,3,3,2,2,2,2,2,1,1,1,1,0,1,0,0,1,1,0,3,4,4,4,4,3,4,4,4,4
syn_aggregate_00407,19,1.0,3,3,2,2,1,2,0,0,0,0,0,0,0,0,0,0,0,0,0,4,4,4,4,4,3,3,3,3,2,2,2,2,2,2,1,2,1,1,1,4,3,3,4,3,2,3,2,3,3,0,0,0,0,0,0,2,0,0,0,1,3,3,1,3,2,2,2,2,1
syn_aggregate_00408,22,2.0,2,3,2,2,1,1,0,0,0,0,0,0,0,0,0,0,0,0,4,1,1,1,1,1,2,1,1,1,1,0,1,1,1,1,1,1,1,0,0,4,4,4,4,4,4,3,3,3,3,0,1,1,1,1,1,0,1,1,2,3,4,4,3,4,3,3,3,3,1
syn_aggregate_00409,24,2.0,2,2,1,1,0,1,0,0,0,1,2,1,0,1,1,0,1,1,0,0,0,0,0,0,0,0,0,0,0,1,2,1,2,1,1,1,2,1,2,3,2,2,3,2,2,1,2,2,2,0,0,0,0,0,0,0,0,0,1,2,3,3,2,3,2,2,2,3,3
syn_aggregate_00410,20,2.0,1,2,1,2,1,1,1,0,0,0,0,0,0,0,0,0,0,3,0,0,0,0,0,0,0,0,0,0,4,0,1,0,0,0,0,0,0,0,0,4,4,4,4,4,4,3,4,4,3,1,1,1,1,2,1,2,0,1,1,0,2,1,0,2,0,0,1,1,0
syn_aggregate_00411,32,2.0,3,3,2,3,2,3,0,0,0,2,3,3,2,2,2,2,2,1,1,4,4,4,4,4,4,4,4,4,3,4,4,4,4,4,4,4,4,4,3,3,3,3,3,2,3,2,2,3,3,0,0,1,0,0,1,0,1,0,1,3,4,4,3,4,3,3,4,4,3
syn_aggregate_00412,20,2.0,2,2,2,1,1,2,1,0,0,1,2,1,1,1,1,0,1,2,2,3,3,3,2,2,3,3,2,2,3,4,4,4,4,3,3,3,4,3,0,2,2,1,2,1,1,1,1,1,1,0,0,0,0,0,0,0,1,2,3,0,1,1,0,1,0,1,1,1,0
syn_aggregate_00413,21,1.0,3,3,3,3,2,3,2,0,0,0,0,0,0,0,0,0,0,0,0,0,0,0,0,0,0,0,0,0,0,3,4,3,3,3,3,3,3,2,2,0,0,0,0,0,0,0,0,0,1,0,0,0,0,0,0,0,0,0,0,0,0,0,0,0,0,0,0,0,4
syn_aggregate_00414,37,2.0,1,2,1,0,0,0,0,0,0,0,0,0,0,0,3,0,0,0,0,1,1,0,1,1,0,1,1,0,0,0,0,0,0,0,0,2,0,0,0,0,0,0,0,0,0,0,0,2,0,1,1,1,0,1,0,1,0,0,0,0,0,0,0,0,0,0,3,0,0
syn_aggregate_00415,22,2.0,1,2,1,1,0,1,1,0,0,0,0,0,0,0,0,0,0,0,4,1,1,1,0,0,0,0,1,0,1,4,4,4,4,4,4,4,3,3,3,3,3,3,3,3,3,2,2,3,2,1,1,0,0,1,0,1,1,0,0,1,3,2,1,2,2,1,2,2,2
syn_aggregate_00416,50,2.0,3,3,2,3,2,3,2,2,1,1,2,2,1,1,1,0,1,1,0,3,3,3,4,3,4,3,3,2,2,2,3,3,2,2,2,2,2,1,0,2,2,2,3,2,2,1,1,2,3,0,1,1,0,0,1,1,0,0,1,3,4,4,3,4,3,4,4,4,3
syn_aggregate_00417,21,2.0,3,3,3,3,3,3,3,3,2,0,0,0,0,0,0,0,0,0,2,4,4,4,4,4,4,4,4,4,2,4,4,4,4,4,4,4,4,4,4,4,3,4,4,4,4,3,4,4,4,1,2,1,1,1,2,1,0,0,1,4,4,4,4,4,4,4,4,4,4
syn_aggregate_00418,18,1.0,1,0,1,1,0,0,1,0,0,2,2,2,1,2,2,1,2,1,2,4,4,3,4,3,3,3,3,3,1,4,4,4,4,4,3,4,4,3,3,4,4,4,4,3,3,4,3,4,3,2,2,2,1,1,2,2,1,1,1,3,4,4,3,4,4,4,4,3,4
syn_aggregate_00419,20,1.0,3,3,2,3,2,2,1,0,0,0,0,0,0,0,0,0,0,0,1,4,4,4,4,4,3,3,3,2,4,0,0,0,0,0,0,0,1,1,0,1,0,0,1,0,0,0,0,0,0,0,0,0,0,0,0,0,0,0,2,1,2,2,1,2,2,1,2,2,1
syn_aggregate_00420,47,2.0,1,1,1,2,1,1,1,0,0,0,0,0,0,0,0,0,0,0,4,1,1,0,0,0,1,0,0,0,0,0,0,1,0,0,0,0,0,0,2,2,2,1,2,1,1,1,0,1,2,1,1,1,0,0,1,1,0,1,1,0,2,2,0,2,0,0,1,0,0
syn_aggregate_00421,20,2.0,3,3,2,2,0,1,0,0,0,0,0,1,0,0,0,0,0,0,0,3,3,3,3,3,4,4,3,2,2,0,2,1,1,1,1,1,1,1,0,2,2,1,1,1,1,0,0,1,2,0,0,0,0,0,0,0,0,0,0,0,1,1,0,1,0,0,2,1,0
syn_aggregate_00422,19,2.0,3,3,2,3,2,2,2,0,0,0,0,0,0,0,0,0,0,0,3,0,0,0,0,1,1,0,0,0,0,2,3,3,2,3,3,3,2,2,3,3,3,3,3,2,3,3,2,3,3,1,1,1,1,0,1,0,1,0,0,1,2,2,1,2,2,1,2,2,2
syn_aggregate_00423,20,2.0,2,2,2,2,1,1,1,0,0,0,0,0,0,0,0,0,0,1,0,0,0,0,0,0,1,0,0,0,0,1,2,2,2,2,2,2,2,2,2,3,2,2,3,2,2,2,1,2,1,1,1,1,0,0,0,0,0,1,1,0,1,1,0,1,0,0,1,1,0
syn_aggregate_00424,22,1.0,0,0,0,2,0,0,0,0,0,0,0,0,0,0,0,0,0,0,0,1,1,2,1,1,2,2,1,1,1,2,3,3,2,2,2,2,1,2,2,2,2,1,2,1,1,1,1,1,0,0,0,0,0,0,0,0,0,0,0,0,0,0,0,0,0,0,1,0,0
syn_aggregate_00425,18,2.0,2,2,1,2,1,1,1,1,1,0,0,0,0,0,0,3,0,0,0,4,4,3,4,3,4,3,2,2,2,3,4,4,4,4,4,4,4,3,2,3,3,4,3,3,3,3,3,3,2,0,0,0,0,0,0,0,0,0,1,0,0,0,0,0,0,1,0,0,0
syn_aggregate_00426,20,2.0,3,3,3,3,3,3,3,3,2,1,2,2,0,1,1,1,1,0,1,3,3,2,3,2,2,2,2,2,1,4,4,4,4,4,4,4,4,4,4,3,3,3,3,2,3,2,2,2,2,2,2,2,2,1,2,1,2,1,2,3,4,4,3,4,4,4,4,4,4
syn_aggregate_00427,20,2.0,3,3,3,3,2,2,2,0,0,0,1,0,0,0,0,0,0,0,0,0,0,0,0,0,0,0,0,0,2,0,1,1,0,1,0,1,1,0,0,1,1,0,1,1,0,0,0,0,0,0,0,0,0,0,0,0,0,0,0,0,2,1,0,2,1,1,1,1,0
syn_aggregate_00428,31,2.0,0,2,0,0,0,0,0,0,0,0,0,0,0,0,0,0,0,0,0,0,1,0,0,0,0,0,0,0,0,0,0,0,0,0,0,0,0,0,0,0,0,0,0,0,0,0,0,0,0,0,0,0,0,0,0,0,0,0,0,0,1,0,0,0,0,0,0,0,0
syn_aggregate_00429,19,2.0,2,2,1,2,1,1,1,0,0,1,1,2,1,1,0,0,0,1,0,3,3,2,3,3,4,3,3,2,3,4,4,4,4,4,4,4,4,3,3,4,3,3,4,3,3,2,3,2,3,0,0,0,0,0,0,0,0,0,3,3,4,4,3,4,3,4,3,4,3
syn_aggregate_00430,22,2.0,2,3,2,3,2,2,3,2,1,0,0,0,0,0,0,0,0,0,3,2,3,2,2,2,2,2,2,2,1,4,4,4,4,4,4,4,3,3,2,1,1,0,1,1,0,0,1,1,0,0,0,0,0,0,0,0,0,0,1,3,4,4,3,4,3,4,4,4,3
syn_aggregate_00431,29,2.0,1,0,0,0,0,0,0,0,0,0,0,0,0,0,0,0,0,0,0,1,1,0,1,0,1,0,1,0,1,1,2,2,1,2,1,2,2,1,1,2,3,2,3,2,2,1,2,3,1,0,0,0,0,0,0,3,0,0,0,0,2,2,0,2,0,0,1,1,0
syn_aggregate_00432,18,2.0,3,3,2,3,2,3,2,0,0,0,1,0,0,0,0,0,0,0,0,1,1,0,1,0,1,0,1,0,1,0,0,0,0,0,0,0,0,0,0,2,1,1,2,1,0,0,0,1,0,0,0,0,0,0,0,0,0,0,2,0,1,1,0,1,0,1,1,0,0
syn_aggregate_00433,38,2.0,0,0,0,0,0,0,0,0,0,0,0,0,0,0,0,0,0,0,0,2,3,2,2,2,3,2,2,1,2,0,1,0,0,0,1,0,0,0,0,1,1,0,1,0,0,0,1,1,0,0,0,0,0,0,0,0,0,0,0,0,0,0,0,0,0,0,0,0,0
syn_aggregate_00434,28,2.0,3,3,3,3,2,3,2,2,1,1,1,1,0,0,0,0,0,0,0,2,2,2,2,2,2,1,1,2,2,0,2,1,1,1,1,1,1,1,0,4,3,3,4,2,3,2,2,2,3,1,2,1,0,1,1,1,1,0,1,1,2,2,1,2,2,2,2,2,2
syn_aggregate_00435,19,2.0,1,1,0,0,0,0,0,0,0,0,0,0,0,0,0,0,0,1,0,0,0,0,0,0,0,0,0,2,0,4,4,4,4,4,4,4,4,3,3,4,4,4,4,3,4,4,4,4,3,1,2,1,1,1,1,1,1,1,1,4,4,4,4,4,4,4,4,4,4
syn_aggregate_00436,50,2.0,0,2,0,0,0,0,0,0,0,0,1,0,0,0,0,0,0,0,0,3,2,2,3,2,3,2,2,1,1,1,1,1,0,1,0,1,0,1,0,3,2,2,3,2,2,2,1,2,2,2,2,2,2,1,1,1,1,1,2,1,3,3,1,3,2,2,2,2,3
syn_aggregate_00437,33,2.0,2,2,1,2,1,1,0,0,0,0,0,0,0,0,0,0,0,0,2,2,2,2,1,2,2,2,1,1,2,0,0,0,0,0,0,0,0,0,3,2,2,1,2,2,2,1,0,1,2,0,0,0,0,0,0,0,0,0,1,0,0,2,0,0,0,0,0,0,0
syn_aggregate_00438,34,2.0,3,3,2,2,1,1,1,1,1,0,0,0,0,0,0,0,0,0,0,0,0,0,0,0,0,0,0,0,0,2,3,3,2,3,2,2,2,2,2,2,1,1,2,0,1,0,0,1,0,0,0,0,0,0,0,0,0,0,0,0,0,1,0,0,0,0,0,0,0
syn_aggregate_00439,20,2.0,0,0,1,0,0,0,0,0,0,0,0,0,0,0,0,0,0,0,0,0,0,0,0,0,0,0,0,0,3,2,2,2,2,2,1,1,1,1,2,1,1,0,1,1,1,0,1,0,0,0,0,0,0,0,0,0,0,0,0,0,0,0,0,0,0,0,0,0,1
syn_aggregate_00440,21,1.0,3,3,2,3,2,3,2,2,1,0,1,1,0,0,0,0,0,0,0,4,4,4,4,3,3,3,2,2,3,3,3,3,3,3,3,3,3,2,3,4,4,4,4,3,4,3,3,4,3,0,1,0,0,0,1,0,0,0,0,3,4,4,3,4,4,3,4,3,4
syn_aggregate_00441,21,2.0,3,3,3,3,2,3,3,2,1,2,2,1,1,1,2,1,1,2,1,3,3,4,4,3,3,3,3,3,2,3,4,3,4,3,3,4,3,3,2,4,4,4,4,4,4,4,4,4,4,1,1,2,1,1,2,1,1,1,1,3,4,4,3,4,3,3,4,4,2
syn_aggregate_00442,18,2.0,2,2,1,2,1,2,1,0,1,0,0,1,0,0,0,0,0,0,0,0,0,0,0,0,0,0,0,0,0,1,1,1,1,1,0,0,1,1,1,2,2,1,2,1,1,1,1,1,1,0,0,0,0,0,0,0,0,1,1,3,3,3,2,3,3,2,3,2,2
syn_aggregate_00443,20,1.0,2,2,1,1,0,1,0,0,0,0,1,0,0,0,0,0,1,0,0,3,2,2,3,2,2,2,1,2,2,0,2,2,0,0,1,1,1,1,0,1,1,0,1,1,0,0,1,1,0,0,0,0,0,0,0,2,0,0,0,1,2,2,1,2,1,1,2,2,1
syn_aggregate_00444,18,1.0,1,1,1,1,1,1,1,0,0,0,0,0,0,0,0,0,0,0,0,4,4,4,4,3,4,3,3,3,2,1,2,2,0,1,1,1,2,1,1,4,4,4,4,3,3,3,3,3,2,0,0,0,0,0,0,0,0,0,4,3,4,4,3,4,3,3,3,3,3
syn_aggregate_00445,18,2.0,1,2,1,2,1,0,1,0,1,0,0,0,0,0,0,0,0,0,0,2,2,2,1,1,1,1,1,1,1,0,0,0,0,0,0,0,0,0,3,1,1,1,1,1,1,1,0,0,1,0,0,0,0,0,0,0,0,0,0,2,3,2,2,3,1,1,2,2,1
syn_aggregate_00446,21,2.0,3,3,3,3,2,3,2,1,1,0,2,2,0,1,1,1,0,1,1,1,1,1,2,1,1,1,1,0,1,3,4,3,3,3,3,3,3,2,4,3,3,3,3,3,2,3,3,2,2,1,2,1,1,1,2,1,1,1,1,0,3,3,1,3,2,2,2,2,1
syn_aggregate_00447,20,2.0,3,3,3,3,3,3,3,2,3,0,0,1,0,0,0,0,0,1,0,3,3,3,3,3,3,3,3,2,4,4,4,4,3,3,3,4,3,3,2,3,2,2,3,2,2,1,2,2,2,1,1,1,0,1,1,1,0,1,0,1,3,2,1,2,2,1,2,2,3
syn_aggregate_00448,32,2.0,1,2,1,1,0,0,0,0,0,0,0,0,0,0,2,0,0,0,0,3,4,3,4,3,4,3,2,3,2,0,2,0,0,1,0,1,0,0,0,3,3,2,4,3,2,2,2,2,2,0,0,0,0,0,1,0,0,0,2,0,1,1,0,1,0,0,1,0,0
syn_aggregate_00449,42,1.0,1,0,0,0,0,0,0,0,0,0,0,0,0,0,0,0,0,0,0,1,1,0,0,0,1,0,1,1,0,0,1,1,0,0,1,1,0,1,0,0,0,0,0,0,0,0,0,0,0,0,0,0,0,0,0,0,0,0,0,1,4,4,3,4,3,3,3,3,0
syn_aggregate_00450,22,2.0,3,3,2,2,2,2,1,0,0,1,1,1,1,1,0,1,1,1,1,4,4,4,4,3,4,4,3,3,3,0,2,1,1,2,1,1,2,1,1,3,2,2,3,1,2,2,1,2,2,0,0,0,0,0,1,0,0,1,1,3,4,3,3,3,3,2,3,2,2
syn_aggregate_00451,19,2.0,1,2,1,1,1,1,1,0,1,0,1,0,0,0,0,1,0,0,0,4,4,4,4,4,4,3,3,3,4,1,2,1,1,2,1,2,1,1,1,2,2,2,2,2,2,1,2,1,1,1,1,1,0,1,1,0,1,0,0,0,2,1,0,2,1,0,1,0,0
syn_aggregate_00452,20,2.0,0,0,0,0,0,0,0,2,0,0,0,0,0,0,0,0,0,0,0,4,4,3,4,3,4,4,3,3,2,0,0,0,0,0,0,0,0,0,2,2,2,2,2,2,2,1,1,1,1,0,1,1,1,1,1,1,1,1,0,0,1,1,0,1,0,0,0,0,0
syn_aggregate_00453,21,2.0,3,3,3,3,3,3,2,2,2,2,3,3,2,2,2,1,2,2,1,4,4,4,4,4,4,4,3,4,4,4,4,4,4,4,4,4,4,4,4,4,4,4,4,4,4,4,3,4,4,2,2,2,2,2,3,3,2,2,3,4,4,4,4,4,3,4,4,4,4
syn_aggregate_00454,22,2.0,3,3,2,3,2,3,2,1,0,1,1,1,0,0,1,0,0,1,1,2,2,2,2,2,3,2,2,2,3,3,4,4,3,3,4,4,3,3,1,3,3,3,3,2,2,2,2,2,2,0,0,0,0,0,1,0,1,0,1,3,4,4,3,4,3,4,4,3,4
syn_aggregate_00455,18,2.0,3,3,3,3,3,3,3,3,3,2,2,2,1,2,2,1,1,2,3,3,4,3,4,3,4,3,2,3,3,4,4,4,4,4,4,4,4,3,4,4,3,3,4,3,3,3,2,3,2,0,0,0,0,0,0,0,0,0,4,4,4,4,4,4,4,4,4,4,4
syn_aggregate_00456,46,2.0,0,2,0,0,0,0,0,0,0,0,1,0,0,0,0,0,0,0,0,0,0,0,0,0,0,0,0,0,0,0,0,0,0,0,1,0,0,0,0,0,0,0,0,0,0,0,0,0,0,0,1,0,0,0,0,0,0,0,0,0,1,1,0,1,0,0,0,0,0
syn_aggregate_00457,21,2.0,2,3,2,2,1,1,1,0,0,3,3,3,2,3,2,2,2,3,0,4,4,4,4,3,4,3,3,3,3,3,4,4,4,4,4,4,3,3,3,3,3,2,3,2,2,1,2,2,2,1,1,1,0,0,1,1,0,0,1,2,4,3,2,3,2,2,4,3,3
syn_aggregate_00458,29,2.0,1,1,0,1,1,1,1,0,1,0,0,0,0,0,0,0,0,0,0,2,2,1,1,0,2,1,1,1,1,0,1,1,1,1,1,1,1,0,0,0,0,0,0,0,0,0,0,2,0,0,0,0,0,0,0,0,0,0,1,0,1,0,0,1,0,0,0,0,0
syn_aggregate_00459,22,2.0,3,3,3,3,3,3,3,0,0,0,0,0,0,0,0,0,0,3,0,1,1,1,1,1,0,0,0,0,0,4,4,4,4,4,4,4,3,4,3,2,3,2,3,2,2,3,2,2,2,0,0,0,0,0,0,0,1,2,0,4,4,3,3,4,3,3,3,3,2
syn_aggregate_00460,19,2.0,0,0,0,0,0,0,2,0,0,0,0,0,0,0,0,0,0,0,0,0,0,0,0,0,1,1,1,0,0,0,1,1,0,1,0,1,1,0,0,1,1,0,1,0,0,0,0,0,0,0,0,0,0,0,0,0,0,0,0,0,1,1,0,1,0,0,1,1,0
syn_aggregate_00461,19,1.0,0,1,0,1,0,0,2,0,0,0,0,0,0,0,0,0,0,0,0,0,1,0,0,0,0,0,0,0,0,1,1,1,0,1,0,1,0,0,0,1,1,0,1,1,0,1,0,1,0,0,0,0,0,0,0,0,0,4,0,0,2,2,0,2,1,1,1,1,0
syn_aggregate_00462,22,2.0,3,3,2,2,1,2,0,0,0,0,0,0,0,0,0,0,0,0,0,0,0,0,0,0,0,0,0,0,0,0,0,0,0,0,0,0,0,0,1,0,0,0,0,0,0,0,0,2,2,0,0,0,0,0,0,0,0,0,0,0,2,2,0,2,1,1,2,1,1
syn_aggregate_00463,21,2.0,1,1,0,0,0,0,0,0,0,0,0,1,0,0,0,0,0,0,0,0,0,0,0,0,0,0,0,0,0,0,0,0,0,0,1,1,0,0,0,0,0,0,0,0,0,0,2,2,0,1,1,1,0,0,1,0,0,0,0,0,1,1,0,1,1,0,1,0,0
syn_aggregate_00464,21,2.0,2,2,1,1,1,0,0,0,0,0,0,0,0,0,0,0,0,0,3,0,1,0,0,0,1,0,0,1,0,2,3,3,2,2,1,2,3,2,1,2,2,1,2,1,1,1,1,1,1,0,0,0,1,0,1,0,0,0,0,3,4,4,3,4,3,3,3,3,2
syn_aggregate_00465,19,1.0,3,3,3,3,3,3,3,3,3,2,2,2,2,2,2,1,1,2,1,2,2,2,2,2,2,2,2,2,2,3,3,3,4,3,4,3,4,3,3,4,4,4,4,4,4,4,3,4,4,1,2,1,2,2,1,1,1,1,2,2,4,4,3,4,3,3,4,3,2
syn_aggregate_00466,29,2.0,3,3,3,3,3,3,3,3,1,0,0,0,0,0,0,0,0,1,1,4,4,4,4,3,4,4,3,3,2,3,3,4,3,3,3,4,3,3,1,2,1,1,2,1,1,1,1,1,1,1,2,1,1,1,2,1,1,1,1,3,4,4,3,4,3,4,4,3,2
syn_aggregate_00467,39,2.0,0,0,1,1,0,0,1,0,1,0,0,0,0,0,0,0,0,0,0,0,1,0,0,0,0,0,0,1,0,0,0,0,1,0,0,0,0,0,1,2,2,0,2,0,2,0,0,2,0,0,0,0,0,0,0,0,0,0,2,0,1,1,0,2,1,1,1,1,1
syn_aggregate_00468,19,2.0,1,1,1,1,1,1,0,0,0,0,0,0,0,0,0,0,0,0,1,1,1,0,1,0,1,1,0,1,0,3,4,4,4,4,3,3,3,3,1,3,2,2,3,2,2,2,2,2,2,0,0,0,0,0,0,0,0,0,0,0,0,0,0,0,0,0,0,0,4
syn_aggregate_00469,43,1.0,3,3,2,3,1,2,1,0,1,0,1,0,0,0,0,0,0,0,0,2,2,2,1,2,1,1,2,2,1,0,1,1,0,1,0,1,1,0,0,3,3,2,3,2,2,2,1,2,1,0,0,0,0,0,0,0,0,0,4,2,4,3,2,4,2,3,3,2,2
syn_aggregate_00470,45,1.0,3,3,3,3,3,2,2,2,1,1,0,0,0,0,0,0,0,2,0,3,2,2,1,2,2,2,2,3,1,3,4,4,4,4,4,4,4,3,1,3,3,3,3,2,3,2,2,3,2,1,1,0,0,0,1,0,0,0,1,1,3,3,1,3,2,2,3,3,2
syn_aggregate_00471,20,2.0,2,2,1,1,1,1,1,0,0,0,0,0,0,0,0,0,0,0,0,2,2,1,2,2,2,2,2,1,2,2,2,2,1,2,2,2,2,1,2,0,0,0,0,0,1,1,0,0,0,0,0,0,0,0,0,0,0,0,0,0,2,2,1,2,1,1,2,1,3
syn_aggregate_00472,21,2.0,1,1,1,1,0,0,0,0,1,0,0,1,0,0,0,0,1,0,2,4,4,4,4,4,4,3,4,3,3,3,3,3,3,3,3,3,3,2,2,2,2,2,3,2,2,1,2,2,2,0,1,0,0,0,0,0,1,0,0,0,1,0,0,0,0,0,0,0,0
syn_aggregate_00473,21,2.0,3,3,2,3,0,0,0,0,0,0,1,0,0,1,0,0,0,0,0,3,3,2,3,2,3,3,2,2,4,0,1,0,0,0,0,0,0,0,0,2,2,2,2,1,1,1,2,1,3,1,1,1,1,1,0,0,0,0,0,0,2,1,0,1,1,1,1,1,0
syn_aggregate_00474,18,2.0,3,3,2,3,2,2,1,0,0,0,0,0,0,0,0,0,0,0,2,2,2,2,1,1,2,1,2,2,2,2,2,2,1,2,2,2,2,1,1,3,3,3,3,2,3,2,2,2,2,0,0,0,0,0,0,0,0,0,0,2,4,3,2,3,3,2,4,2,2
syn_aggregate_00475,22,1.0,1,1,1,1,1,1,0,0,0,0,0,0,0,0,0,0,0,1,3,3,3,3,3,3,3,3,3,2,3,3,4,3,3,3,3,3,3,2,3,4,4,4,4,4,4,4,4,3,4,1,1,1,1,1,1,0,0,1,1,4,4,4,4,4,4,4,4,3,4
syn_aggregate_00476,18,2.0,3,3,3,3,2,3,2,3,3,1,2,2,1,2,1,0,1,1,0,3,3,3,3,3,3,3,3,2,2,4,4,4,4,4,4,4,4,3,3,4,4,4,4,4,4,4,3,4,4,0,0,1,0,0,1,0,0,0,1,3,4,4,4,4,3,4,3,4,4
syn_aggregate_00477,20,2.0,1,0,0,0,0,0,0,0,0,0,0,1,0,0,0,0,0,0,0,4,4,3,4,3,3,3,3,3,1,0,0,0,0,0,0,0,0,0,1,1,1,0,1,0,0,1,0,0,2,0,0,0,0,0,0,0,0,0,1,0,1,0,0,0,0,0,0,0,2
syn_aggregate_00478,35,2.0,1,1,1,1,1,1,0,0,0,0,0,0,0,0,0,0,0,0,0,0,0,0,0,0,0,0,0,0,4,0,0,0,0,0,4,0,0,0,0,1,0,0,1,0,0,0,0,0,0,0,0,0,0,0,0,0,0,0,0,0,0,0,0,0,0,0,0,1,0
syn_aggregate_00479,18,2.0,3,3,3,3,3,3,3,3,2,1,1,1,0,0,0,0,1,1,0,2,3,2,2,2,2,2,3,2,3,4,4,4,4,4,3,4,3,4,3,1,0,0,1,0,0,0,0,0,1,0,1,0,0,0,0,0,0,1,0,2,4,4,3,4,4,4,4,3,3
syn_aggregate_00480,21,1.0,2,2,1,1,1,1,1,0,0,0,0,0,0,1,0,0,0,0,0,3,2,2,3,3,2,2,1,2,3,0,0,0,0,0,0,0,0,1,1,3,3,3,3,2,3,2,2,2,3,1,1,1,1,0,1,1,0,0,1,0,2,1,0,1,1,0,1,0,0
syn_aggregate_00481,18,2.0,3,3,2,3,2,2,2,1,1,0,1,0,0,0,0,0,0,0,0,1,1,1,0,0,0,0,0,0,0,0,2,2,0,1,1,1,2,1,2,4,4,4,4,3,3,3,3,4,3,0,0,0,0,0,0,0,0,0,0,4,4,4,3,4,4,4,4,4,4
syn_aggregate_00482,39,2.0,1,2,1,2,1,0,0,0,0,1,1,0,1,0,0,1,1,1,0,4,4,4,4,4,4,4,3,4,3,2,3,3,2,2,1,2,1,1,1,0,0,0,0,0,2,0,0,0,0,1,2,1,1,1,1,1,1,1,1,4,4,4,4,4,3,3,4,3,3
syn_aggregate_00483,19,2.0,2,2,1,2,1,1,1,0,0,0,0,0,0,0,0,0,0,0,0,1,1,1,1,2,1,1,1,1,1,2,2,2,2,2,1,2,2,1,1,0,0,0,0,1,0,0,1,0,0,0,0,0,0,0,0,0,0,0,0,0,1,0,0,0,0,0,0,0,0
syn_aggregate_00484,19,1.0,3,3,2,3,2,2,1,0,0,0,0,0,0,0,0,0,0,0,3,1,1,1,1,0,1,1,0,0,0,1,2,1,1,1,1,2,1,1,2,1,0,0,1,0,0,0,0,0,0,1,1,2,1,1,1,1,1,0,0,1,4,3,2,3,3,2,3,2,2
syn_aggregate_00485,21,1.0,3,3,3,3,3,3,3,2,1,0,0,0,0,0,0,0,0,0,4,4,4,4,4,3,4,4,3,3,2,4,4,4,4,4,4,4,4,3,0,1,1,1,1,0,1,0,0,0,0,0,0,0,0,0,0,0,0,0,3,3,4,4,3,4,4,4,4,3,3
syn_aggregate_00486,20,2.0,3,3,3,3,3,3,3,2,3,2,1,1,1,1,1,0,0,2,1,4,4,4,4,3,4,3,3,3,3,1,2,2,2,2,2,2,2,2,2,3,3,2,3,2,2,2,3,2,1,1,1,0,1,1,1,0,1,0,0,3,4,4,3,4,4,4,4,4,4
syn_aggregate_00487,19,1.0,3,3,3,3,3,3,3,0,0,2,3,2,2,2,2,1,2,3,2,4,4,4,4,4,4,4,4,4,3,4,4,4,4,4,4,4,4,4,3,4,4,4,4,4,4,4,4,4,3,3,3,3,2,2,3,3,2,3,2,4,4,4,4,4,4,4,3,4,4
syn_aggregate_00488,20,2.0,1,2,1,1,0,1,0,0,1,0,1,0,0,0,0,0,0,0,0,3,3,3,4,3,4,3,2,3,2,1,2,1,1,1,1,1,1,0,1,1,1,1,1,0,0,0,0,0,0,0,0,0,0,0,0,0,0,2,2,4,4,4,4,4,3,3,3,3,3
syn_aggregate_00489,21,1.0,3,3,2,3,2,3,2,2,0,0,0,0,0,0,0,0,0,0,0,4,4,4,4,4,4,4,3,3,4,1,2,2,1,1,1,1,1,1,0,0,0,0,0,0,0,0,0,0,3,0,0,0,0,0,0,0,0,0,2,4,4,4,4,4,3,3,4,3,3
syn_aggregate_00490,29,2.0,1,1,1,1,1,0,0,0,0,0,0,1,0,0,0,0,0,0,0,2,3,3,3,2,3,2,2,2,3,2,2,3,2,2,2,2,3,2,2,2,2,2,2,2,1,1,1,2,2,0,0,0,0,0,1,1,0,0,0,0,1,2,0,1,1,0,0,0,0
syn_aggregate_00491,20,1.0,3,3,3,3,3,2,2,1,2,0,1,0,0,0,0,0,0,1,0,3,3,3,2,2,2,2,2,2,1,3,3,3,3,3,2,3,2,2,0,4,4,4,4,4,4,4,4,4,4,1,1,1,1,0,0,1,1,1,1,4,4,4,4,4,4,4,4,4,4
syn_aggregate_00492,19,1.0,3,3,3,3,2,3,2,1,0,1,1,1,0,1,0,0,0,1,0,3,3,3,3,3,3,3,3,3,4,0,0,0,0,0,0,0,0,0,0,3,3,3,3,2,2,2,2,2,1,0,0,0,0,0,1,0,0,0,0,0,2,1,0,2,0,0,1,1,1
syn_aggregate_00493,18,2.0,3,3,3,3,2,3,2,0,0,1,1,1,1,0,1,0,0,1,0,2,3,3,2,2,2,2,3,1,3,2,3,3,2,2,3,3,2,0,2,2,2,2,3,2,2,1,2,2,2,1,1,1,1,0,1,1,1,0,0,1,4,4,2,3,3,2,3,3,3
syn_aggregate_00494,44,2.0,3,3,2,3,2,2,1,1,1,0,0,0,0,0,0,0,0,0,0,4,4,4,4,4,4,4,4,3,3,2,3,3,2,2,2,2,2,2,1,4,4,4,4,4,4,4,3,4,4,1,2,1,1,1,2,1,1,1,1,1,2,2,1,2,1,1,2,2,1
syn_aggregate_00495,38,2.0,3,3,3,3,2,3,2,2,3,0,0,0,0,0,0,0,0,0,4,4,4,4,4,4,4,4,4,4,4,4,4,4,4,4,4,4,4,4,3,4,4,4,4,3,4,4,3,4,4,0,0,0,0,0,0,0,0,3,0,4,4,4,3,4,4,3,4,4,4
syn_aggregate_00496,21,2.0,1,1,0,2,0,0,0,0,0,0,0,0,0,0,0,0,0,0,0,1,2,1,1,1,2,1,1,1,1,0,1,0,0,0,0,0,0,0,0,0,0,0,0,0,0,0,0,0,0,0,0,0,0,0,0,0,0,0,0,0,0,0,0,1,0,0,0,0,0
syn_aggregate_00497,22,1.0,3,3,2,2,1,1,1,0,0,1,2,1,0,1,0,0,1,2,0,4,4,3,4,3,4,4,3,3,3,4,4,4,4,4,4,4,4,3,3,4,4,4,4,3,4,4,4,3,2,2,2,2,1,1,2,1,2,1,2,2,4,4,2,4,3,3,3,3,2
syn_aggregate_00498,22,2.0,3,3,2,2,1,2,1,0,1,0,0,0,0,0,0,0,0,0,0,2,3,2,2,2,2,2,2,2,2,0,1,0,0,0,0,0,1,0,0,3,3,2,3,2,2,1,2,2,1,0,0,1,0,0,0,0,1,0,0,2,3,3,1,3,2,2,2,3,2
syn_aggregate_00499,18,1.0,2,2,2,2,0,1,1,0,0,1,2,1,0,1,1,0,1,1,1,4,4,4,4,4,4,4,4,3,4,4,4,4,4,4,3,4,3,3,3,4,4,4,4,3,4,3,4,3,2,1,1,1,1,1,1,1,0,0,1,2,4,4,3,4,3,4,4,3,3
syn_aggregate_00500,19,2.0,2,2,1,2,1,1,1,0,1,0,1,0,0,0,1,0,0,0,0,4,4,4,4,4,4,3,3,3,3,2,3,3,2,2,2,2,2,1,0,2,2,2,2,0,1,1,2,3,1,0,0,0,0,0,0,0,0,0,4,0,2,1,0,2,0,0,1,1,0
syn_aggregate_00501,20,1.0,3,3,2,3,1,2,2,0,0,1,2,2,0,1,1,0,0,1,0,4,4,4,4,4,4,4,4,3,3,3,3,4,3,3,3,4,3,2,2,4,3,3,4,3,3,3,3,2,2,0,0,0,0,0,0,0,0,0,4,4,4,4,3,4,4,3,4,3,4
syn_aggregate_00502,20,2.0,3,3,1,2,0,1,1,0,0,0,1,0,0,1,0,0,0,1,1,4,4,4,4,4,4,4,3,3,4,4,4,4,3,4,4,4,4,4,3,4,4,4,4,4,4,4,4,3,3,2,3,2,2,2,3,2,2,1,2,4,4,4,4,4,4,4,4,4,4
syn_aggregate_00503,19,1.0,1,1,1,2,1,1,1,0,1,0,0,0,0,0,0,0,0,0,3,1,1,1,1,1,1,0,1,1,1,1,2,2,1,2,1,2,2,1,2,3,3,3,4,3,3,4,3,3,2,1,1,1,1,1,1,0,0,0,1,2,4,4,3,4,3,3,3,4,2
syn_aggregate_00504,19,2.0,3,3,3,3,2,3,3,2,0,0,1,0,0,0,1,0,0,1,0,4,4,4,4,4,4,4,3,4,3,4,4,4,4,4,4,4,4,3,3,1,2,1,1,1,0,0,0,1,0,0,0,0,0,0,0,0,0,0,1,4,4,4,4,4,4,4,3,4,3
syn_aggregate_00505,38,1.0,3,3,2,3,2,3,2,1,0,0,1,1,0,0,1,0,0,1,0,4,4,4,4,3,4,4,3,3,4,0,2,1,1,1,1,1,1,1,1,3,3,3,3,3,2,3,2,3,3,0,0,0,0,0,0,0,3,0,0,2,4,4,3,4,3,3,3,3,1
syn_aggregate_00506,21,2.0,3,3,2,2,1,0,0,0,0,0,1,0,0,0,0,0,0,0,0,2,2,1,2,2,2,1,1,2,2,1,2,1,1,1,1,2,1,0,0,1,1,1,1,1,1,1,0,0,1,1,1,0,1,0,1,0,0,1,1,0,0,0,0,0,0,0,0,0,0
syn_aggregate_00507,21,2.0,2,2,1,1,1,1,0,0,0,2,1,1,1,1,0,0,0,2,1,4,4,4,4,4,3,3,2,2,2,4,4,4,4,4,4,4,4,3,4,2,2,2,2,2,1,1,2,2,2,0,0,0,0,0,0,0,0,0,4,1,2,2,1,2,1,1,1,1,1
syn_aggregate_00508,20,2.0,3,3,3,3,2,2,2,1,1,0,0,0,0,0,0,0,0,1,0,3,3,3,3,3,3,3,2,3,2,0,1,0,0,0,0,0,0,0,0,3,3,2,3,3,2,3,2,2,2,0,0,0,0,0,0,0,0,0,0,0,1,1,0,1,0,0,1,0,0
syn_aggregate_00509,33,2.0,3,3,3,3,2,3,2,1,1,1,1,1,0,1,0,0,1,1,1,4,4,3,4,3,3,4,3,4,3,4,4,4,4,4,4,4,4,3,4,2,1,2,2,1,1,1,1,0,1,1,2,1,1,1,2,1,1,1,1,3,4,4,4,4,4,4,4,3,2
syn_aggregate_00510,18,1.0,2,2,1,2,1,0,0,0,0,0,0,0,0,0,0,0,0,0,1,3,2,3,3,2,2,2,2,2,3,1,2,2,2,2,2,1,1,1,2,2,1,1,1,0,0,0,0,1,0,0,0,0,0,0,0,0,0,1,0,0,1,1,0,1,0,0,1,0,0
syn_aggregate_00511,26,1.0,0,0,0,0,0,0,0,0,0,0,1,0,0,0,0,0,0,0,0,0,0,0,0,0,0,0,0,1,1,0,0,0,0,0,0,0,0,0,0,0,0,0,0,0,0,0,0,0,0,0,0,0,0,0,0,0,0,1,0,0,1,1,0,1,0,0,0,0,0
syn_aggregate_00512,19,2.0,2,2,1,2,2,1,1,0,1,0,1,0,0,0,1,0,0,0,0,1,1,1,1,1,1,1,1,1,2,0,1,0,0,0,1,0,0,0,0,2,2,2,2,2,1,2,1,2,2,0,0,0,0,0,0,0,0,2,0,3,4,4,3,4,3,3,4,3,4
syn_aggregate_00513,42,1.0,3,3,2,2,1,0,0,0,0,0,0,0,0,0,0,0,0,0,0,4,4,4,4,3,4,4,3,3,3,1,3,3,2,2,2,2,2,2,1,2,2,1,2,2,2,1,1,2,1,0,0,0,0,0,0,0,0,0,0,3,4,4,3,4,3,3,3,3,3
syn_aggregate_00514,46,2.0,0,0,0,0,0,0,0,0,0,0,0,0,0,0,0,0,0,0,0,0,0,0,0,0,0,0,0,0,0,0,0,0,0,0,0,0,0,0,0,0,0,0,0,0,0,0,0,1,1,0,0,0,0,0,0,0,0,0,0,0,0,0,0,0,0,0,0,0,0
syn_aggregate_00515,19,2.0,2,2,1,2,1,0,0,0,0,0,1,1,0,1,0,0,1,1,1,2,2,2,2,1,2,2,2,2,3,0,0,0,0,0,0,0,0,0,0,1,1,0,1,1,1,0,0,1,1,0,0,1,0,0,0,0,0,1,0,2,4,3,2,4,3,2,3,3,2
syn_aggregate_00516,19,2.0,3,3,3,3,2,2,1,1,0,0,0,0,0,0,0,0,0,0,2,0,0,0,0,0,0,0,0,1,0,0,0,0,1,0,0,0,0,0,1,2,2,2,2,1,2,2,1,2,2,0,0,0,0,0,0,0,0,0,0,3,4,4,3,4,2,3,3,3,2
syn_aggregate_00517,18,1.0,1,1,0,1,0,0,0,0,0,0,0,0,0,0,0,0,0,0,0,0,0,0,0,0,0,0,0,3,0,0,0,0,0,0,0,0,0,0,0,0,0,0,0,0,0,0,0,0,1,0,0,0,0,0,0,0,0,0,0,0,0,0,0,1,0,0,0,0,0
syn_aggregate_00518,19,1.0,3,3,2,3,2,2,2,1,0,0,1,0,0,0,0,1,0,0,2,4,4,4,4,4,4,4,4,4,4,4,4,4,4,4,3,4,4,3,3,3,3,3,3,2,3,3,3,2,2,0,0,0,0,0,0,0,0,0,2,3,4,4,3,4,3,3,4,4,2
syn_aggregate_00519,20,2.0,0,0,0,0,0,0,0,0,0,0,0,0,0,0,0,0,0,0,1,0,1,0,0,0,0,0,0,0,0,0,1,1,1,1,0,1,2,2,1,2,1,1,2,1,1,0,0,1,0,0,1,0,0,0,0,0,0,0,0,0,0,0,0,0,0,1,0,0,0
syn_aggregate_00520,21,2.0,3,3,3,3,2,3,3,2,3,1,1,1,0,1,1,1,0,1,0,0,0,0,0,0,1,1,0,0,0,1,3,2,2,2,2,3,2,2,1,4,4,4,4,3,4,4,3,4,4,0,0,0,0,0,0,0,0,1,2,3,4,4,3,4,3,3,3,3,3
syn_aggregate_00521,20,1.0,2,3,2,2,1,2,0,0,0,1,1,1,1,0,1,1,0,1,0,3,3,3,3,3,3,3,3,3,2,3,3,3,2,3,3,2,3,3,2,4,4,4,4,4,4,4,3,3,3,1,1,1,1,1,2,1,1,0,1,2,4,4,3,4,4,4,4,4,3
syn_aggregate_00522,38,2.0,1,1,1,1,0,0,1,0,0,0,0,0,0,0,0,0,0,0,0,0,0,0,0,0,3,0,0,0,0,0,0,0,0,0,0,0,0,0,3,1,1,1,1,1,0,0,1,0,1,0,0,0,0,0,0,0,0,0,0,0,1,0,0,0,0,0,0,0,0
syn_aggregate_00523,19,2.0,3,3,3,3,2,2,1,0,1,1,1,1,1,1,1,0,0,0,0,3,2,2,2,1,2,2,2,1,3,0,1,1,0,0,0,0,1,1,0,2,2,2,2,2,1,1,2,2,2,0,0,1,0,0,0,0,0,0,0,0,1,0,0,1,0,0,0,1,0
syn_aggregate_00524,49,1.0,3,3,3,3,3,3,2,2,2,2,2,2,1,2,1,1,2,2,1,4,4,4,4,4,4,4,3,3,4,4,4,4,3,3,4,4,3,3,3,4,4,4,4,3,4,3,4,3,4,1,2,1,1,1,1,2,1,1,2,2,3,3,2,3,2,2,3,2,1
syn_aggregate_00525,19,2.0,2,2,1,2,1,1,1,0,0,0,0,0,0,0,0,0,0,1,0,4,4,4,4,3,4,3,3,4,3,3,4,4,3,4,3,4,3,3,2,0,0,0,0,0,0,0,0,0,1,0,0,0,0,0,0,1,0,0,0,2,4,4,2,4,3,3,4,3,4
syn_aggregate_00526,25,2.0,3,3,3,3,2,3,3,0,1,0,0,0,0,4,0,0,0,0,0,4,4,4,4,3,4,4,3,3,4,3,4,4,3,3,4,4,3,3,3,4,4,4,4,4,3,3,4,3,4,1,1,1,0,1,0,0,1,0,1,1,3,2,1,2,2,1,3,2,2
syn_aggregate_00527,22,2.0,2,2,1,1,1,1,0,0,0,0,0,0,0,0,0,0,0,0,1,0,0,0,0,0,0,0,0,0,3,0,1,1,0,1,1,1,1,2,0,1,1,1,1,0,1,1,0,1,1,0,0,0,0,0,0,0,0,0,0,2,4,4,3,4,3,3,4,3,4
syn_aggregate_00528,22,2.0,2,2,2,2,1,1,1,0,0,1,1,1,1,1,0,0,0,0,0,4,4,4,4,4,4,4,3,3,1,2,2,2,2,2,2,2,1,1,2,4,4,4,4,3,4,3,4,3,3,1,2,1,2,1,2,1,1,1,1,4,4,4,4,4,4,4,4,4,3
syn_aggregate_00529,33,2.0,3,3,3,3,3,3,3,3,1,0,0,0,0,0,0,0,0,0,3,3,3,3,2,3,2,2,2,2,3,3,4,4,4,4,4,4,4,3,2,3,3,3,3,2,3,2,2,1,2,0,1,0,0,0,0,0,0,0,1,2,4,3,2,4,3,3,4,3,3
syn_aggregate_00530,19,1.0,2,2,1,2,1,1,1,0,0,0,1,0,0,1,0,0,0,0,0,3,4,3,4,3,4,3,3,2,2,0,1,1,0,1,0,1,1,1,2,2,2,2,1,2,1,1,1,2,2,1,2,1,0,0,1,2,1,2,2,1,3,2,2,3,2,1,2,2,2
syn_aggregate_00531,20,2.0,3,3,2,2,2,2,1,0,0,0,0,0,0,0,0,0,0,0,0,3,3,3,3,2,3,3,2,2,3,3,3,3,3,3,2,2,2,2,0,1,1,1,1,1,0,0,0,0,0,0,0,0,0,0,0,0,0,0,0,2,4,3,2,3,3,2,3,3,3
syn_aggregate_00532,22,1.0,2,2,1,2,1,0,1,0,0,0,0,0,0,0,0,0,0,0,0,4,4,3,4,3,4,3,3,3,1,0,1,1,0,1,0,1,1,1,0,2,2,1,2,1,1,1,1,2,1,0,0,0,0,0,0,0,0,0,0,1,3,3,1,3,2,2,3,3,2
syn_aggregate_00533,20,2.0,2,3,2,2,2,1,1,0,0,0,0,0,0,0,0,0,0,0,4,0,0,0,0,0,0,0,0,0,4,4,4,4,4,4,4,4,3,3,3,4,4,4,4,3,4,4,3,4,3,0,0,0,0,0,0,0,0,0,0,1,3,3,1,3,2,2,2,2,0
syn_aggregate_00534,21,2.0,2,2,1,2,1,0,1,0,0,0,1,0,0,1,0,0,0,0,0,4,4,4,4,4,4,3,4,3,3,0,0,0,0,0,0,0,0,0,2,2,2,2,2,2,0,0,0,0,0,0,0,0,0,0,2,0,0,0,0,2,3,3,2,4,3,3,4,3,3
syn_aggregate_00535,29,2.0,3,3,2,3,1,2,1,0,0,0,0,0,0,0,0,0,0,0,0,2,1,1,1,1,1,1,0,0,2,0,1,0,0,1,0,0,1,0,0,0,0,0,1,1,0,0,0,0,1,0,0,0,0,0,0,0,0,2,0,1,2,1,1,1,1,1,1,1,1
syn_aggregate_00536,20,1.0,1,1,0,0,0,0,0,0,0,0,0,0,0,0,0,0,0,0,0,4,4,4,4,3,4,3,4,3,4,2,3,2,2,2,2,3,2,2,1,3,2,2,3,2,2,1,2,2,1,0,0,0,0,1,0,0,0,0,0,1,3,3,2,3,2,2,2,2,1
syn_aggregate_00537,18,1.0,3,3,3,3,2,3,2,1,0,1,1,1,1,1,1,1,1,1,1,4,4,4,4,4,4,4,4,4,4,4,4,4,4,4,3,4,4,4,3,3,3,3,3,2,3,3,3,3,2,1,1,1,1,1,1,1,0,0,3,4,4,4,3,4,4,4,4,3,4
syn_aggregate_00538,19,2.0,3,3,2,3,0,0,0,0,0,0,0,0,0,0,0,0,0,3,0,4,4,3,3,3,4,4,3,3,2,1,2,1,1,1,2,1,1,1,2,3,3,3,3,3,3,2,2,2,2,1,2,1,1,1,2,1,1,1,1,3,4,4,3,4,4,3,4,3,3
syn_aggregate_00539,24,2.0,2,2,1,2,1,1,1,0,0,0,0,0,0,0,1,0,0,0,0,0,1,0,0,0,1,0,0,0,0,1,3,2,3,3,2,2,3,2,0,2,2,2,2,2,1,1,2,1,2,0,0,0,0,0,0,0,0,0,1,0,1,1,0,1,1,0,1,1,1
syn_aggregate_00540,22,1.0,2,3,2,3,1,2,1,0,0,3,3,3,2,2,2,2,2,3,2,4,4,4,4,4,4,4,3,4,3,4,4,4,4,4,3,3,3,4,4,4,4,4,4,3,4,4,4,3,4,2,2,2,2,2,2,2,2,1,1,3,4,4,3,4,3,3,4,3,2
syn_aggregate_00541,33,1.0,3,3,1,2,1,1,1,0,0,1,1,1,1,1,1,1,1,1,1,4,4,3,4,4,4,4,3,3,2,3,4,4,3,3,4,3,3,3,2,4,4,4,4,4,4,3,4,4,4,2,2,2,1,1,2,2,1,1,1,0,3,3,0,4,3,2,3,3,2
syn_aggregate_00542,25,1.0,2,2,1,1,1,1,1,0,0,1,1,1,1,1,2,1,1,2,1,2,2,2,2,2,2,1,2,2,2,2,2,2,2,2,1,2,2,1,3,3,3,3,4,3,3,2,3,2,2,1,2,1,1,1,2,2,1,0,1,1,2,2,1,2,2,2,2,1,3
syn_aggregate_00543,19,2.0,0,0,1,0,0,0,0,0,0,0,0,0,0,0,0,0,0,2,0,3,3,3,3,3,3,3,3,3,2,1,2,1,1,1,0,2,1,1,2,1,1,1,1,1,1,0,1,1,1,0,0,0,0,0,0,0,1,0,0,0,0,0,0,0,0,0,0,0,0
syn_aggregate_00544,19,2.0,3,3,2,3,1,2,2,0,0,0,0,0,0,0,0,0,0,2,0,4,4,4,4,4,4,4,4,3,4,1,1,1,1,1,1,1,1,0,0,0,0,0,0,0,0,0,0,0,1,0,0,0,0,0,0,0,0,1,0,0,1,1,0,1,0,0,1,0,0
syn_aggregate_00545,19,2.0,3,3,3,3,3,3,3,3,2,0,0,0,0,0,0,0,0,1,0,3,3,4,3,3,4,3,3,2,4,2,3,3,2,2,2,3,2,2,2,4,4,4,4,4,4,4,4,3,4,1,1,1,0,0,1,0,0,0,0,3,4,4,3,4,4,4,4,4,2
syn_aggregate_00546,19,1.0,1,1,1,1,1,1,1,1,1,0,0,1,0,0,0,0,0,0,0,4,4,4,4,4,4,4,4,3,4,0,1,1,0,0,0,0,0,0,0,4,4,4,4,4,3,3,3,3,2,1,1,1,1,1,1,1,1,1,1,2,4,3,2,3,2,3,3,3,2
syn_aggregate_00547,21,2.0,3,2,1,2,1,1,1,0,0,0,0,0,0,0,0,1,0,1,0,1,1,0,1,1,0,0,0,0,2,2,3,3,3,3,3,3,3,3,2,1,1,0,0,0,0,0,0,0,0,1,2,1,1,1,1,1,1,1,1,1,3,3,1,2,2,2,2,1,1
syn_aggregate_00548,51,1.0,1,1,1,1,0,1,1,0,1,0,1,0,0,0,0,0,0,0,1,1,1,1,1,1,2,1,0,1,1,1,2,2,1,2,2,1,2,1,1,3,2,2,3,2,2,2,1,3,2,0,0,0,0,0,0,0,0,0,0,1,2,2,1,2,2,2,2,2,2
syn_aggregate_00549,51,1.0,2,2,1,1,0,1,0,0,0,0,0,0,0,0,0,0,0,0,4,3,3,3,3,2,4,3,2,2,2,2,2,2,2,2,2,2,1,2,2,2,2,2,2,1,2,1,1,2,2,1,1,1,1,1,1,1,2,1,0,1,3,2,1,3,2,1,2,2,4
syn_aggregate_00550,43,2.0,3,2,1,2,0,1,1,0,0,0,0,0,0,0,0,0,0,0,4,0,1,0,0,1,0,0,0,0,0,3,3,3,3,2,2,3,2,2,3,0,0,1,0,0,0,0,0,0,0,0,0,0,0,0,0,0,0,0,0,0,1,1,0,1,0,0,1,1,0
syn_aggregate_00551,20,1.0,2,3,2,3,1,2,1,0,0,0,1,0,0,0,0,0,0,1,0,2,3,2,2,2,3,2,2,1,2,2,3,3,2,3,2,3,3,2,3,1,0,0,1,0,0,0,0,0,0,0,1,1,1,1,1,1,0,0,0,2,3,3,2,3,2,2,2,2,2
syn_aggregate_00552,37,1.0,3,3,2,2,1,2,2,1,0,0,0,0,0,0,0,0,0,0,4,3,3,3,3,3,3,3,2,2,3,0,1,1,0,0,0,1,1,0,0,3,3,2,3,2,2,2,2,2,2,0,0,0,0,0,0,0,0,0,3,2,3,3,2,3,2,2,2,2,2
syn_aggregate_00553,48,1.0,3,3,2,2,1,1,0,0,0,0,0,0,0,1,0,0,1,0,0,3,3,3,3,3,3,3,3,3,3,3,4,4,3,3,3,4,4,3,3,4,4,4,4,4,4,4,4,4,4,0,1,0,0,0,0,1,0,0,0,3,4,4,3,4,3,4,4,4,3
syn_aggregate_00554,48,1.0,1,2,1,2,0,0,0,0,0,0,0,0,0,0,0,0,0,0,0,0,0,0,0,0,0,0,1,1,0,0,0,0,0,0,0,0,0,2,0,3,2,2,3,2,2,1,2,2,1,0,0,0,0,0,0,0,0,0,1,0,1,0,0,0,0,0,0,0,0
syn_aggregate_00555,20,2.0,3,3,3,3,3,3,3,1,1,0,1,0,0,0,0,0,0,1,0,4,4,4,4,4,3,3,3,3,2,3,4,4,4,3,4,3,4,4,2,2,2,2,2,2,2,2,2,2,2,1,1,0,0,0,1,0,0,0,0,4,4,4,4,4,3,4,3,4,2
syn_aggregate_00556,44,2.0,1,1,1,0,0,0,0,0,0,0,2,0,0,0,0,0,0,0,0,1,0,0,0,0,1,0,0,0,0,0,1,1,1,0,0,1,1,1,0,0,0,0,0,0,0,0,0,0,0,0,0,0,0,0,0,0,0,0,1,1,3,3,1,3,2,2,2,2,2
syn_aggregate_00557,22,2.0,1,0,0,0,0,0,0,0,0,0,0,0,0,0,0,0,0,0,0,0,1,0,0,0,1,0,0,1,0,0,1,1,0,1,0,1,1,1,0,4,3,3,4,2,3,2,2,3,3,0,0,0,0,0,0,0,0,0,0,0,1,0,0,1,0,0,0,0,0
syn_aggregate_00558,19,2.0,1,2,0,0,0,0,0,0,0,0,1,0,0,0,0,0,0,0,0,1,1,0,1,1,1,1,1,1,3,0,2,2,1,1,0,1,1,0,0,1,0,0,0,0,0,0,0,0,0,0,0,0,0,0,0,0,0,0,0,0,2,2,0,2,0,0,1,1,0
syn_aggregate_00559,21,2.0,2,3,2,2,1,2,1,0,0,0,0,1,0,0,0,0,0,0,3,4,4,4,4,3,4,3,3,3,2,4,4,4,4,4,4,4,4,3,4,4,4,4,4,4,4,4,3,4,4,4,4,3,4,3,4,3,3,3,2,3,4,4,3,4,4,4,4,4,2
syn_aggregate_00560,20,2.0,1,1,1,1,1,0,0,0,0,0,0,0,0,0,0,0,0,0,2,2,2,1,2,1,2,2,1,2,2,3,3,3,3,3,2,2,2,2,3,3,3,3,3,2,2,2,2,2,2,1,1,1,1,0,1,0,0,0,1,1,3,3,2,3,2,2,2,2,2
syn_aggregate_00561,20,2.0,3,3,3,3,2,3,3,2,2,0,0,0,0,0,0,0,0,1,0,0,0,0,0,0,0,0,0,0,4,1,2,2,1,1,1,1,1,1,1,4,4,4,4,3,4,3,3,4,2,0,0,0,0,0,0,0,0,0,2,1,3,3,1,3,2,2,2,2,2
syn_aggregate_00562,19,2.0,3,3,3,3,2,2,1,0,1,0,1,1,0,1,0,0,0,0,0,4,4,4,4,4,4,4,4,3,3,4,4,4,4,4,4,4,4,3,4,4,4,4,4,4,4,4,4,4,4,0,1,1,0,1,1,0,1,0,0,3,3,3,2,3,2,3,3,2,3
syn_aggregate_00563,47,2.0,3,3,2,3,2,3,0,0,0,0,1,0,0,0,0,0,0,0,0,0,0,0,1,0,0,0,0,0,0,0,1,0,0,0,0,0,0,0,0,1,1,0,1,1,0,0,0,1,0,0,0,0,0,0,0,0,0,0,0,0,2,0,0,0,0,0,0,0,0
syn_aggregate_00564,40,2.0,1,1,1,0,0,0,0,0,0,0,0,0,0,0,0,0,0,0,0,0,0,0,0,0,0,0,0,1,0,0,0,0,0,0,0,0,0,0,0,0,0,0,0,0,0,0,2,0,0,0,0,0,0,0,0,0,1,0,0,0,1,0,0,1,0,0,1,0,1
syn_aggregate_00565,20,1.0,2,2,1,1,1,1,0,0,0,0,1,0,0,0,0,0,0,0,0,3,2,2,3,2,2,1,3,2,3,0,1,0,0,1,0,0,0,0,0,2,1,1,2,1,1,0,0,1,1,1,1,1,1,1,1,1,1,1,1,0,1,0,0,1,0,0,0,0,0
syn_aggregate_00566,20,2.0,1,2,1,1,0,1,1,0,0,1,2,1,0,2,1,0,1,1,1,0,0,0,0,0,0,0,0,0,1,0,0,1,0,0,0,2,0,0,0,2,1,1,2,1,1,0,0,1,0,0,0,0,0,0,0,0,0,0,1,2,3,2,1,2,1,1,2,2,2
syn_aggregate_00567,28,2.0,3,3,3,2,1,1,1,0,0,0,1,0,0,0,0,0,0,0,0,0,0,0,0,0,0,0,0,2,0,1,1,1,1,1,0,1,1,0,0,1,0,0,0,0,0,0,0,0,0,0,1,0,0,0,0,0,0,0,0,1,3,3,1,3,2,2,3,2,4
syn_aggregate_00568,19,2.0,1,2,0,2,0,1,1,0,1,0,0,0,0,0,0,0,0,0,0,0,0,0,0,0,0,0,0,0,0,0,0,0,0,0,0,0,0,0,0,0,0,0,0,0,0,0,0,0,1,0,0,0,0,0,0,0,0,0,0,0,0,0,0,0,0,0,0,0,0
syn_aggregate_00569,20,1.0,3,3,3,3,3,3,3,3,1,0,0,0,0,0,1,0,0,0,0,3,3,3,3,3,3,3,3,3,3,4,4,4,4,4,3,4,4,4,3,4,4,4,4,4,4,4,4,3,4,1,1,1,1,0,0,0,1,0,0,2,4,4,3,4,3,3,4,4,2
syn_aggregate_00570,42,1.0,3,3,2,3,2,3,0,0,0,0,0,0,0,0,0,0,0,1,2,3,3,2,3,2,2,2,2,3,2,4,4,4,4,4,4,4,4,3,4,4,4,4,4,3,3,3,3,3,3,0,0,0,0,0,1,0,0,0,1,1,4,3,2,3,2,2,3,2,2
syn_aggregate_00571,19,2.0,3,3,2,2,1,0,0,0,0,0,1,0,0,0,0,0,0,1,0,0,1,0,0,0,0,1,0,0,0,3,4,4,4,4,3,3,3,3,2,1,1,1,1,1,0,0,0,0,0,1,1,2,1,1,1,1,1,0,0,2,3,3,2,3,2,2,2,2,2
syn_aggregate_00572,18,1.0,3,3,2,2,0,0,0,0,0,0,1,0,0,0,0,0,0,0,0,2,3,2,2,2,2,2,1,1,1,0,1,1,0,0,0,1,0,1,0,3,3,2,3,2,3,2,2,2,3,0,0,0,0,0,0,0,0,1,3,0,0,0,0,0,0,0,0,0,4
syn_aggregate_00573,20,2.0,3,3,2,2,1,1,0,0,0,0,0,0,0,0,0,0,0,0,0,4,4,3,3,3,4,3,3,2,3,2,2,2,2,2,2,2,2,1,1,1,1,1,2,1,0,0,1,1,1,0,0,0,0,0,0,0,0,0,0,2,3,3,2,3,3,2,3,3,3
syn_aggregate_00574,18,1.0,3,3,3,3,3,3,3,2,3,0,1,0,0,0,0,0,0,0,3,4,4,4,4,4,4,4,4,3,4,4,4,4,4,4,4,4,4,3,3,4,4,4,4,4,4,4,4,4,4,1,1,0,1,1,0,0,1,0,1,3,4,4,4,4,4,4,4,4,4
syn_aggregate_00575,19,2.0,2,2,1,2,1,1,1,0,1,0,0,0,0,0,1,0,1,0,0,0,1,0,1,1,1,0,0,1,0,0,1,1,1,2,0,0,1,0,0,4,4,4,4,4,3,4,4,4,4,1,1,1,0,1,0,1,0,0,1,0,1,0,0,1,0,0,0,0,0
syn_aggregate_00576,33,1.0,1,1,0,1,1,0,0,0,0,0,0,0,0,0,0,0,0,0,2,0,0,0,0,0,0,0,0,0,2,3,3,3,3,3,3,3,3,2,2,0,0,0,0,0,1,0,0,0,0,0,0,1,0,0,0,0,1,0,0,0,3,2,0,2,1,1,2,2,2
syn_aggregate_00577,18,1.0,3,3,3,3,2,3,3,2,0,0,0,0,0,0,0,0,3,0,0,3,4,3,3,3,4,3,3,3,3,4,4,4,4,3,4,3,3,3,3,3,3,3,3,3,2,3,3,3,2,1,2,1,1,1,1,1,1,1,1,3,4,4,3,4,3,4,4,4,1
syn_aggregate_00578,21,1.0,2,2,1,1,1,0,1,0,0,0,0,0,0,0,0,0,0,0,1,2,2,2,2,1,2,1,1,1,3,0,0,0,0,1,0,0,0,0,0,3,3,4,4,3,3,3,3,3,2,0,0,0,0,0,0,0,0,0,4,1,2,1,1,1,0,0,1,1,1
syn_aggregate_00579,20,2.0,0,0,0,0,0,0,0,0,0,0,0,0,0,0,0,0,0,0,2,0,0,0,0,0,0,0,0,0,0,2,3,3,2,3,2,2,2,2,2,3,3,3,3,3,2,3,2,2,3,0,0,0,0,0,0,0,0,0,4,0,1,0,0,1,0,0,0,0,0
syn_aggregate_00580,38,2.0,1,1,0,0,0,0,0,0,0,0,0,0,0,0,0,0,0,0,0,1,2,1,1,1,2,1,1,1,1,0,1,1,1,1,1,0,1,0,0,0,0,0,0,0,0,0,0,0,0,0,0,0,0,0,0,0,0,0,0,0,1,0,0,0,0,0,0,0,0
syn_aggregate_00581,23,2.0,3,3,3,3,3,3,2,2,2,1,1,1,0,0,0,0,1,0,0,4,4,4,4,4,3,3,3,3,3,4,4,4,4,4,4,4,4,3,3,4,4,4,4,3,4,4,3,4,3,2,2,2,1,1,1,1,1,1,0,4,4,4,4,4,4,4,4,4,4
syn_aggregate_00582,18,1.0,3,3,2,3,2,3,1,1,0,0,0,0,0,0,1,0,1,0,0,2,2,1,2,2,1,1,0,0,0,1,1,1,1,1,1,1,1,1,1,1,1,0,1,0,0,0,0,1,0,0,1,0,0,0,0,0,0,1,1,4,4,4,3,4,4,3,4,3,3
syn_aggregate_00583,19,2.0,2,2,1,1,1,1,1,0,0,1,1,1,1,1,1,1,1,1,1,4,4,4,4,3,4,4,4,4,3,2,3,2,2,2,1,2,2,1,1,2,2,1,2,2,1,1,2,2,3,0,1,0,0,0,0,0,0,0,0,0,1,1,1,1,1,1,1,1,0
syn_aggregate_00584,19,2.0,3,2,2,2,1,2,0,0,0,1,1,0,1,0,1,0,0,0,0,4,4,4,4,4,4,4,4,3,3,3,4,4,3,3,3,4,3,3,2,3,3,3,3,2,3,2,2,2,3,1,1,0,1,0,1,1,0,0,0,0,1,1,0,1,0,0,1,0,0
syn_aggregate_00585,20,1.0,3,3,1,2,1,1,1,0,0,0,1,0,0,0,0,0,0,0,0,3,3,3,3,2,3,2,2,2,2,1,2,2,1,1,1,2,1,1,2,2,2,2,2,2,2,2,2,2,0,0,0,1,0,1,0,0,1,0,0,3,4,4,3,4,4,4,4,4,3
syn_aggregate_00586,38,2.0,1,2,1,1,0,1,0,0,0,0,0,0,0,0,0,0,0,0,0,4,4,4,4,4,4,3,4,4,3,0,0,0,0,0,0,0,0,0,1,4,4,4,4,4,4,4,3,4,3,0,0,1,0,0,1,0,0,0,0,0,2,2,0,1,0,0,1,0,1
syn_aggregate_00587,21,1.0,1,1,1,1,1,0,1,0,0,0,1,0,0,1,0,0,0,0,0,0,0,0,0,0,0,0,0,0,0,0,0,0,0,0,0,0,0,0,3,1,0,0,0,0,0,0,0,0,0,0,0,0,0,0,0,0,0,0,2,0,1,1,0,1,0,0,1,0,0
syn_aggregate_00588,20,2.0,3,3,3,3,2,3,3,2,3,1,2,2,1,2,1,0,1,0,0,4,4,4,4,4,4,4,4,4,4,3,4,4,4,4,4,4,3,3,2,4,4,4,4,4,4,4,3,4,4,1,1,1,0,1,1,1,0,1,1,0,2,2,0,2,1,1,2,1,0
syn_aggregate_00589,21,1.0,3,3,3,3,3,3,3,3,3,1,2,1,0,1,1,0,1,0,0,4,4,4,4,4,4,3,4,3,3,4,4,4,4,4,4,4,4,4,4,3,3,3,3,3,3,2,3,3,3,2,2,2,2,2,2,2,2,3,2,3,4,4,3,4,4,4,4,4,4
syn_aggregate_00590,20,1.0,3,3,1,2,1,1,0,0,0,0,1,0,0,0,0,0,0,0,0,3,3,2,3,2,2,2,2,1,2,3,3,3,3,3,2,3,3,3,2,3,3,2,3,2,2,2,2,2,3,0,0,0,0,0,0,1,1,0,0,3,4,4,4,4,4,4,4,4,3
syn_aggregate_00591,21,2.0,3,3,3,3,2,3,3,1,1,1,2,1,0,1,2,1,1,1,2,4,4,4,4,4,4,4,4,4,4,4,4,4,4,4,4,4,4,3,3,4,4,4,4,4,4,4,4,4,4,2,2,2,2,2,1,2,2,1,2,4,4,4,4,4,4,4,4,4,3
syn_aggregate_00592,18,1.0,1,1,1,1,2,0,0,0,0,0,0,1,0,0,0,0,0,0,0,1,2,1,2,1,2,1,1,2,2,0,0,1,0,0,0,0,0,1,0,2,2,1,2,1,1,0,0,0,0,1,1,0,0,0,0,0,0,0,2,0,0,1,0,0,0,0,1,0,0
syn_aggregate_00593,22,1.0,2,3,2,3,0,0,0,0,0,0,0,2,0,0,0,0,0,0,0,4,4,4,4,3,4,3,3,3,3,2,3,3,2,2,2,2,3,2,2,1,1,0,1,1,0,0,0,0,0,0,1,0,0,1,0,0,0,1,1,2,3,3,2,3,3,3,3,2,1
syn_aggregate_00594,19,2.0,2,3,2,2,1,2,1,0,1,1,2,2,0,0,2,0,1,0,0,3,3,3,3,2,3,3,2,2,2,1,2,2,1,2,1,2,1,1,2,4,4,4,4,3,4,4,4,4,4,1,1,1,0,1,1,0,1,0,1,4,4,4,4,4,3,4,4,4,3
syn_aggregate_00595,22,1.0,3,3,3,3,3,3,3,2,3,0,0,0,0,0,0,0,0,0,0,2,2,1,2,2,2,2,1,2,2,1,2,1,1,1,1,1,2,1,1,3,3,2,3,2,2,2,2,1,2,0,2,0,0,0,0,0,0,0,0,2,4,3,2,3,3,2,3,3,3
syn_aggregate_00596,26,2.0,2,3,2,3,1,1,0,0,0,1,2,1,1,1,1,1,1,1,1,4,4,4,4,4,3,3,3,3,2,1,2,2,2,2,2,1,1,2,2,4,4,3,4,3,4,3,3,3,3,0,1,0,0,0,0,1,0,0,2,2,3,2,2,3,2,2,3,2,2
syn_aggregate_00597,49,2.0,1,2,1,1,1,0,1,0,0,0,0,0,0,0,0,0,0,0,1,3,3,3,3,3,3,3,3,3,3,2,2,2,2,2,2,2,1,2,1,1,1,0,0,0,0,0,0,1,0,0,0,0,0,0,0,0,0,0,3,4,4,4,3,4,3,2,3,2,1
syn_aggregate_00598,18,2.0,3,3,3,3,2,3,3,2,1,1,1,1,2,1,1,1,1,1,1,3,3,3,3,3,3,3,2,2,3,2,3,3,2,2,2,2,2,2,2,1,0,0,0,0,0,0,0,0,3,0,1,0,0,1,0,1,0,0,0,3,4,3,3,3,3,2,3,2,3
syn_aggregate_00599,31,2.0,1,2,1,2,0,0,1,0,0,0,1,1,0,1,0,0,0,1,0,0,1,0,0,1,0,0,0,0,0,3,3,3,3,3,2,2,2,2,2,1,1,1,1,1,1,0,1,0,3,0,0,0,0,0,0,2,0,0,0,2,4,4,3,4,3,3,3,3,1
syn_aggregate_00600,47,2.0,0,1,0,0,0,0,0,0,0,0,0,0,0,0,0,0,0,0,0,0,0,0,0,0,0,0,0,0,0,0,0,0,0,0,0,0,0,0,0,0,0,0,0,0,0,0,0,0,0,0,0,0,0,0,2,0,0,0,0,0,0,0,0,0,0,0,0,0,0
syn_aggregate_00601,19,2.0,3,3,3,3,3,3,2,2,1,1,1,1,0,0,0,0,1,0,0,3,3,2,3,3,3,2,3,2,3,4,4,4,4,4,4,4,4,4,4,3,3,2,3,2,2,2,1,1,1,0,0,0,0,0,0,0,0,4,0,3,4,4,3,4,4,3,4,4,4
syn_aggregate_00602,19,2.0,3,3,2,2,0,1,1,0,0,0,0,0,0,0,0,0,0,0,2,3,3,3,3,3,3,3,3,3,3,0,1,1,0,0,0,0,1,0,0,0,1,0,1,0,0,0,0,0,0,0,0,0,0,0,0,0,0,0,0,0,1,1,0,1,0,0,0,1,0
syn_aggregate_00603,18,2.0,2,2,1,2,1,0,0,0,0,0,0,0,0,0,0,0,0,0,1,0,0,0,0,0,0,0,0,0,1,0,0,0,0,0,0,0,0,0,2,2,1,1,2,1,0,0,0,1,2,0,0,0,0,0,0,0,0,0,1,0,1,1,0,1,1,0,1,1,0
syn_aggregate_00604,19,1.0,3,2,2,2,1,2,1,0,0,1,1,1,0,1,1,0,1,1,1,0,0,0,0,0,0,2,2,0,0,1,2,1,1,1,2,1,2,1,2,1,1,0,1,0,0,0,0,0,0,0,0,1,0,0,0,1,0,0,0,0,2,2,1,1,2,1,2,1,2
syn_aggregate_00605,18,2.0,1,2,1,0,1,0,0,0,0,0,0,0,0,0,0,0,0,0,0,0,0,0,0,0,1,1,0,0,0,3,4,3,3,3,3,3,2,2,2,1,1,1,1,0,0,0,0,0,0,0,0,0,0,0,2,0,0,0,0,2,4,4,3,3,3,2,3,2,2
syn_aggregate_00606,39,1.0,2,2,1,2,1,1,2,0,1,0,0,0,0,0,0,0,0,0,1,1,1,1,1,1,1,1,0,1,1,2,2,2,1,2,2,1,2,2,1,4,4,3,4,3,4,4,3,4,3,0,0,0,0,0,4,0,0,0,0,4,4,4,3,4,4,3,4,4,2
syn_aggregate_00607,19,2.0,3,3,3,3,3,3,3,3,2,1,1,1,0,1,1,0,1,1,0,3,3,2,2,2,2,1,1,1,0,2,3,3,3,2,3,3,2,2,2,3,4,3,3,3,3,3,3,3,3,1,1,1,0,1,1,1,0,1,1,3,4,4,3,4,4,4,4,3,2
syn_aggregate_00608,44,2.0,3,3,2,2,2,2,1,1,0,0,0,0,0,0,0,0,0,0,4,4,4,4,4,4,3,3,3,3,3,1,2,1,1,1,1,1,1,1,1,4,4,4,4,4,4,4,3,4,3,0,1,1,0,0,1,0,0,1,0,4,4,4,4,4,4,3,4,3,3
syn_aggregate_00609,19,2.0,3,3,3,3,3,3,2,0,0,2,2,2,2,2,1,2,2,2,0,4,4,4,4,4,4,4,4,3,3,3,4,4,3,3,3,3,2,1,3,4,4,4,4,3,4,4,3,4,3,1,1,1,1,1,1,1,1,1,1,3,4,3,2,3,3,3,2,3,4
syn_aggregate_00610,19,2.0,0,0,0,0,0,0,0,0,0,0,0,0,0,0,1,0,0,0,1,0,1,0,0,0,1,0,0,0,0,1,2,1,1,2,1,1,1,1,1,4,3,3,4,3,3,3,3,2,2,1,2,1,1,1,1,2,1,1,2,2,4,4,3,4,3,3,3,3,4
syn_aggregate_00611,19,2.0,2,3,2,2,1,2,1,0,1,0,0,0,0,0,0,0,0,0,0,3,3,2,3,2,3,2,2,2,3,2,3,2,2,3,2,2,2,2,2,1,1,0,1,0,0,0,1,0,0,0,0,0,0,0,1,0,0,0,0,0,2,2,0,2,0,0,1,1,1
syn_aggregate_00612,18,2.0,3,3,2,2,1,2,1,0,0,1,1,1,1,1,0,0,0,1,0,4,4,4,4,4,4,4,3,3,4,4,4,4,4,4,4,4,4,4,4,4,4,4,4,4,4,4,4,3,4,1,2,1,1,1,1,2,0,1,1,1,2,2,1,2,2,1,2,2,1
syn_aggregate_00613,19,2.0,3,3,3,3,2,3,2,0,0,2,3,2,1,2,2,2,3,1,2,3,3,3,4,3,3,3,4,3,3,4,4,4,4,4,4,4,3,4,3,3,3,3,3,2,3,3,2,3,4,1,1,1,0,1,1,1,0,1,1,3,4,4,3,4,3,3,4,4,3
syn_aggregate_00614,21,2.0,0,0,0,0,0,0,0,0,0,0,0,0,0,1,0,0,0,0,0,2,2,2,2,2,2,2,2,2,2,0,0,0,0,0,0,0,0,0,0,0,0,0,0,0,0,0,0,2,0,0,1,0,0,0,0,0,0,0,0,0,0,1,0,0,0,0,0,1,0
syn_aggregate_00615,20,2.0,3,3,2,3,2,2,2,1,0,0,1,0,0,1,0,0,0,1,0,3,3,3,3,2,3,3,2,3,2,3,3,3,3,3,2,2,2,2,2,0,0,0,0,0,0,0,0,0,0,0,0,0,0,0,1,0,0,0,0,0,0,0,0,4,0,0,0,0,0
syn_aggregate_00616,22,1.0,1,2,1,1,1,0,1,0,1,0,0,0,0,0,0,0,0,4,0,2,2,2,2,1,2,2,2,2,2,4,4,4,4,3,3,4,4,3,2,3,3,3,4,3,3,3,2,3,3,0,1,0,0,0,0,0,0,0,1,1,3,3,1,3,2,2,3,2,3
syn_aggregate_00617,47,2.0,3,3,2,3,2,2,2,1,0,1,2,2,0,2,1,1,2,1,2,2,2,2,2,2,2,2,1,2,2,3,3,3,3,3,3,3,3,1,3,4,3,4,4,3,3,2,3,3,2,1,1,1,1,1,1,1,1,1,1,3,4,4,3,4,4,4,3,3,4
syn_aggregate_00618,50,2.0,3,3,2,3,2,2,1,0,0,0,1,0,0,0,0,0,0,0,0,1,1,1,1,1,1,1,1,1,1,2,2,2,2,1,2,2,1,2,1,4,4,4,4,3,3,3,3,3,3,1,1,1,1,1,1,1,0,0,0,3,4,3,3,4,3,2,3,3,3
syn_aggregate_00619,18,2.0,0,0,0,0,0,0,0,0,0,0,0,0,0,0,0,0,0,0,0,0,0,0,0,0,0,0,0,0,2,0,0,0,0,0,0,0,0,0,0,1,1,1,1,0,0,0,0,0,0,0,0,0,0,0,1,0,0,0,0,0,0,0,0,0,0,0,0,0,0
syn_aggregate_00620,20,2.0,3,3,3,3,2,3,3,2,3,1,2,2,1,1,2,1,1,2,1,3,3,2,3,2,3,2,2,2,3,4,4,4,4,4,4,4,4,3,4,3,2,2,3,2,2,2,2,3,2,1,2,1,1,2,1,1,1,2,2,4,4,4,4,4,4,4,4,4,2
syn_aggregate_00621,22,2.0,0,0,1,0,0,0,0,0,0,0,0,0,0,0,0,0,0,0,0,0,0,0,0,0,0,0,0,4,0,0,1,0,0,0,0,0,0,0,0,0,1,0,0,0,0,0,0,0,0,0,1,0,0,0,0,0,0,0,0,0,0,1,0,0,0,0,0,0,0
syn_aggregate_00622,18,2.0,3,3,3,3,3,3,3,2,0,0,3,0,0,0,0,0,0,0,0,1,1,1,1,1,1,0,0,0,0,1,2,2,1,2,1,2,2,2,1,2,2,2,2,1,1,1,1,1,2,0,0,0,0,0,0,0,0,0,0,0,3,3,0,2,2,1,2,2,4
syn_aggregate_00623,37,2.0,2,2,2,2,2,2,1,0,0,0,0,0,0,0,0,0,0,0,1,0,0,0,0,0,0,0,0,0,1,0,1,0,0,0,0,0,0,2,0,1,1,0,1,0,0,0,0,0,0,0,0,0,0,0,0,0,0,0,4,0,2,2,0,2,1,1,1,1,0
syn_aggregate_00624,21,2.0,2,2,1,2,0,0,1,0,0,0,1,0,0,0,0,0,0,0,0,3,3,3,3,3,2,3,3,3,2,3,3,3,3,2,2,2,3,2,3,4,4,4,4,3,3,3,3,3,3,1,1,1,0,1,0,1,0,0,0,3,4,4,3,4,3,2,4,3,3
syn_aggregate_00625,21,2.0,1,1,1,1,0,0,0,0,0,0,1,0,0,0,0,0,0,0,0,2,1,1,1,1,1,1,1,1,1,3,4,4,3,3,3,3,3,3,3,2,2,2,2,2,1,1,1,1,3,0,0,0,1,0,0,0,0,0,0,0,2,2,0,1,0,0,1,1,0
syn_aggregate_00626,22,2.0,3,3,3,3,3,3,3,2,2,0,0,0,0,0,0,0,1,0,0,2,2,1,2,1,2,1,1,1,1,2,2,2,2,2,2,2,1,1,2,4,4,4,4,3,4,4,3,3,3,0,0,0,0,0,0,0,0,0,1,1,3,3,1,3,2,2,2,2,1
syn_aggregate_00627,18,1.0,2,2,1,1,0,1,0,0,0,0,0,0,0,0,0,0,0,0,0,0,0,0,0,0,0,0,0,0,0,0,0,0,0,0,0,0,0,0,0,0,0,0,0,0,0,0,0,0,0,0,0,1,0,0,0,0,0,0,0,0,0,0,0,1,0,0,0,0,0
syn_aggregate_00628,19,2.0,0,2,0,0,0,0,0,0,0,0,0,0,0,0,0,0,0,0,0,0,0,1,0,1,0,0,1,0,1,2,3,2,2,2,2,2,2,2,1,1,1,0,1,0,0,0,0,1,0,0,1,0,0,0,0,0,0,0,0,0,2,2,0,1,0,0,1,1,0
syn_aggregate_00629,21,1.0,3,3,3,3,2,3,0,1,2,1,1,1,0,1,0,0,1,0,0,4,3,3,3,3,4,3,2,3,2,4,4,4,4,4,4,4,4,4,4,4,4,4,4,4,4,4,4,4,4,3,3,3,2,2,2,2,2,2,2,4,4,4,4,4,4,4,3,4,4
syn_aggregate_00630,46,2.0,3,3,2,3,2,2,0,0,0,2,2,2,2,2,3,2,2,2,1,4,4,4,4,3,4,4,4,3,4,2,3,3,2,2,2,3,2,2,1,4,4,3,4,3,4,3,4,3,3,0,0,0,0,0,0,0,0,0,4,1,3,3,1,3,2,2,2,2,2
syn_aggregate_00631,50,1.0,3,3,2,2,1,1,0,0,0,2,3,3,2,2,2,2,2,1,2,0,0,0,0,0,0,0,0,3,0,4,4,4,4,4,4,4,4,3,4,3,3,3,2,2,2,2,2,2,4,1,1,1,0,0,1,1,0,0,1,1,4,4,1,3,2,3,3,3,4
syn_aggregate_00632,19,2.0,3,3,2,3,1,2,1,0,1,0,1,0,0,0,0,0,0,0,0,3,3,3,3,2,3,3,2,2,2,3,4,4,3,3,3,4,4,3,2,2,2,2,2,1,2,2,2,1,1,1,2,1,0,1,1,1,1,1,1,4,4,4,4,4,3,4,4,3,3
syn_aggregate_00633,20,2.0,0,1,0,1,0,0,1,0,0,0,0,0,0,0,0,0,0,0,0,0,0,0,0,0,0,0,0,0,1,0,0,0,0,0,0,0,0,0,0,2,2,1,2,1,1,1,1,1,1,0,0,0,0,0,0,0,0,0,1,0,2,1,0,1,1,1,2,0,0
syn_aggregate_00634,49,2.0,0,0,0,1,0,0,0,0,0,0,0,0,0,0,0,0,0,4,0,1,1,0,1,0,1,0,0,0,0,0,0,0,0,0,0,0,0,0,0,2,1,1,2,0,1,0,0,1,1,0,0,1,0,0,0,1,0,1,0,1,2,2,1,2,2,1,2,2,2
syn_aggregate_00635,44,2.0,1,1,1,1,0,0,0,0,0,0,0,1,0,0,0,0,0,0,0,2,2,2,2,2,1,1,1,2,2,0,1,1,1,1,0,0,1,0,0,0,0,0,0,0,0,0,0,0,2,0,0,0,0,0,0,1,0,0,0,0,1,1,0,1,0,0,1,0,0
syn_aggregate_00636,22,1.0,3,3,3,3,3,3,3,3,3,0,0,0,0,0,0,0,0,0,0,1,2,1,2,1,2,1,2,1,2,4,4,4,4,4,4,4,4,3,3,4,4,3,4,3,3,3,2,2,4,1,1,0,1,1,1,0,1,0,1,3,4,4,4,4,4,4,4,4,4
syn_aggregate_00637,19,2.0,0,1,1,1,1,0,0,0,0,0,0,0,0,0,1,0,0,0,0,2,2,1,2,1,2,1,1,1,2,0,1,1,1,1,1,1,1,0,0,0,0,0,0,0,1,0,0,0,1,0,0,0,0,0,0,0,0,0,0,0,2,1,0,2,1,0,1,1,0
syn_aggregate_00638,18,2.0,3,3,3,3,3,3,3,3,3,1,1,1,0,1,1,0,1,0,0,2,2,1,1,1,2,1,1,1,2,4,4,4,4,4,4,4,4,4,4,4,4,4,4,4,3,4,4,3,4,2,2,2,2,2,2,2,1,2,2,4,4,4,4,4,4,4,4,4,4
syn_aggregate_00639,21,1.0,3,3,3,3,3,3,3,3,2,1,1,1,0,1,1,0,1,1,1,4,4,4,4,3,3,4,3,3,3,1,2,2,1,2,2,2,1,1,1,2,2,2,2,2,2,1,2,1,2,0,0,0,0,0,0,0,0,1,3,3,4,4,3,3,3,3,4,3,1
syn_aggregate_00640,20,2.0,2,2,1,2,1,1,1,0,0,0,0,0,0,0,0,0,0,0,1,0,0,0,0,0,0,0,0,0,1,0,0,0,0,0,0,0,0,0,4,3,3,3,3,3,3,2,3,3,2,0,0,0,0,0,0,0,0,0,0,0,3,3,2,2,2,1,2,2,2
syn_aggregate_00641,18,2.0,3,3,2,3,2,2,2,1,0,0,0,0,0,0,0,0,0,0,3,3,3,2,3,2,3,2,3,2,2,2,3,3,2,3,2,2,3,1,0,4,4,4,4,3,4,4,4,3,3,0,1,0,0,0,1,0,0,0,0,2,3,3,2,3,2,2,3,2,3
syn_aggregate_00642,20,1.0,3,3,2,2,1,2,1,0,0,0,0,0,0,0,0,0,0,0,0,0,0,0,0,0,0,0,0,0,0,0,2,1,0,1,0,1,1,0,1,0,0,0,1,0,0,0,0,1,0,0,0,0,0,0,0,0,0,1,0,0,2,2,0,2,1,1,2,1,0
syn_aggregate_00643,21,2.0,3,3,2,3,2,2,1,0,0,0,0,0,0,0,0,0,0,0,0,1,2,1,1,1,1,2,1,1,1,1,2,1,2,1,0,2,1,2,1,1,1,0,1,1,1,0,1,0,0,0,0,0,0,0,0,0,0,0,3,2,4,4,2,3,2,3,3,3,3
syn_aggregate_00644,22,1.0,2,2,1,1,1,1,0,0,0,1,1,1,0,0,0,0,0,0,0,0,0,0,0,0,0,0,0,0,0,0,0,0,0,0,0,0,1,0,0,1,1,1,2,1,0,0,0,0,1,0,1,0,0,0,0,0,0,0,0,2,2,2,2,2,0,0,0,0,0
syn_aggregate_00645,51,2.0,2,3,3,3,2,3,2,0,1,0,0,0,0,0,0,0,0,0,4,3,4,3,4,3,4,3,3,3,3,1,2,1,1,1,1,1,1,1,1,2,3,2,3,2,2,1,2,2,3,1,2,1,2,1,1,1,2,2,1,3,4,4,3,4,4,4,4,4,4
syn_aggregate_00646,19,2.0,2,3,2,2,1,1,0,0,0,0,0,0,0,0,0,0,0,0,4,2,2,1,1,1,1,1,1,1,1,0,1,0,0,0,0,0,0,2,0,1,1,0,0,0,0,0,0,1,0,0,1,0,0,0,0,0,0,0,0,2,4,4,3,3,3,3,3,3,2
syn_aggregate_00647,21,2.0,2,2,1,1,1,1,0,0,1,0,0,0,0,0,0,0,0,1,0,0,0,0,0,0,0,0,0,0,0,0,1,0,0,1,0,0,0,0,0,4,3,3,4,3,3,3,3,3,3,0,0,0,0,0,0,0,0,1,0,0,0,0,0,0,0,0,0,0,3
syn_aggregate_00648,19,2.0,3,3,3,3,3,3,3,3,3,1,1,1,1,1,1,2,1,1,0,4,4,4,3,3,4,4,3,3,3,3,3,3,3,3,3,3,3,3,2,4,4,4,4,4,4,4,4,4,4,2,3,2,2,2,3,2,2,2,2,4,4,4,4,4,4,4,4,4,4
syn_aggregate_00649,24,1.0,3,3,3,3,2,3,2,1,1,0,0,0,0,0,0,0,0,0,3,3,3,2,4,3,3,2,3,2,3,3,4,4,4,4,3,3,3,3,2,1,0,0,0,0,0,0,0,0,0,0,0,0,0,0,0,0,0,0,0,2,3,2,2,2,1,1,2,3,1
syn_aggregate_00650,20,1.0,3,3,3,3,3,3,3,2,2,0,0,1,0,0,0,0,0,1,0,3,4,3,4,3,3,4,4,2,1,3,4,3,3,3,3,2,3,3,2,1,1,1,1,0,0,0,0,0,0,1,1,1,1,1,1,1,1,1,1,0,2,1,0,2,0,0,1,1,0
syn_aggregate_00651,18,1.0,2,2,2,2,1,1,1,0,0,1,1,1,1,1,0,0,0,0,0,3,4,3,3,3,4,3,2,3,3,2,3,2,2,2,2,2,2,2,1,4,4,4,4,4,4,4,4,4,3,0,1,1,0,1,0,1,0,1,1,2,4,4,2,4,3,3,3,3,2
syn_aggregate_00652,20,2.0,3,3,2,3,1,2,2,0,1,0,0,0,0,0,0,0,0,0,1,0,0,0,0,0,0,0,0,3,0,0,0,0,0,0,0,0,0,0,2,3,3,3,3,3,3,3,3,3,3,0,0,0,0,0,0,0,0,0,0,1,3,3,2,3,2,2,3,3,3
syn_aggregate_00653,19,2.0,2,2,1,1,1,1,0,0,1,0,0,0,0,1,0,1,0,0,0,2,2,2,1,2,1,2,1,1,2,2,2,2,1,2,1,2,1,0,2,4,4,4,4,4,3,3,3,3,3,1,1,1,1,1,2,1,1,1,1,0,1,1,0,1,0,0,0,1,0
syn_aggregate_00654,19,2.0,3,3,2,3,1,2,2,0,1,0,0,0,0,0,0,0,0,0,1,2,2,2,3,2,2,2,2,2,1,1,2,2,1,1,2,1,2,1,1,3,3,3,3,3,3,3,2,3,2,0,0,0,0,0,0,0,0,0,1,2,3,3,2,3,3,2,3,3,2
syn_aggregate_00655,19,2.0,3,3,2,3,1,1,1,0,0,0,1,1,0,1,0,0,1,1,1,2,2,2,1,2,2,2,2,2,2,2,3,2,2,2,2,1,2,1,1,3,3,3,3,2,2,2,2,2,2,0,0,0,0,0,0,0,2,0,0,3,4,4,3,4,4,3,4,4,2
syn_aggregate_00656,20,2.0,2,3,2,2,1,2,1,0,0,1,1,2,0,1,1,0,0,1,0,3,3,2,3,2,3,2,3,3,2,0,1,1,0,1,0,1,1,0,0,0,0,0,0,0,0,0,0,1,3,0,0,0,0,0,0,1,0,0,0,0,0,0,0,4,0,0,0,0,0
syn_aggregate_00657,45,2.0,3,3,2,3,2,3,2,2,0,1,2,1,0,1,1,0,1,2,1,4,4,4,4,4,4,4,3,3,2,3,4,4,4,4,4,4,4,4,3,4,4,4,4,4,4,4,4,3,3,1,1,1,0,1,1,0,0,0,0,3,4,4,3,4,4,4,4,3,3
syn_aggregate_00658,46,2.0,2,2,2,2,1,1,1,0,0,0,0,0,0,0,0,0,0,0,0,0,1,0,0,1,0,1,0,0,0,3,4,4,3,3,3,3,2,3,2,2,2,2,2,2,2,2,2,3,2,0,0,0,1,0,0,0,0,0,0,3,4,4,3,4,4,4,4,4,3
syn_aggregate_00659,22,2.0,3,3,2,3,2,0,0,0,0,0,1,0,0,0,0,0,0,0,0,0,1,0,0,0,0,0,0,0,0,0,2,2,1,2,1,2,1,1,3,0,0,0,0,0,0,0,0,0,2,1,1,1,1,0,1,1,1,0,0,0,2,1,0,2,0,0,2,1,0
syn_aggregate_00660,18,2.0,2,3,2,3,2,2,0,0,0,1,0,0,0,0,0,0,1,0,0,3,3,3,3,2,3,3,2,3,2,3,3,3,3,3,3,3,3,3,2,4,3,3,4,3,3,3,2,3,4,0,1,0,0,0,0,0,0,0,1,1,4,3,1,3,2,2,2,2,1
syn_aggregate_00661,20,2.0,1,0,0,0,0,0,0,0,0,0,0,0,0,0,0,0,0,0,3,1,2,1,1,1,2,1,1,1,2,2,3,3,2,2,2,2,2,1,2,1,0,0,1,0,0,0,0,0,0,0,2,0,0,0,0,0,0,0,0,0,0,0,0,0,0,0,0,0,0
syn_aggregate_00662,18,2.0,2,2,1,1,0,0,1,0,0,0,0,0,0,0,0,0,0,0,0,2,3,2,2,2,2,2,2,1,3,3,4,3,3,3,3,2,3,2,2,4,4,4,4,3,4,4,4,3,1,0,0,0,0,0,0,0,0,0,0,0,2,1,0,2,1,1,1,1,0
syn_aggregate_00663,38,2.0,0,0,0,0,0,0,0,0,0,0,0,0,0,0,0,0,0,0,0,4,4,4,4,3,4,3,3,3,2,3,4,3,3,3,3,3,3,3,3,2,2,1,2,2,1,1,1,1,1,1,2,1,0,1,1,2,1,0,2,0,2,2,0,2,1,1,1,1,0
syn_aggregate_00664,18,2.0,2,1,0,1,0,1,0,0,0,0,0,0,0,0,0,0,0,0,0,0,0,0,0,0,0,0,0,0,2,2,3,3,2,2,2,2,3,2,1,4,3,3,4,2,3,3,3,3,2,0,0,0,1,0,0,0,1,0,1,0,3,2,1,3,1,1,2,1,1
syn_aggregate_00665,20,1.0,1,1,0,0,1,0,0,0,0,0,0,0,0,1,0,0,0,1,0,0,1,0,0,0,1,0,0,0,1,0,2,1,0,2,1,1,1,1,0,1,0,1,1,0,0,0,0,1,0,0,0,0,0,0,2,0,0,0,0,0,2,2,0,2,0,0,2,1,1
syn_aggregate_00666,18,1.0,0,1,1,1,0,0,1,0,0,1,1,1,0,1,0,0,1,0,0,3,3,2,3,3,2,2,2,2,2,2,2,2,2,1,2,2,2,2,2,1,1,0,1,0,0,0,0,0,0,2,2,2,1,2,1,2,1,1,1,0,2,2,0,2,0,0,2,1,0
syn_aggregate_00667,19,2.0,2,3,2,2,1,1,0,0,1,0,1,0,0,0,0,0,0,0,0,4,3,3,4,3,3,3,4,3,2,4,4,4,4,3,4,4,3,3,3,3,3,2,3,2,2,1,2,2,2,0,0,0,0,0,0,0,1,0,0,0,0,0,0,0,2,0,0,0,0
syn_aggregate_00668,21,2.0,3,3,3,3,2,2,1,1,1,2,2,2,1,2,1,0,0,1,2,1,1,0,0,0,1,0,0,1,0,1,2,2,2,1,1,1,1,1,1,2,3,2,3,2,1,1,2,2,3,0,0,0,0,0,0,1,0,0,0,0,1,1,0,2,1,1,1,0,0
syn_aggregate_00669,18,2.0,2,2,1,2,1,1,1,0,0,1,2,1,1,2,1,0,2,1,0,4,3,3,3,3,4,4,3,2,2,2,3,3,2,2,2,2,3,2,2,2,2,1,2,1,0,0,1,1,0,0,0,0,0,0,0,0,0,0,1,2,4,4,2,4,3,3,3,3,3
syn_aggregate_00670,20,2.0,2,2,2,2,1,2,1,0,0,0,0,0,0,0,0,0,0,0,3,0,0,0,0,0,1,1,0,0,0,0,0,0,0,0,0,0,0,2,0,3,3,2,3,2,2,1,2,2,1,0,0,0,0,0,0,0,0,1,0,0,1,1,0,1,0,0,1,1,0
syn_aggregate_00671,20,2.0,3,3,1,2,0,1,1,0,1,0,0,0,0,0,0,0,0,0,0,2,2,1,1,1,1,1,1,1,2,1,2,2,1,2,1,1,2,1,1,4,4,4,4,4,4,4,4,3,4,0,0,0,0,0,0,0,0,0,0,3,4,4,3,4,3,3,3,3,3
syn_aggregate_00672,43,1.0,3,3,3,3,3,3,3,3,0,2,2,2,1,1,1,1,1,1,2,4,4,4,4,4,4,4,4,3,3,4,4,4,4,3,4,4,4,4,3,2,2,2,2,1,2,1,1,2,2,2,2,2,2,2,2,2,1,1,2,4,4,4,4,4,4,4,4,4,4
syn_aggregate_00673,46,1.0,0,0,0,0,0,0,0,0,0,0,0,0,0,0,0,0,0,0,0,3,3,3,2,3,3,3,3,3,3,1,3,3,2,2,1,2,2,1,0,4,3,3,4,3,3,3,2,3,2,0,1,1,0,1,1,1,0,0,1,0,1,1,0,1,0,0,1,1,0
syn_aggregate_00674,19,2.0,2,3,2,3,1,2,2,1,2,1,2,2,1,1,1,1,1,1,0,4,4,4,4,4,4,4,4,4,4,2,3,2,2,2,2,2,2,1,2,4,3,3,4,3,3,3,3,2,2,0,1,0,0,0,0,0,0,0,0,4,4,4,4,4,4,4,4,4,4
syn_aggregate_00675,50,2.0,2,2,2,2,1,1,1,1,1,0,0,0,0,0,0,0,0,0,0,2,2,1,2,2,2,1,2,1,2,3,4,4,3,3,4,3,3,3,4,3,3,3,3,2,3,3,2,3,2,0,1,0,0,0,0,0,0,0,0,0,2,2,0,1,1,0,1,1,0
syn_aggregate_00676,18,2.0,2,3,2,1,0,2,0,0,0,0,0,0,0,0,0,0,0,0,3,0,0,0,0,0,0,0,0,1,0,1,1,0,1,1,0,1,0,0,0,0,0,0,0,0,0,0,0,1,1,0,0,0,0,0,1,1,0,0,0,0,0,0,0,1,0,0,0,0,2
syn_aggregate_00677,22,2.0,0,1,1,2,0,0,0,0,0,1,1,1,0,1,0,1,0,1,0,4,4,3,4,3,4,3,3,2,1,0,1,1,1,1,1,1,1,1,0,2,2,2,2,2,1,1,1,2,1,1,1,0,0,1,0,1,1,0,1,1,2,2,1,2,1,1,2,2,2
syn_aggregate_00678,18,1.0,1,1,0,1,1,0,0,0,0,0,0,0,0,0,0,0,0,0,0,2,1,1,1,1,1,1,0,1,0,0,0,0,0,0,0,0,0,0,0,2,2,2,2,1,2,1,2,2,1,0,0,0,0,0,0,0,0,0,2,0,0,0,0,0,0,0,0,1,0
syn_aggregate_00679,29,2.0,3,3,3,3,3,3,3,3,2,1,1,1,0,1,0,0,1,0,0,3,3,2,3,2,3,2,2,2,1,0,2,1,1,2,1,1,1,1,2,3,4,3,3,3,3,3,3,3,2,0,0,0,0,0,0,0,0,0,0,0,1,1,0,1,0,0,1,1,0
syn_aggregate_00680,22,2.0,3,3,2,2,1,1,1,1,0,0,0,0,0,0,0,0,0,2,0,3,3,2,3,2,3,2,2,2,2,1,2,2,1,2,1,2,1,1,2,1,1,1,1,1,1,1,0,0,0,0,0,0,0,0,0,0,0,0,3,0,1,1,0,1,1,1,1,1,1
syn_aggregate_00681,20,1.0,2,3,2,2,1,1,1,0,0,0,0,0,0,0,0,0,0,1,0,3,3,3,4,3,4,3,3,3,3,0,1,0,0,0,0,0,0,0,0,3,3,3,3,3,3,3,3,2,3,1,1,1,0,0,0,1,0,1,1,0,0,0,0,0,0,0,0,2,0
syn_aggregate_00682,20,2.0,3,3,2,3,2,3,2,1,0,0,0,0,0,0,0,0,0,0,3,1,2,1,1,1,2,1,1,1,1,3,4,4,3,3,3,4,2,2,3,4,4,4,4,4,4,3,4,3,3,1,1,1,1,1,0,1,0,1,1,3,4,4,3,4,3,4,4,4,3
syn_aggregate_00683,20,1.0,0,1,0,1,0,0,0,0,0,0,0,0,0,0,0,0,0,3,0,3,3,3,3,2,2,2,2,2,2,3,4,4,3,4,3,4,4,3,3,4,4,4,4,3,4,4,3,4,4,1,1,1,1,1,2,1,2,1,1,1,3,3,1,3,2,2,3,2,4
syn_aggregate_00684,20,2.0,3,3,2,2,2,2,1,1,0,0,0,0,0,0,0,0,0,0,0,1,1,0,1,1,1,1,0,1,0,1,1,1,1,1,0,1,1,0,0,2,1,2,1,1,1,1,1,1,1,0,2,0,0,0,0,0,0,0,0,3,4,4,3,4,3,3,4,3,4
syn_aggregate_00685,18,2.0,1,1,1,1,1,0,0,0,0,0,0,0,0,0,1,0,0,0,0,2,2,2,2,2,2,1,1,2,1,1,2,2,1,2,1,1,1,1,0,2,2,2,3,2,1,2,2,1,2,1,1,1,0,0,0,0,0,0,0,0,2,1,0,1,0,0,0,0,0
syn_aggregate_00686,24,2.0,2,2,1,1,1,0,0,0,0,0,0,0,0,0,0,0,0,0,2,0,0,1,0,0,0,0,0,0,0,0,0,0,0,0,0,0,0,0,0,2,2,1,1,1,0,0,1,1,3,0,1,1,0,0,0,0,0,0,0,1,3,2,1,2,2,1,2,2,0
syn_aggregate_00687,18,2.0,2,3,2,2,1,1,1,0,0,0,0,0,0,0,0,0,0,0,1,3,4,3,3,3,4,3,2,2,1,3,3,3,3,3,2,3,2,2,2,1,1,1,2,1,1,0,1,1,2,0,0,0,0,0,0,0,0,0,0,1,3,2,1,2,2,1,2,2,1
syn_aggregate_00688,18,1.0,3,3,3,3,3,2,2,0,0,1,1,1,0,0,0,0,0,1,0,4,4,4,4,3,3,3,3,3,2,4,4,4,4,4,4,4,3,4,4,3,2,2,3,2,2,1,2,2,2,2,1,1,1,1,2,2,2,0,2,4,4,4,4,4,4,4,4,4,4
syn_aggregate_00689,21,1.0,3,3,2,3,2,1,0,0,0,0,2,0,0,0,0,0,0,0,0,0,0,0,0,0,0,0,0,0,3,0,1,0,0,1,0,0,0,0,0,0,0,0,0,0,1,0,0,0,1,0,0,0,0,1,0,1,0,0,0,0,1,1,0,1,0,0,0,0,0
syn_aggregate_00690,19,2.0,3,3,3,3,3,3,3,3,3,1,2,1,0,1,1,1,1,2,1,2,2,1,2,1,2,1,1,1,2,4,4,4,4,4,4,4,3,4,4,4,3,3,4,3,4,3,3,2,3,3,3,3,2,2,3,2,2,2,2,4,4,4,4,4,4,4,4,4,3
syn_aggregate_00691,19,2.0,2,2,1,2,1,2,1,0,0,0,0,0,0,0,0,0,1,1,0,0,1,0,0,0,0,0,0,0,0,2,3,2,2,2,2,2,2,2,1,1,1,1,2,1,0,2,1,1,1,0,1,0,0,0,0,0,1,0,0,0,1,1,0,1,0,0,0,0,0
syn_aggregate_00692,21,1.0,3,3,3,3,2,3,2,0,0,0,0,1,0,0,0,0,0,0,0,4,4,3,4,4,4,4,3,3,2,3,3,3,3,3,2,2,2,2,3,3,3,3,3,2,2,2,2,2,1,0,0,0,0,0,0,0,0,0,3,4,4,4,4,4,3,3,3,3,3
syn_aggregate_00693,19,2.0,3,3,2,2,1,2,1,1,1,1,1,1,0,1,1,0,1,0,0,4,4,3,4,3,4,3,3,3,1,3,4,3,3,3,2,3,3,2,2,3,3,3,3,3,3,2,3,3,2,0,0,0,0,0,0,0,0,0,3,3,4,4,3,4,3,3,4,4,2
syn_aggregate_00694,20,2.0,3,3,2,3,1,2,2,1,0,0,0,0,0,0,0,0,0,0,0,4,4,3,4,3,4,4,3,3,4,3,4,4,3,3,4,4,2,3,2,0,0,0,0,0,0,0,0,0,0,0,1,0,0,0,1,1,0,1,0,2,4,4,3,4,3,3,3,3,1
syn_aggregate_00695,19,2.0,3,3,2,2,1,0,0,0,0,0,0,0,0,0,1,0,0,0,0,1,1,1,1,1,1,1,1,1,1,1,2,2,2,2,1,2,2,2,1,1,1,0,1,0,1,1,0,1,1,0,1,0,0,0,0,0,1,0,0,0,0,0,0,0,0,0,0,0,0
syn_aggregate_00696,19,2.0,1,1,1,1,0,0,0,0,0,0,0,0,0,0,0,0,0,0,3,3,3,3,2,2,3,2,2,3,2,0,0,0,0,0,2,0,0,0,0,4,4,4,4,4,4,4,4,4,3,0,0,0,0,0,1,1,0,0,0,0,1,0,0,0,0,0,0,0,0
syn_aggregate_00697,21,2.0,3,3,2,3,2,1,1,0,1,0,0,0,0,0,0,0,0,3,0,2,2,1,2,1,2,1,1,1,2,3,4,4,4,3,3,3,3,3,2,2,2,2,2,1,1,1,1,1,1,0,1,0,0,0,0,0,0,0,0,2,4,4,2,4,3,2,4,3,1
syn_aggregate_00698,18,2.0,3,3,2,3,2,3,2,1,0,1,2,1,1,1,2,1,1,1,2,3,2,3,2,2,3,1,2,2,1,0,2,1,1,1,1,1,1,1,1,3,3,3,3,3,2,2,3,3,2,1,1,1,0,0,1,0,1,0,1,1,4,3,2,4,3,2,3,3,2
syn_aggregate_00699,26,2.0,0,1,0,0,1,0,0,0,0,1,1,1,0,1,1,0,1,1,1,2,2,1,2,2,2,1,1,1,2,3,3,3,3,3,3,3,3,3,2,0,0,0,1,1,0,0,0,0,0,0,0,0,0,0,0,0,0,0,3,0,0,0,0,0,0,0,0,0,4
syn_aggregate_00700,50,2.0,2,2,1,1,0,1,1,0,0,0,1,0,0,0,0,0,0,0,0,2,2,2,2,2,2,2,2,2,2,0,0,0,0,0,2,0,0,0,0,1,1,1,1,1,1,1,1,1,2,0,0,1,0,0,1,0,0,0,0,0,1,1,0,1,0,0,0,0,0
syn_aggregate_00701,21,1.0,0,0,0,0,3,0,0,0,0,0,0,1,0,0,0,0,0,0,0,2,2,2,1,1,2,1,1,1,2,3,3,3,2,3,3,2,2,3,2,0,2,0,0,0,0,0,0,0,0,0,1,0,0,1,1,1,0,0,0,0,1,1,0,2,0,0,1,0,0
syn_aggregate_00702,18,1.0,3,3,3,3,3,3,3,2,3,1,1,0,0,0,1,0,0,1,0,2,2,2,2,2,2,1,2,1,2,1,2,2,1,2,1,2,2,1,2,3,2,2,3,2,3,2,2,3,2,0,0,0,0,0,0,0,0,0,3,3,4,4,3,4,4,3,4,4,2
syn_aggregate_00703,22,2.0,3,3,0,2,0,2,2,0,0,0,0,0,0,0,0,0,0,0,0,1,1,1,0,1,1,1,0,2,1,1,2,2,1,2,1,2,2,1,0,3,2,2,3,2,1,1,0,1,3,0,0,0,0,0,0,0,0,0,0,2,4,3,2,3,3,2,3,3,2
syn_aggregate_00704,22,1.0,3,3,3,3,2,3,3,2,0,1,1,1,1,1,0,0,1,0,0,4,4,4,4,4,4,4,4,4,4,4,4,4,4,4,4,4,4,4,3,4,4,4,4,4,4,4,4,4,4,1,1,1,1,1,1,1,0,0,0,3,4,4,3,4,4,4,4,4,3
syn_aggregate_00705,40,1.0,3,3,3,3,3,3,3,3,1,1,2,2,1,1,1,2,1,2,1,4,4,4,4,4,4,4,4,4,3,4,4,4,4,3,4,4,3,4,3,4,4,4,4,3,3,4,4,3,2,1,2,1,2,1,2,1,1,1,1,3,4,4,3,4,3,3,4,3,4
syn_aggregate_00706,42,2.0,1,2,1,1,1,0,1,0,0,0,0,0,0,0,0,0,0,0,2,1,1,0,0,0,0,0,1,0,0,2,3,2,2,2,2,2,2,1,1,2,3,2,3,2,2,2,2,2,2,0,0,0,0,0,0,0,0,0,0,2,3,3,2,3,2,2,3,2,3
syn_aggregate_00707,19,2.0,3,3,3,3,2,3,2,2,2,1,2,1,0,0,1,0,1,1,1,0,0,0,0,0,0,0,0,0,3,0,1,1,0,0,0,0,1,0,0,4,3,4,4,2,4,3,3,2,2,0,0,0,0,0,0,0,0,4,0,1,3,3,1,3,2,2,2,2,1
syn_aggregate_00708,18,2.0,0,1,0,1,0,0,1,0,0,1,1,1,1,1,2,2,1,2,1,0,0,0,0,0,0,0,0,0,0,1,1,1,1,1,0,0,0,0,0,0,0,0,2,0,0,0,0,0,0,1,1,1,1,1,1,1,0,0,0,3,4,4,3,4,3,3,4,4,3
syn_aggregate_00709,21,1.0,1,2,0,1,0,1,1,0,1,0,0,0,0,0,0,0,0,0,1,4,4,4,4,4,4,4,4,4,4,4,4,4,4,4,4,4,4,3,3,2,2,2,2,1,1,2,2,2,1,1,2,1,1,1,1,1,0,0,1,2,4,4,2,4,3,3,3,2,1
syn_aggregate_00710,21,1.0,1,1,1,1,0,0,0,0,0,1,2,1,1,1,1,0,1,1,1,1,1,1,1,1,1,1,1,1,1,0,1,0,1,0,0,1,0,1,1,2,2,2,2,2,2,2,2,1,1,3,3,2,2,2,3,3,1,1,4,0,2,1,0,2,1,0,1,2,1
syn_aggregate_00711,19,2.0,1,1,1,0,0,0,0,0,0,0,0,0,0,0,0,0,0,1,0,1,1,0,1,0,1,0,0,1,1,0,0,0,0,0,0,0,0,0,4,0,0,0,0,0,0,0,0,2,0,0,0,1,0,0,0,0,0,0,0,0,2,1,0,1,0,0,2,0,0
syn_aggregate_00712,22,1.0,3,3,3,3,2,3,2,2,2,1,1,1,0,0,0,0,0,0,0,1,1,0,1,0,1,0,1,0,0,1,1,1,1,1,1,0,1,0,3,2,3,2,2,2,2,1,2,2,2,0,1,0,0,1,1,0,1,1,0,2,4,3,2,3,3,3,3,3,2
syn_aggregate_00713,22,2.0,2,2,1,1,1,0,0,0,0,0,0,0,0,0,2,0,0,0,0,4,4,4,4,4,4,4,3,3,4,1,2,2,1,2,1,2,2,1,0,0,0,0,0,0,0,1,0,0,0,0,0,0,0,0,0,0,0,0,0,0,1,0,0,0,0,0,0,0,0
syn_aggregate_00714,20,2.0,3,3,2,2,1,1,0,0,0,0,0,0,0,0,0,0,0,0,3,4,4,3,4,3,4,3,3,3,1,1,2,2,2,1,2,2,2,1,3,4,3,3,4,4,3,2,3,3,4,0,0,0,0,0,0,0,0,0,0,1,3,3,1,3,2,1,3,3,3
syn_aggregate_00715,38,1.0,3,3,2,3,1,2,1,0,1,0,0,0,0,0,0,0,0,0,2,3,3,2,3,3,3,2,3,2,3,2,3,3,2,2,2,2,1,1,1,0,0,0,0,0,0,0,0,0,1,0,0,0,0,0,0,0,0,0,3,0,2,1,0,2,0,0,1,1,0
syn_aggregate_00716,20,2.0,1,2,1,1,1,1,1,1,0,0,0,0,0,0,0,0,0,0,3,3,3,2,3,3,2,2,2,2,2,4,4,4,4,4,3,3,3,3,3,3,3,3,3,2,3,2,2,3,2,0,0,0,0,0,0,0,0,1,0,2,3,3,2,3,1,2,3,2,2
syn_aggregate_00717,20,1.0,3,3,3,3,2,3,3,1,0,0,0,0,0,0,0,0,0,0,4,3,3,3,3,3,2,2,3,2,3,3,4,4,4,3,3,4,4,3,2,2,2,2,2,1,2,1,1,2,2,1,2,1,1,1,2,1,1,1,0,2,3,3,2,3,2,2,2,1,1
syn_aggregate_00718,18,2.0,2,2,2,2,1,1,1,0,1,0,1,0,0,0,0,0,0,0,0,3,3,3,3,3,4,3,3,3,3,0,0,0,0,0,0,1,0,2,0,2,1,1,1,1,0,0,1,1,0,0,0,0,0,0,1,0,0,0,2,2,4,3,2,3,2,2,3,3,3
syn_aggregate_00719,19,2.0,1,1,0,1,1,0,0,0,2,0,0,0,0,0,0,0,0,0,0,3,3,2,3,3,3,3,2,3,3,0,0,0,0,0,0,0,0,1,0,2,1,1,2,0,1,1,0,1,2,0,0,0,0,0,0,0,0,3,0,0,1,1,0,1,0,0,1,1,0
syn_aggregate_00720,19,1.0,3,3,3,3,3,3,3,2,2,1,2,2,1,1,1,1,1,1,0,4,4,4,4,4,4,4,4,4,3,4,4,4,4,4,4,4,3,4,4,4,4,4,4,3,4,4,4,3,3,1,1,1,1,1,0,0,0,0,1,2,3,4,2,3,3,3,4,3,3
syn_aggregate_00721,21,2.0,0,1,0,0,0,0,1,0,0,0,0,0,0,0,0,0,0,0,2,4,4,4,4,4,4,4,4,3,3,0,1,1,1,1,0,1,1,0,0,3,3,3,3,3,2,2,2,3,3,1,1,1,1,1,1,1,1,1,1,0,1,1,0,1,0,0,0,0,0
syn_aggregate_00722,22,1.0,2,2,2,2,1,1,1,0,0,0,0,0,0,0,0,0,0,4,0,4,4,4,4,4,4,3,4,3,4,0,2,1,1,1,0,1,1,0,0,4,4,4,4,4,4,4,4,4,3,0,0,0,0,0,0,4,0,0,0,0,1,0,0,1,0,0,0,0,0
syn_aggregate_00723,18,2.0,3,3,3,3,3,3,3,2,1,0,1,0,0,0,0,0,0,1,0,2,3,2,3,2,2,2,2,2,2,3,3,3,3,3,2,3,2,3,2,4,4,4,4,4,4,3,4,3,4,1,1,1,1,0,0,0,0,0,0,0,2,2,1,2,2,2,2,2,1
syn_aggregate_00724,18,1.0,0,0,0,0,0,0,0,0,0,0,0,0,0,0,0,0,0,0,0,1,1,0,1,0,0,0,1,0,2,0,0,0,0,0,0,0,0,0,0,2,1,1,2,1,0,0,0,0,0,0,0,0,0,0,0,0,0,0,0,0,0,0,0,0,0,0,0,0,2
syn_aggregate_00725,18,2.0,3,3,3,3,3,2,2,2,1,0,1,0,0,1,0,0,1,0,0,4,4,4,4,4,4,4,4,3,4,4,4,4,3,4,4,4,4,3,4,3,3,3,3,2,3,2,3,3,2,0,0,0,0,0,0,1,0,0,0,3,4,4,3,4,3,2,3,2,1
syn_aggregate_00726,18,2.0,0,2,0,0,0,0,0,0,0,0,0,0,0,0,0,0,0,0,0,1,2,1,1,1,2,1,1,1,1,1,1,1,1,1,0,0,1,1,1,3,3,2,3,2,3,2,2,2,2,0,0,0,0,0,0,1,1,0,0,0,2,1,0,1,1,1,1,1,0
syn_aggregate_00727,49,2.0,0,2,0,0,0,0,0,0,0,1,1,1,0,1,0,0,0,1,0,4,4,4,4,3,4,4,3,3,2,2,3,2,2,2,2,2,2,2,2,4,4,4,4,3,3,3,4,3,3,0,0,0,0,0,2,0,0,0,0,2,4,3,3,3,2,2,3,2,2
syn_aggregate_00728,41,2.0,3,3,3,3,3,3,3,3,1,1,2,1,1,1,1,1,1,1,1,1,1,1,1,1,1,1,1,1,1,3,4,3,3,3,2,3,2,2,3,1,0,0,1,0,0,0,0,0,0,1,1,1,1,1,1,1,1,1,1,2,4,4,2,4,3,3,3,3,1
syn_aggregate_00729,21,2.0,3,3,2,2,1,2,1,0,0,0,0,0,0,0,0,0,0,0,3,1,2,1,1,1,2,1,1,1,2,4,4,4,4,4,4,4,4,3,3,4,4,4,4,3,4,3,4,4,3,1,1,1,1,1,1,0,1,0,0,0,1,1,0,1,0,0,1,0,0
syn_aggregate_00730,22,2.0,2,2,1,2,1,1,1,0,0,0,1,0,0,0,0,0,0,0,0,1,1,1,1,1,1,0,1,0,0,2,3,2,2,2,2,2,2,1,2,2,2,1,2,1,1,1,0,0,0,0,0,0,0,1,0,0,1,1,0,0,3,2,1,2,1,1,1,2,1
syn_aggregate_00731,35,2.0,1,1,1,0,0,0,0,0,0,0,0,0,0,0,0,0,0,0,0,1,2,1,1,2,1,1,1,1,1,0,0,0,1,0,0,0,1,0,0,0,0,0,0,0,1,0,0,0,0,0,0,0,0,0,0,0,1,0,0,0,0,0,0,0,0,0,1,0,0
syn_aggregate_00732,20,2.0,2,2,1,1,1,1,0,0,0,1,2,1,1,1,1,0,0,1,0,3,3,2,3,3,2,2,2,1,1,2,3,3,2,2,2,2,2,2,1,2,2,2,3,1,1,1,1,2,3,0,0,0,0,0,0,0,0,1,0,3,4,4,3,4,4,4,4,4,4
syn_aggregate_00733,27,2.0,3,3,3,3,3,3,3,3,2,0,0,0,0,0,0,0,0,0,4,2,2,2,2,2,3,3,2,2,3,3,4,4,4,3,4,4,3,2,2,4,3,3,3,2,3,4,3,3,2,0,1,0,0,0,1,0,0,1,1,3,4,4,3,4,3,4,4,4,3
syn_aggregate_00734,18,2.0,3,3,2,3,2,2,2,1,1,1,1,1,0,1,1,0,0,0,0,4,4,4,4,4,4,4,4,4,3,4,4,4,4,4,4,4,3,4,4,4,4,4,4,4,4,4,4,4,4,2,3,2,2,2,3,2,2,2,2,3,4,4,4,4,4,4,4,4,3
syn_aggregate_00735,21,2.0,2,2,1,2,1,1,1,0,0,0,0,0,0,0,1,1,0,0,0,4,4,4,4,4,4,4,3,4,3,2,3,3,2,2,2,2,2,1,1,4,4,4,4,3,4,4,4,3,1,0,0,0,0,0,0,0,0,0,1,1,3,3,1,3,2,2,2,2,2
syn_aggregate_00736,,1.0,3,3,2,2,2,2,1,0,0,0,0,0,0,0,2,0,0,0,0,2,3,3,2,2,3,2,2,2,3,0,2,1,1,1,1,1,2,1,0,2,2,2,2,1,2,2,2,1,2,0,0,0,0,0,0,0,0,0,2,0,2,2,0,2,1,1,2,2,0
syn_aggregate_00737,19,1.0,2,2,1,1,1,1,1,0,0,0,0,0,0,0,0,0,0,0,0,0,1,0,0,0,1,0,1,0,0,0,0,0,0,0,0,0,0,0,0,1,1,1,1,1,1,1,1,1,1,1,1,0,0,0,1,0,0,0,0,0,1,0,0,0,0,0,0,1,0
syn_aggregate_00738,19,1.0,3,3,1,2,1,1,0,0,0,1,1,1,1,1,1,1,1,1,1,3,4,4,4,3,4,3,3,3,3,4,4,4,4,4,4,4,4,4,4,3,3,3,4,3,3,3,2,3,3,1,1,1,1,1,1,1,0,1,1,1,3,2,1,3,2,2,3,2,3
syn_aggregate_00739,28,2.0,2,2,2,2,0,1,2,1,0,0,0,0,0,0,0,0,0,0,0,0,0,0,0,0,0,0,0,0,0,0,0,0,0,1,0,0,0,0,0,0,0,0,0,0,0,0,0,0,0,0,0,1,0,0,0,0,0,0,0,0,2,2,0,2,1,1,2,1,0
syn_aggregate_00740,21,2.0,2,2,2,2,1,1,1,0,1,0,0,0,0,0,0,0,0,0,0,3,2,2,3,2,2,2,2,2,2,0,1,0,0,1,0,0,0,0,0,2,1,1,1,1,1,0,1,1,1,0,0,0,0,0,0,0,0,0,0,1,3,3,1,3,2,2,2,2,2
syn_aggregate_00741,20,1.0,1,1,1,1,0,0,0,0,0,0,0,1,0,0,0,0,0,1,0,1,1,1,1,1,1,0,0,0,0,0,0,0,0,0,0,0,0,1,0,1,1,0,1,0,1,0,0,1,0,0,0,0,0,0,0,0,0,0,0,0,2,1,0,2,0,0,1,0,0
syn_aggregate_00742,21,1.0,2,2,1,1,0,0,1,0,0,0,0,0,0,1,0,1,0,0,0,1,2,0,1,1,2,1,0,1,3,3,4,4,3,3,3,3,3,3,1,3,3,2,3,2,2,2,2,2,2,0,0,1,0,0,0,0,0,1,1,0,3,3,1,2,2,2,2,1,2
syn_aggregate_00743,19,2.0,1,2,1,2,1,1,1,0,0,0,1,0,0,0,2,0,0,0,0,2,2,1,1,1,1,1,1,1,2,0,1,0,0,0,0,0,0,0,0,3,3,3,3,3,3,3,3,2,3,0,0,0,1,0,0,0,0,1,0,1,3,2,1,2,1,1,2,2,1
syn_aggregate_00744,20,2.0,0,1,0,0,0,0,0,0,0,0,0,0,0,0,0,0,0,0,0,0,0,0,0,0,0,0,0,3,0,1,2,2,2,2,1,2,2,2,1,0,0,0,0,0,0,0,0,0,0,0,0,0,0,0,0,0,0,0,0,0,1,0,0,0,0,0,1,0,0
syn_aggregate_00745,20,1.0,3,3,2,2,2,1,1,1,0,1,2,1,1,2,1,1,1,1,1,4,4,4,4,4,4,4,4,3,3,4,4,4,3,3,3,3,3,3,1,2,2,2,3,1,1,1,1,2,1,1,1,1,0,1,1,1,0,1,1,3,4,4,3,4,3,3,3,3,2
syn_aggregate_00746,20,2.0,3,3,2,3,2,2,1,1,2,0,0,0,0,0,0,0,0,0,0,0,1,0,0,0,0,0,0,0,0,3,4,3,3,3,3,2,3,3,2,3,3,2,3,2,2,2,2,2,2,1,0,1,0,1,1,0,1,0,0,0,2,2,1,2,2,2,2,1,3
syn_aggregate_00747,21,2.0,0,1,0,0,0,0,0,0,0,1,1,1,0,0,0,0,0,0,0,2,2,2,2,2,1,1,1,1,1,0,0,0,0,0,0,0,0,0,3,1,1,0,1,0,0,0,0,0,0,0,0,0,0,0,0,0,0,0,4,0,0,0,0,0,0,0,0,1,0
syn_aggregate_00748,21,2.0,2,2,1,2,1,1,1,0,0,0,0,0,0,0,0,0,0,0,0,0,0,0,0,0,0,0,0,1,0,0,1,0,0,1,0,1,0,0,2,1,1,0,1,1,1,0,1,1,0,0,1,0,0,0,0,0,0,0,0,0,0,0,0,0,0,0,0,0,0
syn_aggregate_00749,22,2.0,0,0,0,0,0,0,0,0,0,0,0,0,0,0,0,0,0,0,1,0,0,0,0,0,0,0,0,1,0,0,0,0,0,0,0,0,1,0,0,1,0,0,0,0,0,0,0,0,0,0,0,0,0,0,0,0,0,0,0,1,3,2,1,2,1,1,2,2,0
syn_aggregate_00750,21,2.0,3,3,2,2,1,0,0,0,0,0,0,0,0,0,0,0,0,3,0,1,1,1,1,1,2,1,1,1,1,2,3,3,2,2,2,2,3,2,2,3,3,2,3,2,2,1,2,3,2,0,0,0,0,0,0,2,0,0,0,0,2,1,0,1,1,1,1,1,3
syn_aggregate_00751,43,2.0,2,2,1,1,0,0,0,1,0,1,1,1,0,0,0,0,0,0,0,4,4,4,4,4,4,4,4,4,3,3,3,3,3,3,3,3,3,2,2,2,3,2,2,2,2,1,2,2,2,1,1,1,1,1,1,1,1,1,1,0,1,1,0,1,0,0,1,0,0
syn_aggregate_00752,19,2.0,0,1,0,1,0,0,1,0,0,0,1,0,0,0,0,0,0,0,0,3,4,3,3,3,4,3,3,3,3,0,1,1,0,1,0,1,1,1,0,2,1,0,1,0,0,0,1,2,1,0,0,0,0,0,0,0,0,0,3,1,3,2,1,2,2,2,2,2,1
syn_aggregate_00753,19,2.0,3,3,3,3,3,3,2,2,1,1,1,1,0,0,0,0,0,0,0,0,0,0,0,0,0,0,0,0,1,4,4,4,3,3,4,4,3,3,3,1,1,0,1,0,0,0,0,0,0,0,1,0,0,0,0,0,0,0,1,0,0,0,0,0,0,0,0,2,0
syn_aggregate_00754,20,1.0,3,3,2,3,2,3,2,0,0,0,0,0,0,1,0,0,0,0,0,3,3,2,3,2,3,2,2,2,1,4,4,4,4,4,4,4,4,4,3,3,3,3,3,2,2,2,2,2,1,0,0,0,0,0,0,0,0,0,4,0,2,2,0,2,1,1,1,1,1
syn_aggregate_00755,22,1.0,3,3,3,3,3,3,2,1,1,0,0,0,0,0,0,0,0,2,0,4,4,4,3,3,3,3,3,3,2,0,1,0,0,0,0,0,0,0,0,2,2,1,2,1,1,1,1,1,1,0,0,0,0,0,0,0,0,0,3,0,2,2,1,2,1,1,2,1,0
syn_aggregate_00756,18,2.0,3,3,3,3,3,3,3,3,3,1,2,1,1,2,1,1,1,1,1,4,4,3,4,3,4,4,4,3,3,4,4,4,4,3,3,4,4,3,2,4,4,4,4,4,4,4,4,3,3,1,2,2,1,1,1,1,1,1,2,3,4,4,3,4,4,4,4,4,4
syn_aggregate_00757,22,2.0,2,2,1,1,0,0,0,0,0,0,0,0,0,0,0,0,0,0,0,0,1,0,0,0,0,0,1,0,1,4,4,4,4,4,4,4,3,3,3,1,1,1,1,1,1,0,0,0,0,0,0,0,0,0,0,0,0,0,1,1,2,2,1,2,1,2,2,2,1
syn_aggregate_00758,19,2.0,3,3,3,2,2,2,2,1,1,0,0,1,0,0,0,0,0,0,0,3,3,3,2,2,4,3,2,2,1,3,4,3,3,3,3,4,3,3,2,3,3,3,3,2,3,2,3,3,3,0,0,0,0,0,0,0,0,0,2,0,2,1,0,2,2,0,1,1,0
syn_aggregate_00759,19,2.0,0,0,0,0,0,0,0,0,0,0,0,0,0,0,0,0,0,0,0,0,1,0,0,0,1,0,0,0,3,3,3,3,3,2,2,3,2,2,3,0,0,0,0,0,0,0,0,0,0,0,0,0,0,0,0,0,1,1,0,0,0,0,0,0,2,0,0,0,0
syn_aggregate_00760,21,1.0,3,3,3,3,3,3,3,3,0,2,3,2,2,2,2,1,2,2,1,3,3,2,3,2,3,2,2,2,3,3,4,4,3,3,3,3,3,2,2,3,3,3,3,3,3,2,3,2,3,0,0,0,0,0,0,0,3,0,0,2,4,4,2,4,3,3,4,3,2
syn_aggregate_00761,28,2.0,3,3,2,2,1,2,0,0,0,0,0,0,0,0,0,0,0,0,2,2,2,1,2,1,1,1,1,0,0,2,3,2,2,2,1,2,2,1,2,2,3,2,3,2,2,2,2,2,2,0,0,0,0,0,0,0,0,2,0,0,1,0,0,0,0,0,0,0,0
syn_aggregate_00762,46,2.0,1,0,0,0,0,0,0,0,0,0,0,0,0,0,0,0,0,0,0,0,0,0,0,0,0,0,0,0,0,0,0,0,0,0,0,0,0,0,0,0,0,0,0,0,0,0,0,0,0,0,0,0,0,0,0,0,0,0,0,0,0,1,0,0,0,0,0,0,0
syn_aggregate_00763,19,2.0,2,2,1,2,1,0,0,0,0,1,1,1,0,1,1,0,0,1,0,2,2,1,2,2,2,2,1,2,2,1,2,2,1,1,1,2,2,1,1,4,3,3,3,2,3,2,2,2,1,0,0,0,0,0,0,0,2,0,0,4,4,4,4,4,4,4,4,4,3
syn_aggregate_00764,42,2.0,1,2,1,2,1,1,0,0,0,1,1,1,0,1,0,0,1,0,1,0,0,0,0,0,1,0,0,0,0,3,3,3,3,3,2,2,3,3,2,1,1,0,1,0,0,0,0,0,0,0,0,0,0,0,0,0,0,0,2,1,4,4,2,3,3,2,3,3,3
syn_aggregate_00765,51,2.0,3,2,2,2,1,1,0,0,1,1,1,1,0,1,1,0,1,1,0,1,1,1,1,1,1,1,1,1,0,0,0,0,0,0,1,0,0,0,0,2,2,1,2,1,1,0,1,1,1,0,0,0,0,0,0,0,0,0,0,0,1,1,0,0,0,0,0,0,0
syn_aggregate_00766,22,2.0,1,1,0,1,0,0,0,0,0,0,1,0,0,0,0,0,0,0,0,1,1,0,1,0,1,0,0,0,2,3,4,4,3,3,4,3,3,3,1,2,2,2,2,2,2,1,1,1,2,0,1,0,0,0,0,0,0,0,3,0,1,0,0,0,0,0,0,0,0
syn_aggregate_00767,19,2.0,3,3,2,3,2,3,3,2,2,1,1,1,0,1,1,0,1,1,0,4,4,4,4,4,4,4,4,4,4,4,4,4,4,4,4,4,4,4,4,4,4,4,4,4,4,4,3,4,4,2,3,2,2,2,3,2,2,2,2,3,4,4,4,4,4,4,4,4,3
syn_aggregate_00768,22,2.0,2,2,1,2,1,1,1,1,1,1,1,1,0,1,1,0,1,1,0,0,0,0,0,0,0,0,0,0,1,0,0,0,0,0,0,0,0,0,0,2,2,2,2,2,2,2,2,2,2,0,0,0,0,0,0,0,0,1,2,1,3,2,1,3,2,1,2,2,2
syn_aggregate_00769,20,2.0,3,3,2,2,1,2,1,0,1,1,2,1,1,2,1,1,1,1,2,4,4,4,4,4,4,3,4,3,3,4,4,4,4,4,4,4,4,3,3,4,4,4,4,3,4,3,4,3,3,2,3,1,1,2,1,2,1,2,1,3,4,4,3,4,3,3,3,3,1
syn_aggregate_00770,43,1.0,1,2,1,2,0,1,1,0,0,0,1,0,0,0,0,0,0,0,0,3,3,2,3,2,3,2,2,2,2,0,0,0,0,0,1,0,0,0,0,2,2,3,3,2,1,1,2,2,2,0,0,0,0,0,0,0,0,1,0,1,2,2,1,3,2,1,2,2,1
syn_aggregate_00771,22,1.0,3,3,3,3,2,2,2,0,0,0,0,1,0,0,0,0,0,0,3,1,2,1,2,1,1,2,1,1,2,1,2,2,1,1,1,2,1,1,1,0,0,0,0,0,0,0,1,0,0,0,0,0,0,0,1,0,0,0,0,0,2,2,0,2,1,1,1,1,0
syn_aggregate_00772,19,2.0,2,3,2,3,1,0,0,0,0,0,0,0,0,0,0,0,0,0,0,0,0,0,0,0,2,0,0,0,0,3,3,3,3,3,3,3,3,2,2,2,2,1,2,1,1,1,1,1,1,0,0,0,0,0,0,0,0,0,0,0,2,2,1,2,0,0,1,0,0
syn_aggregate_00773,18,1.0,2,2,2,2,2,2,0,0,0,0,0,0,0,0,0,0,0,0,4,0,0,0,0,0,0,0,0,0,2,0,0,0,0,0,0,0,0,0,0,0,0,0,1,0,0,0,0,0,0,0,0,0,0,0,0,0,0,0,0,1,3,3,2,3,2,2,2,1,2
syn_aggregate_00774,20,1.0,3,3,3,3,3,3,3,3,3,0,0,0,0,0,0,0,0,2,0,4,4,4,4,4,3,3,4,3,3,3,4,4,3,3,4,3,3,3,2,4,4,4,4,4,4,4,4,4,4,0,0,0,0,0,0,0,0,0,0,2,3,3,2,3,3,3,3,3,2
syn_aggregate_00775,49,2.0,1,2,1,2,0,0,1,0,0,0,0,0,0,0,0,0,0,0,0,2,3,2,3,1,2,3,2,2,1,2,3,3,2,2,2,3,2,2,2,3,3,3,3,2,2,2,2,2,2,0,0,0,0,0,0,0,0,0,4,2,4,4,2,4,3,3,3,3,3
syn_aggregate_00776,21,2.0,1,1,1,1,1,0,0,0,0,0,0,0,0,0,0,0,0,0,0,3,4,2,3,3,3,2,2,2,0,0,0,0,0,0,0,0,0,0,0,2,1,1,2,1,1,1,1,1,1,0,0,0,0,0,0,0,0,0,0,0,1,1,0,1,0,0,1,1,0
syn_aggregate_00777,32,1.0,3,3,2,2,1,2,0,0,0,0,0,0,0,0,0,0,0,0,0,4,4,4,4,4,4,4,4,3,4,1,1,1,0,0,0,0,0,0,0,2,2,2,2,1,1,2,1,1,2,0,0,1,0,0,0,0,0,0,0,3,4,4,3,4,3,3,3,4,3
syn_aggregate_00778,20,2.0,0,1,0,2,0,0,0,0,0,1,2,1,1,1,1,1,1,1,0,4,4,4,3,3,4,3,3,2,2,2,2,2,1,2,2,2,2,2,1,0,0,0,0,0,0,4,0,0,0,0,1,0,0,0,0,0,1,0,0,0,2,2,1,2,2,1,2,2,3
syn_aggregate_00779,20,2.0,3,3,2,3,2,2,0,0,0,0,0,0,0,0,0,0,0,0,0,4,4,4,4,4,4,4,3,3,4,2,2,2,2,1,2,2,2,1,1,2,2,2,2,1,1,1,1,1,1,0,0,0,0,0,0,0,0,0,3,1,1,1,0,1,0,0,1,1,0
syn_aggregate_00780,24,2.0,1,1,1,0,0,0,0,0,0,0,1,1,0,1,0,0,0,0,0,3,3,3,3,2,3,2,3,3,2,4,4,4,4,4,4,4,4,4,3,4,4,4,4,4,4,4,3,3,4,0,0,0,0,0,0,0,0,0,0,4,4,4,4,4,4,4,4,3,4
syn_aggregate_00781,21,1.0,3,3,3,3,2,2,1,1,0,1,1,1,0,1,1,0,0,1,0,2,3,2,3,2,2,2,2,2,2,1,1,1,1,1,1,1,1,1,1,0,0,0,0,0,0,0,1,0,0,0,0,0,1,0,0,1,0,0,0,0,1,1,0,1,1,1,1,1,0
syn_aggregate_00782,21,2.0,3,3,3,3,3,3,3,3,3,2,3,2,2,2,1,2,2,2,2,4,4,4,4,4,4,3,4,4,4,4,4,4,4,4,4,4,4,4,4,4,4,4,4,4,4,4,3,4,4,0,1,1,0,1,0,1,1,0,0,4,4,4,4,4,4,4,4,4,4
syn_aggregate_00783,40,1.0,3,3,3,3,2,3,2,0,1,1,1,1,1,1,1,1,1,1,1,4,4,4,4,3,4,3,3,3,4,4,4,4,3,4,4,4,4,4,3,4,4,3,4,3,3,2,2,3,3,2,3,2,3,2,3,2,1,2,2,4,4,4,4,4,4,4,4,4,4
syn_aggregate_00784,19,2.0,2,2,1,1,1,0,1,0,1,0,0,0,0,0,0,0,0,1,0,0,0,0,0,0,0,0,0,0,0,0,0,0,0,0,0,0,0,1,0,0,0,0,0,0,0,0,0,0,0,0,0,0,0,1,0,0,0,0,1,0,1,1,0,0,0,0,0,1,1
syn_aggregate_00785,22,2.0,3,3,2,2,1,2,1,0,0,0,0,0,0,0,0,0,0,0,2,3,4,3,4,3,4,3,3,3,2,1,3,2,2,2,2,2,2,1,0,0,0,0,0,1,0,0,0,0,0,0,1,0,0,0,0,0,0,0,0,0,1,0,0,1,0,0,0,0,0
syn_aggregate_00786,21,2.0,3,3,1,2,1,1,0,0,0,0,0,0,0,1,0,0,0,1,0,2,2,1,2,2,2,1,2,1,2,0,1,1,0,0,0,0,0,0,0,2,2,2,2,1,2,1,1,2,1,0,0,0,0,0,1,1,0,0,0,0,1,1,0,1,0,0,1,0,0
syn_aggregate_00787,43,1.0,3,3,3,3,2,3,3,2,2,0,0,1,0,0,0,1,0,1,0,3,3,2,3,2,2,2,2,2,2,4,4,4,4,4,3,3,3,3,4,2,2,2,2,1,1,1,1,1,1,1,1,1,0,0,1,1,0,0,1,2,3,3,2,3,2,3,2,3,2
syn_aggregate_00788,21,2.0,2,2,0,1,0,0,0,0,0,0,0,0,0,0,0,0,0,0,0,3,3,3,3,3,3,3,3,3,3,1,3,3,2,3,2,2,2,2,1,1,2,1,1,1,1,0,1,1,3,0,0,0,0,0,0,1,1,0,0,0,0,0,0,0,0,0,0,0,0
syn_aggregate_00789,18,1.0,3,3,3,3,3,3,3,3,1,0,0,0,0,0,0,0,0,4,0,1,2,1,1,1,0,1,1,0,0,3,4,3,3,3,3,3,3,2,3,3,3,3,3,2,2,2,2,2,2,1,1,1,1,1,1,1,1,1,1,0,3,3,0,3,1,1,3,4,0
syn_aggregate_00790,18,2.0,3,3,3,3,3,3,3,2,1,1,2,1,1,1,1,1,0,1,2,2,3,2,2,1,3,2,2,1,0,2,3,2,2,2,2,2,2,1,1,3,3,3,3,2,2,2,2,2,2,0,0,0,0,0,0,0,0,0,2,0,3,3,1,3,2,2,2,2,1
syn_aggregate_00791,19,1.0,3,3,2,3,2,3,2,2,2,0,0,0,0,0,0,0,0,4,0,2,2,2,2,2,2,2,1,1,1,4,4,4,4,4,4,4,4,4,4,2,1,1,2,1,0,0,0,1,2,0,0,0,0,1,0,0,0,0,0,0,2,2,0,2,1,1,2,1,1
syn_aggregate_00792,21,2.0,0,0,0,0,0,0,0,0,0,0,0,0,0,0,0,0,0,0,0,2,1,0,0,0,0,0,0,0,0,1,1,0,0,0,0,0,1,1,0,1,0,0,1,0,0,0,0,0,1,0,0,0,0,0,1,0,0,0,0,0,2,1,0,2,1,1,2,1,3
syn_aggregate_00793,19,2.0,3,3,2,3,2,3,2,2,1,0,0,0,0,0,0,0,0,0,3,1,1,1,1,1,1,1,1,1,1,4,4,4,4,4,3,3,4,4,1,1,1,0,0,0,0,0,0,0,0,0,0,0,0,0,0,0,0,0,0,0,1,1,0,1,0,0,1,0,0
syn_aggregate_00794,18,2.0,2,2,2,2,1,1,1,1,0,0,0,0,0,0,0,0,0,0,4,3,3,3,3,3,3,3,3,3,2,2,4,4,3,3,3,3,3,3,2,4,3,3,4,4,3,3,3,2,3,1,1,1,0,0,1,1,0,0,1,3,4,4,3,4,3,3,3,3,1
syn_aggregate_00795,32,2.0,2,2,1,2,1,1,0,0,0,0,0,0,0,0,0,1,0,0,0,2,2,1,2,1,2,2,2,2,2,1,2,2,1,2,1,2,2,2,2,3,3,3,3,3,3,3,3,2,4,1,1,1,1,1,1,0,1,1,0,3,4,4,3,4,3,3,4,4,3
syn_aggregate_00796,33,1.0,3,3,3,3,2,2,0,0,0,0,0,0,0,0,0,1,0,0,0,3,3,2,3,3,3,3,2,2,2,4,4,4,4,4,3,4,4,3,4,3,2,3,3,2,2,2,1,2,2,0,0,0,0,0,1,1,0,0,0,2,3,3,2,3,3,2,3,3,2
syn_aggregate_00797,20,2.0,2,1,1,1,0,1,0,0,0,0,0,1,0,0,0,0,0,0,0,1,2,1,2,1,1,1,1,1,1,1,1,1,1,1,1,1,1,1,2,3,3,3,3,2,2,2,1,2,1,0,0,0,0,0,0,0,0,0,0,1,4,4,1,4,3,3,3,4,2
syn_aggregate_00798,19,2.0,3,3,3,3,3,3,3,3,3,0,0,0,0,0,0,1,0,0,0,0,0,0,0,0,2,0,0,0,0,3,3,3,3,3,3,3,2,2,3,2,1,1,2,1,1,0,0,0,1,0,0,0,0,0,0,0,0,0,3,1,4,4,1,4,4,3,4,4,4
syn_aggregate_00799,27,2.0,3,3,3,3,3,3,3,3,3,1,1,1,0,1,0,0,0,0,0,3,3,3,3,3,3,2,3,2,3,4,4,4,3,3,3,4,3,3,3,4,3,3,4,3,3,3,2,3,3,1,1,0,1,0,1,1,0,0,1,4,4,4,4,4,4,4,4,4,4
syn_aggregate_00800,19,1.0,2,2,1,2,1,0,1,0,0,0,0,0,0,0,0,0,0,0,2,0,1,0,0,0,0,0,0,0,0,0,0,0,0,0,0,0,0,0,0,4,3,3,4,3,3,2,2,3,4,0,1,0,0,0,1,0,0,0,0,3,3,3,2,3,3,2,3,2,2
syn_aggregate_00801,51,2.0,0,0,0,0,0,0,0,0,0,1,1,1,0,1,1,1,1,1,0,4,4,4,4,4,4,3,3,3,3,0,2,1,0,1,0,1,1,1,1,4,3,3,4,2,2,2,1,1,3,0,0,0,0,0,0,0,0,0,0,0,1,1,0,0,0,0,0,0,0
syn_aggregate_00802,19,1.0,1,1,1,1,1,0,0,0,0,0,0,0,0,0,0,0,0,0,4,0,0,0,0,0,0,0,0,0,0,1,1,1,1,1,0,0,1,1,1,0,0,0,0,0,0,0,0,0,0,0,0,0,0,0,0,0,0,0,0,0,1,1,0,1,1,1,1,1,3
syn_aggregate_00803,22,2.0,2,3,2,2,1,2,1,0,0,0,0,0,0,0,0,0,0,0,0,1,2,1,2,1,1,1,2,2,1,0,1,1,0,0,1,1,0,0,0,0,0,0,0,0,0,0,1,0,0,0,1,0,0,1,0,0,0,0,0,0,1,1,0,1,0,0,1,1,0
syn_aggregate_00804,19,1.0,0,1,1,2,1,0,0,0,0,0,0,0,0,0,0,0,0,0,0,0,0,0,0,0,0,0,0,0,1,0,0,0,0,0,0,0,0,0,0,0,0,0,0,0,0,0,0,1,0,0,0,0,0,0,0,0,0,0,0,0,0,0,0,0,0,0,0,0,0
syn_aggregate_00805,19,1.0,2,2,1,1,0,1,1,0,0,1,1,1,1,1,0,1,0,1,1,2,2,2,2,2,2,1,2,1,2,0,1,0,0,0,0,0,1,0,0,2,1,1,2,2,1,1,2,1,2,0,0,0,0,0,1,0,0,0,0,3,4,3,3,4,3,3,4,3,3
syn_aggregate_00806,30,1.0,0,0,0,0,0,0,0,0,0,0,0,0,0,0,0,0,0,0,1,0,1,0,1,0,0,0,0,0,0,0,1,0,0,0,0,0,1,0,0,2,1,1,2,1,1,0,1,1,1,0,0,0,0,0,0,0,0,0,0,0,0,0,0,0,0,0,0,0,3
syn_aggregate_00807,22,1.0,1,1,1,1,1,0,0,0,0,0,1,0,0,0,0,0,0,0,1,1,1,1,1,0,1,0,0,1,0,3,3,3,3,3,2,3,3,2,1,3,3,2,3,2,2,2,2,2,1,0,0,0,0,0,0,0,0,0,0,0,1,1,0,1,0,0,1,0,0
syn_aggregate_00808,49,2.0,0,1,0,0,0,0,0,0,0,0,0,0,0,0,0,0,0,0,0,3,3,2,3,2,3,2,2,2,1,0,0,0,0,0,0,0,0,0,0,0,0,0,0,0,2,0,0,0,0,0,0,0,0,0,1,0,0,0,0,0,2,2,0,2,0,0,2,1,0
syn_aggregate_00809,43,2.0,1,2,0,1,0,1,1,0,0,0,1,0,0,0,0,0,0,0,0,0,0,0,0,0,0,0,0,0,1,0,0,0,0,0,0,0,0,0,2,1,1,1,1,0,0,0,0,1,0,0,0,0,0,0,0,1,0,0,0,0,1,1,0,1,0,0,1,1,0
syn_aggregate_00810,25,1.0,2,2,2,2,1,1,0,0,0,0,0,0,0,0,0,0,0,0,2,1,1,0,0,0,1,0,0,0,0,2,3,3,3,3,3,3,3,2,3,2,1,1,2,1,1,0,0,1,1,0,1,0,0,1,0,0,1,0,0,0,2,2,0,1,1,0,2,1,1
syn_aggregate_00811,18,2.0,2,2,1,2,1,1,1,0,0,0,0,0,0,0,0,0,0,0,0,2,2,2,2,1,1,1,1,1,2,0,0,0,0,0,0,0,0,0,3,1,0,0,0,0,0,0,0,0,0,0,0,0,0,0,0,0,0,0,1,0,2,1,0,2,1,0,1,1,1
syn_aggregate_00812,19,2.0,1,1,1,1,1,1,0,0,1,0,1,1,0,0,0,0,0,0,0,1,0,0,1,1,0,1,0,2,0,4,4,4,4,4,3,3,3,3,3,4,4,4,4,4,4,4,3,4,4,0,1,0,0,0,1,0,0,1,0,1,3,3,2,3,2,2,2,2,1
syn_aggregate_00813,21,2.0,2,2,1,1,1,0,0,0,0,0,0,0,0,0,0,0,0,0,0,0,0,0,0,0,0,0,0,0,2,0,0,0,0,0,0,0,0,0,2,0,0,0,1,1,0,0,0,0,0,0,0,0,0,0,0,0,0,0,0,0,1,1,0,1,0,0,1,0,0
syn_aggregate_00814,22,1.0,0,0,1,1,0,0,0,0,0,0,1,1,0,0,0,0,0,0,0,2,3,2,2,2,3,2,1,2,1,0,0,0,0,0,0,0,0,0,1,3,3,3,3,2,3,3,2,2,2,0,0,0,0,0,0,0,0,0,1,0,1,1,0,1,0,0,0,0,1
syn_aggregate_00815,22,1.0,0,1,1,1,1,0,0,0,0,0,0,0,0,0,0,0,0,0,4,3,3,3,3,2,2,2,2,3,3,3,4,4,3,3,3,3,3,3,3,1,1,0,1,0,0,0,0,1,0,0,0,0,0,0,0,0,0,0,0,4,4,4,4,4,3,3,4,3,4
syn_aggregate_00816,23,2.0,3,3,2,3,2,2,2,1,1,0,0,0,0,0,0,0,0,0,4,3,3,2,3,2,3,2,2,2,2,4,4,4,4,4,4,4,4,3,4,4,4,4,4,3,4,3,4,3,3,1,1,1,1,1,1,1,1,1,1,2,3,3,2,3,3,2,3,3,3
syn_aggregate_00817,18,2.0,3,3,2,3,2,2,0,1,0,0,1,0,0,0,0,0,0,0,0,0,0,0,0,0,1,1,0,0,0,0,0,0,0,0,0,0,0,0,0,0,0,1,0,1,1,0,1,0,0,0,0,0,0,0,0,0,0,0,0,1,3,3,1,3,2,2,3,3,3
syn_aggregate_00818,48,1.0,2,3,2,2,1,1,1,0,1,2,3,2,2,2,2,2,2,2,1,4,4,4,4,3,3,3,3,3,3,3,4,4,4,4,4,4,4,3,2,4,4,4,4,4,4,4,4,4,3,1,2,1,1,2,1,0,2,1,0,4,4,4,4,4,4,3,4,4,4
syn_aggregate_00819,22,1.0,2,2,1,2,1,1,1,0,1,0,1,1,0,1,0,0,1,1,0,3,4,3,4,3,4,3,3,3,3,0,0,1,0,0,0,0,0,0,0,2,2,1,2,2,1,1,2,1,1,1,1,1,1,1,1,1,1,0,0,0,2,1,0,1,0,0,1,1,0
syn_aggregate_00820,19,2.0,3,3,3,3,3,3,3,2,2,1,1,1,0,1,1,0,0,1,0,4,4,4,4,4,4,4,4,4,4,1,2,2,1,2,1,2,2,1,1,3,2,2,3,2,2,2,1,2,2,0,0,0,0,0,0,0,0,0,0,4,4,4,4,4,3,4,3,4,3
syn_aggregate_00821,19,1.0,3,3,1,2,1,2,1,0,0,0,0,0,0,0,0,0,0,0,1,3,3,3,3,3,3,2,2,2,3,0,0,1,0,0,0,1,0,0,0,1,1,0,1,0,0,0,0,0,0,0,0,0,0,0,0,2,0,0,0,0,0,0,0,1,0,0,0,0,0
syn_aggregate_00822,36,2.0,3,3,2,3,1,2,0,0,0,1,2,1,0,2,1,1,2,2,2,2,2,2,1,2,1,2,1,2,2,2,3,3,2,2,2,2,2,2,1,1,1,1,2,1,0,0,0,0,1,0,0,0,0,0,0,0,0,0,3,0,0,1,0,0,0,0,1,0,0
syn_aggregate_00823,21,2.0,0,0,1,0,0,0,0,0,0,1,1,1,0,1,0,0,0,1,0,1,1,1,1,1,1,1,1,1,0,0,2,0,0,0,0,0,0,0,0,1,0,0,0,0,0,0,0,0,0,0,0,1,0,0,0,0,0,0,2,0,2,2,0,2,1,0,1,2,0
syn_aggregate_00824,18,2.0,1,1,1,0,0,0,0,0,0,1,1,1,0,1,1,1,0,2,2,2,3,2,3,2,3,2,1,1,2,0,0,0,0,0,0,0,0,0,0,1,1,1,1,1,0,0,0,0,1,0,1,0,0,0,0,0,0,0,0,0,1,0,0,0,0,0,0,0,0
syn_aggregate_00825,48,2.0,3,3,3,3,3,3,3,0,2,0,0,0,0,1,0,1,0,0,0,4,4,4,4,4,4,3,3,3,3,1,2,2,1,2,2,2,2,1,1,4,4,4,4,3,3,3,3,3,1,0,0,0,0,0,1,0,0,0,0,0,1,1,0,1,0,0,1,0,0
syn_aggregate_00826,21,2.0,3,3,3,3,3,3,3,3,3,4,4,4,3,3,3,4,4,3,2,4,4,4,4,4,4,4,4,4,4,4,4,4,4,4,4,4,4,4,4,4,4,4,4,4,4,4,4,4,4,2,3,2,2,2,3,2,2,2,2,4,4,4,4,4,4,4,4,4,4
syn_aggregate_00827,18,1.0,3,3,2,2,2,2,0,0,0,2,2,2,2,2,1,1,1,1,1,1,2,1,1,1,2,1,1,1,1,1,1,1,1,1,1,1,1,1,1,2,1,2,2,1,2,1,1,1,2,0,0,0,0,0,0,0,0,0,2,3,4,4,3,4,3,2,4,3,1
syn_aggregate_00828,19,2.0,1,1,1,1,1,0,0,0,0,1,2,1,0,1,1,0,0,1,2,4,3,3,4,3,3,3,3,3,2,0,0,0,0,0,0,0,0,0,0,1,0,0,0,0,0,0,0,0,2,0,0,0,0,0,0,0,0,0,2,0,2,2,1,2,1,1,2,2,1
syn_aggregate_00829,22,2.0,2,2,1,1,1,1,0,0,0,0,0,0,0,0,0,0,0,0,0,2,3,2,3,2,3,2,2,1,3,0,1,0,0,0,0,1,0,0,0,3,3,3,3,2,3,2,3,3,2,0,0,0,0,0,0,0,0,0,0,0,1,0,0,0,0,0,1,0,1
syn_aggregate_00830,22,2.0,3,3,3,3,3,3,2,3,3,1,2,1,0,1,1,0,1,0,0,2,2,1,2,2,2,2,2,1,2,4,4,4,4,4,4,3,4,4,4,4,4,4,4,3,4,4,4,4,3,1,1,1,0,1,1,1,0,0,0,3,4,4,3,4,4,4,4,3,3
syn_aggregate_00831,20,2.0,1,1,0,1,0,0,0,0,0,0,0,0,0,0,0,0,0,0,0,0,0,0,0,0,0,0,0,0,0,0,0,0,0,0,0,0,1,0,0,0,0,0,0,0,0,0,0,0,0,0,0,0,0,0,0,0,0,0,0,0,2,1,0,1,1,0,1,1,0
syn_aggregate_00832,22,2.0,0,1,1,1,1,0,0,0,0,1,2,2,1,1,1,1,1,1,1,2,3,2,3,2,3,2,2,3,2,1,2,1,1,2,1,1,1,1,1,4,4,4,4,3,4,4,4,4,3,0,0,0,0,0,0,0,0,0,2,2,4,4,2,4,3,3,3,2,3
syn_aggregate_00833,19,2.0,2,2,1,1,1,1,0,0,0,1,1,1,0,1,0,0,0,0,0,2,2,1,2,1,1,1,1,1,3,0,1,0,0,1,0,0,0,1,0,2,2,1,2,1,2,1,1,1,2,0,1,0,0,0,0,0,0,0,0,0,1,0,0,0,0,0,0,1,1
syn_aggregate_00834,51,2.0,3,3,3,3,3,3,3,2,1,1,2,1,0,1,1,0,1,1,0,4,4,4,4,4,4,3,3,3,3,3,3,2,3,2,2,3,2,3,2,4,4,4,4,4,4,4,4,4,4,0,0,0,0,0,0,0,0,0,3,3,4,4,3,4,3,3,4,4,3
syn_aggregate_00835,20,2.0,2,2,1,1,0,0,0,0,0,0,0,0,0,0,0,0,0,0,3,1,1,0,1,1,0,0,0,0,0,1,1,1,1,1,1,1,1,0,0,0,0,0,0,0,0,0,0,0,4,0,0,1,0,0,0,0,0,0,0,2,3,4,2,3,2,3,3,2,2
syn_aggregate_00836,20,2.0,0,0,0,0,0,0,0,0,0,0,0,0,0,0,0,0,0,0,0,1,1,1,1,1,0,0,0,0,0,0,0,0,0,0,1,0,1,0,0,3,3,3,3,2,3,2,2,2,3,0,1,0,0,0,0,0,0,0,0,1,3,2,0,3,1,1,2,3,1
syn_aggregate_00837,20,2.0,2,3,2,2,1,2,1,0,0,1,2,1,0,1,1,0,1,1,1,2,3,2,3,2,2,2,2,2,3,3,4,4,4,4,3,3,3,3,4,3,4,4,3,3,3,3,3,3,3,0,0,0,0,0,0,0,2,0,0,1,3,3,1,3,2,2,3,2,4
syn_aggregate_00838,22,2.0,3,3,2,3,2,2,2,0,0,0,1,0,0,0,0,0,0,0,0,0,0,0,0,0,0,0,0,1,0,0,0,0,0,0,0,0,0,0,4,0,0,0,1,0,0,0,0,0,0,0,0,0,0,0,0,0,0,0,0,0,2,2,1,2,1,1,2,1,2
syn_aggregate_00839,21,2.0,3,3,2,3,1,2,1,0,0,0,1,0,0,0,0,0,0,0,0,4,4,4,4,4,3,4,3,4,4,2,3,3,2,2,2,2,2,2,1,2,1,1,2,1,1,0,1,1,0,0,0,0,0,0,0,0,0,0,0,3,4,4,3,4,4,3,4,4,3
syn_aggregate_00840,21,2.0,3,3,2,2,1,2,2,0,0,0,0,0,0,1,1,0,0,0,0,3,3,3,3,3,3,2,2,2,2,3,4,4,3,3,3,3,4,4,3,4,4,4,4,4,4,4,4,4,4,1,2,1,1,2,2,1,1,1,2,3,4,4,3,4,4,3,4,4,3
syn_aggregate_00841,19,1.0,2,2,1,2,1,1,1,0,0,0,0,0,0,0,0,0,0,0,1,0,0,0,0,0,0,0,0,0,0,1,2,1,1,1,1,1,1,0,2,1,2,1,2,1,1,0,1,1,1,0,1,0,0,0,0,0,0,0,1,0,1,0,0,0,0,0,0,0,0
syn_aggregate_00842,20,2.0,1,2,1,1,1,1,1,0,0,0,0,0,0,0,0,0,0,0,0,4,4,4,4,3,4,3,3,3,2,2,2,1,1,1,2,2,1,1,2,3,2,2,3,2,2,2,1,2,3,0,1,0,0,0,0,0,0,3,0,0,1,1,0,1,0,0,1,1,0
syn_aggregate_00843,22,2.0,1,2,1,1,1,0,1,0,0,0,0,0,0,0,0,0,0,0,0,0,0,0,0,0,0,0,0,0,0,0,1,0,0,0,0,0,0,1,0,0,0,0,0,0,0,0,0,0,2,0,0,0,0,0,0,0,4,0,0,0,1,1,0,1,0,0,1,1,1
syn_aggregate_00844,18,1.0,3,3,2,3,2,3,2,0,0,0,0,0,0,0,0,1,0,0,0,3,3,3,3,2,2,2,2,2,1,1,2,2,1,2,2,1,2,1,2,2,2,2,2,2,2,1,2,2,2,0,0,0,0,0,3,0,0,0,0,4,4,4,4,4,4,4,4,4,4
syn_aggregate_00845,20,1.0,3,3,3,3,3,3,3,0,0,1,1,1,0,1,1,0,1,1,0,0,1,0,1,0,1,0,0,0,0,2,2,2,2,2,1,2,2,2,2,2,1,1,2,0,1,0,0,1,1,0,0,0,0,0,0,0,0,0,0,0,1,1,0,1,0,0,0,0,0
syn_aggregate_00846,19,2.0,3,3,2,3,2,2,1,1,0,0,0,1,0,0,0,0,0,0,0,2,2,1,2,1,2,2,1,1,2,3,3,3,3,2,2,2,2,3,2,2,1,1,2,1,1,1,1,1,2,1,2,1,1,1,2,1,1,1,1,3,4,4,3,4,3,3,4,3,2
syn_aggregate_00847,22,2.0,3,3,3,3,3,3,3,3,3,1,2,1,1,1,1,0,1,1,0,4,4,4,4,4,4,4,4,3,3,4,4,4,4,4,4,4,4,3,3,4,4,4,4,4,4,4,3,3,4,1,2,1,1,1,2,1,1,1,1,3,4,4,3,4,2,3,4,2,0
syn_aggregate_00848,19,2.0,1,2,0,0,0,0,0,0,0,0,0,0,0,0,0,1,0,0,1,1,1,0,1,1,1,1,0,1,0,3,3,3,3,3,3,3,2,2,2,4,4,4,4,3,3,3,3,2,3,1,1,1,1,1,1,1,1,1,1,1,4,4,2,4,4,3,4,3,3
syn_aggregate_00849,19,2.0,3,3,3,3,3,3,1,1,0,1,2,2,1,1,1,1,2,1,2,4,4,4,4,4,3,3,4,4,2,3,4,4,3,3,3,3,2,2,3,3,3,2,3,2,2,2,2,2,1,1,1,1,1,0,1,1,1,1,0,1,2,2,1,2,2,1,2,2,3
syn_aggregate_00850,22,2.0,3,3,3,3,2,3,3,1,1,0,0,0,0,0,0,0,0,0,2,4,4,4,4,4,4,4,4,3,3,4,4,4,4,4,4,4,4,3,4,4,4,4,4,4,4,3,3,4,4,1,1,1,1,1,1,0,0,0,1,4,4,4,4,4,4,4,4,4,3
syn_aggregate_00851,19,2.0,3,3,3,3,3,3,3,3,3,3,4,4,3,3,3,2,4,3,2,4,4,4,4,4,4,4,4,4,4,4,4,4,4,4,4,4,3,4,4,4,4,4,4,4,4,3,3,3,4,0,0,0,0,0,0,0,0,0,4,4,4,4,4,4,4,4,4,4,4
syn_aggregate_00852,20,2.0,3,3,3,3,2,3,3,1,1,1,1,2,0,2,1,0,2,0,0,2,2,1,2,1,2,2,1,1,3,3,4,4,4,4,4,4,4,3,3,4,4,4,4,4,4,4,3,4,4,0,1,0,0,0,0,0,0,0,0,1,3,3,2,3,2,2,2,2,2
syn_aggregate_00853,22,2.0,2,2,1,1,1,1,1,0,0,0,0,0,0,0,0,0,0,0,2,1,1,1,1,1,1,1,1,1,1,3,4,3,3,3,3,3,2,2,2,3,3,2,3,2,2,2,2,2,2,1,1,0,0,0,1,1,0,0,1,2,3,3,2,3,3,3,3,3,3
syn_aggregate_00854,20,2.0,3,3,2,3,2,3,2,1,0,0,0,1,0,0,0,0,0,0,0,0,0,0,0,0,0,0,2,0,0,0,0,0,1,0,0,0,1,0,0,3,3,3,4,3,3,2,3,3,2,1,2,1,1,1,1,1,0,0,2,2,4,4,3,4,4,4,4,4,2
syn_aggregate_00855,34,1.0,0,2,0,2,0,0,0,0,0,0,1,0,0,0,0,0,0,0,0,0,0,0,0,0,0,0,1,1,0,0,1,0,0,0,0,1,0,1,0,2,1,1,2,1,1,1,1,1,1,0,0,0,0,0,0,0,0,0,0,1,2,2,1,2,1,0,2,1,1
syn_aggregate_00856,22,2.0,3,3,3,3,3,3,3,2,3,0,0,0,0,0,0,0,0,0,2,3,2,2,2,2,2,2,2,2,3,3,4,4,4,3,3,3,4,3,2,4,4,4,4,4,4,4,3,3,4,1,1,1,0,1,1,1,0,1,1,2,4,3,2,4,2,2,3,3,3
syn_aggregate_00857,46,2.0,1,1,1,1,1,0,1,0,0,0,0,0,0,0,1,0,0,0,0,1,0,0,0,0,1,0,0,1,0,3,3,2,2,2,3,2,2,2,4,3,2,2,3,2,2,2,2,2,2,0,0,0,0,0,0,0,0,4,0,0,1,1,0,1,0,0,1,1,0
syn_aggregate_00858,42,2.0,2,2,1,2,1,1,1,0,0,0,0,0,0,0,0,0,0,2,0,1,2,1,1,1,2,1,1,1,1,2,3,3,2,2,3,2,2,2,1,1,1,1,1,1,1,1,0,0,0,0,1,0,0,0,0,0,0,0,0,0,2,2,0,2,0,0,1,1,0
syn_aggregate_00859,26,2.0,1,2,1,1,1,1,1,0,1,0,0,0,0,0,0,0,0,2,0,3,3,3,3,3,3,3,3,3,3,3,3,3,3,4,3,3,3,3,3,1,1,1,1,1,0,0,0,0,0,0,0,0,0,0,1,0,0,0,0,1,3,3,1,3,2,2,3,2,2
syn_aggregate_00860,21,1.0,1,1,1,0,0,0,0,0,0,0,0,0,0,0,0,0,0,0,0,0,0,0,0,0,0,0,0,0,3,2,2,2,2,1,1,2,1,1,1,1,1,1,2,2,1,1,1,1,2,0,1,0,0,0,1,0,0,0,0,0,0,0,0,0,0,0,0,0,0
syn_aggregate_00861,19,1.0,2,2,1,2,1,1,0,0,0,0,2,0,0,0,0,0,0,0,0,0,0,0,0,0,0,0,0,0,0,2,2,2,1,2,1,2,2,1,1,0,0,0,0,0,0,0,0,1,0,0,0,0,0,0,0,0,0,0,0,0,1,0,0,0,0,0,0,0,0
syn_aggregate_00862,19,1.0,0,1,0,1,0,0,0,0,0,0,0,0,0,0,0,0,0,0,0,0,0,0,0,0,0,0,0,0,0,0,0,0,0,0,0,0,0,0,0,0,0,0,0,0,0,0,4,0,0,0,0,0,0,0,0,0,2,0,0,0,0,0,0,0,0,0,0,0,4
syn_aggregate_00863,19,2.0,2,3,2,2,1,2,1,0,0,0,0,0,0,0,1,0,0,0,0,0,0,0,0,0,0,0,0,0,4,2,3,2,2,2,2,2,2,1,1,1,1,0,1,1,0,0,0,0,1,1,1,0,1,1,0,1,0,0,1,0,1,1,0,2,0,0,1,1,0
syn_aggregate_00864,22,1.0,2,3,2,3,1,2,1,0,0,0,0,0,0,0,0,0,0,0,0,2,2,2,2,2,2,2,2,3,2,3,3,3,3,3,2,2,3,3,3,2,2,1,2,1,1,0,1,1,2,0,1,1,0,1,0,1,0,0,1,2,4,4,3,4,4,4,3,4,3
syn_aggregate_00865,20,1.0,1,1,1,0,0,0,0,0,0,0,1,0,0,0,0,1,0,1,1,4,4,4,4,4,4,3,3,3,3,0,1,1,0,0,0,0,0,0,0,1,1,0,1,0,1,0,0,1,0,0,0,0,0,0,0,0,0,0,3,0,1,1,0,1,0,0,1,1,1
syn_aggregate_00866,20,2.0,3,3,2,3,2,2,1,0,1,2,2,2,1,1,1,1,1,1,2,4,4,4,4,4,4,3,4,4,4,4,4,4,4,4,4,4,4,4,4,4,4,4,4,4,4,4,4,3,4,2,2,1,2,1,1,2,1,1,2,4,4,4,4,4,4,4,4,4,4
syn_aggregate_00867,19,2.0,3,3,2,2,1,2,1,0,0,1,1,1,1,1,0,0,1,1,0,1,2,1,1,1,2,1,1,1,1,0,0,0,0,0,0,0,0,0,0,4,4,4,4,3,3,3,3,3,4,1,1,1,1,1,0,0,0,0,1,4,4,4,3,4,4,4,4,3,3
syn_aggregate_00868,36,2.0,2,3,2,2,1,1,0,0,0,0,0,1,0,0,0,0,0,0,0,1,1,0,1,1,1,0,1,0,0,3,4,4,4,3,3,3,4,3,3,4,4,4,4,3,4,3,3,4,4,1,1,1,1,1,1,1,0,0,1,1,3,3,2,3,2,2,3,2,2
syn_aggregate_00869,18,1.0,0,2,0,2,0,0,0,0,0,0,1,0,0,0,0,0,0,1,0,1,1,0,1,0,1,0,1,1,0,1,2,2,2,2,1,2,2,2,2,0,1,0,0,0,0,0,0,0,0,1,0,1,0,0,0,0,0,0,0,0,1,1,0,2,1,1,1,2,0
syn_aggregate_00870,19,2.0,2,2,1,1,1,1,0,0,1,0,0,0,0,0,0,0,0,0,2,0,0,0,0,0,1,0,0,0,0,0,0,0,0,0,0,0,0,0,4,2,0,0,2,0,0,0,0,0,0,0,0,0,0,0,0,0,0,0,0,0,2,1,0,2,0,0,1,1,0
syn_aggregate_00871,20,2.0,3,3,2,3,2,2,2,1,0,0,0,0,0,0,0,0,0,0,0,2,3,2,2,2,3,2,2,2,3,1,2,2,2,2,1,1,1,1,2,4,4,4,4,4,4,4,3,3,3,0,0,0,0,0,0,0,0,0,1,1,3,3,2,3,2,3,3,2,1
syn_aggregate_00872,20,1.0,1,1,0,0,0,0,0,0,0,0,1,1,0,0,0,0,0,0,0,0,0,0,0,0,0,0,0,0,3,1,2,2,1,2,1,2,1,1,1,0,0,0,0,0,0,0,0,0,0,0,0,0,0,0,0,0,0,0,0,0,2,2,0,3,1,2,2,2,1
syn_aggregate_00873,19,1.0,3,3,2,3,1,3,2,0,0,1,2,1,1,1,1,1,1,1,1,1,2,1,1,1,2,1,1,1,2,4,4,4,3,4,3,3,4,3,3,4,3,3,4,3,4,3,3,3,1,4,4,4,3,3,4,4,3,3,4,1,3,3,1,3,2,2,3,2,3
syn_aggregate_00874,19,2.0,1,1,1,1,1,1,1,1,1,0,0,0,0,0,0,0,0,0,1,3,3,2,2,2,3,2,2,2,1,3,3,3,3,3,3,3,2,3,2,0,0,0,0,0,0,0,0,0,0,0,0,0,0,0,0,0,0,0,0,4,4,4,4,4,4,4,4,4,3
syn_aggregate_00875,19,1.0,0,1,1,1,0,0,0,0,0,0,0,0,0,0,0,0,0,0,4,0,0,0,0,0,0,0,0,0,0,2,2,2,1,2,1,1,1,1,2,3,2,2,3,2,2,1,2,2,2,0,1,0,0,0,0,0,0,0,0,0,1,1,0,1,1,1,1,1,1
syn_aggregate_00876,22,2.0,2,2,1,1,0,1,0,0,0,0,0,0,0,0,0,0,0,0,2,2,2,1,2,1,2,1,1,1,3,1,2,2,1,2,1,2,1,1,2,1,1,1,1,0,1,0,0,0,1,0,0,0,0,0,0,0,0,0,1,3,4,4,3,4,4,4,4,4,3
syn_aggregate_00877,22,2.0,3,3,3,3,3,3,2,1,1,1,1,1,1,1,0,0,1,0,0,3,3,3,3,3,3,3,3,3,2,4,4,4,4,4,4,4,4,3,4,4,4,4,4,3,4,3,3,3,3,2,2,1,2,1,2,2,1,1,2,1,3,2,1,3,1,0,3,2,0
syn_aggregate_00878,38,1.0,1,1,0,1,0,0,0,0,0,0,0,1,0,0,0,0,0,0,0,0,0,0,1,0,0,0,0,0,0,2,3,3,2,3,2,2,3,2,1,2,1,1,2,1,1,0,0,1,1,0,1,0,0,0,0,0,0,0,0,0,1,1,0,1,0,0,1,1,0
syn_aggregate_00879,18,1.0,0,1,0,1,0,0,0,0,0,0,0,0,0,0,0,0,0,0,0,0,0,1,0,0,0,0,0,0,0,0,0,0,0,0,0,0,0,0,0,0,0,0,0,0,0,1,0,0,0,0,0,0,0,0,0,0,0,0,0,0,0,0,0,0,0,0,0,0,0
syn_aggregate_00880,19,1.0,2,2,1,1,0,1,1,0,1,0,0,0,0,0,0,0,0,0,2,1,1,1,2,1,1,1,1,1,1,3,4,4,3,4,3,4,2,3,1,3,3,3,3,2,3,2,2,2,3,0,0,0,0,0,0,0,0,1,0,3,4,4,2,4,3,2,3,2,1
syn_aggregate_00881,43,2.0,3,3,2,3,2,2,1,0,1,1,1,1,1,1,1,1,1,2,0,4,4,4,4,3,4,4,4,4,4,3,4,4,3,4,3,3,4,3,0,4,4,4,4,3,3,3,3,2,1,1,1,1,0,1,0,1,0,1,0,4,4,4,4,4,4,4,3,4,3
syn_aggregate_00882,21,2.0,1,2,1,1,0,0,1,0,1,0,0,0,0,0,1,1,0,0,0,3,3,2,3,2,3,2,2,2,2,3,4,4,4,4,4,4,4,3,3,4,3,3,4,2,2,2,2,2,1,0,0,0,0,0,0,0,0,0,0,3,4,4,3,4,3,3,3,3,4
syn_aggregate_00883,18,1.0,3,3,2,3,2,2,2,1,2,0,0,0,0,0,0,0,0,0,0,0,0,0,0,0,1,0,0,0,0,0,1,1,1,1,0,1,0,0,0,1,1,0,1,0,0,0,0,0,0,0,0,0,0,0,0,0,0,0,3,0,0,0,0,0,0,0,0,0,0
syn_aggregate_00884,22,2.0,3,3,2,2,1,1,1,0,1,0,0,1,0,0,0,0,0,0,1,4,4,4,3,4,4,3,4,3,3,2,2,2,2,2,2,2,2,1,2,0,1,0,1,0,0,0,0,0,0,0,0,1,0,0,1,0,0,0,0,0,1,1,0,1,0,0,0,0,2
syn_aggregate_00885,22,2.0,1,2,1,2,0,0,0,0,0,1,1,0,0,0,0,0,0,0,0,2,2,1,2,1,2,1,1,1,2,2,2,2,2,2,2,2,2,2,2,1,1,0,1,1,1,0,0,1,0,0,0,0,0,0,0,0,1,0,1,0,2,0,0,0,0,0,0,0,0
syn_aggregate_00886,20,1.0,1,2,1,1,0,1,1,0,0,0,0,0,0,0,0,0,0,0,2,3,3,2,3,2,3,2,2,3,2,1,2,2,1,1,1,1,1,1,2,3,3,3,3,3,3,3,3,3,4,0,1,0,0,0,0,0,0,0,0,3,4,3,3,4,3,2,3,3,3
syn_aggregate_00887,37,2.0,2,3,3,3,2,2,1,0,0,0,1,0,0,0,0,0,0,0,0,3,3,3,3,3,3,3,2,2,3,0,0,0,0,0,2,0,0,0,0,2,1,1,2,1,1,1,1,1,1,0,0,0,0,0,0,0,0,0,0,0,4,3,1,3,1,1,3,2,0
syn_aggregate_00888,19,2.0,2,2,1,1,0,0,0,0,0,0,0,0,0,0,0,0,0,0,1,0,0,0,0,0,1,0,0,0,0,0,0,0,0,0,0,0,0,3,0,2,0,0,0,0,0,0,0,0,0,0,1,0,0,0,0,1,0,0,1,1,3,3,1,3,3,2,2,2,2
syn_aggregate_00889,19,2.0,0,1,0,0,1,0,0,1,0,0,0,0,0,1,1,0,0,0,0,3,3,3,3,2,3,2,2,2,1,0,0,0,0,0,0,0,0,0,1,0,0,0,0,0,0,0,0,0,0,0,0,0,0,0,0,0,0,0,0,0,1,0,0,0,0,0,0,0,0
syn_aggregate_00890,33,1.0,1,1,1,1,0,0,0,0,0,0,0,0,0,0,0,0,0,0,0,0,0,0,0,0,0,0,0,0,0,0,0,0,0,0,0,0,2,1,0,2,1,1,2,1,0,0,1,1,0,0,0,0,0,0,0,0,0,0,1,0,3,3,1,3,2,1,3,2,0
syn_aggregate_00891,18,2.0,1,2,0,1,0,1,1,0,0,0,0,0,0,0,0,0,0,0,4,4,4,4,3,3,3,3,3,2,2,1,1,0,0,0,0,0,1,0,0,2,2,2,2,2,1,2,1,2,2,0,0,0,0,0,0,0,0,0,0,3,4,4,3,4,4,4,3,4,2
syn_aggregate_00892,18,1.0,2,2,1,2,1,1,0,0,0,0,0,0,0,0,0,0,0,1,2,2,3,2,2,2,3,2,2,1,2,3,3,3,3,3,3,3,3,3,3,1,0,0,0,0,0,0,0,0,0,0,1,0,0,0,0,0,0,0,0,1,3,3,2,3,2,2,2,3,2
syn_aggregate_00893,20,2.0,3,3,2,3,2,2,2,0,0,0,0,0,0,0,0,0,0,0,4,4,4,4,4,4,4,4,3,4,4,3,4,4,3,4,3,4,4,3,2,4,4,4,4,4,3,4,3,4,3,0,1,0,0,1,1,0,0,0,0,1,4,4,2,4,3,2,3,3,1
syn_aggregate_00894,18,2.0,3,3,2,3,2,2,2,1,1,1,1,2,1,1,1,1,1,0,0,4,4,4,4,4,4,4,3,4,3,3,4,4,4,3,3,4,3,3,3,4,4,4,4,4,4,3,4,4,3,3,3,2,2,2,3,2,2,2,2,2,4,4,3,4,3,3,3,3,1
syn_aggregate_00895,20,1.0,3,3,2,3,2,2,2,1,0,0,0,0,0,0,0,0,0,0,0,1,1,1,1,1,1,0,1,1,0,0,0,0,0,0,0,1,0,2,0,4,3,3,4,3,3,3,3,3,2,0,0,0,0,0,1,0,0,0,0,1,3,2,1,3,2,2,3,2,2
syn_aggregate_00896,18,2.0,3,3,3,3,3,3,3,3,2,1,2,2,1,2,1,1,2,2,0,4,4,4,4,4,4,4,4,4,4,3,3,3,3,3,2,3,2,2,2,4,4,4,4,4,4,4,4,4,4,1,2,1,1,1,2,1,1,1,1,3,4,4,3,4,4,4,4,4,4
syn_aggregate_00897,18,2.0,1,1,0,0,0,0,0,0,0,0,0,0,0,0,0,0,0,0,3,1,1,1,1,1,1,1,1,1,1,0,0,0,0,0,0,0,0,0,0,0,0,0,0,0,0,0,0,2,0,0,0,0,0,0,0,0,0,0,1,0,2,1,1,2,1,1,1,1,0
syn_aggregate_00898,20,2.0,3,3,3,3,2,3,2,2,0,2,3,2,2,3,2,1,2,2,1,4,4,4,4,4,4,4,4,4,4,4,4,4,4,4,3,3,3,4,4,4,4,4,4,3,3,3,3,3,2,1,1,1,1,1,1,1,1,1,1,4,4,4,3,4,4,4,4,4,2
syn_aggregate_00899,18,2.0,3,3,3,3,3,3,3,2,2,1,1,1,0,1,0,0,0,0,2,3,3,3,3,2,3,3,2,3,2,1,2,2,1,1,1,2,2,1,2,1,1,1,0,2,0,0,0,1,1,0,0,1,0,0,0,0,0,0,1,0,0,0,0,0,0,1,0,0,0
syn_aggregate_00900,20,2.0,3,3,2,3,2,3,2,1,2,0,1,0,0,0,0,0,0,0,0,3,4,3,3,2,3,2,3,2,3,4,4,4,4,4,3,4,3,4,3,3,3,2,3,2,2,2,2,2,1,1,1,1,0,1,1,1,1,1,0,0,3,3,1,3,1,1,2,2,2
syn_aggregate_00901,18,2.0,2,3,1,2,1,0,1,0,0,1,2,1,1,1,1,1,2,1,1,1,1,1,1,1,1,1,1,1,1,2,3,2,2,2,2,3,2,2,2,2,3,2,3,2,2,2,2,3,3,1,1,2,0,0,1,1,1,1,2,0,0,0,0,0,0,0,0,0,1
syn_aggregate_00902,49,1.0,2,2,1,2,1,1,1,0,0,0,0,1,0,0,0,0,0,0,0,2,2,1,2,1,2,1,2,2,2,1,2,2,1,1,1,1,1,1,0,2,2,2,2,1,2,1,2,2,2,1,1,1,1,1,1,1,0,0,1,4,4,4,4,4,3,3,4,3,2
syn_aggregate_00903,43,2.0,3,3,3,3,3,3,3,3,3,0,0,0,0,0,0,0,0,1,0,4,4,4,4,4,3,3,3,3,1,2,3,3,3,3,3,3,3,2,2,4,4,4,4,4,4,4,4,4,4,0,0,0,0,0,0,0,0,0,0,1,3,3,2,3,3,3,3,3,2
syn_aggregate_00904,18,1.0,1,1,1,0,0,0,0,0,0,0,0,0,0,0,0,0,0,0,0,0,0,0,0,1,0,0,0,0,0,0,0,0,0,0,0,0,0,0,2,1,0,0,1,0,0,0,0,0,0,0,0,0,0,0,0,0,0,1,0,2,4,3,2,3,2,2,3,3,2
syn_aggregate_00905,21,1.0,3,3,2,3,1,1,1,0,0,0,1,0,0,0,1,0,0,0,0,4,3,3,4,3,3,3,3,3,2,4,4,4,4,4,4,4,4,3,3,2,2,2,2,1,2,1,1,1,3,0,0,0,0,0,0,0,0,0,3,3,4,4,3,4,3,3,3,3,1
syn_aggregate_00906,20,2.0,1,2,1,2,0,1,1,0,1,0,0,0,0,0,0,0,0,2,0,0,0,1,0,0,1,0,0,0,0,0,1,0,0,0,0,0,1,0,0,0,0,0,0,0,0,0,0,0,1,0,0,0,0,0,0,0,0,0,0,0,1,1,0,1,0,0,1,1,0
syn_aggregate_00907,20,1.0,3,3,2,3,2,2,2,1,0,0,0,0,0,0,0,0,0,0,2,0,0,0,0,1,0,0,0,0,0,1,2,1,1,1,2,1,2,1,1,0,0,0,0,0,0,0,0,1,0,0,0,0,0,0,0,0,0,0,0,0,2,1,0,2,1,1,1,0,1
syn_aggregate_00908,21,1.0,3,3,2,3,2,2,1,0,1,0,0,0,0,0,0,0,0,0,0,0,0,0,0,0,0,0,0,1,0,0,0,0,0,1,0,1,0,1,0,2,1,1,2,1,1,1,1,1,2,0,1,1,0,0,1,0,0,1,0,1,3,3,1,3,2,2,3,3,2
syn_aggregate_00909,44,1.0,1,1,1,1,1,0,0,0,0,0,0,0,0,0,0,0,0,1,0,2,2,1,2,2,2,1,2,2,1,0,0,1,0,0,0,1,0,0,1,4,4,4,4,3,3,3,3,3,2,0,0,0,0,0,0,0,0,0,0,2,3,2,1,3,2,2,2,2,2
syn_aggregate_00910,22,2.0,3,3,2,3,2,1,1,1,1,1,2,1,0,1,1,0,1,2,0,3,3,3,3,3,3,3,3,2,2,4,4,4,4,4,3,4,3,3,2,4,4,4,4,4,4,4,3,4,3,0,0,0,0,0,0,0,0,0,2,0,1,1,0,1,1,1,1,1,0
syn_aggregate_00911,21,1.0,1,1,1,1,1,0,1,0,0,0,1,0,0,0,0,0,0,0,0,4,4,4,4,4,4,4,3,3,3,4,4,4,4,4,3,4,3,3,4,3,2,2,3,2,2,2,2,2,2,0,0,0,0,0,0,0,0,0,0,1,2,2,1,2,1,1,2,1,2
syn_aggregate_00912,36,2.0,3,3,3,3,3,3,3,1,2,1,2,1,1,2,1,1,1,2,2,2,2,1,2,1,2,2,2,1,3,0,2,2,1,2,1,2,1,1,1,4,4,4,4,3,4,4,3,3,3,1,1,1,1,1,2,1,1,1,1,2,4,4,2,4,3,3,4,4,3
syn_aggregate_00913,38,2.0,3,3,3,3,2,3,3,2,2,1,1,1,1,1,0,0,1,0,0,4,4,4,4,3,3,3,3,4,3,3,4,4,3,3,3,3,4,3,3,2,2,2,2,2,1,2,2,2,1,2,2,2,2,1,2,1,1,1,1,2,4,4,2,4,3,3,3,3,2
syn_aggregate_00914,21,1.0,2,3,2,2,0,2,1,0,0,0,0,1,0,0,0,0,0,0,0,4,4,4,4,4,4,3,3,3,4,2,3,3,2,2,2,2,2,1,2,2,2,1,2,1,0,0,0,1,1,0,0,0,0,0,1,0,0,0,0,0,2,2,0,1,1,1,1,2,0
syn_aggregate_00915,22,2.0,3,3,2,3,2,3,3,2,2,1,1,1,1,1,0,0,0,1,0,4,4,4,4,4,4,4,4,4,4,1,2,2,1,2,1,2,1,1,1,4,4,4,4,4,4,4,4,4,4,1,2,1,1,2,2,1,1,0,3,3,4,4,3,4,4,4,4,3,3
syn_aggregate_00916,19,2.0,1,1,1,1,1,1,0,0,0,0,0,0,0,0,0,0,0,0,0,2,1,1,2,1,1,1,1,1,2,2,2,2,2,2,2,2,2,2,2,2,2,2,2,2,1,1,1,2,1,0,0,0,0,0,0,1,0,0,3,0,1,0,0,1,0,0,1,0,0
syn_aggregate_00917,21,1.0,1,1,1,1,1,1,0,0,0,1,2,2,0,2,1,1,1,1,0,1,1,0,0,0,1,0,0,1,2,3,4,4,4,3,4,3,3,4,2,4,4,4,4,4,4,3,4,4,3,1,2,1,1,1,2,1,1,1,1,0,2,2,1,2,1,1,2,2,2
syn_aggregate_00918,20,2.0,2,3,3,3,2,2,2,1,0,1,1,1,0,1,1,0,1,1,0,0,0,0,0,0,1,0,0,0,0,3,3,3,3,3,2,3,2,2,2,4,4,4,4,4,3,3,3,3,3,1,1,1,0,0,1,0,0,1,0,3,4,4,3,4,3,4,4,4,2
syn_aggregate_00919,29,1.0,2,2,1,1,0,0,0,0,0,1,1,1,0,1,0,1,1,0,0,3,3,2,3,2,3,2,2,2,3,4,4,4,4,4,4,4,4,4,4,2,2,1,2,2,2,1,2,2,3,2,2,1,1,1,1,1,1,1,1,4,4,4,4,4,4,4,4,4,4
syn_aggregate_00920,22,2.0,3,3,2,2,1,2,1,0,0,1,1,1,0,0,1,0,0,1,0,3,3,3,3,3,2,2,2,2,3,2,3,3,3,3,2,3,2,2,2,3,2,2,3,2,2,1,2,2,1,1,1,1,1,1,1,1,0,0,1,4,4,4,4,4,3,3,4,4,3
syn_aggregate_00921,20,1.0,2,3,1,2,1,1,0,0,0,1,1,1,1,2,1,1,1,1,1,4,4,3,4,3,3,3,3,3,2,2,2,2,2,2,2,2,2,3,2,0,0,0,0,1,0,0,0,0,0,0,1,0,0,0,0,0,0,0,0,1,2,2,1,2,2,2,2,2,1
syn_aggregate_00922,44,2.0,2,2,1,1,1,0,0,0,0,0,0,0,0,0,0,0,0,0,0,0,0,0,0,0,1,0,0,1,0,2,2,2,2,2,2,2,2,2,2,1,1,0,1,0,1,0,0,1,0,0,0,0,0,0,0,0,0,1,2,0,1,1,0,1,0,0,1,0,0
syn_aggregate_00923,22,1.0,1,1,1,2,0,1,0,0,0,1,1,1,1,1,0,0,0,1,0,3,3,3,3,3,3,3,2,3,2,3,4,4,3,3,3,3,3,3,2,3,3,3,3,3,3,2,3,2,2,0,0,0,0,0,0,0,0,0,0,2,4,3,2,4,3,2,3,3,4
syn_aggregate_00924,22,1.0,1,1,0,0,0,0,1,0,1,0,0,0,0,0,0,0,1,0,0,2,2,2,2,2,2,2,1,2,2,3,4,4,4,3,3,3,4,3,3,0,0,0,0,0,0,0,0,4,0,0,0,0,0,0,0,0,0,0,0,0,1,1,0,0,0,0,0,0,0
syn_aggregate_00925,21,2.0,1,1,0,1,0,0,0,0,0,0,1,0,0,0,1,0,0,0,0,0,1,0,0,0,1,0,0,0,0,0,1,1,0,0,1,0,1,0,0,1,0,0,0,0,0,0,0,0,0,0,0,0,0,0,0,0,0,0,3,0,1,1,0,1,1,1,1,1,0
syn_aggregate_00926,22,2.0,1,1,1,1,0,0,0,0,0,0,0,0,0,0,0,0,0,0,0,0,1,0,0,1,0,0,0,1,0,1,2,2,2,2,1,2,1,2,1,0,0,0,0,0,0,0,0,0,2,0,0,0,0,1,0,0,0,0,0,0,2,2,0,1,1,1,1,1,1
syn_aggregate_00927,19,2.0,2,2,1,1,1,1,0,0,0,0,1,0,0,0,0,0,0,0,0,1,2,1,1,1,2,1,1,1,1,4,4,4,4,4,4,4,3,3,3,2,2,2,2,1,2,1,1,2,2,1,1,1,1,1,1,0,0,0,0,1,2,1,1,2,1,1,2,1,2
syn_aggregate_00928,22,1.0,3,3,1,2,1,2,1,0,1,0,0,0,0,0,0,0,0,0,3,0,0,0,0,0,1,0,0,0,0,1,2,2,1,2,1,2,2,1,1,3,3,3,3,3,2,3,2,2,3,0,0,0,0,0,0,0,0,2,0,0,2,0,0,1,0,0,1,0,0
syn_aggregate_00929,19,1.0,3,3,3,3,3,3,3,2,3,0,0,0,0,0,0,0,1,1,1,3,3,3,3,3,2,2,3,2,3,4,4,4,4,4,4,4,4,3,3,4,4,3,4,4,4,3,4,4,3,0,1,0,0,0,1,0,1,0,1,3,4,3,3,4,3,2,3,3,3
syn_aggregate_00930,22,2.0,1,2,1,1,0,0,1,0,1,0,0,0,0,0,0,0,0,1,0,1,1,1,1,1,1,1,0,0,0,1,1,1,1,1,1,1,1,0,0,2,1,1,2,1,1,1,1,1,0,0,0,0,0,0,0,0,0,0,0,0,1,1,0,1,1,0,1,1,1
syn_aggregate_00931,19,1.0,3,3,3,3,3,3,2,2,1,0,0,0,0,0,0,0,0,2,0,2,2,1,2,1,2,1,2,0,3,4,4,4,4,4,4,3,4,4,1,4,4,3,4,3,3,3,3,3,4,0,1,0,0,0,0,1,0,0,0,4,4,4,4,4,4,4,4,4,3
syn_aggregate_00932,22,2.0,3,3,2,3,2,3,2,1,2,0,1,0,0,0,0,0,0,0,0,4,4,4,4,4,4,4,4,4,3,4,4,4,4,4,4,4,3,3,4,4,4,4,4,4,4,4,3,4,3,1,1,1,1,1,1,1,1,1,1,3,4,4,3,4,4,4,4,4,4
syn_aggregate_00933,35,2.0,3,3,2,3,2,2,2,1,0,0,0,0,0,0,0,0,0,0,0,0,0,0,0,0,0,0,0,0,0,0,0,0,0,0,0,0,0,0,0,0,0,0,0,0,0,0,0,0,1,0,0,0,0,0,0,0,0,1,0,0,2,0,0,0,0,0,0,0,0
syn_aggregate_00934,20,2.0,3,3,1,2,1,1,1,0,0,1,2,1,1,1,1,1,0,1,2,4,4,4,4,3,4,3,3,3,3,2,3,2,2,3,2,3,2,3,2,4,4,4,4,4,4,4,4,4,4,1,1,1,0,1,1,1,0,1,1,3,4,4,3,4,3,3,3,3,3
syn_aggregate_00935,20,2.0,3,3,3,3,3,3,3,3,2,0,0,0,0,0,0,0,0,1,0,2,2,1,1,1,1,2,2,1,2,0,2,1,1,1,1,1,1,1,0,1,0,0,0,0,0,0,0,0,0,1,1,1,1,1,1,1,1,0,0,2,3,3,2,3,2,2,3,3,2
syn_aggregate_00936,18,1.0,1,0,1,0,0,0,0,0,0,0,0,0,0,0,0,0,0,0,0,1,1,2,1,1,1,1,2,1,1,2,3,3,2,2,2,3,2,2,1,0,0,0,1,0,0,0,0,0,0,0,0,1,0,0,0,0,0,0,0,0,1,1,0,1,0,0,1,0,0
syn_aggregate_00937,22,1.0,1,2,1,2,1,1,0,0,0,0,0,1,0,0,0,0,0,0,0,0,0,0,0,0,0,0,0,0,4,1,2,2,1,2,1,2,1,2,2,0,1,1,1,1,1,0,1,0,2,0,0,0,0,0,0,0,0,0,2,0,1,0,0,0,0,0,1,0,0
syn_aggregate_00938,21,2.0,3,3,2,3,2,2,2,0,0,1,2,2,1,1,2,1,1,1,1,4,4,4,4,4,4,4,3,4,4,4,4,4,4,4,4,4,4,4,3,3,3,3,3,3,3,2,3,3,2,0,0,0,0,0,1,1,0,0,0,4,4,4,4,4,4,4,4,3,4
syn_aggregate_00939,19,2.0,3,3,2,3,2,2,2,2,0,0,0,0,0,0,0,0,0,0,0,4,4,4,4,4,3,3,3,3,3,3,4,4,3,3,3,4,3,3,2,1,0,0,1,0,0,0,0,0,0,0,1,0,0,0,0,0,0,0,0,1,1,1,0,1,1,1,1,0,0
syn_aggregate_00940,18,2.0,3,3,2,2,2,2,0,0,1,0,1,0,0,0,0,0,0,0,0,4,4,4,4,3,4,3,4,3,3,0,1,0,0,0,0,1,0,0,0,1,1,1,2,1,1,1,1,1,0,1,0,1,0,1,0,1,0,0,2,0,1,0,0,0,0,0,1,0,0
syn_aggregate_00941,25,2.0,1,2,0,1,0,1,0,0,1,0,0,0,0,0,0,0,1,0,0,2,2,1,2,1,2,2,2,2,1,2,1,2,1,2,1,2,1,1,2,0,0,0,0,0,0,0,0,0,0,1,1,1,1,1,1,0,0,0,0,0,1,1,0,1,0,0,1,0,0
syn_aggregate_00942,19,2.0,3,3,3,3,3,3,3,2,1,0,0,0,0,0,0,0,4,0,0,3,4,4,3,4,4,3,2,3,2,4,4,4,4,4,4,4,4,4,2,4,4,4,4,3,4,3,3,4,2,0,1,0,0,0,0,1,1,0,2,3,4,4,3,4,4,3,4,4,3
syn_aggregate_00943,18,1.0,3,3,3,3,2,3,3,2,3,0,0,0,0,0,0,0,0,0,4,4,4,4,4,4,3,3,3,3,4,3,4,4,4,4,4,4,4,3,2,4,4,4,4,4,4,4,4,4,4,1,2,1,1,1,1,2,1,0,1,4,4,4,4,4,4,4,4,3,4
syn_aggregate_00944,20,2.0,3,3,2,2,2,1,1,0,1,0,0,0,0,0,0,0,0,0,3,2,2,1,2,1,2,2,1,2,3,0,0,0,0,0,0,0,0,0,3,2,2,1,2,1,1,1,1,1,1,0,0,0,0,0,0,0,2,0,0,4,4,4,4,4,3,3,3,3,4
syn_aggregate_00945,35,2.0,3,3,2,2,2,0,0,0,0,0,1,0,0,1,0,0,1,0,1,0,0,0,0,0,0,0,0,0,4,3,3,3,3,2,3,2,2,2,2,1,1,0,1,0,0,0,1,0,0,0,0,0,0,0,0,0,1,1,2,1,2,2,1,2,1,1,1,1,1
syn_aggregate_00946,,2.0,0,0,0,0,0,0,0,0,0,0,0,0,0,0,0,0,0,0,0,0,0,0,0,0,0,0,0,2,0,0,2,1,0,1,0,1,1,1,2,2,1,1,1,1,0,0,1,1,0,0,0,0,0,0,0,0,0,0,0,0,0,0,0,0,0,0,0,0,0
syn_aggregate_00947,40,2.0,2,2,1,1,1,1,0,0,1,0,0,0,0,0,0,0,0,0,0,4,4,4,4,3,4,4,3,3,3,0,0,0,0,2,0,0,0,0,0,0,0,0,0,1,0,0,0,0,0,0,0,0,0,0,1,0,0,0,0,0,1,1,0,1,0,0,1,0,0
syn_aggregate_00948,18,2.0,3,3,2,2,2,3,2,0,0,0,0,0,0,0,0,0,0,2,0,3,3,3,3,3,2,2,2,3,3,2,3,3,2,2,2,3,2,2,2,4,3,3,4,3,3,2,2,2,3,0,0,0,0,0,0,0,0,2,0,4,4,4,3,4,4,4,4,4,4
syn_aggregate_00949,19,1.0,3,3,3,3,2,3,2,2,1,2,2,2,2,2,2,2,2,2,2,3,3,2,2,2,2,2,2,2,2,2,3,2,2,2,2,2,2,2,2,3,3,3,3,2,3,3,3,2,3,1,1,0,0,0,1,0,0,0,0,0,0,0,0,1,0,1,0,0,0
syn_aggregate_00950,22,2.0,3,3,3,3,2,3,2,0,0,0,0,0,0,0,0,0,0,2,0,2,2,1,2,1,2,1,2,2,1,2,3,3,2,2,2,3,3,2,2,3,3,2,3,2,2,2,2,2,2,0,1,1,0,1,1,0,0,0,1,4,4,4,3,4,4,3,4,4,2
syn_aggregate_00951,20,2.0,2,2,1,2,1,2,1,0,1,0,0,0,0,0,0,0,0,0,2,1,1,2,2,1,1,1,1,2,2,1,2,2,2,2,2,2,1,1,2,2,2,2,2,2,1,1,2,2,2,0,0,0,0,4,0,0,0,0,0,0,2,1,0,2,0,0,1,1,0
syn_aggregate_00952,19,1.0,2,3,2,3,1,2,1,0,0,0,0,0,0,0,0,0,0,3,0,2,3,2,3,2,2,2,2,1,3,2,2,2,2,2,2,2,2,2,2,0,0,0,0,0,0,0,0,0,3,0,0,0,0,0,0,0,0,1,0,3,4,4,2,4,3,3,3,2,2
syn_aggregate_00953,21,2.0,3,3,3,3,3,3,3,3,2,1,1,1,0,1,1,0,1,1,0,3,3,4,3,3,4,3,2,2,3,4,4,4,4,4,4,4,4,3,3,4,4,4,4,3,4,4,4,4,3,1,1,0,0,0,1,0,0,0,0,4,4,4,4,4,3,3,3,3,2
syn_aggregate_00954,21,2.0,1,1,1,1,1,1,0,0,0,0,1,0,0,0,0,0,0,0,0,3,3,2,3,3,2,2,2,2,3,1,2,2,1,1,2,1,1,1,1,3,2,2,3,2,2,2,2,3,1,1,1,1,1,1,1,1,1,0,0,2,3,3,2,3,2,2,2,2,2
syn_aggregate_00955,25,2.0,1,2,1,1,0,1,1,0,1,0,1,0,0,0,0,0,0,0,0,0,0,0,0,0,0,1,0,1,0,0,1,0,0,0,0,0,0,0,0,0,0,0,0,0,0,0,0,3,0,0,0,0,0,0,0,0,0,0,0,0,2,2,0,2,0,1,2,1,0
syn_aggregate_00956,18,2.0,1,1,0,1,0,0,0,0,0,0,0,0,0,0,0,0,0,0,1,4,3,3,3,3,3,2,3,3,3,0,0,1,0,0,0,1,0,1,0,3,3,3,3,2,3,3,2,2,4,0,0,0,0,0,0,0,0,0,0,0,1,1,0,0,0,0,1,0,0
syn_aggregate_00957,34,1.0,3,3,3,3,2,3,2,1,0,0,0,0,0,0,0,0,0,0,4,4,4,4,4,3,4,3,3,3,4,1,2,1,1,1,1,1,2,1,1,1,1,1,1,0,0,0,0,1,0,0,0,0,2,0,0,0,0,0,0,2,3,3,2,3,3,3,2,3,2
syn_aggregate_00958,20,2.0,3,3,2,2,2,2,2,1,1,0,1,0,0,0,0,0,0,0,0,0,1,0,0,0,1,0,0,0,0,0,1,0,0,0,1,0,0,0,0,2,2,2,2,2,1,1,2,1,1,0,0,0,0,0,0,0,0,0,4,0,0,0,0,0,0,0,0,0,3
syn_aggregate_00959,51,1.0,2,2,2,3,1,1,1,0,0,0,0,1,0,0,0,0,0,0,0,2,2,2,2,2,2,2,1,1,1,2,2,2,2,2,1,1,2,1,2,1,1,1,1,1,0,0,0,0,0,1,2,1,1,1,2,1,1,1,1,3,4,4,3,4,4,3,4,3,3
syn_aggregate_00960,22,2.0,1,0,0,0,0,0,0,0,0,0,0,0,0,0,0,0,0,0,4,1,1,1,1,1,1,1,1,1,1,1,2,2,1,1,1,2,2,0,1,2,2,2,1,1,2,1,0,1,1,0,0,0,0,0,0,0,0,0,3,3,4,4,3,4,4,4,4,4,4
syn_aggregate_00961,21,2.0,3,3,2,3,2,3,1,1,1,0,1,0,0,0,0,0,0,1,0,3,3,2,3,2,3,2,2,2,2,3,3,3,3,3,2,3,3,3,2,4,4,4,4,3,4,4,4,3,3,0,1,0,0,1,0,0,0,0,0,2,4,3,2,3,3,2,3,3,4
syn_aggregate_00962,20,2.0,3,3,2,3,2,3,1,0,0,2,2,1,1,1,2,1,1,1,1,3,3,3,3,3,3,3,3,2,2,4,4,4,4,3,3,3,3,3,1,4,4,4,4,4,4,4,4,4,4,1,1,1,1,2,2,1,1,1,2,4,4,4,3,4,4,3,4,4,3
syn_aggregate_00963,22,2.0,2,2,1,1,0,0,0,0,0,0,1,0,0,0,0,0,0,0,0,4,4,4,3,3,4,3,4,3,3,3,3,3,3,3,3,3,3,3,2,3,2,2,2,2,2,2,2,3,1,0,0,0,0,0,0,0,0,0,3,2,3,3,2,3,1,2,2,2,3
syn_aggregate_00964,22,2.0,1,2,0,0,0,0,0,0,0,0,0,0,0,0,0,0,0,0,0,0,1,0,0,0,0,0,0,1,0,0,1,1,0,1,0,1,1,0,1,1,0,0,2,0,0,0,0,0,0,0,0,1,0,0,0,0,0,0,0,2,3,3,2,3,2,2,3,2,3
syn_aggregate_00965,27,1.0,2,3,1,2,1,1,0,0,0,0,0,0,0,0,0,0,0,0,2,1,1,1,2,1,2,1,1,0,0,0,0,0,0,0,0,0,0,0,4,4,4,4,4,3,4,3,3,3,3,0,0,0,0,0,0,0,0,0,0,2,2,3,2,2,2,2,2,2,2
syn_aggregate_00966,22,1.0,3,3,2,3,2,2,2,1,1,0,0,0,0,0,0,0,0,0,4,4,4,4,4,4,4,4,4,3,3,4,4,4,4,4,4,4,3,4,3,4,4,4,4,4,4,4,4,4,4,0,0,0,0,0,0,1,0,0,0,3,4,4,3,4,4,4,4,3,4
syn_aggregate_00967,32,1.0,2,2,1,2,1,2,1,1,0,0,0,0,0,0,0,0,0,0,2,2,3,2,2,2,3,2,2,2,2,4,4,4,4,4,3,3,3,3,3,3,3,3,3,2,3,2,3,3,3,0,0,0,0,0,0,0,4,0,0,0,2,2,1,2,1,1,2,1,2
syn_aggregate_00968,21,1.0,1,2,1,2,1,1,1,0,0,1,1,0,0,0,1,0,0,0,0,1,1,0,1,1,1,0,1,1,1,0,0,0,0,0,0,0,0,0,2,2,2,1,2,0,0,0,1,1,1,0,1,0,0,0,1,0,0,0,0,1,2,2,1,2,2,2,2,2,2
syn_aggregate_00969,19,1.0,0,0,0,0,0,0,0,0,0,0,0,0,0,0,0,0,0,0,0,0,0,0,0,0,0,0,0,0,0,0,0,0,0,0,0,0,0,0,0,1,0,0,1,0,0,0,1,0,0,0,0,0,0,0,0,0,0,0,0,0,0,0,0,0,0,0,0,1,0
syn_aggregate_00970,21,2.0,3,3,2,3,2,3,2,0,0,0,0,1,0,0,0,0,0,0,0,2,2,1,2,1,3,2,1,2,3,2,3,2,2,2,1,2,2,1,0,2,1,1,2,1,2,0,1,2,2,0,1,0,0,0,0,0,0,0,0,2,4,4,2,4,3,3,4,3,2
syn_aggregate_00971,46,2.0,3,3,3,3,2,3,2,2,3,1,2,2,1,1,1,1,1,0,0,2,2,2,2,1,2,2,2,2,3,2,3,2,2,2,2,2,2,2,2,3,3,3,4,3,3,3,3,3,3,0,1,0,0,0,0,1,0,0,0,3,4,4,2,4,3,3,4,4,3
syn_aggregate_00972,20,2.0,3,3,2,3,1,2,1,0,0,1,1,1,1,0,1,1,0,1,0,3,4,4,4,4,4,4,3,4,1,0,0,0,0,0,0,0,0,0,3,4,4,4,4,3,4,3,3,3,2,0,1,1,0,1,1,1,0,1,1,3,4,4,3,4,4,4,4,3,2
syn_aggregate_00973,19,2.0,1,1,1,1,0,1,1,0,1,0,0,0,0,0,0,0,0,0,2,1,2,1,1,1,1,1,1,2,1,1,2,2,1,2,2,1,2,2,2,3,3,3,3,2,2,2,2,2,3,0,0,0,0,0,0,0,0,1,0,0,1,1,0,1,0,0,1,1,1
syn_aggregate_00974,35,1.0,3,3,2,3,2,2,2,1,0,0,0,0,0,0,0,0,0,0,2,2,2,1,2,1,2,1,1,1,2,0,2,1,0,1,1,1,0,0,1,1,1,0,1,0,1,0,0,2,1,0,0,0,0,0,0,0,0,0,0,2,3,3,2,3,2,2,3,2,2
syn_aggregate_00975,20,1.0,3,3,3,3,2,3,3,2,0,3,3,3,2,2,2,3,2,3,2,4,4,4,4,3,4,4,3,3,3,4,4,4,4,4,4,4,4,4,3,4,4,4,4,4,4,4,3,4,4,2,2,1,2,1,1,1,1,2,1,4,4,4,4,4,4,4,4,4,4
syn_aggregate_00976,19,2.0,2,2,1,2,0,0,1,0,0,0,1,0,0,0,0,0,0,0,0,1,1,0,1,1,1,1,1,1,1,3,4,4,3,3,2,3,2,1,0,3,2,2,2,2,2,1,2,2,3,0,1,0,0,0,0,0,0,0,0,3,4,4,2,4,3,3,3,3,2
syn_aggregate_00977,18,2.0,0,1,0,0,0,0,0,0,0,0,0,0,0,0,0,0,0,0,0,0,0,0,0,0,0,0,0,0,2,4,4,4,4,4,3,3,4,3,2,1,1,0,1,1,0,0,0,0,0,0,0,0,0,0,0,0,0,0,0,1,2,2,0,1,1,0,1,0,0
syn_aggregate_00978,22,2.0,3,3,2,3,1,2,2,0,0,1,2,1,0,2,1,1,1,2,1,4,4,3,4,3,4,3,3,2,2,1,2,2,1,1,1,1,2,1,2,3,3,3,3,2,3,2,2,2,3,0,0,0,0,0,0,0,0,0,3,3,4,4,3,4,3,4,4,3,2
syn_aggregate_00979,31,2.0,3,3,2,3,2,3,1,0,0,0,0,0,0,0,0,0,0,4,0,4,4,4,4,4,4,3,4,3,4,0,0,1,0,0,0,0,0,0,1,2,2,2,2,2,2,2,2,2,1,1,1,1,1,1,0,0,0,0,0,3,4,4,3,4,3,3,3,3,1
syn_aggregate_00980,22,2.0,2,2,2,2,1,1,1,0,0,0,0,0,0,0,0,0,0,0,0,0,0,0,0,0,0,0,0,0,0,0,0,0,1,0,0,0,0,0,0,0,1,0,0,0,1,1,0,0,0,0,0,0,0,0,0,0,0,0,0,0,2,1,0,1,0,0,0,1,0
syn_aggregate_00981,47,2.0,3,3,3,3,3,3,3,3,1,0,0,0,0,0,0,0,0,4,0,3,3,2,3,2,2,2,2,2,2,4,4,4,4,3,4,4,4,4,4,2,1,1,2,1,1,0,0,1,1,0,0,0,0,0,0,0,0,0,4,4,4,4,3,4,3,4,4,4,3
syn_aggregate_00982,22,2.0,3,3,2,3,1,2,2,1,0,1,1,1,0,1,0,1,1,1,0,3,3,3,3,3,3,3,3,3,3,0,0,0,0,0,4,0,0,0,0,3,4,3,3,3,4,2,4,2,2,0,0,0,0,1,0,0,0,1,0,0,2,1,0,2,1,1,2,1,0
syn_aggregate_00983,19,2.0,1,2,2,2,1,1,0,0,0,0,1,0,0,0,0,0,2,0,0,1,2,1,1,1,2,1,0,0,1,0,0,0,0,0,0,0,0,2,0,1,0,0,0,0,0,1,0,0,0,0,0,0,0,0,0,0,4,0,0,1,3,3,1,3,2,2,3,2,2
syn_aggregate_00984,19,1.0,3,3,2,2,2,2,2,1,1,0,0,0,0,0,0,0,0,0,2,1,1,1,1,1,1,1,1,1,1,1,2,2,2,2,1,1,2,1,2,4,4,4,4,3,4,4,4,4,3,1,1,0,1,0,1,1,1,0,1,4,4,4,4,4,3,3,4,4,2
syn_aggregate_00985,20,1.0,1,1,1,1,1,1,1,1,1,0,0,0,1,0,0,0,0,0,0,4,4,4,3,3,3,3,3,2,2,2,3,2,2,2,2,2,2,2,2,3,4,3,4,3,3,3,3,3,3,1,1,0,1,1,1,0,1,1,1,0,2,2,0,2,1,1,2,2,1
syn_aggregate_00986,26,2.0,2,2,1,1,0,0,1,0,0,0,0,0,0,0,0,0,0,1,0,0,0,0,0,0,0,0,0,0,3,0,0,0,0,0,0,0,0,0,0,0,0,0,0,1,0,0,0,1,0,1,0,0,0,0,1,0,1,0,0,0,0,0,0,0,0,0,0,0,3
syn_aggregate_00987,19,1.0,2,2,1,2,0,1,0,0,0,0,0,2,0,0,0,0,0,0,0,4,4,4,3,3,4,3,3,3,2,2,3,2,2,2,1,2,2,2,1,0,0,0,0,0,0,0,0,3,0,0,0,0,0,0,0,0,0,0,0,1,4,3,2,3,2,2,3,3,3
syn_aggregate_00988,20,2.0,2,2,1,1,0,0,1,0,0,0,0,0,0,0,0,0,0,2,0,0,0,0,0,0,0,0,0,0,4,2,3,3,3,2,3,3,2,2,3,4,4,4,4,3,3,4,4,3,3,0,0,0,0,0,0,0,0,0,3,1,3,2,1,3,1,1,2,2,1
syn_aggregate_00989,18,2.0,1,0,0,0,0,0,0,0,0,0,0,0,0,0,0,0,0,3,0,4,4,3,4,3,4,3,4,4,3,3,4,4,3,3,4,3,4,3,0,3,2,2,3,2,2,1,2,2,2,1,1,1,1,1,2,1,1,2,1,3,4,3,2,4,2,2,3,3,1
syn_aggregate_00990,20,2.0,2,2,1,2,1,0,0,0,0,0,1,0,0,0,0,0,0,0,1,1,2,1,2,1,2,1,1,2,1,0,1,1,0,1,0,1,1,1,0,0,0,0,0,0,0,0,0,1,0,0,0,0,0,0,0,0,0,0,3,1,4,4,2,4,3,3,3,3,4
syn_aggregate_00991,21,2.0,3,3,3,3,2,3,3,2,3,1,2,2,1,1,1,1,2,1,1,1,1,1,1,1,1,1,1,1,1,4,4,4,4,4,4,3,4,4,4,4,4,4,4,4,4,4,4,4,4,2,2,1,2,2,2,1,1,1,1,3,4,4,3,4,4,4,4,4,4
syn_aggregate_00992,36,2.0,0,1,0,1,0,0,1,0,2,1,2,1,1,1,1,0,1,1,1,1,2,1,1,1,2,1,1,1,1,0,0,0,0,0,0,0,0,0,1,0,0,0,0,0,0,0,0,0,0,0,0,0,0,1,0,1,0,0,0,0,0,0,0,0,0,0,0,0,2
syn_aggregate_00993,21,1.0,2,2,1,1,1,1,1,0,1,0,0,0,0,0,0,0,0,0,0,3,3,2,3,2,2,2,2,2,1,2,2,2,2,2,2,2,2,2,0,3,3,3,3,2,2,2,2,2,2,0,0,1,0,0,0,0,0,0,0,1,3,2,1,3,2,1,2,2,2
syn_aggregate_00994,18,2.0,2,2,1,2,1,1,1,0,0,0,1,0,0,0,0,0,0,0,0,4,4,3,4,3,4,3,3,3,3,4,4,4,4,4,3,3,4,3,3,2,2,2,2,2,2,1,2,2,2,0,0,0,0,0,0,0,0,0,4,3,4,4,3,4,4,3,4,4,4
syn_aggregate_00995,22,2.0,3,3,3,3,3,3,3,2,2,0,0,0,0,0,0,0,0,0,4,2,2,2,2,3,3,2,1,1,1,2,3,3,2,3,2,2,3,2,2,4,4,4,4,4,3,3,4,4,2,0,1,0,1,0,1,1,0,0,1,0,3,2,1,2,2,1,2,2,0
syn_aggregate_00996,20,2.0,2,3,2,2,1,1,0,0,0,0,0,0,0,0,0,0,0,0,2,2,3,2,3,2,2,2,2,2,3,0,1,0,0,1,0,0,0,0,0,4,3,4,4,3,4,3,4,3,4,1,1,1,1,1,1,0,0,0,0,2,3,2,1,2,2,1,2,2,1
syn_aggregate_00997,22,1.0,3,3,2,3,1,0,0,0,0,0,0,0,0,0,0,0,0,0,0,4,3,3,4,3,3,3,2,3,2,3,4,4,4,4,3,4,3,3,2,3,3,3,3,2,3,2,2,2,3,0,0,0,1,0,0,0,0,0,0,3,4,4,3,4,4,3,4,4,3
syn_aggregate_00998,40,2.0,0,1,0,0,0,0,0,0,0,0,0,0,0,0,0,0,0,0,0,0,0,0,0,0,0,0,0,0,0,0,0,0,0,0,0,0,0,0,0,2,2,1,2,2,2,1,1,2,2,0,0,0,0,0,0,1,0,0,0,0,0,0,0,0,0,0,0,0,0
syn_aggregate_00999,19,2.0,1,0,0,0,0,0,1,0,1,0,0,0,0,0,0,0,0,0,4,2,2,2,2,2,1,2,2,1,1,0,1,0,0,0,0,0,0,0,0,0,0,0,0,1,0,0,0,1,0,0,0,0,0,0,0,0,0,0,0,0,2,1,0,1,0,0,1,1,0
syn_aggregate_01000,19,1.0,1,2,1,2,0,0,0,0,1,0,0,0,0,0,0,0,0,0,2,0,0,0,0,0,0,1,0,1,0,3,3,3,3,3,2,3,3,2,1,0,0,0,0,0,0,0,0,0,3,0,0,0,0,0,0,0,0,2,0,2,4,4,3,4,3,3,4,3,2
syn_aggregate_01001,21,1.0,1,1,1,1,0,0,0,0,0,0,0,0,0,0,0,0,0,2,0,0,0,0,0,0,0,0,0,0,0,0,0,0,0,0,0,0,0,0,2,1,0,0,1,0,0,0,0,0,1,0,0,0,0,0,0,0,0,0,1,1,2,2,1,2,1,1,2,2,0
syn_aggregate_01002,18,1.0,3,3,2,3,2,2,2,0,0,0,1,0,0,0,0,0,0,0,0,1,1,0,1,1,1,0,1,1,1,1,1,1,1,1,0,1,0,0,0,1,0,0,1,0,0,0,0,0,0,0,0,0,0,0,0,1,0,0,0,0,2,1,0,2,0,0,1,0,0
syn_aggregate_01003,21,1.0,3,2,1,2,1,1,1,1,0,0,1,0,0,0,0,0,0,0,0,0,1,0,0,0,1,0,0,0,0,0,1,1,0,0,0,0,0,0,0,2,2,1,2,1,1,1,1,1,1,0,0,0,0,0,0,0,0,0,2,1,3,3,2,3,2,2,3,2,2
syn_aggregate_01004,20,2.0,3,3,2,3,2,3,3,0,0,0,0,0,0,0,0,0,0,0,4,4,4,4,4,4,4,4,4,3,3,4,4,4,4,4,4,4,4,4,3,2,2,2,2,1,1,1,1,1,1,0,0,0,0,0,0,0,0,0,2,3,4,4,3,4,4,4,4,4,3
syn_aggregate_01005,19,2.0,2,0,0,0,0,0,0,0,0,0,0,0,0,0,4,0,0,0,0,4,4,4,4,3,4,4,4,3,2,3,3,3,3,3,3,2,3,3,4,4,4,4,4,3,3,3,3,3,2,0,0,0,0,0,0,0,0,3,0,1,3,3,1,3,2,2,2,2,2
syn_aggregate_01006,43,1.0,2,2,1,1,1,0,1,0,0,0,0,0,0,0,0,0,0,0,1,4,4,4,4,3,4,4,3,3,4,4,4,4,4,4,4,4,4,4,3,3,2,2,2,2,1,1,1,2,2,1,1,1,1,1,1,1,0,0,1,2,4,3,2,4,3,2,3,3,2
syn_aggregate_01007,22,2.0,3,3,3,3,2,3,2,1,1,1,1,1,0,1,0,0,0,1,0,4,4,4,4,4,4,3,4,4,3,4,4,4,4,4,4,4,4,4,4,4,4,4,4,4,4,4,4,4,4,1,2,1,1,1,1,1,1,1,1,3,4,4,3,4,4,4,4,4,4
syn_aggregate_01008,18,2.0,1,2,1,1,1,1,1,0,1,1,2,1,1,1,1,1,1,2,1,2,2,1,1,1,1,1,1,2,2,3,3,4,3,3,3,4,3,3,3,4,3,4,4,3,3,3,2,3,4,1,1,0,0,0,1,0,0,0,0,3,4,4,3,4,3,3,4,4,3
syn_aggregate_01009,20,2.0,2,3,2,2,1,1,0,0,0,0,1,0,0,0,0,0,0,0,0,1,1,0,0,0,1,0,0,0,0,1,2,2,2,2,1,2,2,1,1,1,1,0,0,0,0,0,0,0,0,0,0,0,0,0,0,0,0,1,0,0,1,1,0,1,0,0,1,0,1
syn_aggregate_01010,28,2.0,0,1,0,1,0,0,0,0,0,0,0,0,0,0,0,0,0,0,0,2,2,1,2,1,1,1,1,2,1,3,4,4,3,3,3,3,3,3,3,3,3,3,3,3,3,3,3,2,2,0,1,0,0,0,0,0,1,0,2,1,3,3,1,3,1,1,2,2,1
syn_aggregate_01011,19,1.0,2,2,1,2,1,1,0,0,0,1,2,2,1,1,1,1,1,1,1,1,2,1,1,1,2,1,1,0,2,0,1,0,1,1,0,1,0,1,0,2,2,2,2,2,1,1,1,1,1,0,1,0,0,0,0,1,0,0,0,0,0,0,0,0,0,0,0,0,0
syn_aggregate_01012,21,1.0,3,3,2,3,2,1,1,0,0,0,0,0,0,0,0,0,0,0,0,0,0,0,0,0,1,0,0,0,1,1,2,1,2,1,1,2,1,1,2,3,2,2,3,2,2,2,1,2,2,0,0,0,0,0,0,0,0,0,0,1,3,2,1,2,1,2,2,2,1
syn_aggregate_01013,21,2.0,0,0,0,0,0,0,0,0,0,0,0,0,0,0,0,0,0,0,0,0,0,0,0,0,0,0,0,0,0,0,1,0,0,0,0,1,0,0,0,0,0,0,0,0,0,0,0,0,0,0,0,0,0,0,0,0,0,0,1,0,0,0,0,1,0,0,0,0,1
syn_aggregate_01014,21,2.0,3,2,1,2,1,0,0,0,0,0,0,0,0,0,0,0,0,0,0,1,1,0,1,0,0,0,0,1,1,0,2,1,1,1,0,1,1,1,0,2,2,1,2,2,1,1,1,2,3,0,0,1,0,0,0,1,0,1,0,0,2,2,0,2,1,1,1,1,1
syn_aggregate_01015,19,2.0,3,3,3,3,2,2,1,0,1,0,0,0,0,0,0,0,0,4,0,4,4,4,4,4,4,4,4,4,4,3,4,3,3,3,3,3,3,2,2,4,4,4,4,4,4,4,4,4,4,2,2,1,1,1,1,1,1,1,1,3,4,4,3,4,3,3,3,4,2
syn_aggregate_01016,22,1.0,3,3,2,2,1,1,1,1,0,0,0,0,0,0,0,0,0,3,0,0,0,0,0,0,0,0,0,0,0,3,3,3,2,3,2,2,3,2,0,1,1,0,1,0,0,1,0,1,0,1,2,2,1,1,1,1,1,0,2,1,4,3,2,4,2,2,3,3,3
syn_aggregate_01017,19,1.0,2,2,2,2,1,1,1,0,0,0,0,0,0,0,0,0,1,2,0,4,4,4,4,3,3,3,3,3,3,1,2,2,2,2,1,2,2,1,1,1,1,1,0,0,1,0,0,0,0,0,0,0,0,0,0,0,0,0,3,1,4,4,0,3,2,2,3,3,1
syn_aggregate_01018,25,1.0,3,3,2,2,1,2,2,0,0,0,1,0,0,1,0,0,0,0,0,3,4,4,4,3,3,3,3,3,2,0,1,1,0,0,0,1,0,0,0,2,2,2,2,1,2,1,1,2,2,0,0,0,0,0,0,0,0,3,0,0,2,2,0,2,0,0,1,1,0
syn_aggregate_01019,20,1.0,3,3,2,3,2,2,2,0,0,0,0,0,0,0,0,0,0,0,1,2,2,2,2,2,1,1,2,1,1,2,2,2,2,2,1,2,2,1,2,2,2,2,2,2,2,2,1,2,1,0,1,0,0,0,1,0,0,0,0,0,1,0,0,1,0,0,0,0,0
syn_aggregate_01020,51,2.0,1,2,0,1,0,1,1,0,0,0,0,0,0,0,0,0,0,0,1,1,1,1,0,1,1,1,0,1,0,2,3,3,2,2,1,2,2,1,1,2,2,1,2,2,1,1,1,1,2,0,0,0,0,0,0,0,0,0,0,0,0,0,0,1,0,0,0,0,0
syn_aggregate_01021,20,2.0,0,1,1,1,0,0,0,0,0,0,0,0,0,0,0,0,0,3,0,4,3,3,4,3,4,3,3,3,0,4,4,4,4,4,3,4,4,4,3,4,4,4,4,4,3,4,4,4,4,0,1,0,0,0,0,0,0,0,0,2,4,3,2,4,2,3,3,2,3
syn_aggregate_01022,20,2.0,3,3,3,3,3,3,2,1,2,1,2,1,0,1,1,1,0,2,0,4,4,4,4,3,4,4,4,3,3,4,4,4,4,4,3,4,4,3,3,4,4,4,4,4,4,3,4,3,3,3,3,2,3,2,3,2,2,3,1,1,3,3,2,3,3,3,3,3,3
syn_aggregate_01023,20,1.0,3,3,2,2,2,2,1,0,0,0,0,0,0,2,0,0,0,0,0,4,4,4,4,3,4,4,3,3,3,3,3,3,3,3,3,3,3,2,2,1,2,1,1,1,1,0,1,2,1,1,1,1,0,1,1,0,1,0,0,4,4,4,4,4,4,3,4,4,3
syn_aggregate_01024,18,2.0,1,1,1,1,1,1,0,0,1,0,0,0,0,0,0,0,0,0,3,4,4,4,4,4,4,4,4,4,4,4,4,4,4,4,4,4,4,4,3,4,4,4,3,3,3,4,3,4,2,2,3,2,2,2,3,2,2,2,2,3,4,4,3,4,3,3,3,3,2
syn_aggregate_01025,22,2.0,3,3,3,3,1,1,1,1,0,1,1,1,1,1,1,1,0,1,0,4,4,4,4,3,4,4,4,4,4,3,4,3,3,3,3,3,2,2,2,4,4,4,4,4,3,3,3,3,3,2,2,2,1,2,2,1,2,1,2,1,3,3,1,3,2,2,2,2,2
syn_aggregate_01026,21,2.0,3,3,3,3,2,3,2,2,1,0,0,0,0,1,0,0,0,2,0,0,1,0,0,0,0,0,1,0,2,3,4,3,3,3,3,3,3,2,3,2,1,1,1,0,1,1,0,1,1,1,1,1,1,1,1,0,1,0,1,2,3,3,2,3,3,2,3,3,3
syn_aggregate_01027,22,1.0,3,3,2,3,2,3,2,0,0,0,0,0,0,3,0,0,0,0,0,0,1,0,0,0,0,0,0,0,0,0,0,0,0,0,0,0,0,0,2,2,1,1,1,0,0,0,0,1,1,0,0,0,0,0,0,0,0,0,0,0,1,1,0,1,0,0,1,1,0
syn_aggregate_01028,18,1.0,3,3,2,2,1,2,1,0,0,1,2,2,1,1,1,1,1,1,0,1,2,1,1,1,1,1,0,1,1,0,0,0,0,2,0,0,0,0,0,4,3,3,4,3,3,3,2,3,2,0,1,1,1,1,0,1,0,1,1,0,1,0,0,2,0,0,0,0,0
syn_aggregate_01029,18,2.0,0,0,0,0,0,0,0,0,0,0,0,0,0,0,0,0,0,2,0,0,0,0,0,1,0,0,0,0,0,0,1,1,0,0,0,0,0,0,0,0,0,0,1,0,0,0,0,0,0,0,0,0,0,0,0,0,0,0,0,0,1,0,0,0,0,0,0,0,0
syn_aggregate_01030,18,2.0,0,1,0,0,0,0,0,0,0,1,2,1,1,1,1,1,1,1,1,2,2,2,2,1,2,1,2,1,2,2,3,2,2,2,1,2,2,1,1,1,1,1,1,1,1,0,0,1,1,0,0,0,0,0,0,0,0,1,0,3,4,4,2,3,3,3,4,3,1
syn_aggregate_01031,47,2.0,2,2,2,2,1,1,1,1,0,0,0,0,0,0,0,0,0,0,0,1,1,1,2,1,1,1,1,1,1,0,1,0,0,0,0,0,0,0,0,2,1,1,2,1,1,0,0,0,3,0,0,1,0,0,0,0,0,0,0,0,1,0,0,1,0,0,0,0,1
syn_aggregate_01032,21,2.0,0,0,0,0,0,0,0,0,0,0,1,0,0,0,0,0,0,0,0,0,0,0,0,0,0,0,0,4,0,0,1,0,0,0,0,0,0,0,0,0,0,0,0,0,0,0,0,3,0,0,0,0,0,0,0,0,0,0,1,0,2,2,0,1,2,1,2,1,3
syn_aggregate_01033,21,1.0,2,2,1,1,0,0,1,0,0,1,1,1,0,1,0,1,0,1,0,1,1,1,1,1,0,0,0,0,1,0,0,0,0,0,0,0,0,0,4,4,4,4,4,4,4,4,4,3,4,0,0,0,0,0,0,0,0,0,1,1,2,2,1,2,2,1,2,2,3
syn_aggregate_01034,19,2.0,3,3,3,3,2,3,3,2,0,1,1,1,0,1,1,1,1,1,0,4,4,4,4,4,4,3,4,4,4,4,4,4,4,4,4,4,4,4,4,4,4,4,4,4,3,3,3,3,2,1,1,0,0,0,1,0,1,0,1,3,4,4,3,4,4,3,4,4,4
syn_aggregate_01035,19,2.0,1,0,0,1,0,1,0,0,0,0,0,0,0,0,0,0,0,0,0,0,0,1,0,0,1,0,0,1,1,0,0,0,0,0,0,0,2,0,0,2,2,2,2,1,1,1,1,2,2,0,0,0,0,0,1,0,0,0,0,0,1,1,0,1,0,0,0,1,0
syn_aggregate_01036,22,2.0,1,1,1,1,0,0,1,0,0,0,0,0,0,1,0,0,0,0,0,1,1,0,1,0,1,0,0,1,0,0,0,0,0,0,0,0,0,0,0,1,1,1,1,1,1,0,0,0,0,0,0,0,0,0,0,0,0,0,0,0,0,0,0,0,0,0,0,4,0
syn_aggregate_01037,42,1.0,2,2,2,2,1,2,1,0,1,2,2,2,1,2,1,1,2,2,1,2,2,1,2,1,2,1,2,2,2,3,3,3,3,2,2,3,3,2,2,3,2,2,3,2,2,2,1,2,2,0,1,1,0,0,1,1,0,1,0,0,4,3,1,3,2,3,3,4,2
syn_aggregate_01038,21,2.0,3,3,3,3,2,2,2,1,1,2,2,2,1,2,1,1,1,1,2,1,1,1,0,0,1,0,0,1,1,0,1,1,0,1,1,1,1,0,0,2,1,1,2,1,0,0,0,1,2,1,1,1,1,1,1,1,1,1,1,3,4,4,3,4,3,3,3,4,1
syn_aggregate_01039,49,2.0,3,3,3,3,3,3,2,1,0,1,2,1,0,1,1,0,1,0,1,4,4,4,4,4,4,3,4,4,3,4,4,4,4,4,4,4,4,4,3,4,4,4,4,4,4,4,4,4,4,0,0,0,0,0,4,0,0,0,0,4,4,4,4,4,4,4,4,4,3
syn_aggregate_01040,19,2.0,1,1,1,1,1,0,0,0,0,0,0,0,0,0,0,0,0,0,4,4,4,4,4,3,4,4,4,3,2,3,4,4,3,3,3,3,3,3,3,3,3,4,3,4,3,4,3,3,3,2,2,2,1,2,1,1,2,1,1,4,4,4,4,4,4,4,4,4,3
syn_aggregate_01041,20,1.0,3,3,2,2,1,2,1,0,1,1,1,1,0,1,1,1,1,1,0,4,4,4,4,3,4,4,3,2,3,2,2,2,2,2,2,2,2,2,2,4,3,3,4,3,3,2,3,3,3,1,1,1,0,1,1,0,1,1,1,3,4,4,3,4,3,3,4,3,3
syn_aggregate_01042,18,1.0,2,3,1,2,1,1,1,0,0,1,2,2,1,1,1,0,0,1,0,2,2,1,2,1,2,1,1,1,2,2,3,3,2,2,2,2,2,2,1,4,4,4,4,3,4,4,4,4,4,1,1,1,0,1,1,1,0,0,0,1,3,2,1,3,2,2,2,2,1
syn_aggregate_01043,21,2.0,1,2,1,2,1,1,1,0,0,1,1,1,0,1,1,0,0,2,1,4,4,4,4,4,4,4,4,4,4,4,4,4,4,4,4,4,4,4,3,1,0,0,1,0,0,0,0,0,0,1,1,1,1,1,0,0,0,0,0,4,4,4,4,4,4,4,4,3,4
syn_aggregate_01044,22,1.0,2,1,1,1,0,1,1,0,0,0,0,0,0,0,0,0,0,0,2,0,0,0,0,0,0,0,0,0,0,0,0,0,0,0,0,0,0,0,2,0,0,0,0,1,0,0,0,0,0,1,1,1,2,2,1,2,0,0,1,0,1,1,0,1,0,0,1,0,0
syn_aggregate_01045,44,1.0,3,3,3,3,3,3,3,3,3,1,1,1,1,1,1,0,1,1,1,4,4,4,4,4,4,4,4,3,4,3,4,4,4,3,3,3,4,3,3,3,3,2,3,2,3,3,2,2,2,1,1,1,1,1,0,0,0,0,0,1,3,3,2,3,2,2,2,2,2
syn_aggregate_01046,20,1.0,3,3,2,3,2,3,2,0,1,1,1,0,1,1,0,0,0,0,0,3,3,3,4,3,3,3,3,3,3,3,4,3,3,3,4,3,2,2,1,4,4,4,4,4,4,4,4,4,4,0,0,0,0,0,3,0,0,0,0,1,3,2,1,2,1,1,2,2,1
syn_aggregate_01047,51,2.0,2,2,2,2,1,1,1,0,0,0,0,0,1,0,0,0,0,0,0,0,0,0,0,0,4,0,0,0,0,1,3,3,2,2,2,3,3,1,2,2,1,1,2,1,1,1,1,1,1,0,0,1,0,0,0,0,0,0,0,3,4,4,3,4,4,4,4,4,2
syn_aggregate_01048,18,2.0,2,3,2,3,1,2,1,0,0,1,1,1,0,1,0,0,1,1,0,4,4,4,4,4,4,4,3,3,3,4,4,4,4,4,4,4,4,4,3,2,2,1,2,1,1,1,2,1,1,1,2,1,1,1,2,1,1,1,2,3,4,4,4,4,4,4,4,3,3
syn_aggregate_01049,20,2.0,3,3,3,3,2,3,2,2,2,1,2,1,1,1,1,1,1,1,2,3,3,2,3,2,3,2,2,2,3,3,4,3,3,3,2,3,3,2,2,3,3,3,3,2,3,2,2,3,2,0,1,0,0,1,0,1,0,0,0,3,4,4,3,4,4,4,4,4,2
syn_aggregate_01050,21,2.0,3,3,2,3,2,3,2,1,1,0,1,1,0,0,0,0,0,0,0,1,1,1,1,1,0,0,0,0,0,0,3,0,0,0,0,0,0,0,0,0,0,0,0,0,0,0,0,3,0,0,0,0,0,0,0,0,0,0,0,0,2,2,0,2,1,1,2,1,0
syn_aggregate_01051,22,2.0,3,3,2,3,2,2,1,0,0,0,0,0,0,0,0,0,0,0,0,3,3,2,2,2,2,2,2,2,2,1,2,2,1,2,0,1,1,0,0,1,1,0,1,0,1,0,0,0,0,0,0,0,0,0,0,0,0,0,0,0,2,0,0,0,0,0,0,0,0
syn_aggregate_01052,39,2.0,1,3,1,2,1,2,1,0,1,0,0,0,0,0,0,0,0,0,0,0,0,0,0,0,0,0,0,1,0,0,0,0,0,0,0,0,0,0,0,0,0,0,0,0,0,0,1,2,0,0,0,0,0,0,1,1,0,0,0,1,2,1,1,2,0,0,1,1,2
syn_aggregate_01053,18,2.0,1,1,1,1,1,0,0,0,0,0,1,0,0,0,0,0,0,0,0,0,0,0,0,0,0,0,0,0,2,2,2,2,2,2,2,2,2,2,2,0,0,0,0,0,0,0,0,0,1,0,0,0,0,0,0,0,0,0,2,0,0,1,0,0,0,0,0,0,0
syn_aggregate_01054,19,1.0,1,2,1,2,1,1,0,0,0,1,1,1,0,1,1,0,1,1,0,1,2,1,1,1,2,1,0,1,0,2,3,3,3,3,3,2,2,2,1,3,3,3,3,2,2,2,2,2,2,1,1,1,0,1,0,1,1,1,1,3,4,4,3,3,3,3,3,3,2
syn_aggregate_01055,19,2.0,2,3,2,2,1,1,1,0,0,0,0,0,0,0,1,0,0,1,0,1,1,1,1,1,1,0,0,0,0,0,1,0,0,1,0,0,0,0,0,4,4,4,4,4,4,4,3,3,4,1,1,1,0,1,1,1,0,0,1,3,4,4,3,4,3,3,4,3,3
syn_aggregate_01056,21,2.0,1,2,1,1,0,1,0,0,1,0,0,0,0,0,0,0,0,2,0,0,0,0,0,0,0,0,0,0,0,2,3,3,2,2,2,2,2,1,2,0,0,0,0,0,0,0,0,3,0,0,0,0,0,0,0,0,0,0,2,0,1,1,0,1,0,0,1,1,1
syn_aggregate_01057,22,1.0,0,1,0,0,0,0,0,0,0,0,0,0,0,0,0,0,0,0,2,1,1,0,1,0,1,0,0,1,1,0,2,1,1,1,1,1,2,2,0,0,0,0,0,0,0,0,0,0,1,0,0,0,0,0,0,0,0,0,2,0,2,1,0,2,1,1,2,1,0
syn_aggregate_01058,19,2.0,2,3,2,2,0,2,2,1,0,1,2,1,0,1,1,0,0,0,0,0,0,0,0,0,0,0,0,0,2,3,3,3,3,3,3,3,2,2,3,2,2,1,3,1,1,0,1,1,1,0,0,0,1,0,1,1,0,0,0,0,1,0,0,0,1,0,0,0,0
syn_aggregate_01059,41,1.0,2,3,2,3,1,1,1,0,0,0,0,0,0,0,0,0,0,0,4,4,4,4,4,4,4,4,3,3,3,3,4,4,4,4,3,4,4,3,2,4,3,3,4,3,3,3,3,3,2,0,0,0,0,0,0,0,0,1,2,1,4,4,1,3,2,2,3,4,2
syn_aggregate_01060,19,2.0,3,3,2,2,1,1,1,0,1,0,0,0,0,0,1,0,0,0,0,1,1,1,1,1,1,0,0,0,0,1,2,2,2,2,1,1,1,0,0,3,3,3,3,3,3,3,3,2,2,0,0,0,0,0,0,0,0,0,1,0,3,2,1,2,2,2,2,2,2
syn_aggregate_01061,19,2.0,2,2,2,2,0,1,0,0,0,0,0,0,0,0,1,0,0,0,0,2,2,1,2,2,2,1,2,2,2,1,1,1,1,1,0,0,0,0,0,4,4,4,3,3,3,3,3,2,1,0,0,0,0,0,0,0,0,0,3,4,4,4,4,4,4,4,4,3,2
syn_aggregate_01062,21,2.0,1,1,0,1,0,0,0,0,0,0,0,0,1,1,0,0,0,0,0,0,1,0,0,0,1,0,1,0,1,1,2,1,1,1,0,1,1,1,1,0,0,0,0,0,0,0,0,0,4,0,0,0,0,0,0,0,0,0,0,0,0,0,0,0,0,0,0,0,0
syn_aggregate_01063,19,2.0,1,2,1,2,1,1,1,0,0,0,0,0,0,0,0,0,0,0,0,3,3,2,3,2,2,2,2,3,2,1,2,2,2,2,2,2,2,1,1,0,0,0,0,0,0,0,0,4,0,0,0,0,0,0,2,0,0,0,0,0,1,1,0,1,0,0,1,1,0
syn_aggregate_01064,19,1.0,1,1,1,1,1,0,0,0,0,0,0,0,0,0,0,0,0,1,1,0,0,0,0,0,0,0,0,0,0,0,0,0,1,0,0,0,0,0,0,3,3,2,3,2,2,2,2,2,1,0,0,1,0,0,1,1,0,0,0,0,1,0,0,3,0,0,0,0,0
syn_aggregate_01065,19,2.0,3,3,2,3,2,3,2,1,0,0,0,0,0,0,0,0,0,0,3,3,3,3,3,3,3,3,3,4,3,1,2,2,1,2,2,2,2,1,1,1,1,0,1,1,0,0,1,0,0,1,1,1,0,1,0,0,0,0,0,3,4,4,2,4,3,3,3,3,2
syn_aggregate_01066,18,2.0,0,0,0,1,0,0,1,0,0,0,0,0,0,0,0,0,0,0,0,1,1,1,2,2,1,1,0,1,1,1,2,2,1,2,2,1,2,1,2,3,3,3,3,2,2,2,2,2,2,0,0,0,0,0,0,0,0,0,1,0,3,3,1,3,2,2,2,3,2
syn_aggregate_01067,19,2.0,2,2,1,1,0,1,0,0,0,0,0,0,0,0,0,0,0,0,4,1,1,1,1,1,2,1,1,1,1,4,4,4,4,3,4,4,4,3,2,3,2,2,2,1,2,2,1,2,3,1,1,1,0,0,1,0,0,0,2,1,3,3,1,3,2,1,2,2,2
syn_aggregate_01068,19,1.0,3,3,3,3,2,3,3,2,3,0,0,0,0,0,0,0,0,0,0,1,2,1,1,1,2,0,1,2,1,0,1,0,1,0,0,1,0,0,0,3,4,4,3,4,2,3,3,2,2,0,0,0,0,0,0,0,0,0,4,0,1,2,1,1,0,0,1,1,0
syn_aggregate_01069,46,2.0,3,3,2,2,2,1,1,0,0,0,0,0,0,1,0,0,0,0,0,1,1,1,1,2,2,1,1,1,1,4,4,4,4,4,3,3,4,3,2,2,1,1,2,0,1,0,0,1,1,0,0,0,0,0,0,0,0,3,0,1,3,3,1,3,2,2,2,3,3
syn_aggregate_01070,19,2.0,2,2,1,2,1,1,1,0,0,0,0,0,0,0,0,0,0,1,0,1,1,1,1,0,0,0,0,0,2,2,3,2,1,2,1,2,1,1,0,1,1,0,0,0,0,0,0,0,0,0,0,1,0,0,0,0,0,0,1,0,1,1,0,1,0,0,1,0,0
syn_aggregate_01071,19,2.0,2,2,1,2,1,0,1,0,0,0,0,0,0,0,0,0,0,0,0,0,1,0,0,0,0,0,0,0,0,1,2,2,2,2,1,2,2,1,1,0,0,0,1,0,0,0,0,1,0,0,0,0,0,0,0,0,0,0,0,0,1,0,0,0,0,0,0,0,0
syn_aggregate_01072,19,2.0,3,3,3,3,2,3,3,2,1,0,0,0,0,0,0,1,0,2,0,2,2,2,2,2,1,1,1,2,2,3,4,4,3,4,3,4,3,4,2,4,3,4,4,3,4,3,4,3,3,0,0,0,0,0,0,0,0,1,2,4,4,4,4,4,3,3,4,4,3
syn_aggregate_01073,20,2.0,3,3,2,3,2,2,1,0,0,1,1,1,0,1,0,1,0,1,0,4,4,4,4,4,4,4,3,2,2,2,3,3,2,2,2,3,2,2,2,4,4,4,4,3,4,3,3,3,3,2,2,2,1,2,2,2,1,2,2,2,4,4,2,4,3,3,3,4,1
syn_aggregate_01074,21,2.0,2,2,1,1,1,1,1,0,0,0,0,0,0,0,0,0,0,1,0,0,0,0,0,0,0,0,0,1,0,0,1,1,1,1,1,1,1,1,1,0,0,0,0,0,0,0,0,0,4,0,0,0,0,0,0,0,0,0,1,0,0,0,0,0,0,0,0,0,0
syn_aggregate_01075,27,2.0,2,3,2,3,2,1,2,0,1,0,1,0,0,0,0,0,0,0,0,2,2,1,2,2,1,1,1,1,2,3,4,4,4,4,3,3,4,4,3,0,0,0,0,0,0,1,1,0,0,0,0,0,0,0,0,0,0,4,0,1,3,3,2,3,2,3,3,2,1
syn_aggregate_01076,23,2.0,3,3,3,3,2,3,2,1,0,1,2,1,0,1,1,0,1,1,2,4,4,4,4,3,4,4,3,3,3,3,3,3,3,3,3,3,3,3,2,4,4,4,4,3,4,4,4,4,4,1,1,1,0,0,1,1,1,0,1,4,4,4,4,4,4,4,4,3,4
syn_aggregate_01077,22,2.0,3,3,3,3,3,3,3,2,0,2,3,2,1,2,1,2,1,1,2,3,3,3,3,3,3,3,3,3,4,3,3,3,2,2,3,2,2,2,4,1,1,1,1,1,1,1,1,1,2,0,1,0,0,0,0,0,0,0,3,0,2,2,0,2,0,0,2,1,0
syn_aggregate_01078,39,2.0,3,3,2,3,1,2,2,1,0,0,0,0,0,0,1,0,0,0,0,4,4,4,4,4,4,4,4,4,4,4,4,4,4,4,3,4,3,4,3,2,2,1,2,1,2,1,1,2,2,1,1,0,0,0,1,0,0,0,0,3,4,4,4,4,3,4,4,4,4
syn_aggregate_01079,19,2.0,3,3,2,3,2,3,2,2,1,0,0,0,0,0,0,0,0,2,0,1,2,1,1,1,2,1,1,1,2,0,0,0,0,0,0,4,0,0,0,1,1,0,1,1,0,0,0,1,0,0,0,0,0,0,0,0,0,0,0,0,2,1,0,1,1,0,1,1,0
syn_aggregate_01080,20,1.0,1,1,1,0,0,0,0,0,0,0,0,0,0,0,0,0,0,0,0,0,1,0,0,0,0,0,0,0,0,0,0,0,0,0,0,0,0,0,0,2,2,2,3,2,1,2,1,3,1,0,0,1,0,0,0,0,1,0,0,0,0,0,0,0,0,0,0,0,0
syn_aggregate_01081,37,2.0,3,3,2,3,2,3,2,2,1,0,1,0,0,0,0,0,0,0,0,3,3,3,3,3,3,3,3,3,3,3,4,4,4,4,3,3,4,3,2,1,1,1,1,1,1,1,1,1,1,0,1,2,1,1,1,1,1,0,0,2,3,3,1,3,2,2,3,2,4
syn_aggregate_01082,20,1.0,2,2,0,2,0,0,0,0,0,0,0,0,0,0,0,0,0,0,4,4,3,4,4,3,4,3,3,3,2,2,3,2,2,2,2,2,2,2,2,2,2,1,2,1,1,1,1,1,1,0,0,1,0,0,1,0,0,1,0,1,2,2,1,2,1,1,2,1,2
syn_aggregate_01083,18,1.0,1,0,1,1,0,0,0,0,0,0,0,0,0,0,0,0,0,0,0,0,0,0,0,0,0,0,0,0,4,0,1,0,0,0,0,0,0,0,0,2,2,2,2,1,1,1,1,1,2,0,0,0,0,0,0,0,0,0,3,0,2,2,1,2,0,0,1,1,1
syn_aggregate_01084,38,2.0,1,3,0,3,0,1,1,0,0,0,0,0,0,0,0,0,0,0,4,3,3,3,3,3,3,3,2,3,3,3,4,4,3,3,3,3,4,3,4,2,2,2,2,2,2,2,2,2,3,1,2,1,1,1,2,1,2,0,3,0,2,1,0,1,1,0,1,2,2
syn_aggregate_01085,18,1.0,0,0,0,0,0,0,0,0,0,0,0,0,0,0,0,0,0,0,0,0,0,0,0,0,0,0,0,0,1,0,0,0,0,0,0,0,0,1,1,4,3,3,4,3,3,3,3,3,3,1,2,1,1,1,2,1,0,1,1,1,3,3,1,3,2,2,3,2,3
syn_aggregate_01086,21,1.0,1,0,0,0,0,0,0,0,0,0,0,0,0,0,0,0,0,0,1,0,0,0,0,0,0,0,0,0,0,0,1,0,0,0,0,0,0,0,1,0,0,0,0,0,0,0,0,0,1,0,0,0,0,0,0,0,0,0,0,0,1,0,0,1,0,0,0,0,0
syn_aggregate_01087,22,2.0,1,2,1,1,0,1,0,0,0,0,0,0,0,0,0,0,0,0,4,4,4,4,4,4,4,4,4,4,3,1,2,1,2,1,1,1,1,1,2,2,2,1,2,1,1,1,1,2,2,0,1,0,0,0,0,0,1,0,1,1,3,3,1,2,2,2,2,2,2
syn_aggregate_01088,21,2.0,3,0,0,0,0,0,0,0,0,0,0,0,0,0,0,0,0,2,0,2,2,1,1,1,2,1,1,1,3,4,4,4,4,4,4,3,4,3,3,1,1,0,1,0,1,0,0,1,0,1,2,2,2,2,2,2,1,2,2,0,1,1,0,1,0,1,1,1,0
syn_aggregate_01089,47,2.0,1,1,1,1,1,1,0,0,0,0,0,0,0,0,0,0,0,3,0,2,2,1,2,2,2,2,1,1,2,1,2,2,1,1,1,1,1,2,1,2,1,1,2,1,1,0,1,0,0,0,0,0,0,0,2,0,0,0,0,1,3,3,2,2,1,2,3,2,1
syn_aggregate_01090,20,2.0,3,3,3,3,3,3,3,3,0,0,0,0,0,0,0,0,0,1,1,3,3,3,3,3,3,3,3,2,3,3,4,4,3,3,4,3,3,3,3,4,4,4,4,3,4,4,4,3,4,2,2,2,2,2,2,2,2,2,2,3,4,4,3,4,4,4,4,4,3
syn_aggregate_01091,18,2.0,1,0,0,0,0,0,0,0,0,0,0,0,0,0,0,0,0,0,0,0,1,0,0,0,0,0,0,2,0,0,0,0,0,0,0,0,0,0,0,3,3,3,3,2,3,2,3,3,3,0,0,0,0,0,0,0,0,0,0,0,0,1,0,0,0,0,0,0,0
syn_aggregate_01092,18,1.0,1,2,1,1,0,1,0,0,0,1,1,0,0,0,0,0,0,0,0,3,4,3,4,3,4,4,3,3,3,0,2,2,0,1,0,1,1,0,0,4,4,3,4,3,4,3,3,3,1,1,2,1,1,2,1,1,2,1,2,0,2,2,0,1,0,0,2,1,0
syn_aggregate_01093,18,2.0,2,2,2,2,1,1,1,0,1,0,0,1,0,0,0,0,0,0,0,4,4,4,4,4,4,4,4,4,4,3,3,3,3,3,2,2,3,2,0,2,2,2,2,1,1,2,1,1,2,0,1,0,0,1,1,0,0,0,0,1,3,2,1,2,2,1,2,2,2
syn_aggregate_01094,22,2.0,3,3,3,3,2,3,2,2,0,0,0,0,0,0,0,0,0,0,2,4,4,4,4,4,3,3,3,3,1,4,4,4,4,4,4,4,3,4,4,4,4,3,4,3,4,3,3,3,3,2,2,1,1,1,1,1,1,1,1,1,3,3,2,3,2,2,2,2,4
syn_aggregate_01095,18,2.0,3,3,3,3,3,3,2,2,1,0,0,0,0,0,0,0,0,0,0,4,4,4,4,4,4,4,4,4,4,4,4,4,4,4,4,4,4,4,3,3,4,4,3,3,3,3,2,3,3,0,1,0,0,0,1,0,0,0,0,4,4,4,4,4,4,4,4,4,4
syn_aggregate_01096,19,1.0,1,2,1,1,0,1,1,0,0,0,0,0,0,0,0,0,0,0,2,3,3,3,3,2,3,2,3,2,4,4,4,4,4,4,4,4,4,3,4,3,3,3,3,4,3,4,2,3,3,0,0,1,0,0,0,0,0,0,0,3,4,4,3,4,3,3,4,4,3
syn_aggregate_01097,19,2.0,3,3,2,3,2,3,2,0,0,0,0,0,0,0,0,0,0,0,1,0,0,0,0,0,0,0,0,0,4,0,0,0,0,0,0,0,0,2,0,2,2,2,2,1,2,1,1,2,2,0,0,0,0,0,0,0,0,0,4,3,4,4,3,4,3,3,3,3,2
syn_aggregate_01098,20,1.0,3,3,2,3,2,1,0,0,1,1,1,1,0,1,1,0,1,1,0,3,4,3,4,4,3,3,3,3,0,4,4,4,4,4,4,4,4,3,3,3,3,3,4,3,3,3,3,3,2,1,1,1,1,0,1,1,1,2,0,4,4,4,3,4,4,4,4,3,4
syn_aggregate_01099,18,1.0,2,1,1,1,1,0,1,0,0,0,0,0,0,0,0,0,1,1,1,2,2,2,2,1,2,2,2,2,2,2,3,3,2,3,2,2,2,2,2,1,1,0,1,0,0,0,0,0,0,0,0,0,0,0,0,0,0,0,3,0,0,0,0,0,0,0,0,0,0
syn_aggregate_01100,22,2.0,3,3,3,3,2,2,2,1,0,2,2,2,1,2,1,2,2,1,2,3,2,2,3,2,2,2,2,2,2,4,4,4,4,4,4,4,4,3,4,3,2,2,3,2,2,1,2,2,2,1,1,1,0,0,1,0,1,0,1,1,4,4,2,4,3,2,3,3,2
syn_aggregate_01101,20,1.0,1,0,0,0,1,0,0,0,0,0,0,0,0,0,0,0,0,0,2,4,4,4,4,4,3,3,3,3,4,0,1,1,0,0,0,0,0,0,0,4,4,3,4,3,4,3,3,3,1,1,1,1,1,1,1,1,1,0,1,0,3,3,0,2,2,1,3,2,4
syn_aggregate_01102,18,2.0,3,3,2,2,1,2,1,0,0,0,0,0,0,0,0,0,0,0,1,4,4,3,4,3,3,3,3,3,4,1,2,2,1,2,1,1,1,2,2,4,4,4,4,3,3,3,2,3,2,0,0,0,0,0,0,0,0,0,4,2,4,4,3,4,3,3,4,3,1
syn_aggregate_01103,21,2.0,3,3,2,2,1,2,1,0,1,0,0,0,0,0,0,0,0,3,0,4,4,4,4,4,4,3,4,4,3,4,4,4,4,4,4,4,4,3,4,3,2,2,3,2,1,1,1,2,1,0,0,0,0,0,0,0,0,0,3,2,4,4,2,3,3,3,4,3,1
syn_aggregate_01104,50,2.0,3,3,2,2,1,1,2,0,1,0,1,0,0,0,0,0,0,0,0,2,3,2,3,2,2,3,2,2,2,2,3,3,3,3,3,3,3,2,3,1,1,0,1,1,1,0,0,1,0,0,0,0,0,0,0,0,0,1,0,3,4,4,3,4,3,3,4,4,4
syn_aggregate_01105,20,2.0,2,3,2,2,1,1,1,0,0,1,1,1,1,1,0,0,0,0,0,3,4,3,3,2,4,3,2,3,2,3,4,4,3,3,4,4,3,2,1,3,3,3,3,2,2,2,2,2,3,1,1,0,1,1,1,0,1,0,0,2,3,3,2,3,2,2,3,3,3
syn_aggregate_01106,19,1.0,3,3,3,3,2,3,2,2,3,0,0,0,0,0,0,0,3,0,0,2,2,2,3,2,2,2,2,2,2,3,4,4,4,3,4,3,4,3,3,2,2,1,2,1,2,1,1,2,1,0,0,1,0,0,0,0,0,0,0,0,2,1,0,2,0,0,1,1,0
syn_aggregate_01107,18,2.0,2,2,1,1,0,1,1,0,0,0,0,0,0,0,0,0,0,0,2,1,1,1,1,1,1,1,1,2,1,2,2,2,2,2,3,3,2,2,2,4,4,4,4,3,4,3,3,3,3,0,1,0,0,0,0,0,0,0,0,0,1,1,0,1,0,0,1,0,0
syn_aggregate_01108,21,1.0,3,3,2,1,0,0,0,2,0,0,0,0,0,0,0,0,0,0,0,1,2,1,1,1,2,1,1,1,1,0,0,0,0,0,0,0,0,0,0,2,2,2,2,2,2,1,1,1,1,0,0,0,0,0,0,0,0,0,0,0,1,1,0,2,1,0,1,1,0
syn_aggregate_01109,37,2.0,0,2,0,0,0,0,0,0,0,0,0,1,0,0,0,0,0,0,0,1,1,0,1,0,0,0,0,1,0,0,1,1,0,1,0,1,0,1,1,3,3,2,3,2,3,2,2,3,3,0,0,0,0,0,0,0,0,4,0,0,0,0,0,0,0,0,0,0,0
syn_aggregate_01110,20,2.0,2,2,1,1,1,1,0,0,0,0,1,1,0,0,1,0,0,0,0,3,2,2,3,2,2,1,2,2,2,4,4,4,4,4,4,4,4,4,4,4,4,4,4,3,4,4,4,3,2,0,0,0,0,0,0,0,0,0,3,1,3,3,1,3,2,2,2,2,0
syn_aggregate_01111,18,2.0,3,3,2,3,1,2,1,1,0,1,2,2,1,2,1,0,2,1,3,2,3,2,2,2,3,2,2,2,1,2,4,4,3,3,3,3,3,2,3,4,4,4,4,4,4,4,3,4,4,1,1,1,1,1,1,1,1,1,1,4,4,4,3,4,4,4,4,3,3
syn_aggregate_01112,22,2.0,3,3,2,3,1,1,1,0,0,1,1,1,1,1,1,1,1,0,0,4,3,3,4,3,4,3,3,2,2,4,4,4,3,4,3,4,4,3,3,4,4,4,4,3,4,3,4,3,3,1,1,0,1,0,1,0,0,0,2,0,3,2,0,2,1,1,2,1,2
syn_aggregate_01113,21,1.0,3,3,3,3,2,3,2,1,1,0,0,0,0,0,2,0,0,0,0,4,4,4,3,4,4,3,4,3,3,4,4,4,4,4,4,4,4,3,4,4,4,4,4,4,3,3,3,4,3,0,0,0,0,0,0,0,0,0,2,1,3,2,1,2,2,2,2,2,2
syn_aggregate_01114,19,1.0,1,1,1,1,1,0,0,0,0,0,0,0,0,0,0,0,0,0,4,2,2,1,2,2,2,2,1,2,2,0,0,0,0,0,0,0,0,0,4,4,3,3,4,3,3,3,3,2,2,0,0,1,0,0,1,0,0,0,0,0,1,1,0,1,0,0,1,0,0
syn_aggregate_01115,19,1.0,2,2,1,1,1,1,1,0,0,0,0,0,0,0,0,0,4,0,0,4,3,3,4,3,3,3,3,3,3,3,4,4,3,4,3,3,4,3,3,3,3,3,3,3,3,2,2,3,3,0,0,0,0,0,0,0,0,0,3,0,1,1,0,1,0,0,0,0,0
syn_aggregate_01116,20,2.0,3,3,3,3,3,3,3,1,1,0,0,0,0,0,0,1,0,0,0,0,1,0,0,0,0,0,0,0,0,2,3,2,2,2,1,3,2,2,2,4,4,4,4,4,3,4,4,4,3,1,2,1,1,1,1,1,0,1,1,0,3,3,0,2,1,2,2,1,2
syn_aggregate_01117,21,2.0,0,0,0,0,0,0,0,0,0,0,0,0,0,0,0,0,0,0,1,0,0,0,0,0,2,0,0,0,0,0,0,0,0,0,0,0,0,0,1,0,0,0,0,0,0,0,0,0,0,0,0,0,0,0,0,0,0,0,0,0,0,0,0,0,0,0,0,0,0
syn_aggregate_01118,22,2.0,0,1,0,1,0,0,1,0,0,0,0,0,0,0,0,0,0,0,0,0,0,0,0,0,1,0,0,0,0,3,3,3,3,2,3,3,2,2,2,0,0,0,0,0,1,0,0,0,0,0,0,0,0,0,0,0,0,0,1,0,3,2,0,2,1,1,1,1,0
syn_aggregate_01119,51,1.0,3,3,3,3,3,3,3,3,3,0,0,0,0,0,0,0,0,4,0,4,4,4,4,4,4,4,4,3,4,4,4,4,4,4,4,4,4,4,3,4,4,4,4,3,4,3,4,4,4,0,1,0,0,0,0,1,0,0,0,3,4,4,4,4,4,4,4,4,4
syn_aggregate_01120,22,2.0,0,2,1,1,0,0,0,0,0,0,0,1,0,0,0,0,1,0,0,0,0,0,1,1,0,0,0,0,0,0,2,1,1,1,1,1,1,0,0,3,2,2,3,2,2,1,2,2,1,1,1,1,1,0,1,1,1,1,1,0,1,1,0,1,0,0,1,1,0
syn_aggregate_01121,19,2.0,2,2,1,2,1,1,1,0,0,2,2,3,2,2,1,2,2,2,0,0,1,0,0,0,0,0,1,1,0,2,2,2,1,1,2,2,2,1,2,4,4,4,4,4,4,4,4,4,4,1,2,1,2,1,2,1,1,1,2,0,1,1,0,1,0,0,1,1,0
syn_aggregate_01122,19,1.0,1,1,0,1,0,0,0,0,0,0,0,0,0,0,0,0,0,2,0,2,2,1,2,2,2,2,1,1,2,3,4,3,3,3,3,3,3,3,3,2,2,2,1,1,2,1,1,2,1,0,0,0,0,0,0,0,0,0,4,1,3,3,1,3,2,2,2,2,1
syn_aggregate_01123,19,2.0,3,3,3,3,3,3,2,2,1,1,1,0,0,0,0,0,0,0,0,3,3,3,3,3,3,3,2,2,3,3,3,3,3,3,3,3,2,3,3,2,1,1,2,0,0,0,0,0,0,0,0,0,0,0,0,0,0,0,0,1,3,3,2,3,2,2,3,2,2
syn_aggregate_01124,22,1.0,3,3,2,3,2,2,1,1,1,0,1,0,0,0,0,0,0,0,0,2,2,1,1,1,2,2,1,1,2,0,1,1,1,1,1,1,1,1,0,3,3,3,3,3,3,3,3,3,3,0,0,0,0,0,1,0,0,1,0,1,3,2,2,2,2,2,3,2,1
syn_aggregate_01125,21,1.0,3,3,2,3,2,2,2,2,2,0,0,0,0,0,0,0,0,0,4,3,4,3,3,3,2,2,2,2,1,1,2,2,1,2,1,2,2,1,2,4,4,4,4,4,4,4,4,3,3,2,2,2,2,2,1,2,2,2,2,0,1,1,0,1,0,0,1,1,0
syn_aggregate_01126,20,2.0,3,3,3,3,2,3,2,2,3,1,1,1,0,1,1,0,0,1,1,2,3,2,3,2,2,2,3,2,2,3,4,4,3,3,3,3,3,3,3,0,0,1,0,0,0,0,0,1,0,0,0,0,0,0,0,0,2,0,0,3,4,4,3,4,2,2,3,2,3
syn_aggregate_01127,22,2.0,1,1,0,1,0,0,1,0,1,1,2,1,1,1,1,1,0,1,0,1,1,1,1,1,1,0,0,1,0,0,1,0,0,0,0,0,0,0,0,2,1,1,2,1,1,1,0,1,1,0,0,0,0,0,0,0,0,0,1,0,2,1,0,2,1,1,2,2,1
syn_aggregate_01128,18,1.0,0,1,0,1,0,0,0,0,0,0,0,0,0,0,0,0,0,1,0,3,3,3,3,2,4,3,2,3,2,2,2,2,2,2,2,2,2,2,0,2,2,1,2,1,1,1,1,1,1,0,2,0,0,0,0,0,0,0,0,4,4,4,4,4,4,3,4,4,4
syn_aggregate_01129,19,1.0,3,3,3,3,3,3,3,3,3,1,1,2,1,1,1,0,2,0,0,4,4,4,4,4,4,3,4,4,4,1,2,2,2,2,1,2,1,1,2,4,4,4,4,4,4,4,4,4,4,0,0,0,0,0,0,0,0,0,4,4,4,4,4,4,4,4,4,4,4
syn_aggregate_01130,19,1.0,3,3,2,3,2,1,0,0,0,0,1,0,0,0,0,0,0,0,0,0,0,0,0,0,0,0,2,0,0,0,1,1,0,1,1,1,0,0,0,1,1,0,1,0,0,0,0,0,0,0,0,0,0,0,0,0,0,0,1,0,0,0,0,2,0,0,0,0,0
syn_aggregate_01131,19,2.0,3,3,2,3,2,3,2,1,2,0,0,0,0,0,0,0,0,0,0,2,2,2,2,1,2,2,1,2,1,4,4,4,3,4,4,3,4,3,2,4,4,4,4,3,4,3,3,4,3,1,2,1,1,1,2,1,1,1,1,0,2,1,0,1,1,0,2,1,0
syn_aggregate_01132,34,2.0,2,3,2,2,1,1,0,0,0,0,1,0,0,0,0,0,0,1,0,3,3,3,3,3,3,3,2,2,2,4,4,4,3,4,3,4,4,3,3,2,2,2,2,1,1,1,1,1,2,1,2,1,1,1,2,1,1,2,1,0,2,2,0,2,1,1,2,2,4
syn_aggregate_01133,21,2.0,3,3,2,3,2,3,2,1,0,1,1,1,0,1,1,1,2,0,1,1,2,1,1,1,1,1,1,0,1,2,2,2,1,2,2,2,2,1,3,4,4,4,4,3,4,3,3,3,3,0,0,0,0,0,0,0,0,0,3,0,1,0,0,0,0,0,0,0,3
syn_aggregate_01134,21,1.0,3,3,2,3,1,1,1,0,0,0,0,0,0,0,0,0,0,0,0,0,0,0,0,0,0,0,0,0,0,2,2,2,2,2,2,2,2,1,2,0,0,0,0,0,0,1,0,0,0,0,0,0,0,1,0,0,0,1,0,0,0,0,0,1,0,0,0,0,2
syn_aggregate_01135,19,1.0,3,3,3,3,3,3,3,3,3,2,2,2,1,1,1,1,1,1,0,3,4,3,3,3,4,3,3,4,3,3,3,3,3,3,3,3,3,3,2,4,4,4,4,3,4,3,3,3,1,1,1,1,1,0,0,0,1,1,1,4,4,4,3,4,4,4,4,4,4
syn_aggregate_01136,21,2.0,2,2,2,2,1,2,0,0,0,1,1,1,1,1,1,1,1,0,0,2,3,2,3,2,3,2,2,1,2,4,4,4,4,3,4,4,3,3,2,4,3,4,4,3,4,3,3,3,2,0,0,0,0,0,2,0,0,0,0,0,1,1,0,1,0,0,1,1,0
syn_aggregate_01137,19,2.0,3,3,3,3,2,2,2,2,3,1,1,1,0,1,0,0,0,1,0,4,4,4,4,4,4,4,4,3,4,4,4,4,4,4,4,4,4,4,3,4,4,4,4,4,4,4,4,4,4,1,1,1,1,0,1,0,0,1,2,4,4,4,4,4,3,4,4,4,3
syn_aggregate_01138,46,2.0,1,1,1,2,1,1,0,0,0,1,1,1,0,1,1,1,0,1,1,3,3,3,4,3,3,3,3,3,2,0,0,0,0,0,2,0,0,0,0,3,3,2,3,2,2,1,2,2,2,0,0,0,0,0,1,0,0,0,0,0,2,2,1,2,1,1,2,1,1
syn_aggregate_01139,21,2.0,3,3,3,3,2,3,3,2,0,2,3,2,1,2,2,2,2,2,1,4,4,4,4,3,4,4,3,3,3,4,4,4,4,4,4,4,4,4,4,4,4,4,4,4,4,4,3,4,4,1,1,1,1,0,1,1,0,1,1,4,4,4,4,4,4,4,4,4,4
syn_aggregate_01140,19,1.0,2,2,1,2,1,1,1,0,2,0,0,0,0,2,0,0,0,0,0,3,4,3,4,3,3,3,3,2,3,3,3,3,2,2,2,3,3,2,2,3,4,3,4,2,3,3,3,2,3,0,1,0,0,1,0,1,0,0,0,0,3,2,1,3,2,1,3,2,1
syn_aggregate_01141,20,2.0,3,3,3,3,3,3,2,1,1,1,2,1,0,1,1,0,0,1,2,4,4,4,4,4,4,4,4,4,4,4,4,4,4,4,4,4,3,4,3,4,4,4,4,3,4,3,4,4,3,1,2,1,1,1,2,1,0,0,3,1,3,3,2,3,2,2,2,2,1
syn_aggregate_01142,20,2.0,2,2,2,2,2,1,2,1,1,0,0,0,0,0,0,0,0,1,0,3,3,2,3,2,3,2,2,2,2,0,0,1,0,0,0,0,0,0,0,2,1,1,2,1,1,0,1,1,3,0,0,0,0,0,0,0,0,0,0,0,2,1,0,1,0,0,1,0,0
syn_aggregate_01143,18,2.0,2,2,2,2,0,2,0,0,0,0,0,0,0,0,0,0,0,0,1,3,3,3,3,2,3,3,3,2,2,2,2,2,2,2,2,2,2,2,2,1,1,1,1,1,0,0,0,0,1,0,0,0,0,0,0,0,0,1,0,1,3,3,1,3,2,2,3,2,3
syn_aggregate_01144,19,2.0,0,0,0,0,0,0,0,0,0,0,0,1,0,0,0,0,0,0,0,0,0,0,1,0,0,0,0,0,0,1,2,1,1,2,1,1,2,1,1,0,0,0,0,0,0,0,0,0,3,0,0,0,0,0,0,0,0,0,1,0,0,0,0,1,0,0,0,0,0
syn_aggregate_01145,21,2.0,3,3,3,3,3,3,3,2,1,2,3,3,2,2,2,2,2,2,2,4,4,4,4,4,4,4,4,4,4,3,4,4,3,3,4,3,4,3,3,4,3,4,4,3,3,3,2,3,3,1,1,1,1,2,2,1,1,1,1,3,4,4,3,4,4,3,4,4,3
syn_aggregate_01146,25,2.0,3,3,3,3,3,3,3,3,3,0,1,0,0,0,1,0,0,0,1,4,4,4,3,4,4,3,3,4,2,3,3,3,3,3,2,3,3,2,3,4,3,3,4,3,3,3,3,3,3,1,1,1,0,1,1,1,0,1,0,3,4,4,3,4,4,4,4,4,3
syn_aggregate_01147,19,1.0,0,0,0,0,0,0,0,0,0,0,0,0,0,0,0,0,0,0,0,0,0,0,0,0,0,0,0,0,0,0,0,0,0,0,0,0,0,0,0,2,2,2,1,1,1,1,1,2,2,0,1,0,0,0,0,0,0,0,0,0,1,0,0,0,0,0,0,0,0
syn_aggregate_01148,22,2.0,2,2,1,2,1,1,1,0,0,1,2,1,0,1,1,0,1,1,0,0,0,0,0,0,0,0,0,0,2,4,4,4,4,4,3,3,3,3,3,4,4,3,4,4,3,3,3,3,3,2,2,2,2,2,2,2,1,2,2,1,3,3,1,2,2,2,2,2,2
syn_aggregate_01149,18,1.0,2,3,2,2,1,1,0,0,0,1,2,1,0,1,1,2,1,2,1,3,3,3,3,3,3,3,3,3,0,0,2,2,1,1,1,2,1,1,1,4,4,4,4,3,4,4,3,4,4,1,1,1,1,1,2,1,1,1,1,1,3,3,2,3,2,2,3,2,3
syn_aggregate_01150,18,2.0,1,1,1,0,0,0,0,0,0,0,0,0,0,0,0,0,0,0,2,1,2,1,2,1,2,2,1,1,2,4,4,4,4,3,4,4,3,3,2,4,4,4,4,4,4,4,4,3,4,0,0,0,0,0,0,0,0,4,0,1,3,2,1,3,1,2,2,1,2
syn_aggregate_01151,21,2.0,3,3,3,3,3,3,2,1,1,0,1,1,0,1,1,0,1,1,0,4,4,4,4,3,4,3,3,3,3,0,1,1,1,1,1,1,1,1,0,4,4,4,4,3,4,4,3,4,1,0,0,0,0,0,0,0,0,0,1,1,3,3,1,3,2,2,2,2,2
syn_aggregate_01152,50,1.0,2,2,1,1,0,0,0,0,0,0,0,0,0,0,0,0,0,0,1,1,1,1,1,1,1,1,1,1,1,0,1,0,0,0,0,0,1,0,0,4,4,3,4,3,3,3,2,2,2,0,0,0,0,0,0,0,0,0,0,2,3,2,2,3,2,2,2,2,1
syn_aggregate_01153,26,2.0,2,3,2,2,1,2,1,0,1,0,0,0,0,0,0,0,0,0,0,1,1,1,1,1,1,0,1,1,1,2,3,3,3,2,3,2,3,3,2,0,0,0,1,0,0,0,0,0,0,0,0,1,0,0,0,0,0,0,0,0,2,1,0,2,1,0,2,1,0
syn_aggregate_01154,21,2.0,2,1,0,1,0,0,1,0,1,0,0,0,0,0,0,0,0,0,0,0,0,0,0,0,0,0,0,0,0,4,4,4,4,4,3,3,3,4,4,0,0,0,0,0,0,0,0,0,0,0,1,0,0,0,0,0,0,0,0,0,1,0,0,0,0,0,0,0,0
syn_aggregate_01155,29,2.0,3,3,3,3,2,3,2,1,0,2,3,2,2,2,3,1,2,2,1,4,4,4,3,3,4,2,3,3,2,2,3,2,2,2,2,2,3,2,2,3,3,3,3,2,3,3,3,2,2,1,2,1,1,1,2,1,1,1,1,2,2,2,1,2,1,2,2,2,1
syn_aggregate_01156,39,2.0,3,3,3,3,3,3,2,0,0,1,2,1,0,2,1,1,1,1,0,2,2,1,1,1,2,1,1,0,0,4,4,4,4,4,4,3,3,3,2,4,4,4,4,3,3,4,4,3,4,3,3,3,2,2,4,3,3,2,3,3,4,4,4,4,4,4,4,4,4
syn_aggregate_01157,19,1.0,3,3,3,3,2,3,2,2,1,2,2,2,1,2,2,1,2,2,2,3,3,3,4,3,4,3,2,2,2,4,4,4,4,4,4,4,4,4,4,4,4,4,4,4,4,4,4,3,4,1,2,1,1,1,2,1,1,1,1,4,4,4,4,4,4,4,4,4,4
syn_aggregate_01158,49,2.0,3,3,2,3,2,3,2,1,0,0,0,0,0,0,0,0,0,0,0,2,2,2,2,2,2,2,2,2,2,2,3,3,2,2,2,2,3,2,1,1,1,1,1,1,0,0,0,1,1,0,0,0,0,0,0,1,0,0,0,4,4,4,4,4,4,4,4,4,3
syn_aggregate_01159,18,2.0,3,3,3,3,2,3,3,2,3,1,1,1,0,1,0,0,1,1,0,4,4,4,4,3,3,3,3,3,2,2,2,2,2,2,2,2,2,2,2,4,4,4,4,3,4,4,3,4,3,0,0,0,0,0,0,0,0,0,0,1,1,0,0,1,0,1,0,0,0
syn_aggregate_01160,19,2.0,3,3,3,3,2,3,3,2,1,1,2,2,0,1,1,0,1,1,0,4,4,4,4,4,4,4,4,4,4,4,4,4,4,4,4,4,4,4,4,4,4,4,4,4,4,4,4,4,4,2,2,1,1,2,1,1,1,1,2,4,4,4,4,4,4,4,4,4,4
syn_aggregate_01161,22,2.0,2,3,2,2,0,2,1,0,0,1,1,1,1,1,1,1,1,1,1,0,0,0,0,0,0,1,0,1,0,0,0,0,0,0,0,0,0,0,2,2,1,1,1,1,1,1,0,1,1,0,0,0,0,0,0,0,4,0,0,0,2,1,0,1,1,0,1,0,0
syn_aggregate_01162,20,2.0,3,3,2,3,2,3,2,1,0,0,0,0,1,0,0,0,0,0,0,3,3,3,3,2,2,2,3,2,3,2,3,3,2,2,2,2,3,1,2,4,4,4,4,4,4,4,4,3,4,1,1,1,1,1,1,1,1,1,1,3,4,4,3,4,4,4,4,4,3
syn_aggregate_01163,21,1.0,0,1,1,1,1,0,0,0,0,0,0,0,0,0,2,0,0,0,0,0,0,0,0,0,1,0,0,0,0,0,0,0,0,0,0,0,2,0,0,0,0,0,1,0,0,0,0,0,0,0,0,0,0,0,0,0,0,0,1,0,1,0,0,0,0,0,0,0,2
syn_aggregate_01164,20,2.0,2,2,2,2,1,1,0,0,0,0,1,0,0,0,0,0,0,0,0,3,4,3,2,3,3,3,3,2,4,3,3,3,3,3,3,3,4,3,2,4,4,3,4,3,4,4,3,4,3,1,1,1,0,0,1,1,0,0,2,3,4,3,3,4,2,3,3,3,4
syn_aggregate_01165,21,2.0,1,1,0,0,0,0,0,0,0,0,0,0,0,0,0,0,0,0,0,1,1,1,1,1,1,0,1,1,1,0,0,0,0,1,0,0,1,1,0,0,0,0,0,0,0,0,0,0,0,0,0,0,0,0,0,0,0,0,0,1,2,2,1,2,1,1,2,2,2
syn_aggregate_01166,20,1.0,3,3,3,3,3,3,2,1,1,1,2,1,0,1,1,0,1,1,1,4,4,4,4,3,4,4,3,3,3,4,4,4,4,4,4,4,4,3,3,2,2,2,2,2,2,1,1,2,2,1,2,1,1,1,2,1,1,1,1,1,2,2,1,2,1,1,2,2,1
syn_aggregate_01167,20,2.0,0,1,0,1,0,0,0,0,0,0,0,0,0,0,0,0,0,0,1,1,1,1,1,1,1,1,0,0,0,0,1,0,0,0,0,0,0,0,0,0,0,0,0,0,0,3,0,0,0,0,0,0,0,0,1,1,0,0,0,0,1,0,0,0,0,0,0,0,0
syn_aggregate_01168,19,2.0,3,3,2,2,1,1,0,1,0,0,0,0,1,0,0,0,0,0,0,4,4,4,4,3,3,3,4,3,3,3,4,4,3,3,3,3,3,3,2,2,2,2,2,2,1,1,2,2,1,0,1,0,0,0,0,0,2,0,0,3,4,4,3,4,4,4,4,3,3
syn_aggregate_01169,18,1.0,0,1,1,1,0,1,0,0,0,0,0,0,0,0,0,0,0,0,2,2,2,2,2,2,2,2,2,2,2,0,0,0,0,0,0,0,0,0,3,3,2,2,3,1,2,2,2,2,1,0,0,0,0,0,0,2,0,0,0,0,1,0,0,1,0,0,0,1,0
syn_aggregate_01170,18,2.0,2,2,1,1,0,0,0,0,0,0,0,0,0,0,0,0,0,4,0,1,1,1,1,1,1,1,1,1,1,0,1,1,0,1,0,1,0,2,2,2,1,1,2,1,1,1,1,1,1,0,0,0,0,1,0,0,0,0,0,0,1,1,0,1,0,0,1,0,0
syn_aggregate_01171,20,1.0,2,2,2,2,1,1,0,0,0,0,1,1,0,1,1,0,0,1,0,0,1,1,2,2,0,0,0,0,1,0,2,2,1,1,2,1,1,1,2,4,4,4,4,4,4,3,3,3,3,0,0,0,0,0,0,0,0,0,4,0,1,0,0,0,0,0,0,0,0
syn_aggregate_01172,26,1.0,3,3,2,3,2,3,2,1,0,1,1,1,1,1,1,1,1,1,0,2,3,2,3,2,3,2,2,1,3,2,3,3,2,2,2,2,2,2,1,4,4,4,4,3,4,3,3,4,3,0,0,0,0,0,0,0,0,1,0,0,1,1,0,1,0,0,1,0,0
syn_aggregate_01173,20,2.0,0,0,0,0,0,0,0,0,0,0,0,0,0,0,0,0,0,0,0,0,0,0,0,0,1,0,0,0,1,0,0,0,0,0,0,0,0,0,0,1,1,1,1,0,0,0,0,0,0,0,0,0,0,0,0,0,0,0,0,0,1,0,0,1,0,0,0,0,0
syn_aggregate_01174,22,1.0,1,1,1,1,1,0,0,0,0,1,1,1,1,1,0,0,0,0,1,4,4,4,4,4,4,4,3,3,2,2,2,2,2,2,1,1,2,1,0,2,2,1,2,1,1,0,0,1,0,1,1,1,1,0,1,0,1,0,1,2,4,4,2,4,3,3,3,3,1
syn_aggregate_01175,20,2.0,1,2,0,1,0,0,1,0,0,0,0,0,0,0,0,0,0,0,0,0,0,0,0,0,0,0,0,0,0,0,0,0,0,0,1,1,0,0,0,0,0,0,0,0,0,0,0,0,0,0,0,0,0,0,0,0,0,0,1,2,4,3,3,3,2,2,2,3,3
syn_aggregate_01176,20,1.0,3,3,2,3,1,2,1,0,1,1,1,1,0,1,0,0,0,1,0,1,1,1,1,1,1,0,0,0,0,4,4,4,4,4,4,4,4,4,3,3,4,3,3,3,3,2,3,2,2,1,1,1,1,1,2,1,1,1,1,1,3,2,1,2,2,2,2,2,1
syn_aggregate_01177,28,1.0,2,2,2,2,1,2,1,0,1,1,1,1,0,1,2,2,2,1,0,1,1,0,1,0,1,1,0,1,0,3,4,4,3,3,3,3,3,3,3,0,1,1,0,1,0,0,0,0,0,0,0,0,0,0,0,0,0,0,0,0,1,1,0,1,1,0,1,1,0
syn_aggregate_01178,25,2.0,1,1,1,1,0,0,0,0,0,1,1,1,1,1,0,1,0,1,1,0,0,0,0,0,0,0,0,0,0,3,4,4,3,3,3,4,4,3,2,2,2,2,2,0,1,1,0,0,0,0,0,0,0,0,0,0,0,2,0,0,1,0,0,0,0,0,0,0,3
syn_aggregate_01179,49,2.0,2,2,1,1,0,1,0,0,0,0,0,0,0,0,0,0,0,0,0,0,0,0,0,0,0,0,0,0,1,0,1,0,0,1,0,0,0,0,0,1,1,1,1,1,1,1,1,1,1,0,0,0,0,0,0,0,0,0,0,0,1,0,0,0,0,0,0,0,0
syn_aggregate_01180,19,1.0,3,3,2,2,1,2,1,0,1,0,0,0,0,0,0,0,0,0,0,3,3,3,3,3,3,3,3,2,2,2,3,3,2,2,2,2,3,2,2,0,0,0,0,0,0,0,0,0,0,0,0,0,0,0,0,0,0,0,0,0,1,1,0,1,0,0,1,1,0
syn_aggregate_01181,24,2.0,0,0,0,0,0,0,0,0,0,0,0,0,0,0,0,0,0,0,0,0,0,0,0,0,0,0,0,0,0,0,1,1,1,1,1,1,1,1,0,1,1,0,1,1,0,0,0,1,2,0,0,0,0,0,0,0,0,0,0,0,1,0,0,0,0,0,0,0,0
syn_aggregate_01182,22,2.0,3,3,2,3,2,1,1,1,1,1,2,1,1,1,0,0,1,2,2,3,4,3,4,3,4,4,2,3,1,4,4,4,4,4,4,4,4,4,3,4,4,4,4,4,4,4,4,4,3,0,0,0,0,0,0,0,0,0,1,4,4,4,4,4,3,3,4,4,3
syn_aggregate_01183,19,2.0,3,3,3,3,2,2,2,1,1,1,1,1,0,1,1,0,1,0,0,1,1,1,1,1,1,1,1,1,1,0,0,0,0,0,0,0,0,0,4,4,4,4,4,4,4,3,4,3,4,0,0,0,0,0,1,0,0,0,0,3,4,4,3,3,3,2,4,3,3
syn_aggregate_01184,20,2.0,0,1,0,0,0,0,0,0,0,0,0,0,0,0,0,0,0,0,0,0,0,0,0,0,0,0,0,0,0,0,0,0,0,0,0,0,0,1,0,0,0,0,0,0,0,0,0,0,0,0,0,0,0,0,0,0,0,0,0,0,1,0,0,0,0,0,0,0,0
syn_aggregate_01185,21,2.0,3,3,3,3,3,2,2,2,1,0,0,0,0,0,0,0,0,0,3,2,2,2,2,1,1,1,1,1,2,1,2,2,1,1,2,2,1,0,1,4,3,3,4,3,3,2,2,3,3,0,0,0,0,0,0,0,0,0,3,1,2,2,1,2,1,2,2,1,3
syn_aggregate_01186,20,2.0,1,0,0,0,0,0,0,0,0,0,0,0,0,0,0,0,0,0,0,3,3,3,3,2,3,3,2,2,2,4,4,4,4,4,4,3,4,3,4,2,1,2,2,1,1,1,2,1,1,0,0,0,0,0,0,0,0,0,2,0,2,1,0,1,0,0,1,1,0
syn_aggregate_01187,51,1.0,2,3,2,3,2,3,2,1,1,0,0,0,0,0,0,0,0,0,2,1,1,1,2,1,2,1,1,1,2,2,3,3,3,2,2,2,2,2,2,2,2,1,2,1,1,1,1,1,2,0,0,0,0,0,0,0,0,2,0,3,4,4,3,4,4,3,4,4,2
syn_aggregate_01188,22,2.0,2,3,2,2,1,1,0,0,0,0,0,0,0,0,0,0,0,0,0,0,0,0,0,0,2,0,0,0,0,0,0,0,0,0,0,0,0,0,1,2,2,1,2,1,1,0,0,1,0,0,1,0,0,0,0,0,0,0,2,1,2,2,1,2,1,1,1,1,2
syn_aggregate_01189,43,2.0,1,1,1,1,0,0,0,0,0,0,0,0,0,0,0,0,0,0,4,4,4,4,4,3,3,3,4,3,1,2,2,2,2,2,2,2,1,2,2,1,1,1,1,2,1,1,1,1,1,0,1,1,0,0,1,0,0,1,0,1,3,3,1,3,2,2,3,2,2
syn_aggregate_01190,18,2.0,3,3,3,3,3,3,3,3,3,2,2,1,1,1,1,1,0,1,0,4,4,4,4,4,4,4,4,3,3,4,4,4,4,4,4,4,4,3,3,4,4,4,4,4,4,4,4,4,3,2,2,2,1,1,2,1,2,2,2,4,4,4,4,4,4,4,4,4,3
syn_aggregate_01191,25,2.0,3,3,2,2,1,1,0,0,0,1,1,1,0,1,0,0,1,1,0,4,4,3,4,3,4,3,3,2,1,3,4,4,3,3,3,3,3,2,2,3,3,3,4,2,4,3,3,3,3,0,0,0,0,0,0,0,0,0,3,0,0,0,0,0,0,0,0,0,2
syn_aggregate_01192,34,1.0,1,1,1,1,0,1,1,1,0,0,1,1,0,0,0,0,1,1,1,2,2,1,2,1,2,1,1,1,1,1,1,1,1,1,1,1,1,0,1,4,3,3,4,2,3,2,2,3,4,0,0,0,0,0,0,0,0,0,2,0,1,0,0,0,0,0,0,0,1
syn_aggregate_01193,21,1.0,3,3,2,3,2,3,2,2,1,2,3,3,2,3,2,2,2,2,2,4,4,4,4,4,3,3,3,3,4,3,4,4,3,4,4,4,4,3,3,4,4,4,4,3,3,3,4,3,2,0,0,1,0,0,0,1,1,0,0,2,4,4,3,4,4,4,4,4,3
syn_aggregate_01194,21,2.0,1,1,1,1,0,0,0,0,0,0,2,0,0,0,0,0,0,0,0,0,1,0,0,0,0,0,0,0,0,2,3,2,2,1,2,2,2,2,2,0,0,0,0,0,0,0,0,0,0,0,0,0,0,0,0,0,0,0,3,1,3,2,1,2,1,1,2,2,1
syn_aggregate_01195,43,2.0,3,3,3,3,2,3,3,0,0,0,1,0,0,0,0,0,0,0,0,3,3,3,3,3,4,4,3,2,2,2,2,3,2,2,1,2,2,1,2,4,4,4,4,3,3,3,3,3,3,1,2,1,1,1,2,1,1,0,2,1,2,2,1,2,2,1,2,2,2
syn_aggregate_01196,49,2.0,2,2,1,1,1,1,0,0,0,0,1,1,0,1,0,0,1,1,1,4,4,4,4,4,4,4,4,4,4,2,3,3,2,2,3,2,3,1,0,3,2,2,3,2,2,1,2,1,2,1,1,1,1,0,1,0,0,0,1,0,2,2,1,2,1,1,2,1,1
syn_aggregate_01197,20,1.0,2,2,1,2,0,0,0,0,0,0,0,0,0,0,0,0,0,0,3,2,2,2,2,2,2,2,2,2,2,1,3,2,2,2,2,2,3,1,2,1,1,1,1,1,0,0,0,0,0,1,1,1,1,0,1,1,1,0,1,1,2,2,1,2,1,1,2,1,3
syn_aggregate_01198,37,1.0,2,2,1,1,1,1,1,0,0,0,1,0,0,0,0,0,2,0,0,1,1,1,0,0,1,0,1,1,0,1,3,2,2,2,2,2,2,2,1,1,1,1,1,1,1,1,1,1,1,0,0,0,0,0,0,0,0,0,1,0,2,1,0,1,1,0,1,1,0
syn_aggregate_01199,20,2.0,3,3,2,3,2,2,1,0,1,0,0,0,0,0,0,0,0,0,4,4,4,4,4,3,4,3,4,3,3,3,4,3,3,3,3,3,3,2,2,3,3,2,3,2,2,2,2,2,1,0,0,0,0,0,0,0,1,1,0,1,3,3,2,3,2,2,3,2,2
syn_aggregate_01200,19,1.0,2,2,1,2,1,1,1,1,0,0,0,0,0,0,0,0,0,0,0,4,4,4,4,4,3,4,4,3,4,4,4,4,3,3,4,4,4,4,4,4,3,3,4,2,2,2,2,3,2,0,0,0,1,0,0,0,1,1,0,3,4,3,3,4,3,2,3,3,3
syn_aggregate_01201,39,2.0,3,3,3,3,2,3,2,1,0,0,0,0,0,0,0,0,0,0,2,4,4,4,4,4,4,4,4,3,4,2,3,3,2,3,2,3,3,1,2,2,2,2,2,2,1,1,1,0,2,0,0,0,0,0,0,0,2,0,0,3,4,4,3,4,2,2,3,3,3
syn_aggregate_01202,19,2.0,0,1,0,0,0,0,0,0,0,0,0,0,0,0,0,0,0,0,2,0,0,0,0,0,0,0,0,0,0,0,0,0,0,0,0,0,0,0,0,1,1,0,1,0,0,0,0,0,0,0,0,0,0,0,1,0,0,0,0,0,2,1,0,1,0,0,1,1,0
syn_aggregate_01203,21,2.0,2,1,0,1,0,0,0,1,0,0,0,0,0,0,0,0,0,3,0,4,4,3,4,3,3,3,3,3,2,0,0,0,0,0,0,0,0,3,0,4,4,4,4,4,4,3,4,4,2,0,0,2,0,0,0,0,0,0,0,0,1,1,0,1,0,0,0,0,0
syn_aggregate_01204,29,2.0,3,3,2,2,1,2,1,0,1,0,0,1,0,0,0,0,0,0,3,1,1,0,0,0,1,0,0,0,0,1,2,1,0,1,0,1,2,1,0,2,1,1,2,1,0,1,0,2,1,0,0,0,0,0,0,0,0,0,2,2,4,4,2,4,3,3,3,4,2
syn_aggregate_01205,19,1.0,2,2,1,2,1,0,0,0,0,0,1,0,0,0,0,0,0,0,0,0,0,0,0,0,0,0,0,0,4,0,1,0,1,0,0,0,0,0,0,1,1,0,1,1,0,0,0,1,2,0,0,0,0,0,0,0,1,0,0,1,3,3,1,3,2,2,2,2,3
syn_aggregate_01206,22,1.0,2,3,2,3,2,3,2,1,0,0,1,1,0,1,0,1,0,0,0,3,3,2,3,2,2,3,2,2,2,4,4,4,4,4,3,3,3,3,2,3,3,3,3,2,3,2,2,2,3,1,1,0,0,0,1,0,0,0,0,3,4,3,3,3,2,2,3,2,1
syn_aggregate_01207,21,2.0,3,3,2,3,2,2,2,2,0,0,0,0,0,0,0,0,0,0,1,1,1,1,0,1,1,1,1,1,0,3,3,3,3,3,3,3,2,2,3,4,4,4,4,4,4,3,4,4,3,0,0,0,0,0,0,0,0,2,0,2,4,3,2,4,3,3,4,3,4
syn_aggregate_01208,20,2.0,3,3,3,3,3,3,3,2,1,1,1,1,1,1,0,0,0,0,0,1,1,1,1,1,0,0,0,0,0,0,0,0,0,0,0,0,0,0,1,2,2,2,2,3,2,2,2,2,2,0,1,0,0,0,0,0,0,0,0,0,1,1,0,1,0,0,1,1,0
syn_aggregate_01209,18,2.0,2,1,0,1,0,0,1,0,0,0,0,0,0,0,0,0,0,2,0,3,3,4,4,3,4,4,2,3,1,4,4,4,4,4,3,3,4,3,3,1,0,0,1,0,0,0,0,0,1,0,0,1,0,0,0,0,0,0,0,0,2,2,0,1,0,0,2,0,0
syn_aggregate_01210,19,1.0,3,3,2,3,2,2,2,0,2,0,0,0,0,0,0,0,0,0,3,0,1,0,0,0,1,0,0,1,0,2,2,2,2,2,1,2,1,2,2,0,0,0,0,0,0,0,0,0,0,0,0,0,0,0,0,0,0,0,0,0,1,0,0,1,0,0,1,0,0
syn_aggregate_01211,18,2.0,3,3,3,3,2,3,2,0,0,0,1,1,0,0,0,0,0,0,0,2,3,2,3,2,3,2,2,2,2,3,4,4,3,3,3,3,3,2,2,1,1,0,1,0,0,0,0,2,0,0,1,0,0,0,0,0,0,0,0,2,3,3,2,3,2,2,3,2,3
syn_aggregate_01212,19,2.0,1,1,1,1,1,1,0,0,0,0,0,0,0,0,1,0,0,0,2,3,3,3,3,2,3,3,2,2,2,4,4,4,4,4,4,3,3,3,3,4,3,3,3,3,3,2,2,2,2,0,0,0,0,0,0,0,0,0,4,2,3,2,1,2,2,1,2,2,2
syn_aggregate_01213,37,2.0,3,3,2,3,2,2,1,0,1,0,0,1,0,0,0,0,0,1,1,1,1,0,2,1,1,1,1,2,1,3,4,4,3,3,3,3,3,2,2,3,3,2,3,2,3,2,2,3,2,1,1,1,1,1,2,2,1,1,1,3,4,4,3,4,4,4,3,4,3
syn_aggregate_01214,18,2.0,1,1,1,1,1,0,2,0,0,0,0,0,0,0,0,0,0,0,0,4,4,4,4,3,3,3,3,4,4,3,4,4,3,3,3,3,3,3,3,4,4,4,4,3,4,4,3,4,4,2,2,2,1,2,2,2,2,1,2,4,4,4,4,4,4,3,3,3,3
syn_aggregate_01215,40,2.0,3,3,2,2,1,2,1,1,0,0,0,0,0,0,0,0,0,1,1,0,0,0,0,0,0,0,0,0,0,3,4,4,3,4,3,3,3,3,3,2,1,1,2,1,1,0,0,0,0,0,0,0,0,0,0,0,0,0,0,2,4,3,2,4,2,2,3,3,2
syn_aggregate_01216,19,2.0,2,2,1,1,0,0,0,0,0,0,0,0,0,0,0,0,0,0,1,1,1,0,1,1,1,1,1,1,0,0,0,0,0,0,0,0,1,0,0,2,1,1,2,1,1,0,1,1,2,0,0,0,0,0,0,0,0,0,2,0,0,0,0,0,0,0,0,1,2
syn_aggregate_01217,20,1.0,1,1,1,1,1,0,0,0,0,0,0,0,0,0,0,0,0,0,2,1,2,1,2,1,1,1,1,2,1,1,2,1,1,1,1,1,1,1,1,1,1,1,1,1,0,0,0,0,1,1,1,0,1,1,1,0,1,0,2,0,1,0,0,1,0,0,0,0,0
syn_aggregate_01218,20,2.0,2,2,2,1,1,1,1,1,0,1,2,1,1,1,2,1,1,1,1,4,4,4,4,3,4,4,3,3,3,3,3,3,3,3,3,3,3,2,2,2,2,1,3,1,2,1,1,2,1,0,0,0,0,0,1,1,0,0,0,2,4,3,2,3,2,2,3,2,2
syn_aggregate_01219,30,2.0,2,2,0,1,0,0,0,0,0,1,1,1,0,1,1,0,1,1,1,2,2,2,2,1,2,1,2,1,1,4,4,4,4,4,4,4,4,4,4,4,4,4,4,3,4,4,4,3,4,1,2,2,1,1,2,1,2,1,2,3,4,4,3,4,4,4,4,4,4
syn_aggregate_01220,36,1.0,3,3,2,2,1,2,1,0,1,0,0,0,0,0,0,0,0,3,0,4,4,4,4,4,4,4,4,3,3,3,4,4,3,3,4,3,2,3,2,2,1,1,2,1,1,0,1,1,1,1,1,1,1,0,1,0,1,0,0,2,4,3,2,4,3,3,3,3,3
syn_aggregate_01221,19,2.0,3,3,3,3,3,3,3,2,1,2,1,1,1,1,1,1,1,2,2,4,4,4,3,4,4,3,4,4,3,4,4,4,4,4,3,4,4,4,4,3,2,2,3,2,2,2,2,2,2,0,0,0,0,0,0,0,0,0,0,2,3,3,2,3,2,2,3,3,2
syn_aggregate_01222,20,2.0,3,3,1,2,0,0,1,0,1,0,0,0,0,0,3,0,0,0,0,2,3,2,3,2,2,2,2,2,2,4,4,4,3,3,4,3,4,4,4,0,0,0,0,1,0,0,0,0,0,1,1,1,0,0,1,1,0,1,0,1,4,3,2,3,2,2,3,2,2
syn_aggregate_01223,22,2.0,1,1,1,1,0,0,0,0,0,0,0,0,0,0,0,0,0,0,0,3,3,3,3,3,3,3,3,2,2,0,4,0,0,0,0,0,0,0,0,0,0,0,0,0,0,0,0,0,0,0,0,1,0,0,0,0,0,0,0,2,4,4,3,4,3,3,4,3,2
syn_aggregate_01224,19,1.0,2,2,1,2,0,1,1,0,0,0,0,0,0,0,0,0,0,0,4,4,4,4,4,4,4,4,4,3,4,3,3,3,3,3,3,3,3,3,3,3,3,4,3,3,3,4,3,2,3,0,0,0,0,0,0,0,0,0,0,0,2,1,0,2,1,0,2,1,0
syn_aggregate_01225,20,1.0,2,2,1,2,0,1,0,0,0,1,1,1,1,1,1,1,1,1,1,2,2,2,2,2,1,1,2,1,3,2,2,2,2,2,1,2,2,1,1,4,4,4,4,3,4,3,4,3,3,0,0,0,1,1,0,2,0,0,0,0,2,1,0,1,0,0,0,0,0
syn_aggregate_01226,21,1.0,2,2,1,1,1,1,0,0,0,1,1,1,0,1,0,0,0,1,0,0,0,0,0,0,1,0,1,0,0,1,2,2,2,2,1,2,1,1,2,3,3,2,4,3,2,2,2,2,1,0,0,0,0,0,0,0,0,0,2,1,3,2,1,3,2,2,2,2,2
syn_aggregate_01227,19,1.0,1,1,1,1,1,0,0,0,0,0,0,0,0,0,0,0,0,0,0,0,0,0,0,0,0,0,0,0,1,0,0,0,0,0,0,2,0,0,0,0,0,0,0,0,0,0,0,0,0,0,0,0,0,0,0,0,0,0,0,0,0,0,0,1,0,0,0,0,0
syn_aggregate_01228,19,1.0,1,2,0,1,1,0,1,0,0,0,1,0,0,0,0,0,1,0,0,4,4,4,4,3,4,4,3,3,3,2,3,3,3,3,2,2,2,2,2,3,3,3,3,3,3,3,2,3,3,1,1,1,1,1,2,1,0,0,0,0,2,2,0,1,0,0,1,1,0
syn_aggregate_01229,21,2.0,1,1,1,1,1,0,0,0,0,1,1,1,0,1,1,0,1,1,1,1,2,1,1,1,1,1,2,1,3,0,0,0,0,0,0,0,1,0,0,3,3,3,3,2,2,2,2,2,2,0,0,0,0,0,0,0,1,1,0,1,2,1,0,1,0,0,1,2,1
syn_aggregate_01230,19,2.0,2,2,1,2,0,0,0,0,0,0,0,0,0,1,0,0,0,0,0,0,1,0,1,0,0,0,0,1,0,2,3,2,2,2,2,2,3,2,2,2,2,2,2,1,1,0,0,1,1,0,0,0,0,0,0,0,3,0,0,2,4,3,2,3,3,2,3,2,3
syn_aggregate_01231,18,1.0,3,3,3,3,3,3,3,3,2,1,2,2,1,1,1,1,1,2,2,4,4,4,4,4,4,3,4,4,3,3,4,4,4,4,4,3,4,4,3,4,4,4,4,4,4,4,4,4,4,1,1,1,0,0,0,1,1,1,1,4,4,4,4,4,4,4,4,4,4
syn_aggregate_01232,21,2.0,2,2,1,2,1,1,1,0,0,0,0,0,0,0,0,0,0,2,0,1,1,1,1,1,1,0,0,0,0,3,3,3,3,2,3,3,2,3,2,2,2,1,2,1,1,0,1,1,2,0,0,0,0,0,0,0,0,0,0,0,0,0,0,0,0,0,1,1,0
syn_aggregate_01233,20,2.0,0,1,0,0,0,0,0,0,0,0,0,0,0,0,0,0,0,0,0,0,0,0,0,0,0,0,0,0,2,0,1,0,0,0,0,0,0,0,0,1,1,1,1,0,1,0,0,0,0,0,0,0,0,0,0,0,0,0,0,0,0,0,0,0,0,0,0,0,0
syn_aggregate_01234,43,2.0,2,3,2,2,1,2,2,2,1,1,1,1,1,1,0,1,1,0,0,0,1,0,0,0,0,0,0,0,0,0,0,0,0,4,0,0,0,0,0,0,0,0,0,0,1,0,0,0,0,1,1,1,1,1,1,0,0,0,0,1,3,3,1,3,2,2,2,1,1
syn_aggregate_01235,49,2.0,0,0,0,0,0,0,0,0,0,0,0,0,0,0,0,0,0,0,0,0,0,0,0,0,1,1,0,0,0,0,0,0,0,0,0,0,0,0,0,1,0,0,1,0,0,0,0,1,0,0,0,0,0,0,0,0,0,0,0,0,1,1,0,1,0,0,1,1,0
syn_aggregate_01236,22,1.0,0,0,0,0,0,0,0,0,0,0,0,0,0,0,0,0,0,0,1,0,0,0,0,0,0,0,0,0,2,0,0,1,0,0,0,0,0,0,0,0,0,0,0,0,0,0,0,0,0,0,1,0,0,0,0,0,0,0,0,0,0,0,0,1,0,0,1,0,0
syn_aggregate_01237,18,2.0,1,1,1,1,1,1,0,0,0,0,0,0,0,0,0,0,0,0,2,0,0,0,0,0,0,0,0,0,1,0,0,0,0,0,0,0,0,0,0,1,0,0,1,0,0,0,0,1,0,0,0,1,0,1,0,0,0,0,0,0,2,1,0,2,0,0,1,0,0
syn_aggregate_01238,48,1.0,1,1,1,1,0,0,0,0,0,1,2,1,1,2,1,1,1,1,1,2,2,1,2,1,2,2,2,3,3,1,2,2,1,2,1,1,1,1,1,2,2,2,3,2,2,1,2,2,2,0,0,0,0,0,0,0,0,2,0,1,3,2,1,2,1,0,2,2,2
syn_aggregate_01239,43,2.0,3,3,2,3,1,2,0,0,0,0,0,0,0,0,0,0,0,2,0,2,2,2,2,1,3,2,1,1,1,0,1,1,1,0,1,1,1,1,1,0,0,0,0,1,0,0,0,0,0,0,0,0,0,0,0,0,0,0,2,0,1,1,0,1,0,0,1,1,0
syn_aggregate_01240,22,2.0,2,2,0,1,0,0,1,0,0,1,1,1,0,0,1,0,0,0,0,3,3,2,3,2,2,2,2,2,3,1,3,3,3,3,2,2,3,3,2,3,3,3,3,2,3,3,2,3,2,1,1,1,1,1,0,0,0,0,1,2,3,3,1,3,2,2,2,2,2
syn_aggregate_01241,21,2.0,0,1,0,0,0,0,0,0,0,0,0,0,0,0,0,0,0,0,0,1,1,1,1,1,0,0,0,0,0,0,0,0,0,0,0,0,0,0,0,1,1,1,1,1,1,0,1,1,0,0,0,0,0,0,0,0,0,0,0,0,0,0,0,0,0,0,0,0,0
syn_aggregate_01242,22,2.0,3,3,2,3,2,3,1,0,0,1,2,1,0,1,1,1,1,1,1,3,4,3,3,3,4,3,3,3,3,4,4,4,4,4,3,3,4,3,3,3,3,3,3,3,2,3,2,2,3,1,1,1,1,1,0,0,0,0,1,1,2,2,1,2,2,1,2,2,1
syn_aggregate_01243,19,2.0,1,1,1,1,0,0,1,0,0,0,0,0,0,1,0,1,0,1,1,4,4,4,4,4,4,4,3,3,3,0,2,2,1,1,1,1,1,0,0,4,4,4,4,3,4,3,3,3,4,0,4,0,0,0,0,0,0,0,0,0,2,1,0,1,1,0,1,1,2
syn_aggregate_01244,32,2.0,2,3,1,2,1,1,1,0,0,0,1,0,0,0,0,0,0,0,0,0,0,0,0,0,0,0,0,0,3,0,0,0,0,0,0,0,0,0,2,1,1,1,1,0,0,0,0,0,0,0,0,0,0,0,0,0,0,0,0,3,4,4,3,4,2,3,3,3,0
syn_aggregate_01245,19,2.0,2,2,1,2,1,1,1,0,1,0,0,0,0,0,0,0,0,0,1,2,3,2,2,2,2,2,1,2,1,1,1,1,1,1,0,0,1,0,0,4,3,3,3,3,3,2,3,3,3,0,1,0,0,0,0,0,0,0,0,0,2,2,1,2,1,1,2,1,1
syn_aggregate_01246,20,2.0,3,3,2,3,2,2,2,1,0,0,0,0,0,0,0,0,0,2,0,4,4,4,4,3,4,4,3,3,3,4,4,4,4,4,4,4,4,4,3,3,3,3,3,2,3,2,2,2,2,0,0,0,0,0,0,0,0,0,2,4,4,4,4,4,3,4,4,3,4
syn_aggregate_01247,18,1.0,1,2,1,1,1,1,1,0,1,0,0,0,0,0,0,0,0,0,2,4,4,4,4,4,4,4,3,3,3,2,3,3,2,3,2,3,2,2,3,3,3,2,3,2,2,2,2,2,3,0,0,0,0,0,0,0,0,0,0,3,4,4,3,4,4,4,4,4,4
syn_aggregate_01248,18,2.0,3,3,3,3,2,3,2,1,1,0,1,0,1,1,0,0,0,1,0,4,4,4,4,4,4,3,4,4,4,2,3,3,3,2,2,3,2,2,2,4,4,4,4,4,4,4,4,3,4,0,0,0,0,0,0,0,0,0,4,0,2,2,0,2,1,1,1,1,0
syn_aggregate_01249,41,2.0,3,3,2,3,2,2,1,0,0,1,2,1,1,1,1,1,1,1,0,4,3,3,4,3,3,3,2,2,3,4,4,4,4,4,4,4,4,4,3,4,4,4,4,3,4,3,4,3,3,0,0,0,0,0,0,0,0,0,2,2,3,2,1,3,1,2,3,2,2
syn_aggregate_01250,19,1.0,3,3,3,3,3,3,3,3,3,1,1,1,1,0,0,0,1,1,0,4,4,4,4,4,4,4,4,4,4,4,4,4,4,4,4,3,3,3,3,4,4,4,4,3,3,3,3,3,2,2,2,2,1,1,2,2,1,1,3,4,4,4,4,4,4,4,3,4,4
syn_aggregate_01251,18,2.0,1,1,1,0,0,0,0,0,0,0,1,1,1,1,1,1,0,1,0,4,4,3,4,3,3,3,3,2,2,0,1,1,0,1,0,0,0,0,0,1,1,0,1,0,1,0,0,0,0,1,1,0,0,0,1,0,0,0,1,1,3,3,1,3,1,1,3,2,2
syn_aggregate_01252,19,2.0,3,3,3,3,2,3,3,2,3,1,1,1,0,1,1,1,1,2,1,4,4,4,4,4,4,4,3,4,4,3,4,4,4,4,4,4,4,4,0,4,4,4,4,4,3,4,4,4,4,0,0,0,0,0,0,0,0,0,0,1,2,2,1,2,2,1,2,2,1
syn_aggregate_01253,20,2.0,3,3,3,3,2,3,2,1,1,1,2,2,1,1,1,1,1,1,1,4,4,4,4,4,4,3,4,4,4,2,2,2,2,2,3,2,2,2,2,4,4,4,4,3,3,3,3,3,3,0,0,0,0,0,2,0,0,0,0,3,3,3,2,3,2,3,3,2,3
syn_aggregate_01254,19,2.0,1,1,1,1,0,0,0,0,0,0,0,0,0,0,0,0,0,1,0,1,1,0,1,1,1,0,0,0,0,1,2,1,1,1,1,1,1,1,2,0,0,0,0,0,0,0,0,1,0,0,0,0,0,0,0,0,0,0,0,3,4,4,3,4,4,3,4,4,3
syn_aggregate_01255,18,1.0,3,3,3,3,2,3,3,2,1,1,2,2,1,1,1,1,1,1,1,4,4,4,4,4,4,3,4,4,4,4,4,4,4,4,3,4,4,4,3,3,3,2,3,2,3,2,3,2,0,0,0,0,0,0,0,0,0,0,3,3,4,4,3,4,4,3,4,4,3
syn_aggregate_01256,19,1.0,0,1,0,0,0,0,0,0,0,0,0,0,0,0,0,0,0,0,0,0,0,0,0,0,0,0,0,1,0,0,0,0,0,0,0,0,0,4,0,0,0,0,0,0,0,0,0,0,1,0,0,0,0,0,0,0,2,0,0,2,4,3,2,4,2,2,3,3,2
syn_aggregate_01257,20,2.0,3,3,3,3,3,3,3,2,0,1,2,1,1,2,1,0,1,1,1,4,4,4,4,4,4,4,4,3,3,4,4,4,4,4,4,4,4,4,4,4,4,4,4,4,4,4,4,4,4,2,3,2,2,2,3,2,2,2,1,4,4,4,4,4,4,4,4,4,4
syn_aggregate_01258,21,2.0,0,2,0,0,0,0,0,0,0,0,0,0,0,0,0,0,0,0,0,2,2,2,1,1,3,2,2,2,1,0,0,0,0,0,0,0,0,0,0,0,0,0,0,0,0,0,0,3,0,0,0,0,0,0,0,0,0,0,0,0,0,0,0,0,0,0,0,0,0
syn_aggregate_01259,21,2.0,0,1,0,1,0,0,1,0,0,0,0,0,0,0,0,0,0,0,1,4,4,3,4,3,4,3,3,3,2,0,1,0,1,0,0,1,0,0,0,2,1,1,1,0,1,1,0,0,0,0,0,0,0,0,0,0,0,0,0,1,2,2,1,2,2,2,2,1,2
syn_aggregate_01260,20,2.0,2,2,1,1,0,1,0,0,0,0,0,0,1,0,0,0,0,0,0,1,1,0,1,1,1,1,0,0,1,0,0,0,0,0,0,0,0,0,0,3,3,3,3,3,3,2,2,2,4,0,2,0,0,0,0,0,0,0,0,0,1,0,0,0,0,0,0,0,0
syn_aggregate_01261,19,1.0,3,3,2,2,1,1,1,1,1,0,1,0,0,0,0,0,0,0,0,3,4,3,3,3,4,3,3,3,4,0,2,2,1,1,1,2,1,1,2,2,2,2,2,2,1,1,1,1,1,1,1,1,1,1,1,1,2,1,1,1,4,3,2,4,2,2,3,2,2
syn_aggregate_01262,18,1.0,3,3,2,3,2,2,1,0,0,0,1,0,0,0,0,0,0,0,0,0,0,0,0,0,0,0,0,0,3,0,0,0,0,0,0,0,0,0,0,3,2,2,3,2,2,1,1,2,2,0,0,0,0,0,0,0,0,0,0,2,4,4,3,4,3,3,4,3,3
syn_aggregate_01263,21,2.0,3,3,3,3,2,2,2,1,0,0,0,0,0,2,0,0,0,0,0,2,2,1,2,2,2,2,2,2,2,1,2,1,1,1,1,2,1,1,2,3,3,4,4,3,3,2,2,4,3,0,1,0,0,0,0,0,0,0,0,1,2,2,1,2,1,1,2,1,1
syn_aggregate_01264,19,2.0,3,3,3,3,3,2,2,1,1,0,0,0,0,0,0,0,0,0,0,1,2,1,1,1,2,1,0,2,1,3,4,4,3,3,4,3,3,2,3,3,3,3,2,2,3,2,2,2,3,0,0,0,0,0,0,0,0,3,0,1,2,2,1,2,1,2,2,1,3
syn_aggregate_01265,22,2.0,3,3,3,3,3,3,3,3,3,1,1,1,0,1,2,0,1,2,0,4,4,4,4,4,4,4,4,4,4,4,4,4,4,4,4,4,3,4,4,4,4,4,4,3,3,2,3,2,0,1,1,1,1,1,2,1,1,1,1,3,4,4,3,4,4,4,4,4,3
syn_aggregate_01266,22,2.0,1,0,0,0,0,0,0,0,0,0,0,0,0,0,0,0,0,0,3,2,2,2,2,2,2,1,2,2,2,0,0,0,0,0,0,0,0,0,0,1,1,1,1,1,1,0,0,0,0,0,0,1,0,0,0,0,0,0,0,0,0,0,0,0,0,0,1,0,0
syn_aggregate_01267,18,2.0,3,3,3,3,2,3,3,2,1,2,2,2,1,2,1,1,1,2,1,4,4,4,3,3,4,4,3,3,2,3,4,4,3,3,3,3,3,2,2,2,2,1,2,1,1,1,1,1,1,2,3,3,2,2,3,2,2,2,1,2,4,4,2,4,3,4,4,4,4
syn_aggregate_01268,21,2.0,2,3,2,2,0,2,2,0,0,1,1,1,1,1,1,0,1,1,1,2,2,2,2,1,1,2,2,1,1,2,3,3,2,2,3,2,2,2,2,3,3,3,3,2,2,2,2,2,3,1,2,1,0,1,1,1,1,1,0,1,4,4,2,4,3,3,3,4,1
syn_aggregate_01269,21,1.0,3,3,3,3,2,3,3,2,1,0,0,0,0,0,0,0,0,0,2,1,1,0,1,1,1,0,1,0,0,1,3,2,2,2,2,2,2,2,2,4,4,4,4,3,4,3,3,4,3,1,1,1,1,1,1,1,1,1,1,3,4,4,3,4,4,3,4,4,4
syn_aggregate_01270,20,2.0,3,3,2,2,1,2,1,1,0,1,2,2,1,1,1,0,2,2,2,1,1,0,1,1,1,0,1,0,1,3,4,4,3,3,3,3,3,3,3,1,1,0,1,0,1,1,0,1,0,0,0,0,0,0,0,0,0,0,0,1,3,2,1,3,2,1,2,2,3
syn_aggregate_01271,21,2.0,3,3,2,2,2,2,1,0,0,1,2,2,1,1,1,1,1,2,1,4,4,3,4,3,3,3,2,2,1,4,4,4,4,4,3,4,4,4,3,4,4,4,4,4,4,4,4,3,4,1,1,0,0,1,1,0,1,0,1,0,1,1,0,1,0,0,1,0,0
syn_aggregate_01272,20,2.0,3,3,2,3,2,3,3,2,2,0,1,0,0,0,0,0,1,0,0,1,0,1,0,0,0,1,0,0,0,4,4,4,3,3,4,4,4,3,3,4,4,4,4,4,3,4,4,4,3,1,1,1,1,1,0,0,1,0,4,3,4,4,3,4,4,4,4,4,4
syn_aggregate_01273,18,1.0,1,0,0,3,0,0,0,0,0,0,0,1,0,0,0,0,0,1,1,1,1,1,1,0,1,0,0,0,1,2,2,2,2,2,2,2,2,1,1,2,3,2,2,2,2,2,2,2,2,0,0,0,0,0,0,0,0,2,0,0,2,2,0,2,1,0,2,1,0
syn_aggregate_01274,22,2.0,2,2,2,2,2,2,0,0,0,0,0,0,0,0,0,0,0,0,0,1,1,1,1,2,1,1,1,1,1,0,1,0,0,0,0,0,0,1,0,2,2,2,2,1,2,1,2,2,1,0,0,0,0,0,0,0,0,0,0,0,0,0,1,1,0,0,0,0,0
syn_aggregate_01275,22,2.0,3,3,3,3,2,3,3,1,1,0,0,0,0,0,0,0,0,3,0,4,4,3,4,3,4,3,3,3,1,3,4,3,3,3,3,4,3,3,2,4,4,4,4,3,4,3,3,4,3,1,1,1,0,1,1,0,0,1,1,2,4,4,3,4,3,3,4,3,3
syn_aggregate_01276,19,1.0,3,3,1,2,1,1,0,0,0,0,0,0,0,1,0,0,0,0,2,0,0,0,0,0,0,0,0,0,2,3,4,4,3,3,4,3,3,2,2,1,1,0,1,0,0,0,0,0,0,0,0,0,0,0,0,0,0,0,0,0,1,0,0,0,0,0,0,0,0
syn_aggregate_01277,48,2.0,3,3,3,3,3,3,3,3,1,0,0,0,0,0,0,0,0,0,2,0,0,0,0,0,0,0,0,0,3,0,0,0,0,0,0,0,0,0,0,3,3,3,3,2,2,2,3,3,2,0,0,1,0,0,0,0,1,0,0,2,4,4,3,4,3,3,3,3,3
syn_aggregate_01278,19,1.0,0,0,0,0,0,0,0,0,0,0,0,0,0,0,0,0,0,0,0,2,2,2,3,2,2,2,2,2,1,0,0,0,0,0,0,0,0,0,0,1,0,0,1,0,0,0,0,0,0,0,0,0,0,0,0,0,0,0,0,0,2,1,0,1,1,0,1,1,2
syn_aggregate_01279,18,2.0,2,2,1,1,0,1,0,0,0,0,0,0,0,0,0,0,0,0,0,4,4,4,4,4,4,4,4,4,3,1,1,1,1,1,1,1,1,0,0,0,0,0,0,0,0,0,0,0,4,0,0,0,0,0,0,0,0,0,0,0,1,1,0,1,0,0,1,0,1
syn_aggregate_01280,20,1.0,2,2,1,1,1,1,0,0,2,0,1,0,0,1,0,0,1,0,2,2,3,2,3,2,2,3,1,1,1,2,3,2,2,2,2,2,2,1,2,3,3,3,4,3,3,2,3,3,2,0,0,0,0,0,1,0,0,1,0,0,1,1,0,1,0,0,0,0,0
syn_aggregate_01281,19,1.0,3,3,2,3,1,2,1,0,1,1,2,1,1,1,1,0,1,1,1,0,0,0,0,0,0,0,0,2,0,0,0,0,0,0,0,0,0,0,0,0,0,0,0,0,0,0,0,0,0,0,1,0,0,0,0,0,0,0,0,1,3,3,1,3,2,2,2,2,2
syn_aggregate_01282,21,1.0,3,3,2,3,2,2,2,1,0,0,0,0,0,0,0,0,0,0,3,4,4,4,4,3,4,3,3,3,3,3,4,4,3,3,4,3,4,2,3,4,4,4,4,4,4,3,3,3,4,1,1,1,1,1,1,1,1,1,1,3,4,4,2,3,3,3,3,2,3
syn_aggregate_01283,19,2.0,3,3,2,3,2,2,2,1,0,0,0,0,0,2,0,0,0,0,0,0,0,0,1,0,0,0,0,0,0,1,2,1,1,1,2,2,1,1,2,1,1,0,1,1,0,0,0,0,0,0,0,0,0,0,0,0,0,0,0,1,2,2,0,2,1,1,2,2,2
syn_aggregate_01284,21,2.0,1,2,1,0,0,1,0,0,0,1,2,1,1,1,1,1,1,1,1,2,2,1,2,1,1,1,1,1,1,4,4,4,4,4,4,4,4,3,4,4,4,4,3,3,4,3,3,3,4,1,2,1,1,1,2,1,0,0,0,0,1,1,0,1,0,0,1,0,0
syn_aggregate_01285,20,2.0,0,0,0,0,0,0,0,0,0,0,0,0,0,0,0,0,0,0,4,0,0,0,0,0,4,0,0,0,0,3,4,4,3,3,3,3,3,2,0,0,0,0,0,4,0,0,2,2,0,0,1,0,0,0,0,0,0,0,0,0,4,3,1,4,3,2,3,2,3
syn_aggregate_01286,20,1.0,3,3,3,3,3,3,3,3,2,0,1,0,0,0,0,0,1,0,3,4,4,4,4,3,4,3,3,4,3,2,3,3,2,2,2,2,3,2,2,4,4,4,4,4,4,4,4,3,3,1,2,1,1,1,1,1,1,1,1,2,4,4,3,4,3,3,3,3,3
syn_aggregate_01287,22,2.0,3,3,2,2,1,1,1,0,0,0,0,0,0,0,0,0,0,0,3,4,4,4,4,3,4,3,4,4,3,3,4,4,3,3,2,3,3,2,1,4,4,4,4,4,4,4,3,3,4,0,0,0,0,0,0,0,3,0,0,3,4,4,3,4,3,3,3,3,3
syn_aggregate_01288,26,1.0,3,3,2,3,2,3,2,1,0,1,1,1,1,1,0,0,0,0,0,4,4,4,4,4,4,4,4,4,4,4,4,4,4,4,4,4,4,4,4,4,4,4,4,3,4,4,4,4,4,1,1,1,1,1,1,1,1,1,2,4,4,4,4,4,4,4,4,4,3
syn_aggregate_01289,22,2.0,3,3,2,3,2,2,2,1,1,0,1,1,0,0,0,0,0,0,0,1,2,1,1,2,2,1,1,1,2,3,4,4,3,3,4,4,3,3,3,0,0,0,0,0,0,0,0,0,4,1,1,0,0,1,1,0,0,0,1,3,4,4,3,4,3,3,4,3,3
syn_aggregate_01290,43,1.0,3,3,2,3,1,1,1,1,0,0,0,0,0,0,0,0,0,0,1,0,0,0,0,0,0,0,0,0,4,0,0,0,0,0,0,0,0,0,0,0,0,0,0,0,0,0,0,0,0,0,0,0,0,0,1,0,0,0,1,0,0,0,0,0,0,0,0,0,0
syn_aggregate_01291,49,2.0,3,3,3,3,3,3,2,1,0,1,1,1,1,1,1,1,1,1,0,0,0,0,0,1,0,0,0,0,0,2,3,3,3,3,3,3,3,2,2,0,0,0,0,0,0,0,0,0,4,0,0,1,0,0,0,0,0,0,0,0,1,0,0,0,0,0,0,0,0
syn_aggregate_01292,21,2.0,1,0,0,0,0,0,0,0,0,0,0,0,0,0,0,0,0,0,1,3,2,2,3,2,2,2,2,2,3,0,0,0,0,0,0,0,0,0,0,0,1,0,0,0,0,0,0,0,0,0,0,0,0,0,0,0,0,0,0,0,1,0,0,0,0,0,0,0,0
syn_aggregate_01293,19,2.0,3,3,3,3,3,3,3,2,3,1,2,1,1,2,1,0,1,1,1,4,4,4,4,4,3,4,4,3,3,4,4,4,4,4,4,4,4,4,4,4,4,4,4,4,4,4,4,3,4,1,1,1,1,1,1,1,1,1,1,3,4,4,3,4,4,4,4,4,4
syn_aggregate_01294,21,1.0,3,3,2,3,2,3,2,2,0,0,1,1,0,1,0,0,1,0,2,4,4,4,4,3,4,4,3,3,3,0,1,0,0,0,0,0,0,1,0,3,3,3,4,4,3,3,3,2,1,2,1,1,2,1,2,1,1,1,2,3,3,3,3,3,3,3,2,3,4
syn_aggregate_01295,18,1.0,3,3,3,3,3,3,3,2,3,1,2,1,0,1,1,0,1,1,0,1,1,1,1,1,1,1,2,2,1,4,4,4,4,4,4,4,4,4,4,4,4,4,4,4,4,4,4,4,4,1,2,1,1,1,2,1,1,1,1,4,4,4,4,4,4,4,4,4,4
syn_aggregate_01296,20,2.0,2,2,1,1,1,1,1,1,0,0,0,0,0,0,0,0,0,0,0,2,3,2,3,2,3,2,2,2,1,1,1,1,0,0,0,0,0,0,0,3,3,2,3,2,2,2,2,2,1,0,0,0,0,0,0,0,0,1,0,0,1,1,0,1,0,0,1,1,0
syn_aggregate_01297,44,1.0,0,1,0,0,0,0,0,0,0,0,0,0,0,0,0,0,0,0,4,3,3,2,3,2,3,2,2,2,2,1,2,2,1,2,1,1,2,1,1,3,3,4,4,3,3,3,3,2,2,1,1,2,1,0,1,1,1,1,1,1,2,2,1,2,1,1,2,2,2
syn_aggregate_01298,22,1.0,3,3,3,3,3,3,3,3,3,0,0,0,0,0,0,0,0,4,0,1,1,1,1,1,1,1,1,1,1,1,2,2,1,1,1,1,1,1,1,4,4,4,4,4,4,3,4,4,3,1,1,1,1,1,2,2,0,1,2,2,4,3,2,3,3,3,3,2,1
syn_aggregate_01299,19,1.0,2,2,1,2,1,0,1,0,0,0,0,0,0,0,0,0,0,0,0,3,3,3,3,3,3,3,3,3,3,1,2,1,1,1,1,1,1,1,0,1,1,1,2,1,1,1,1,1,1,1,1,1,1,1,0,0,0,0,1,0,2,2,0,2,1,1,2,2,1
syn_aggregate_01300,19,1.0,2,3,2,3,0,1,1,0,0,0,1,0,0,0,0,0,0,0,0,0,1,0,1,0,0,1,0,1,0,2,3,3,2,2,2,3,2,2,2,1,1,0,1,0,0,0,0,1,0,0,0,0,0,0,0,0,0,0,0,0,1,0,0,0,0,0,0,0,0
syn_aggregate_01301,19,2.0,1,1,1,1,0,0,0,0,0,0,0,0,0,0,0,0,0,1,0,2,2,2,2,2,1,1,1,2,0,0,0,1,0,0,0,0,0,0,0,0,0,0,0,0,0,0,0,0,1,0,0,0,0,0,0,0,1,0,0,1,2,2,0,1,2,1,2,1,3
syn_aggregate_01302,47,1.0,2,3,1,2,0,1,0,0,0,0,0,0,0,0,0,0,0,1,2,4,4,4,4,3,4,3,4,4,3,3,4,4,3,3,3,4,3,2,2,0,0,0,0,0,0,0,0,0,3,0,0,0,0,0,0,0,0,0,0,1,4,4,2,3,3,3,3,2,3
syn_aggregate_01303,19,2.0,1,1,1,1,0,0,0,0,0,0,0,0,0,0,2,0,0,0,0,0,0,1,0,0,0,1,0,0,2,1,2,1,1,1,1,2,2,1,1,0,0,0,1,0,0,0,0,0,0,0,1,0,0,1,0,0,2,0,0,2,4,3,2,3,3,3,4,2,3
syn_aggregate_01304,19,1.0,3,3,3,3,3,3,3,3,3,0,1,0,0,0,0,0,0,0,0,4,3,3,3,3,3,2,3,2,3,2,3,3,2,2,2,2,2,2,2,4,4,4,4,3,3,3,3,3,2,1,1,1,0,1,0,1,0,1,0,2,3,3,2,3,2,2,3,2,3
syn_aggregate_01305,22,1.0,3,2,2,2,1,1,1,0,1,0,0,0,0,0,0,0,0,0,0,0,0,0,0,0,0,0,1,0,0,2,3,3,2,2,2,2,1,1,1,4,4,4,4,3,3,3,3,3,4,0,0,1,0,0,0,0,0,0,0,3,4,4,2,4,3,3,3,2,2
syn_aggregate_01306,20,1.0,1,1,0,1,0,0,0,0,0,0,0,0,0,0,0,0,0,0,0,3,4,3,3,3,4,3,3,3,3,0,2,1,0,1,0,1,2,1,0,0,0,0,0,0,0,0,0,0,0,0,0,0,0,0,0,0,0,0,0,0,1,0,0,0,0,0,0,0,0
syn_aggregate_01307,34,2.0,3,3,2,3,2,3,3,2,2,2,2,2,2,2,1,1,2,2,2,4,4,4,4,4,4,4,4,4,4,4,4,4,4,4,3,4,4,3,4,4,4,4,4,4,3,4,4,4,4,0,0,0,0,0,0,0,0,3,0,3,4,4,3,4,4,4,4,4,4
syn_aggregate_01308,20,2.0,3,3,3,3,2,3,2,0,1,1,2,2,1,2,1,0,1,2,2,4,4,4,4,3,4,4,4,4,3,4,4,4,4,4,4,4,4,3,3,4,4,4,4,3,4,4,3,4,2,0,0,0,0,0,0,0,0,0,1,4,4,4,4,4,4,4,3,4,4
syn_aggregate_01309,22,2.0,2,2,0,2,0,0,0,0,0,0,1,0,0,0,0,0,0,0,0,4,4,4,4,4,4,4,4,4,4,2,3,3,2,2,2,3,2,1,2,4,4,4,4,4,4,4,4,3,4,0,0,0,0,0,0,0,0,2,0,1,3,2,1,2,2,2,2,1,0
syn_aggregate_01310,18,2.0,1,2,1,2,0,1,0,0,0,0,0,0,0,0,0,0,0,0,0,1,1,1,1,1,0,0,0,0,0,0,2,0,0,0,0,0,0,0,0,2,2,2,2,1,2,2,2,2,3,0,0,0,0,0,0,0,0,0,1,1,3,3,1,3,3,2,3,2,2
syn_aggregate_01311,23,2.0,3,3,2,3,2,3,2,1,2,1,1,1,1,1,1,1,0,1,0,4,4,4,4,4,4,4,4,4,4,4,4,4,4,4,4,4,3,4,3,4,4,4,4,4,3,4,3,4,3,3,3,3,3,3,3,3,3,3,3,4,4,4,4,4,4,3,4,4,4
syn_aggregate_01312,19,2.0,3,3,3,3,2,3,3,0,0,0,0,0,0,0,0,0,0,0,1,2,3,2,2,2,3,1,2,1,1,0,1,0,0,0,0,1,0,0,0,2,2,1,2,1,0,0,0,1,1,0,0,0,0,0,0,0,0,0,2,3,4,4,3,4,3,3,3,4,3
syn_aggregate_01313,42,2.0,3,3,3,3,3,3,3,2,0,1,1,1,1,1,0,0,0,0,0,1,1,0,1,0,1,0,1,0,0,3,3,3,3,2,2,2,3,2,2,4,4,4,4,4,4,3,3,3,4,0,1,0,0,0,1,0,0,0,0,3,4,4,3,4,3,4,4,4,3
syn_aggregate_01314,20,2.0,3,3,3,3,2,3,2,2,2,3,4,3,2,3,3,3,3,2,1,2,2,1,2,2,2,1,2,2,2,4,4,4,4,4,4,4,4,3,4,4,4,4,4,4,4,4,3,4,4,2,3,3,3,2,2,3,2,2,2,2,4,4,2,4,3,3,3,3,2
syn_aggregate_01315,48,2.0,1,1,1,0,0,0,0,0,0,0,0,0,0,0,0,0,0,0,0,1,1,1,0,0,0,0,0,0,0,0,0,0,0,0,0,0,0,0,3,2,2,2,2,1,2,1,2,1,3,0,0,0,0,0,0,0,0,0,0,0,0,0,0,0,0,0,0,0,0
syn_aggregate_01316,22,1.0,3,3,3,3,2,2,2,0,0,1,1,1,0,0,0,0,0,0,0,2,2,2,3,2,2,1,1,2,1,1,2,1,1,1,1,1,1,1,1,0,0,0,0,0,0,0,0,0,3,0,0,0,0,0,0,0,0,2,0,1,2,2,1,2,2,1,2,1,2
syn_aggregate_01317,33,1.0,2,2,1,2,0,0,0,0,0,0,0,0,0,0,0,0,0,0,0,1,2,1,1,1,1,1,0,1,0,4,4,4,4,4,4,4,4,2,2,1,1,0,1,0,0,0,0,0,0,0,0,0,0,2,0,0,0,0,0,0,1,0,0,0,0,0,0,0,0
syn_aggregate_01318,20,1.0,3,3,3,3,3,3,3,2,2,1,1,1,1,1,2,1,1,1,1,3,3,3,3,3,4,3,3,3,4,4,4,4,4,4,3,4,4,4,4,4,4,4,4,3,4,4,3,3,3,1,1,1,1,0,1,0,0,0,0,2,3,3,2,3,3,3,3,3,2
syn_aggregate_01319,21,2.0,1,1,1,1,1,0,0,0,0,0,0,0,0,0,0,0,0,0,0,0,0,0,0,0,1,0,0,0,0,0,0,0,0,0,0,0,0,1,0,0,0,0,0,0,0,0,0,0,0,0,0,0,0,0,0,0,0,0,0,0,0,0,0,0,0,0,0,0,0
syn_aggregate_01320,20,1.0,3,3,3,3,2,3,2,1,1,0,0,0,0,0,0,0,0,0,2,4,4,4,4,4,4,4,4,3,3,2,3,2,2,3,2,2,3,2,2,4,4,4,4,4,4,4,4,4,4,2,3,2,2,2,2,2,2,2,1,0,2,2,1,2,1,1,2,2,3
syn_aggregate_01321,19,1.0,3,3,1,3,2,2,2,0,0,1,1,0,0,0,0,0,1,1,0,2,3,2,3,2,2,2,1,2,2,1,1,1,1,1,1,1,1,1,1,1,1,1,1,1,0,0,0,0,0,0,0,0,0,0,0,0,0,1,1,1,3,2,1,3,2,2,3,3,2
syn_aggregate_01322,18,1.0,2,2,1,1,1,0,1,0,0,0,0,0,0,0,0,0,0,0,4,0,0,0,0,0,0,0,0,0,0,0,0,0,0,0,0,0,0,0,0,1,1,0,1,1,0,0,0,0,0,0,0,0,0,0,0,0,0,0,1,0,0,0,0,0,0,0,0,0,0
syn_aggregate_01323,22,2.0,2,3,2,2,1,2,2,0,0,1,2,1,1,1,1,1,1,1,0,4,4,3,4,4,4,3,3,4,3,0,0,1,0,0,0,0,0,0,0,4,4,4,4,3,4,3,3,4,2,1,1,0,1,1,1,1,0,0,1,0,1,0,0,0,0,0,1,0,0
syn_aggregate_01324,22,1.0,3,3,2,2,1,1,1,0,0,1,1,1,0,1,1,1,1,1,1,0,1,1,0,1,0,1,1,0,1,4,4,4,4,4,4,4,4,3,4,3,2,3,3,2,2,1,2,3,2,0,0,0,0,0,0,0,0,1,3,0,1,1,0,1,0,0,1,0,0
syn_aggregate_01325,22,2.0,3,3,2,2,1,2,1,0,0,0,1,0,0,1,0,0,0,0,0,3,4,4,4,3,3,3,4,3,3,2,3,3,2,2,3,2,2,2,2,2,2,2,3,2,1,1,1,2,2,1,1,1,1,0,1,0,1,0,0,1,3,3,1,3,2,2,2,2,2
syn_aggregate_01326,19,2.0,3,3,3,3,2,3,3,3,3,0,0,0,0,0,0,0,0,0,0,1,1,0,1,0,0,0,1,0,1,0,2,2,1,1,0,1,2,0,0,4,4,4,4,3,3,3,3,3,3,0,0,0,0,2,0,0,0,0,0,0,2,1,0,1,0,0,1,1,0
syn_aggregate_01327,18,2.0,1,2,1,2,1,0,1,0,0,0,0,0,0,1,0,0,0,0,1,3,3,3,3,3,3,3,3,3,3,1,2,2,2,2,2,2,3,2,2,3,3,3,4,2,2,2,2,2,4,0,0,0,0,0,0,0,0,1,1,0,2,2,0,2,0,0,1,1,0
syn_aggregate_01328,20,2.0,2,3,2,2,1,2,1,0,1,0,0,0,0,0,0,0,0,0,1,3,3,2,4,3,3,3,2,3,2,2,3,3,2,2,3,3,2,2,3,3,3,3,3,2,2,2,2,2,3,1,2,1,1,1,1,1,1,1,0,1,2,2,1,2,1,1,1,1,2
syn_aggregate_01329,46,1.0,2,2,1,2,1,1,1,0,0,0,1,0,0,0,0,0,0,0,0,0,0,0,0,0,0,0,0,0,3,0,0,0,0,0,0,0,0,0,0,0,0,0,0,0,0,0,0,0,0,0,0,0,0,0,0,0,0,0,0,0,1,1,0,0,0,0,0,0,0
syn_aggregate_01330,20,2.0,3,3,2,3,2,2,2,0,0,1,2,1,0,1,1,0,1,1,2,1,1,1,1,1,1,1,0,0,0,3,4,4,4,3,3,3,3,3,2,3,3,2,3,2,3,2,2,2,1,0,0,0,0,0,0,0,0,0,4,4,4,4,4,4,4,4,4,4,3
syn_aggregate_01331,32,2.0,1,1,1,1,0,0,0,0,0,0,0,0,0,0,0,0,0,0,0,1,2,1,2,1,2,1,2,1,2,0,0,0,0,0,0,0,0,0,2,2,2,1,2,1,1,1,1,1,1,0,0,0,0,0,0,0,0,0,0,0,0,0,0,0,0,0,0,0,0
syn_aggregate_01332,26,2.0,3,3,2,3,2,3,2,1,0,0,0,0,0,0,0,0,0,0,2,4,4,4,4,4,4,3,4,3,4,3,3,3,3,3,2,3,3,2,2,3,3,2,3,2,2,2,2,2,2,0,1,0,0,0,1,0,0,1,1,4,4,4,4,4,4,4,4,3,4
syn_aggregate_01333,20,2.0,3,3,3,3,3,3,3,3,3,3,3,4,3,3,4,3,3,3,3,4,4,3,4,3,3,3,3,3,4,4,4,4,4,3,4,4,4,4,4,4,4,4,4,4,4,4,4,4,4,2,3,2,2,2,3,2,2,1,3,3,4,4,3,4,3,3,4,3,1
syn_aggregate_01334,19,2.0,1,2,1,1,0,1,0,0,0,1,1,1,0,1,1,0,1,0,0,4,4,4,4,4,4,4,4,3,1,3,4,4,3,4,3,4,3,3,3,2,2,1,2,1,2,1,1,1,2,0,0,0,0,0,0,0,0,0,0,1,3,3,2,2,2,2,3,2,2
syn_aggregate_01335,42,1.0,3,3,3,3,2,3,3,2,2,0,2,0,0,1,1,0,1,0,0,4,4,4,3,4,4,4,3,4,3,4,4,4,4,4,4,4,4,4,4,3,2,2,3,2,2,2,2,2,2,1,1,2,1,1,1,2,0,1,2,4,4,4,4,4,4,4,4,4,4
syn_aggregate_01336,20,2.0,0,0,0,0,0,0,0,0,0,0,0,0,0,0,0,0,0,0,1,0,0,0,0,0,0,0,1,0,0,1,1,1,1,1,1,1,1,2,2,0,0,0,1,0,0,0,0,0,0,0,0,0,0,0,0,0,0,0,0,0,0,0,0,0,0,0,0,0,0
syn_aggregate_01337,21,2.0,2,3,2,2,1,1,1,0,0,0,0,0,0,0,0,0,0,0,4,4,4,3,4,4,3,3,2,3,1,2,2,2,2,2,2,1,2,2,2,4,4,4,4,3,3,2,2,3,3,1,1,1,0,0,0,0,1,0,0,1,3,3,1,3,2,2,2,2,2
syn_aggregate_01338,19,1.0,3,3,3,3,3,3,2,2,2,0,0,1,0,0,0,0,0,1,0,4,4,4,4,4,4,4,3,4,4,4,4,4,4,4,4,4,4,4,3,2,1,1,2,1,1,0,1,1,1,0,1,1,0,0,0,1,0,0,0,4,4,4,4,4,4,4,4,3,4
syn_aggregate_01339,21,1.0,3,3,3,3,3,3,3,3,3,2,2,2,1,1,1,1,1,1,1,4,4,4,4,4,4,4,3,4,4,4,4,4,4,4,3,4,4,3,3,4,4,4,4,4,4,4,4,4,4,1,2,1,0,1,2,1,0,1,0,3,4,4,3,4,4,4,4,4,4
syn_aggregate_01340,22,1.0,0,1,0,1,0,0,0,0,0,0,0,0,0,0,0,0,0,0,2,0,0,0,0,0,0,0,0,1,0,0,0,0,0,0,0,0,2,0,0,1,0,0,0,0,0,0,0,0,0,0,1,0,0,0,0,0,0,0,0,0,0,0,0,0,0,0,0,0,0
syn_aggregate_01341,19,2.0,0,0,0,0,0,0,0,0,0,0,0,0,0,0,0,0,0,0,0,0,0,0,0,0,0,0,0,0,2,0,0,0,0,0,0,0,0,0,0,2,1,1,2,1,0,0,0,1,0,0,0,0,0,0,0,0,0,0,0,0,0,0,0,0,0,0,0,0,0
syn_aggregate_01342,21,2.0,0,1,1,0,0,0,0,0,0,0,1,0,0,0,0,0,0,0,0,2,2,1,3,2,2,1,2,2,2,0,0,1,0,0,0,0,0,1,0,3,3,3,3,3,3,3,3,3,3,0,1,0,0,0,0,0,0,1,0,1,4,4,2,3,3,2,3,3,0
syn_aggregate_01343,18,2.0,3,3,2,3,2,3,2,2,0,0,0,0,0,0,0,0,0,0,3,4,4,3,4,3,3,3,2,2,2,0,0,0,0,0,0,0,0,0,1,4,4,4,4,4,4,3,3,4,3,1,1,0,0,1,0,1,0,0,0,0,2,2,1,2,1,1,1,1,1
syn_aggregate_01344,19,2.0,3,3,3,3,1,2,1,0,0,0,1,0,0,0,0,0,0,0,1,3,4,3,4,3,4,3,3,3,2,0,1,1,0,1,0,1,0,1,1,4,4,3,4,3,3,3,3,3,2,1,1,1,1,1,1,1,1,1,1,3,4,4,3,4,3,4,3,4,3
syn_aggregate_01345,21,2.0,2,2,1,1,1,1,1,0,0,1,1,1,0,0,1,0,1,0,0,0,2,0,0,1,1,0,1,0,1,2,2,2,2,2,2,2,1,1,1,1,1,1,1,1,0,0,0,0,0,0,0,0,0,0,0,0,1,1,1,0,2,2,0,2,1,1,1,1,4
syn_aggregate_01346,30,2.0,3,3,3,3,2,3,3,1,2,0,0,0,0,0,0,0,0,0,4,1,0,0,0,0,0,0,0,0,0,1,2,1,1,2,1,1,2,1,1,2,1,1,2,0,1,0,0,0,0,1,1,1,0,1,1,1,0,1,0,2,4,4,2,4,3,3,4,3,3
syn_aggregate_01347,20,2.0,3,3,3,3,3,3,3,2,1,0,0,0,0,0,0,0,2,0,0,2,2,2,2,2,1,1,2,2,3,4,4,4,4,4,4,4,4,3,3,0,0,0,0,0,0,0,0,0,0,0,1,0,0,0,0,0,0,0,0,0,2,1,0,1,1,0,1,1,0
syn_aggregate_01348,21,2.0,1,1,1,1,1,0,0,0,0,0,0,0,0,0,0,0,0,0,1,0,0,0,0,0,0,0,0,0,3,3,4,4,3,3,3,4,3,3,3,4,4,4,4,3,4,3,4,4,2,0,1,0,0,1,0,0,1,0,1,2,4,3,2,4,2,2,3,3,4
syn_aggregate_01349,22,2.0,3,3,3,3,2,2,1,1,0,0,1,0,0,0,0,0,0,0,2,3,3,2,3,2,3,2,3,2,3,1,2,2,1,2,1,1,1,1,2,4,4,4,4,3,3,3,3,3,1,0,0,0,0,0,0,0,0,0,4,1,3,2,1,2,1,1,2,2,2
syn_aggregate_01350,18,2.0,3,3,2,3,2,2,1,0,1,0,1,1,0,1,1,0,1,1,1,2,2,1,2,1,1,2,1,1,0,0,2,2,1,2,1,1,2,1,2,1,0,0,0,0,0,0,0,1,0,0,0,0,0,0,0,0,0,0,0,1,4,4,2,4,3,3,3,3,3
syn_aggregate_01351,22,2.0,0,1,0,0,0,0,0,0,0,0,0,0,0,0,0,0,1,1,1,4,4,4,4,4,3,3,3,3,3,1,1,1,0,0,0,1,1,0,0,2,3,2,3,2,2,1,1,2,2,0,0,0,0,0,0,0,0,0,0,0,0,0,0,0,0,0,0,0,0
syn_aggregate_01352,19,2.0,3,3,2,3,2,2,2,1,0,1,0,1,0,1,2,1,0,0,0,0,0,0,0,0,0,0,0,0,2,1,1,2,1,1,2,1,1,1,1,4,3,3,4,2,2,2,3,2,1,0,0,0,0,0,0,0,0,4,0,1,3,3,1,3,2,2,3,2,2
syn_aggregate_01353,33,2.0,2,2,1,2,1,1,1,0,0,1,1,1,0,1,1,0,1,1,1,4,4,4,4,4,4,3,3,3,4,4,4,4,4,4,3,4,4,4,4,2,2,2,2,1,1,1,1,1,2,0,0,1,0,0,0,0,0,0,0,1,4,4,2,3,2,3,4,2,2
syn_aggregate_01354,44,1.0,3,3,2,3,2,3,2,1,0,0,1,1,0,0,0,0,0,0,0,4,4,4,4,4,4,3,4,4,4,4,4,4,3,4,4,4,4,4,3,3,3,3,3,2,3,3,2,2,3,1,2,1,1,1,2,1,1,1,2,0,2,2,0,2,1,1,2,1,1
syn_aggregate_01355,19,2.0,0,0,1,0,0,0,0,0,0,0,0,0,0,0,0,0,0,0,1,1,1,0,1,0,1,1,0,0,1,0,0,1,0,0,0,0,0,0,0,0,0,0,0,0,0,0,0,1,0,0,0,0,0,0,0,0,0,0,0,2,3,3,2,3,2,2,2,3,0
syn_aggregate_01356,19,1.0,3,3,3,3,3,3,3,0,0,0,0,0,0,0,0,0,0,0,2,3,3,3,3,3,2,2,3,2,2,4,4,4,4,4,3,4,4,4,3,2,1,1,2,1,1,1,0,1,2,0,0,0,0,0,0,0,0,0,3,1,3,3,1,3,2,2,2,2,1
syn_aggregate_01357,19,2.0,0,0,1,1,0,0,0,0,0,0,0,0,0,0,0,0,0,3,0,0,1,0,0,0,0,0,0,0,0,0,0,0,0,0,0,0,0,0,0,0,0,0,0,0,0,0,0,1,0,0,0,0,0,0,0,0,0,0,0,0,0,1,0,0,0,0,0,0,0
syn_aggregate_01358,19,1.0,2,2,2,2,2,2,2,1,1,1,1,1,0,1,1,1,0,1,1,4,4,4,4,4,4,4,4,4,3,4,4,4,4,4,4,4,4,3,3,4,3,3,4,3,3,3,3,3,3,1,2,1,1,1,1,1,0,1,2,4,4,4,3,4,3,4,4,4,4
syn_aggregate_01359,21,1.0,2,2,2,2,1,1,1,0,1,1,1,1,1,0,0,0,0,0,0,4,4,4,4,4,4,4,4,4,4,2,2,2,2,2,2,2,2,2,2,2,2,2,2,2,2,1,1,1,1,0,0,0,2,0,0,0,0,0,0,3,4,4,3,4,3,3,4,3,2
syn_aggregate_01360,51,2.0,3,3,2,3,2,2,1,0,0,1,2,1,1,1,1,0,1,1,0,4,4,4,4,3,4,3,2,3,3,2,3,3,3,3,2,2,3,2,2,2,2,2,2,2,1,2,1,2,2,1,2,1,1,1,1,0,0,0,1,3,4,4,3,4,4,4,4,4,4
syn_aggregate_01361,22,2.0,3,3,3,3,3,3,3,3,3,0,0,0,0,0,0,0,0,2,0,0,1,0,0,0,0,0,1,0,0,1,2,1,1,1,1,1,1,1,0,4,4,4,4,3,4,4,3,3,4,1,1,0,0,1,1,0,1,1,1,4,4,4,4,4,4,4,4,4,4
syn_aggregate_01362,18,1.0,3,3,2,2,1,2,2,1,0,1,1,1,0,1,1,1,0,1,1,2,3,2,3,2,2,2,2,2,2,0,0,0,0,0,0,0,0,0,1,2,2,2,2,1,1,1,1,1,1,0,1,0,0,0,0,1,0,0,0,2,4,4,3,4,3,3,4,4,3
syn_aggregate_01363,21,2.0,3,3,2,3,2,2,0,0,0,0,0,0,0,0,0,0,0,0,1,1,1,0,0,0,1,1,0,0,0,0,1,0,0,1,0,0,1,0,0,1,1,1,1,1,1,1,0,1,1,1,1,1,1,0,1,0,0,0,0,0,1,1,0,1,0,0,1,0,0
syn_aggregate_01364,19,2.0,0,0,0,0,0,0,0,0,0,0,0,0,0,0,0,0,0,0,0,0,1,1,0,1,1,0,1,1,3,0,0,0,0,0,0,0,0,0,0,1,1,1,1,1,1,0,0,1,1,0,1,0,0,0,0,0,1,0,0,0,1,0,0,1,0,0,0,0,0
syn_aggregate_01365,22,2.0,3,3,2,1,1,1,0,0,0,0,1,0,0,0,0,0,0,0,0,0,0,0,0,0,0,0,0,1,0,0,0,0,0,0,0,0,0,1,0,0,0,0,0,0,0,0,0,0,4,0,0,0,0,0,0,0,0,0,0,0,2,2,0,2,0,0,1,1,0
syn_aggregate_01366,21,2.0,3,3,3,3,3,1,1,1,1,0,0,0,0,0,0,0,0,0,0,2,2,1,2,1,2,2,2,1,1,0,0,0,0,0,0,0,0,0,4,0,0,0,0,0,0,0,0,0,0,0,0,0,0,0,0,0,0,0,0,0,1,1,0,1,0,0,0,0,0
syn_aggregate_01367,19,2.0,1,1,0,0,1,0,0,0,1,0,1,0,0,0,0,0,0,0,3,2,3,2,3,2,2,2,2,2,3,2,3,2,2,2,2,2,2,1,2,1,1,0,1,1,1,0,1,1,0,0,0,0,0,0,4,0,0,0,0,1,3,2,1,3,2,1,2,2,2
syn_aggregate_01368,20,2.0,2,3,2,2,1,2,1,0,0,3,3,3,2,2,2,2,2,2,1,3,4,3,4,3,3,4,2,4,2,3,4,4,3,3,2,2,3,2,3,3,3,3,3,3,2,3,3,2,4,0,0,0,0,0,1,0,0,0,0,4,4,4,4,4,3,3,4,4,3
syn_aggregate_01369,38,1.0,3,3,2,3,1,1,1,0,0,1,2,2,1,2,1,1,2,1,0,2,2,2,2,2,2,2,2,2,2,3,4,4,3,3,3,3,3,3,3,4,4,3,4,3,3,3,3,2,2,1,1,1,1,0,1,1,0,0,0,1,4,4,2,4,3,3,3,3,2
syn_aggregate_01370,20,2.0,3,3,3,3,3,3,2,2,2,2,3,3,2,2,2,1,2,3,3,3,3,2,3,2,2,2,2,2,2,4,4,4,4,4,4,3,4,4,4,3,3,3,3,2,2,2,2,2,2,1,2,1,1,1,2,1,1,1,2,3,4,4,3,4,3,3,4,3,3
syn_aggregate_01371,35,1.0,3,3,2,3,2,3,2,1,1,1,1,1,0,0,1,0,0,0,0,1,1,1,1,1,1,1,1,1,0,1,2,2,1,1,1,1,2,1,1,4,3,4,4,3,3,3,2,2,3,0,0,0,0,0,0,2,0,0,0,3,4,4,3,4,3,3,3,2,2
syn_aggregate_01372,21,1.0,1,1,1,1,1,1,0,0,0,1,0,1,0,0,0,1,0,0,0,3,3,3,3,3,2,2,3,2,2,4,4,4,4,4,3,4,4,4,3,4,4,4,4,3,3,3,3,4,3,1,1,1,1,1,1,0,0,0,1,0,2,1,0,1,1,1,1,1,1
syn_aggregate_01373,22,2.0,3,3,3,3,3,3,2,1,0,0,1,1,0,1,0,0,0,0,0,4,4,4,4,3,4,3,4,3,2,3,3,3,3,3,3,3,3,3,2,4,4,4,4,4,4,4,3,3,3,0,0,0,0,0,0,0,1,0,0,2,4,4,2,3,3,2,2,3,2
syn_aggregate_01374,20,2.0,2,2,1,1,0,1,0,0,0,1,2,2,1,1,0,0,1,1,0,1,1,0,1,0,1,0,0,0,0,0,0,0,0,0,0,0,0,0,2,2,2,2,2,2,1,1,1,2,1,0,0,0,0,0,1,0,0,0,1,0,0,0,0,0,0,0,0,0,0
syn_aggregate_01375,18,1.0,1,1,1,1,0,1,0,0,0,0,0,0,0,0,0,0,0,0,1,1,1,0,0,0,1,0,0,0,0,2,3,3,2,2,2,2,2,2,2,1,1,1,1,1,0,0,0,0,0,0,1,0,0,0,0,0,0,0,0,0,1,1,0,1,0,1,1,1,0
syn_aggregate_01376,21,2.0,2,3,2,2,0,2,1,0,0,0,0,0,0,0,0,0,0,0,2,4,4,4,4,4,4,4,3,3,4,0,1,1,0,1,0,1,1,1,0,4,4,3,4,2,4,3,2,3,2,0,0,0,0,0,0,0,2,0,0,3,4,4,3,4,3,3,3,3,1
syn_aggregate_01377,20,2.0,3,3,3,3,2,3,2,1,0,0,0,0,0,0,0,0,0,0,0,0,0,0,0,0,2,0,0,0,0,0,1,0,0,0,0,0,0,0,0,0,0,0,0,0,0,0,0,1,0,0,0,0,0,0,0,0,0,0,0,0,1,0,0,1,0,0,0,0,0
syn_aggregate_01378,22,2.0,3,3,3,3,2,3,3,2,3,1,2,1,1,2,1,0,1,1,1,4,4,4,4,3,4,4,4,3,3,3,4,4,3,3,3,3,3,3,2,4,4,4,4,4,4,4,4,4,4,1,1,2,1,1,2,1,1,1,1,3,4,4,3,4,4,4,4,4,4
syn_aggregate_01379,38,1.0,0,1,0,1,0,0,1,0,0,0,0,1,0,0,0,0,0,0,0,0,0,0,0,0,0,0,0,3,0,0,0,0,0,0,1,0,0,0,0,0,0,0,0,0,0,0,0,0,2,0,0,0,0,0,0,0,0,0,1,0,1,1,0,1,1,1,1,0,0
syn_aggregate_01380,19,2.0,0,0,1,1,1,0,0,1,0,0,0,0,0,0,0,0,0,3,0,2,2,2,2,2,0,0,0,0,0,0,1,1,1,1,1,0,1,1,1,4,4,4,3,3,3,4,3,3,4,0,1,0,0,0,0,0,1,0,0,1,3,3,2,3,2,2,3,2,0
syn_aggregate_01381,20,2.0,1,1,1,1,0,0,0,0,0,0,1,0,0,1,0,0,0,1,0,4,4,4,4,4,4,3,4,3,4,0,2,1,1,1,0,1,1,0,0,2,1,1,2,1,0,0,0,1,0,1,1,0,0,1,1,1,0,0,1,0,1,1,0,1,1,0,1,1,0
syn_aggregate_01382,40,2.0,3,3,2,3,1,2,2,1,0,0,0,0,0,0,0,0,0,0,2,3,3,2,3,2,2,2,2,2,2,2,3,3,2,3,2,2,3,2,2,2,1,1,2,2,1,1,1,1,1,0,0,0,0,0,3,0,0,0,0,4,4,4,4,4,4,4,3,4,3
syn_aggregate_01383,19,1.0,3,3,3,3,2,2,2,2,0,0,0,0,0,0,0,0,0,0,3,0,0,0,0,0,0,0,0,0,3,0,0,0,0,0,0,1,0,0,0,1,1,0,1,0,0,0,1,0,0,0,0,0,0,0,0,0,0,0,1,1,3,3,2,2,2,2,2,2,1
syn_aggregate_01384,22,2.0,1,1,0,1,0,0,0,0,0,0,0,0,0,0,0,0,0,0,3,0,0,0,0,0,0,0,0,1,0,0,1,0,0,0,0,0,0,0,0,0,0,0,0,0,0,0,0,0,0,0,0,0,0,0,0,0,0,0,0,0,0,0,0,0,0,0,0,0,0
syn_aggregate_01385,20,1.0,3,3,3,3,3,3,2,1,1,0,0,0,0,0,0,0,0,0,0,1,2,1,2,1,2,1,1,1,2,4,4,4,4,4,4,4,4,3,4,2,2,2,2,1,1,0,1,2,1,1,1,1,0,1,1,0,1,1,1,3,4,4,3,4,4,3,4,4,3
syn_aggregate_01386,20,2.0,3,3,2,3,2,3,0,0,0,1,1,1,1,1,1,0,0,0,0,3,2,2,3,2,2,2,2,2,2,3,4,3,4,4,3,3,3,3,2,4,4,4,4,4,3,3,4,4,4,0,0,0,0,0,0,0,0,0,0,2,3,3,2,4,3,3,3,2,3
syn_aggregate_01387,22,1.0,3,3,2,3,2,3,1,0,1,1,1,1,0,1,0,0,1,1,2,3,3,3,3,3,3,3,3,3,2,2,2,2,2,1,1,2,2,1,1,4,4,4,4,4,4,4,4,4,4,1,1,1,1,1,1,1,0,0,0,3,4,4,3,4,4,4,4,4,3
syn_aggregate_01388,20,2.0,1,2,1,1,0,0,1,0,0,0,0,0,0,0,0,0,0,0,0,1,1,0,1,1,1,1,0,1,0,0,0,0,0,0,0,0,0,0,0,2,2,2,2,1,2,1,1,2,3,0,1,1,0,0,0,0,0,0,0,0,0,0,0,0,0,0,0,0,0
syn_aggregate_01389,19,2.0,2,3,2,2,1,2,1,1,0,0,0,0,0,0,0,0,0,1,1,2,2,2,3,2,3,2,2,2,1,4,4,4,4,4,4,4,4,4,3,3,3,3,3,3,2,2,2,3,0,0,1,0,1,0,1,0,0,0,0,0,2,1,1,2,1,0,1,1,0
syn_aggregate_01390,22,2.0,0,1,0,0,0,0,0,0,0,0,0,0,0,0,0,0,0,3,0,1,2,0,1,0,1,1,0,1,0,1,2,2,2,2,1,2,1,1,0,4,3,4,4,3,3,3,3,3,4,0,0,1,0,0,1,0,1,0,0,4,4,4,4,4,4,4,4,3,3
syn_aggregate_01391,33,1.0,3,3,3,3,2,3,1,0,1,0,0,0,0,0,0,0,0,0,4,1,1,1,2,1,2,1,1,1,2,2,2,2,2,2,1,2,1,1,1,1,1,1,2,1,1,0,1,1,0,1,1,0,1,0,2,1,1,0,1,1,4,3,2,3,2,3,3,3,2
syn_aggregate_01392,19,2.0,1,1,1,1,0,0,0,0,0,0,0,0,0,0,0,0,1,0,0,2,3,2,3,2,3,2,2,2,1,0,1,0,0,0,0,0,0,0,0,0,0,0,0,0,0,0,0,1,0,0,0,0,0,0,0,0,0,0,0,0,1,1,0,1,0,0,1,1,0
syn_aggregate_01393,27,1.0,3,3,2,3,1,1,1,0,0,0,0,0,0,0,0,0,0,0,3,1,1,0,1,0,1,1,0,1,0,3,4,3,4,3,2,4,3,2,2,1,1,0,1,1,0,0,0,1,1,1,1,1,0,0,1,1,0,0,1,0,2,1,0,1,0,0,1,1,0
syn_aggregate_01394,48,2.0,3,3,3,3,2,3,3,2,3,0,0,1,0,0,0,0,0,0,2,4,4,4,4,4,4,4,3,3,4,4,4,4,4,4,4,4,4,3,3,4,4,4,4,3,4,4,2,3,3,1,2,1,1,1,2,1,1,1,1,3,4,4,3,4,3,3,3,3,3
syn_aggregate_01395,21,2.0,3,3,2,2,1,2,1,0,0,0,1,1,0,1,0,0,1,1,0,4,4,4,4,4,4,4,4,4,4,3,4,4,3,3,3,4,3,4,2,4,4,4,4,4,4,4,3,3,3,1,1,1,1,1,1,1,1,2,0,4,4,4,4,4,4,3,4,4,4
syn_aggregate_01396,20,2.0,1,2,1,2,0,0,0,0,0,0,0,0,0,0,0,0,0,0,4,3,3,2,3,2,3,2,2,2,2,1,2,2,1,2,1,1,2,1,2,3,2,2,3,2,2,1,2,2,2,0,0,0,0,1,0,0,0,0,0,2,4,3,3,4,3,3,3,3,2
syn_aggregate_01397,38,2.0,1,1,1,1,1,0,0,0,0,0,0,0,0,0,0,0,0,0,4,1,2,1,1,1,2,1,1,0,0,3,4,4,3,3,3,3,4,4,2,1,1,1,1,0,1,1,1,0,1,0,0,0,0,0,0,0,0,0,0,1,2,1,1,2,1,1,2,1,3
syn_aggregate_01398,46,2.0,3,3,2,2,1,2,1,0,1,2,2,2,1,1,2,2,1,0,0,4,4,4,4,4,4,4,3,3,3,4,4,4,4,4,3,3,3,3,3,3,3,3,3,3,2,3,2,2,2,2,3,2,2,2,3,2,2,2,3,4,4,4,3,4,3,4,4,4,3
syn_aggregate_01399,32,1.0,3,3,3,3,3,3,2,1,0,0,0,0,0,0,0,2,0,0,0,4,3,3,4,3,3,2,2,2,2,1,2,2,1,1,2,2,2,1,1,2,2,1,2,2,1,1,1,2,2,0,0,0,0,0,0,0,0,0,0,0,1,0,0,0,0,0,0,0,0
syn_aggregate_01400,19,2.0,1,0,0,0,0,0,0,0,0,0,0,0,0,0,0,0,0,0,1,0,0,0,0,0,0,0,0,0,1,0,0,0,0,0,0,0,0,0,0,0,0,0,0,0,0,0,0,1,0,0,0,0,0,0,0,0,0,0,1,0,1,0,0,0,0,0,0,0,0
syn_aggregate_01401,40,1.0,1,1,1,0,0,0,0,0,0,0,1,0,0,0,0,0,0,0,0,1,1,1,1,1,1,1,1,1,2,0,1,0,0,0,0,0,0,0,0,2,2,1,2,1,0,0,0,1,0,0,0,0,0,0,0,0,0,0,0,0,0,2,0,0,0,0,0,0,0
syn_aggregate_01402,18,2.0,3,3,2,2,1,1,1,1,1,0,0,1,0,0,0,0,0,0,0,4,4,4,4,4,4,4,4,4,4,3,4,4,3,3,3,4,3,3,1,4,3,3,4,3,3,2,3,3,2,2,3,2,2,2,2,2,2,2,3,4,4,4,4,4,4,4,4,3,3
syn_aggregate_01403,49,1.0,1,0,1,1,0,0,1,0,0,0,1,0,0,1,0,0,0,0,0,0,0,0,0,0,0,0,0,0,4,0,0,0,0,0,0,0,0,0,3,0,0,0,0,0,0,0,0,0,1,0,0,1,0,0,0,0,0,0,0,0,1,0,0,0,0,0,2,0,0
syn_aggregate_01404,20,2.0,3,3,2,3,2,2,2,0,1,0,1,0,0,0,0,0,0,1,0,1,1,0,1,1,1,1,0,1,1,1,2,2,1,2,1,2,2,1,1,2,1,1,2,1,1,1,0,1,2,1,2,1,1,1,2,1,1,1,1,0,1,1,0,1,0,0,1,1,0
syn_aggregate_01405,43,2.0,1,1,1,1,1,1,1,1,1,0,0,0,0,0,0,0,0,0,3,2,2,1,2,2,2,1,1,2,1,2,3,2,3,2,2,3,2,2,1,3,3,4,4,3,3,2,3,2,2,0,0,0,0,0,0,0,0,0,2,1,2,2,1,2,1,1,2,1,1
syn_aggregate_01406,18,2.0,2,2,1,2,1,1,1,0,0,0,0,0,0,0,0,0,0,0,0,1,1,1,1,1,1,1,1,1,1,0,1,0,0,0,0,0,0,0,0,2,2,2,2,1,1,1,1,1,1,0,0,0,0,0,0,1,0,0,0,1,3,2,1,2,2,1,2,1,2
syn_aggregate_01407,19,2.0,1,1,0,1,0,0,0,0,1,0,0,0,0,0,0,0,0,0,0,0,0,0,0,0,1,0,0,0,0,0,1,0,0,0,0,0,0,0,0,0,0,0,0,0,0,0,0,0,0,0,0,0,0,0,0,0,0,0,0,0,1,0,0,2,0,0,0,0,0
syn_aggregate_01408,20,1.0,2,2,1,2,1,2,1,0,0,0,0,0,0,0,0,0,0,0,0,4,4,4,4,4,4,4,3,4,3,2,2,2,2,2,2,2,2,2,2,1,1,1,1,1,1,1,2,1,1,0,0,0,0,0,0,0,0,0,1,2,2,3,1,2,2,1,2,2,2
syn_aggregate_01409,21,2.0,2,2,1,2,1,1,1,1,0,0,0,0,0,0,0,0,0,0,4,3,4,3,4,3,4,3,3,4,3,4,4,4,4,4,4,4,3,4,3,1,0,0,1,0,0,0,0,0,2,1,1,1,1,1,0,1,0,0,0,3,4,4,2,4,3,3,4,3,4
syn_aggregate_01410,22,2.0,3,3,3,3,1,2,1,1,0,2,2,2,1,2,1,1,2,2,1,3,3,3,3,2,3,3,3,3,2,3,3,3,3,3,3,4,3,3,3,4,4,4,4,3,4,3,4,3,2,1,1,2,1,1,1,1,1,1,1,1,3,3,2,3,2,2,3,2,2
syn_aggregate_01411,20,1.0,3,3,3,3,3,3,3,3,3,0,1,0,0,0,0,0,0,0,0,4,4,4,4,4,4,4,4,4,4,4,4,4,4,4,4,4,4,3,4,1,1,1,1,1,1,1,1,1,1,0,0,0,0,0,0,0,0,0,2,2,4,4,2,4,3,4,3,3,2
syn_aggregate_01412,19,2.0,3,3,3,3,3,3,2,2,1,0,0,0,0,0,0,0,0,0,0,1,1,0,1,0,1,0,0,0,0,2,3,3,2,2,3,2,2,2,2,1,1,0,1,0,0,0,0,0,0,0,0,0,0,0,0,0,0,0,0,0,1,0,0,1,0,0,1,0,0
syn_aggregate_01413,18,2.0,3,3,3,3,2,3,1,0,1,0,0,1,0,0,0,0,0,0,0,3,3,3,3,3,2,2,3,3,3,2,2,2,2,2,2,2,1,2,2,2,2,1,2,1,1,1,2,1,2,0,0,0,0,0,0,0,0,2,0,0,2,1,0,2,1,0,1,1,1
syn_aggregate_01414,19,2.0,0,0,0,0,0,0,0,0,0,0,0,0,0,0,0,0,0,0,0,1,2,1,1,1,2,1,1,1,1,0,0,0,0,0,0,0,0,0,1,0,0,0,0,0,0,0,0,0,1,0,0,0,0,0,0,0,0,0,0,0,0,0,0,0,0,0,0,0,2
syn_aggregate_01415,19,1.0,3,3,2,2,1,0,0,0,0,2,2,2,1,2,2,2,2,2,2,4,4,4,4,4,4,3,4,4,4,4,4,4,4,4,4,4,3,3,3,4,4,4,4,4,4,4,4,4,4,0,0,0,0,0,0,0,0,0,4,4,4,4,4,4,4,4,4,4,4
syn_aggregate_01416,20,1.0,1,1,1,1,1,0,0,0,0,0,0,0,0,0,0,0,0,0,1,4,3,3,4,3,4,3,2,3,1,1,2,1,1,1,1,1,1,1,0,3,3,3,3,2,2,2,2,2,2,0,0,0,0,0,0,0,0,0,2,0,1,1,0,0,0,0,0,0,0
syn_aggregate_01417,33,2.0,2,2,1,2,1,1,0,0,0,0,0,0,0,0,0,0,0,0,2,2,2,2,2,1,2,2,1,2,1,0,1,1,1,1,0,0,1,0,0,2,2,2,2,2,1,1,1,2,1,1,1,1,1,1,1,1,1,1,1,3,4,4,3,4,3,3,3,3,2
syn_aggregate_01418,21,1.0,2,3,3,3,2,2,2,1,2,0,0,0,0,0,0,0,0,0,0,1,1,1,1,1,1,1,1,1,0,0,2,0,0,0,0,0,0,0,0,0,0,0,0,0,0,0,0,0,4,0,0,0,0,0,0,0,1,0,0,0,2,1,0,1,0,0,2,1,0
syn_aggregate_01419,18,2.0,2,2,1,2,1,1,0,0,1,0,1,1,0,1,1,1,0,1,0,4,4,3,4,3,4,4,3,3,2,2,2,2,2,2,2,2,2,2,2,1,1,0,1,1,0,0,0,1,1,1,1,1,1,1,1,0,0,0,2,3,4,3,3,4,3,3,3,2,2
syn_aggregate_01420,20,2.0,2,2,2,2,2,1,1,0,1,1,2,1,0,1,1,1,1,1,0,2,2,2,1,2,2,2,2,2,2,3,3,3,3,3,2,3,2,2,2,4,3,4,4,3,4,3,3,3,2,2,2,2,1,2,2,2,1,2,1,2,4,4,2,3,3,3,3,4,2
syn_aggregate_01421,18,2.0,3,3,2,3,2,3,2,1,2,0,0,0,0,0,0,0,0,0,0,4,4,4,4,4,4,3,4,3,3,3,4,4,3,3,3,3,4,3,3,0,0,0,1,0,0,0,0,0,0,1,1,1,0,1,1,1,1,0,1,0,2,1,0,2,1,1,1,2,2
syn_aggregate_01422,51,2.0,2,2,1,1,1,1,1,0,0,0,0,0,0,0,0,0,0,0,0,2,3,2,2,2,2,2,2,1,3,0,2,2,1,2,1,1,2,1,0,0,0,0,1,0,0,0,0,0,0,0,1,0,0,0,0,0,0,0,0,1,3,2,1,2,2,2,2,2,3
syn_aggregate_01423,19,2.0,3,3,2,3,2,3,3,2,1,1,1,1,1,1,0,0,0,1,0,4,4,4,3,3,4,3,4,3,2,1,2,2,1,2,1,2,1,1,2,3,2,2,3,2,2,2,2,2,1,0,0,0,0,0,0,0,0,0,3,4,4,4,3,4,4,4,4,4,3
syn_aggregate_01424,29,2.0,3,2,2,2,1,2,1,0,1,0,0,0,0,0,0,0,0,0,2,3,3,3,3,3,3,3,3,3,2,0,0,0,0,0,0,0,0,0,4,2,2,1,2,1,1,0,1,0,1,0,1,0,0,1,0,0,0,0,2,2,4,3,2,4,3,3,3,4,3
syn_aggregate_01425,20,2.0,3,3,3,3,2,3,1,0,1,1,2,1,0,1,1,0,1,1,2,2,2,1,2,1,2,1,1,1,2,0,0,0,0,0,0,0,0,0,4,1,1,0,1,1,1,0,1,1,1,0,0,0,0,0,1,0,0,0,0,0,2,1,0,2,0,0,1,1,0
syn_aggregate_01426,26,1.0,3,3,2,3,1,1,1,0,0,0,0,0,0,0,0,0,0,0,1,3,3,3,3,3,3,3,3,2,2,3,4,4,3,3,4,4,4,3,0,4,4,4,4,4,3,3,3,3,3,0,0,0,0,0,1,0,0,0,0,4,4,4,4,4,4,4,4,4,4
syn_aggregate_01427,18,1.0,0,1,0,1,0,0,0,0,0,0,0,0,0,0,0,0,0,0,0,3,3,3,3,3,3,3,3,3,3,2,3,2,2,2,2,2,2,1,0,3,3,2,3,2,2,2,2,2,2,1,1,1,0,1,1,1,0,1,1,0,1,0,0,1,0,0,0,0,0
syn_aggregate_01428,19,1.0,3,3,2,3,2,3,2,0,0,1,1,1,0,1,1,0,0,0,0,3,3,2,3,2,3,2,2,3,3,3,3,3,3,3,3,3,3,2,2,0,0,0,0,0,0,0,3,0,0,0,0,0,0,0,0,0,0,0,2,1,3,2,1,2,1,1,2,2,2
syn_aggregate_01429,20,1.0,1,1,0,0,0,0,0,0,0,0,0,0,0,0,0,0,0,1,0,0,0,0,0,0,0,0,0,0,4,0,0,0,0,0,0,0,0,0,4,3,2,2,3,2,2,1,2,2,1,0,1,1,0,1,1,1,0,1,0,1,3,2,0,3,1,1,2,2,1
syn_aggregate_01430,19,2.0,2,2,2,3,1,2,2,0,0,0,0,0,0,0,0,0,1,0,0,1,1,0,1,0,1,0,0,0,0,3,3,3,3,3,2,2,2,3,2,4,4,4,4,3,3,3,3,3,1,1,1,0,1,0,0,0,0,0,0,1,3,3,1,2,1,1,2,2,0
syn_aggregate_01431,23,2.0,1,1,1,1,1,0,0,0,0,1,2,2,0,1,0,0,1,2,1,2,3,2,3,2,3,2,3,2,3,2,3,2,2,2,2,2,3,2,1,4,4,4,4,4,4,4,4,4,4,1,2,1,1,1,2,1,1,1,1,3,4,4,3,4,4,4,4,3,3
syn_aggregate_01432,19,1.0,2,3,2,2,1,2,2,2,1,1,1,1,1,1,0,1,1,1,1,3,3,3,3,3,3,3,3,3,3,1,1,1,1,1,0,0,0,0,0,3,3,3,4,3,3,3,2,3,3,0,0,0,0,0,0,0,0,0,4,4,4,4,4,4,4,4,4,4,3
syn_aggregate_01433,18,1.0,1,2,1,1,0,1,0,0,1,1,1,1,0,0,0,0,0,0,0,4,4,4,4,3,3,3,3,2,2,3,4,3,4,3,3,4,3,3,1,0,1,0,0,0,0,0,0,0,0,0,0,0,0,0,0,0,0,0,1,0,1,1,0,1,1,1,1,1,1
syn_aggregate_01434,18,2.0,3,3,3,3,3,3,2,2,3,1,2,1,1,2,1,1,1,1,1,4,4,4,4,4,4,4,3,3,2,4,4,4,4,4,4,4,4,4,4,4,4,4,4,4,4,3,4,3,4,1,2,2,1,1,1,2,1,1,2,4,4,4,4,4,4,4,4,4,4
syn_aggregate_01435,19,2.0,0,1,1,1,0,0,1,0,1,0,0,0,0,0,0,0,0,0,1,0,0,0,0,0,1,0,0,1,0,0,0,1,0,0,0,0,0,0,0,2,2,2,2,2,2,2,1,1,1,0,0,0,0,0,0,0,0,0,0,0,0,0,0,0,0,0,0,0,1
syn_aggregate_01436,20,2.0,3,3,3,3,2,3,1,1,0,0,1,1,0,1,0,1,0,0,0,3,3,3,3,3,2,3,3,2,2,1,2,2,2,2,1,1,2,1,2,2,2,2,3,1,2,2,1,2,3,1,1,0,1,1,1,1,0,1,3,2,4,4,3,4,3,3,4,3,3
syn_aggregate_01437,29,2.0,0,0,0,0,0,0,0,0,3,0,0,0,0,0,0,0,0,1,0,1,2,1,1,1,1,1,1,0,1,3,4,3,3,3,2,3,2,2,1,0,1,0,0,1,0,0,0,1,1,1,1,1,1,1,1,1,1,1,2,0,1,0,0,1,0,0,0,0,0
syn_aggregate_01438,18,1.0,0,0,0,0,0,0,0,0,0,0,0,1,0,0,0,0,0,0,0,2,2,1,2,2,2,1,1,1,1,0,0,1,0,0,0,0,0,0,0,2,2,2,2,2,2,2,1,2,2,0,0,0,0,0,0,0,0,1,0,0,1,1,0,1,0,0,1,1,0
syn_aggregate_01439,18,1.0,3,3,2,3,2,3,2,2,2,0,0,0,0,1,0,1,0,1,0,3,3,2,4,3,3,3,2,2,2,4,4,4,4,4,3,4,4,3,3,4,4,4,4,4,3,4,4,4,2,1,2,1,1,1,2,1,1,1,2,2,4,3,2,3,2,2,2,2,2
syn_aggregate_01440,42,2.0,2,2,1,2,1,0,1,0,0,0,0,0,0,0,0,2,0,0,0,4,4,3,4,3,4,3,2,3,1,4,4,4,4,4,4,4,3,4,4,4,4,4,4,4,4,4,4,3,4,1,1,1,1,1,1,1,2,2,1,2,3,3,1,3,2,2,3,3,3
syn_aggregate_01441,20,2.0,2,2,1,0,0,0,0,0,0,0,0,0,0,0,0,0,0,0,2,0,1,0,0,0,0,0,0,1,0,2,3,2,2,2,2,2,2,2,2,0,0,0,0,0,0,0,0,0,2,0,1,0,0,0,0,0,0,0,0,1,3,3,1,2,2,2,2,3,1
syn_aggregate_01442,19,2.0,1,1,1,1,0,1,0,0,0,0,0,0,0,0,0,0,0,0,4,3,3,2,3,2,3,2,2,3,2,3,4,3,3,3,3,4,3,3,4,4,4,4,4,3,4,4,3,3,4,2,2,2,1,2,2,2,1,1,3,3,4,4,3,4,3,3,3,3,1
syn_aggregate_01443,20,2.0,3,3,3,3,3,3,3,3,3,0,0,0,0,0,0,0,0,0,2,2,3,2,2,2,2,2,2,2,2,0,1,1,0,1,1,1,0,0,0,1,1,0,1,1,0,0,0,0,0,0,0,0,0,0,1,0,0,0,0,1,3,3,2,3,3,2,3,3,3
syn_aggregate_01444,20,2.0,1,1,1,0,0,0,0,0,0,0,0,0,0,0,1,0,0,0,0,3,3,3,3,2,3,3,3,2,3,3,4,4,3,3,3,4,4,3,3,1,1,0,1,0,1,0,1,0,0,0,0,0,0,0,0,0,1,1,0,0,1,0,0,2,0,0,0,0,0
syn_aggregate_01445,22,2.0,3,3,2,3,1,2,0,0,1,0,0,0,0,0,0,0,0,0,4,3,3,3,4,3,4,4,3,2,2,4,4,4,4,4,4,4,4,3,3,3,3,3,3,2,3,2,2,3,2,0,0,0,0,0,0,0,3,0,0,4,4,4,4,4,3,3,3,3,4
syn_aggregate_01446,19,2.0,1,1,0,0,0,0,0,0,0,1,1,1,0,0,0,0,0,1,2,3,4,3,3,3,4,3,2,3,3,3,3,3,3,3,2,3,2,2,2,1,1,1,1,0,0,0,0,0,0,0,0,0,0,0,0,0,0,4,0,0,1,0,0,1,0,0,0,0,0
syn_aggregate_01447,20,2.0,3,3,3,3,3,3,3,2,3,1,2,1,1,1,2,0,1,1,1,2,3,2,2,2,2,2,2,2,2,4,4,4,4,4,3,3,3,3,3,2,2,2,2,1,2,2,1,2,1,0,0,0,0,0,0,0,0,0,0,3,4,4,3,4,4,4,4,3,3
syn_aggregate_01448,18,1.0,1,0,0,0,0,0,0,0,0,0,1,0,0,0,0,0,0,0,0,3,3,3,4,3,3,3,2,2,2,1,1,2,1,1,1,1,1,1,1,0,1,0,0,0,0,0,0,0,0,0,0,0,0,0,0,0,0,0,0,2,4,3,2,3,3,3,4,3,1
syn_aggregate_01449,19,2.0,2,2,1,1,1,1,0,0,0,0,1,0,0,0,0,0,0,0,0,0,0,0,0,0,0,0,0,0,3,3,4,3,3,4,4,3,2,2,3,1,0,0,1,1,0,0,0,0,0,0,0,0,0,0,0,0,0,0,0,1,3,2,1,2,2,2,3,2,1
syn_aggregate_01450,33,2.0,2,1,0,1,0,1,0,0,0,0,0,0,0,0,0,0,0,0,0,0,0,0,0,0,0,0,0,0,3,0,2,1,0,1,0,1,2,0,0,0,0,0,0,0,0,0,0,2,0,0,0,0,0,0,2,0,0,0,0,1,2,2,1,2,1,2,2,1,2
syn_aggregate_01451,19,2.0,1,1,1,1,0,0,0,0,0,1,1,1,0,0,0,0,0,1,1,4,4,4,3,4,4,3,4,3,2,4,4,4,4,4,4,4,4,4,4,4,4,4,4,3,3,3,3,3,2,1,1,1,1,1,2,1,1,1,0,3,4,3,2,3,3,2,3,3,2
syn_aggregate_01452,32,2.0,1,2,1,2,1,0,1,0,0,0,1,0,0,0,0,0,0,0,0,4,4,4,4,3,4,4,3,4,2,1,2,1,1,1,1,1,2,1,0,2,2,2,3,1,2,2,2,1,2,0,0,0,0,0,0,0,0,1,0,3,4,4,3,4,4,4,4,4,4
syn_aggregate_01453,18,1.0,1,1,1,1,0,0,1,0,0,0,0,0,0,0,0,0,0,0,2,3,3,3,3,2,3,3,2,3,3,3,3,3,3,3,2,2,3,2,3,3,3,3,3,2,3,3,3,2,2,0,0,0,0,0,0,0,0,0,3,3,4,4,3,4,2,2,3,3,1
syn_aggregate_01454,37,2.0,3,3,3,3,3,3,1,1,1,1,1,1,1,1,0,1,1,1,1,2,2,1,2,1,2,1,1,1,2,2,3,2,2,2,2,2,2,2,2,4,4,4,4,4,4,4,4,4,3,0,0,0,0,0,0,0,0,0,4,1,4,4,2,4,4,4,4,4,4
syn_aggregate_01455,18,2.0,3,3,2,3,2,3,2,1,0,0,0,0,0,0,0,0,0,0,4,2,2,1,2,2,2,1,2,1,2,1,2,2,1,1,1,1,0,0,0,4,4,4,4,4,4,4,4,3,4,0,0,0,0,0,0,0,0,0,0,0,1,0,0,1,0,0,0,0,0
syn_aggregate_01456,21,2.0,2,3,2,2,1,1,0,0,0,0,0,0,0,0,0,0,0,1,0,1,1,1,2,1,1,1,1,1,1,0,1,1,0,1,0,0,1,0,0,1,1,0,1,1,1,0,1,1,1,0,0,0,0,0,0,0,0,2,0,0,1,1,0,1,0,0,1,1,1
syn_aggregate_01457,20,1.0,2,2,0,0,0,0,0,0,0,0,0,0,0,0,0,0,0,2,0,3,3,2,3,2,3,3,2,2,2,0,0,0,0,0,0,0,0,0,0,4,3,3,4,3,2,2,2,1,0,0,1,0,0,0,0,0,0,1,0,0,1,0,0,0,0,0,0,0,0
syn_aggregate_01458,22,1.0,3,3,2,3,2,2,2,0,0,1,1,1,1,1,1,0,1,1,0,1,1,1,1,1,2,1,1,1,0,2,3,2,2,2,2,2,2,1,1,4,4,4,4,4,4,3,4,3,4,0,0,0,1,1,0,0,0,0,0,1,2,3,1,2,2,2,3,2,2
syn_aggregate_01459,21,2.0,2,2,1,2,1,1,0,0,0,0,0,0,0,0,0,0,0,0,1,0,0,0,0,0,0,0,0,0,2,1,1,1,0,0,1,1,0,0,0,2,1,1,1,1,1,0,0,1,0,0,0,0,0,0,0,0,0,0,0,1,2,2,0,2,1,1,2,1,1
syn_aggregate_01460,22,2.0,3,3,3,3,3,3,3,3,0,2,3,3,1,2,2,2,2,2,1,3,3,3,3,3,3,2,2,2,2,3,4,4,3,3,3,3,4,3,2,4,4,4,3,3,3,2,3,3,2,1,2,1,1,1,2,1,1,1,2,3,4,4,3,4,4,4,4,4,3
syn_aggregate_01461,19,2.0,0,1,0,0,0,0,0,0,0,1,1,1,0,1,1,1,1,1,0,1,1,1,1,0,1,0,1,1,1,4,4,4,4,4,4,4,4,2,4,0,0,0,0,0,1,0,0,0,0,0,0,0,0,0,0,0,0,0,2,0,1,0,0,0,0,0,0,0,0
syn_aggregate_01462,20,1.0,1,1,0,1,0,0,0,0,0,1,1,1,1,1,1,1,1,0,0,4,4,4,4,4,4,4,3,4,4,3,4,4,4,4,4,4,4,3,3,3,3,2,3,2,3,2,2,2,2,0,1,0,0,0,0,1,0,0,1,4,4,4,4,4,3,4,4,4,4
syn_aggregate_01463,19,1.0,3,3,2,3,2,3,2,1,1,0,0,0,0,0,0,0,0,0,0,2,2,2,2,2,2,1,1,2,2,0,1,0,0,0,0,0,0,0,0,1,1,0,1,0,0,0,0,0,0,0,0,0,0,0,0,0,4,0,0,0,0,0,0,2,0,0,0,0,0
syn_aggregate_01464,19,2.0,3,3,3,3,2,3,3,2,1,0,0,0,0,0,0,0,0,0,4,0,1,1,0,0,1,0,1,1,0,3,3,3,3,3,2,3,3,2,2,3,4,3,4,2,3,2,3,3,3,0,0,0,0,0,0,0,0,0,3,4,4,4,4,3,4,4,4,4,3
syn_aggregate_01465,20,2.0,3,3,3,3,3,3,0,3,0,0,0,0,0,2,0,0,0,0,0,2,2,2,3,2,3,2,2,2,3,2,3,2,3,2,2,2,2,2,1,2,2,2,2,1,1,1,1,1,1,0,0,0,0,0,0,0,0,0,2,1,3,3,2,3,2,2,2,2,1
syn_aggregate_01466,,2.0,3,3,2,3,0,0,0,0,0,0,0,0,0,0,0,0,0,1,0,2,2,1,2,1,2,2,1,2,2,0,2,2,1,2,1,2,2,1,1,4,4,4,4,3,4,3,3,4,2,1,1,1,1,1,1,0,0,1,0,3,4,4,3,4,4,4,4,3,3
syn_aggregate_01467,19,2.0,3,3,2,3,1,2,2,1,1,1,1,1,1,1,2,1,0,1,2,4,4,3,4,3,4,3,4,3,3,2,3,2,2,2,1,2,2,2,3,4,4,4,4,3,4,3,4,3,4,1,2,1,1,1,2,1,1,1,2,2,4,4,3,4,3,3,3,3,3
syn_aggregate_01468,21,2.0,2,2,0,2,0,1,1,0,0,1,2,2,1,1,1,1,1,1,1,3,3,2,3,2,3,2,3,2,2,3,4,3,3,3,3,4,3,2,2,4,4,4,4,3,4,4,4,3,3,1,1,1,0,1,1,0,0,0,1,3,4,3,3,3,3,2,4,3,3
syn_aggregate_01469,19,2.0,3,3,3,3,2,3,2,0,0,1,1,1,0,1,0,0,1,1,0,4,4,4,4,3,4,4,4,3,3,2,4,3,3,3,2,2,3,2,1,2,1,1,2,1,1,1,0,1,1,0,0,0,0,0,2,0,0,0,0,0,1,0,0,1,0,0,0,0,0
syn_aggregate_01470,20,2.0,3,3,2,2,1,2,1,0,1,2,1,1,2,2,1,2,1,1,1,1,1,0,1,1,1,0,1,0,0,1,2,2,1,2,2,2,1,2,1,2,2,2,1,2,2,1,1,2,2,1,1,1,1,1,1,1,1,1,1,0,2,1,0,1,0,0,1,1,0
syn_aggregate_01471,42,1.0,3,3,3,3,3,3,3,3,3,1,2,1,0,1,2,1,1,2,2,4,4,4,4,4,4,4,4,4,4,4,4,4,4,4,4,4,4,4,3,3,4,4,4,3,4,3,3,3,1,1,1,1,1,1,1,2,1,0,0,4,4,4,3,4,4,4,4,4,4
syn_aggregate_01472,22,2.0,3,3,3,3,3,3,2,2,0,2,2,2,2,2,1,2,2,2,1,0,0,0,0,0,0,1,0,0,0,3,4,4,3,4,4,4,4,3,3,4,4,4,4,3,4,3,3,4,2,1,1,1,0,1,1,1,0,1,1,1,4,4,2,4,3,3,3,2,2
syn_aggregate_01473,22,2.0,2,3,1,2,1,1,1,0,1,0,0,0,0,0,0,0,0,0,2,2,3,3,3,2,3,3,2,2,3,3,3,3,2,3,2,3,2,2,3,2,2,1,2,1,2,1,2,1,2,0,0,0,0,0,0,0,0,1,1,1,3,2,1,2,2,2,2,2,1
syn_aggregate_01474,19,2.0,3,3,3,3,3,3,3,3,0,1,1,1,0,0,0,0,0,1,0,4,4,4,4,3,4,3,3,3,3,1,3,2,2,2,2,2,2,2,2,3,3,3,3,2,3,2,3,2,2,0,0,0,0,0,0,0,0,0,4,2,3,2,2,3,2,2,2,3,2
syn_aggregate_01475,21,2.0,3,3,2,3,1,1,1,0,0,1,1,1,2,1,1,0,1,1,0,3,3,3,2,2,2,2,2,1,2,1,3,2,2,2,2,2,2,1,0,4,4,4,4,4,4,3,4,3,4,1,2,1,1,1,2,1,1,1,2,3,4,4,3,4,2,3,4,3,1
syn_aggregate_01476,18,1.0,3,3,2,3,1,2,2,0,1,0,0,0,0,0,0,0,0,0,0,0,0,0,0,0,0,0,0,0,0,0,0,0,0,0,0,0,0,1,0,0,0,0,0,0,0,0,0,0,0,0,0,0,0,0,0,0,0,0,0,0,0,0,0,0,0,0,1,0,0
syn_aggregate_01477,37,2.0,3,3,2,2,1,2,1,0,1,0,1,0,0,0,0,0,0,0,1,4,4,4,4,4,4,4,3,3,4,3,3,3,3,2,3,3,3,2,3,2,2,2,2,2,2,1,1,2,3,0,0,0,0,0,0,0,1,0,0,3,4,4,4,4,4,4,4,4,3
syn_aggregate_01478,18,2.0,3,3,2,3,2,2,2,0,0,1,2,2,1,1,1,1,1,1,1,4,4,4,4,3,4,3,4,3,3,4,4,4,4,4,4,4,4,4,4,4,4,4,4,4,4,3,4,4,3,0,0,0,0,0,0,0,0,0,4,4,4,4,4,4,4,4,4,4,4
syn_aggregate_01479,19,2.0,2,2,1,1,0,0,0,1,0,0,0,0,0,0,0,0,0,0,0,0,0,0,0,0,2,0,0,0,0,0,0,0,0,0,0,0,0,0,2,0,1,0,0,0,0,0,0,0,0,0,0,0,0,0,0,0,0,1,0,0,1,0,0,0,0,0,0,0,0
syn_aggregate_01480,19,2.0,3,3,2,3,2,3,2,1,1,0,0,0,0,4,0,0,0,0,0,3,3,3,3,3,2,2,3,2,3,0,1,1,0,1,1,1,1,0,0,4,4,4,4,4,4,4,4,3,4,1,2,1,1,2,1,1,0,1,2,3,4,4,3,4,4,4,4,4,4
syn_aggregate_01481,20,2.0,3,3,2,3,2,2,1,1,1,0,0,0,0,0,0,0,0,0,3,4,3,4,4,3,4,3,3,3,4,0,2,1,1,1,0,1,0,0,0,2,2,2,2,1,1,1,1,1,1,0,0,0,0,0,0,0,3,0,0,0,3,2,0,2,2,2,1,1,3
syn_aggregate_01482,38,2.0,3,3,2,2,2,2,1,0,1,0,0,0,0,0,0,0,0,1,0,0,0,0,0,0,0,0,0,0,1,2,2,2,2,2,1,1,1,1,1,1,1,1,1,1,0,0,0,0,1,0,0,0,0,0,1,1,0,0,0,0,0,0,0,2,0,0,0,0,0
syn_aggregate_01483,33,2.0,0,1,1,1,1,0,0,0,0,1,1,1,0,1,1,0,1,1,0,4,4,4,3,3,3,3,4,3,4,0,1,1,1,1,0,0,1,1,0,3,3,3,3,3,2,3,3,3,2,1,0,1,0,0,0,1,0,1,0,0,0,0,0,0,0,0,1,0,0
syn_aggregate_01484,19,2.0,3,3,3,3,3,3,2,2,3,1,1,1,0,1,1,0,1,1,0,4,4,4,4,4,4,4,4,3,3,2,3,3,3,2,2,2,2,2,1,3,3,3,3,3,3,3,3,3,3,0,0,0,0,0,0,0,0,0,0,3,4,4,3,4,3,3,4,4,3
syn_aggregate_01485,19,2.0,3,3,2,2,1,1,1,1,0,0,1,0,0,0,0,0,0,0,0,0,1,0,0,0,0,0,0,2,0,2,3,2,2,3,2,3,2,1,3,0,0,0,0,0,0,0,0,0,0,0,0,2,0,0,0,0,0,0,0,0,0,0,0,0,0,0,0,4,0
syn_aggregate_01486,18,2.0,2,3,2,2,1,2,1,0,0,0,0,0,0,0,0,0,0,0,3,3,3,2,2,2,3,2,2,2,3,4,4,4,3,4,4,4,3,3,3,4,4,4,4,3,4,3,3,3,3,1,1,1,1,1,0,0,0,0,0,3,3,3,2,3,2,2,2,2,0
syn_aggregate_01487,22,2.0,2,3,2,2,1,1,1,0,1,0,0,0,0,0,0,0,0,0,1,2,2,2,2,1,2,2,2,2,2,1,1,1,1,1,1,1,2,1,1,2,2,2,2,2,2,1,1,2,2,0,1,0,0,1,0,0,0,0,0,0,1,1,0,0,0,0,0,0,0
syn_aggregate_01488,20,1.0,3,3,3,3,2,3,3,2,0,1,2,2,0,1,0,0,1,1,0,4,4,3,4,3,4,3,3,3,2,4,4,4,4,4,3,4,4,3,3,4,4,4,4,4,4,4,4,4,4,0,0,0,0,0,0,0,0,0,4,4,4,4,4,4,3,4,3,4,3
syn_aggregate_01489,20,2.0,3,3,3,3,3,3,0,3,0,0,1,0,0,0,0,0,0,0,0,3,3,2,3,2,2,2,2,2,2,1,3,2,2,2,1,2,2,1,1,4,4,4,4,4,4,4,3,4,4,1,1,1,0,1,1,1,1,1,1,0,2,1,0,1,1,1,1,1,0
syn_aggregate_01490,32,2.0,2,2,1,1,0,1,0,0,0,0,0,0,0,0,0,0,0,0,1,3,3,2,2,2,2,2,1,3,1,0,0,0,0,0,0,0,0,0,2,4,4,3,4,3,3,3,3,3,2,0,0,0,0,0,0,0,0,2,0,2,4,3,2,4,3,3,3,2,1
syn_aggregate_01491,20,2.0,3,3,2,3,2,3,2,1,2,1,1,1,0,1,1,0,1,1,0,1,2,1,1,1,2,1,1,1,1,4,4,4,3,4,3,4,3,3,2,4,4,4,4,4,4,4,4,4,4,3,3,2,2,2,3,2,1,2,3,4,4,4,4,4,4,4,4,4,4
syn_aggregate_01492,22,2.0,3,3,3,3,3,2,2,2,3,0,0,0,0,0,0,0,0,0,3,4,4,4,4,4,4,4,3,3,3,4,4,4,4,4,4,4,3,3,3,4,4,4,4,4,4,4,4,4,2,1,2,1,1,1,2,1,1,1,2,3,4,4,3,4,4,4,4,4,4
syn_aggregate_01493,22,2.0,0,0,0,0,0,0,0,0,0,0,0,0,0,0,4,0,0,0,0,0,0,0,0,0,0,0,0,0,0,3,4,4,3,3,4,3,3,3,2,2,1,1,2,0,0,0,0,1,1,1,1,0,0,0,0,0,0,0,0,0,0,0,0,0,0,0,0,4,0
syn_aggregate_01494,21,2.0,1,0,1,0,0,0,0,0,0,0,0,0,0,0,3,0,0,0,0,0,0,0,0,0,0,0,2,0,0,0,0,0,0,0,0,0,0,0,4,2,1,1,2,1,1,0,0,1,0,0,0,0,0,0,0,0,0,0,3,1,3,3,1,3,2,2,3,2,3
syn_aggregate_01495,20,2.0,0,0,0,0,0,0,0,0,0,0,1,0,0,0,0,0,0,0,0,0,0,0,0,0,0,0,0,0,1,0,1,0,0,1,0,0,0,0,0,2,1,1,1,1,1,0,0,1,0,0,0,0,0,0,0,0,0,0,3,0,2,1,0,2,0,0,1,1,0
syn_aggregate_01496,19,2.0,3,3,3,3,2,3,3,2,0,0,0,0,0,0,0,0,0,0,3,0,0,0,1,0,0,1,0,0,0,1,2,2,1,1,1,1,1,1,1,3,3,2,3,2,2,2,2,2,2,0,1,0,0,0,1,0,0,0,0,3,4,4,4,4,4,4,4,3,3
syn_aggregate_01497,21,1.0,3,3,2,3,2,3,2,1,0,1,1,1,0,1,1,0,1,1,0,4,3,3,4,3,3,2,2,2,1,1,1,1,1,1,2,2,0,1,0,2,1,1,2,2,0,0,0,0,0,0,0,0,0,0,1,0,0,0,0,0,1,1,0,1,0,0,1,0,0
syn_aggregate_01498,18,2.0,3,3,2,3,2,2,1,0,1,0,1,0,0,0,0,0,0,0,0,2,2,1,2,1,1,2,1,1,0,0,1,0,0,0,0,0,0,0,1,3,3,2,3,2,3,2,3,2,3,0,0,0,0,0,2,0,0,0,0,0,0,0,0,0,0,0,0,0,3
syn_aggregate_01499,19,2.0,3,3,3,3,3,3,3,3,0,1,2,2,0,1,1,1,1,1,1,4,4,4,4,4,4,4,4,3,4,4,4,4,4,4,4,4,4,4,4,1,1,1,1,1,1,0,0,1,1,1,2,1,1,1,2,1,1,1,1,4,4,4,4,4,4,4,4,4,4
syn_aggregate_01500,19,2.0,3,3,3,3,2,3,3,2,1,0,0,0,0,0,1,0,0,0,0,3,4,4,3,3,4,3,2,3,3,4,4,4,4,4,4,4,4,4,3,2,2,2,2,2,2,1,1,2,2,1,1,1,1,1,1,1,1,1,1,3,4,4,4,4,4,4,4,4,3
syn_aggregate_01501,31,2.0,0,1,1,0,0,0,0,1,0,0,0,0,0,0,0,0,0,0,1,0,1,0,0,0,0,0,0,0,0,2,2,2,2,2,2,2,2,2,2,3,3,3,3,2,2,2,2,2,2,1,1,1,1,1,2,2,1,2,0,0,2,1,0,1,0,1,1,2,0
syn_aggregate_01502,20,2.0,3,3,2,3,1,3,0,0,0,0,0,0,0,0,0,0,0,0,0,0,0,0,0,0,0,0,0,0,0,3,4,4,3,3,4,4,3,3,2,0,0,0,1,0,0,0,0,0,0,0,0,0,0,0,0,0,0,0,3,0,0,0,0,1,0,0,0,0,0
syn_aggregate_01503,20,1.0,2,3,2,2,2,2,1,1,0,0,0,0,0,0,0,0,0,0,2,4,4,4,4,4,3,4,4,4,4,2,3,2,2,2,2,2,2,2,1,3,3,3,3,3,2,2,2,3,2,0,0,0,0,0,0,0,0,0,4,4,4,4,3,4,3,3,4,3,3
syn_aggregate_01504,44,1.0,3,3,2,3,1,1,0,0,0,0,1,0,0,0,0,0,1,0,0,2,3,2,2,2,3,2,2,2,3,1,2,2,2,2,2,2,1,1,1,4,4,4,4,3,3,3,3,3,2,0,0,0,0,0,0,0,1,0,1,2,4,4,2,4,3,3,4,3,2
syn_aggregate_01505,19,2.0,1,1,1,0,0,0,0,0,0,1,2,2,1,1,1,0,1,1,0,3,3,3,3,3,3,3,3,3,3,2,3,3,2,3,2,2,2,2,1,4,4,4,4,4,4,3,3,3,2,0,0,0,0,0,0,0,0,0,4,2,4,4,3,4,4,4,4,4,3
syn_aggregate_01506,21,2.0,3,3,3,3,2,3,2,0,0,0,0,0,0,0,0,0,0,0,0,0,0,0,0,0,0,0,0,0,4,0,0,0,0,0,0,0,0,0,2,2,3,2,2,2,2,1,2,2,2,0,0,0,0,0,0,0,0,0,0,0,0,0,0,0,0,0,0,0,1
syn_aggregate_01507,19,2.0,3,3,3,3,3,3,2,1,1,1,2,1,0,1,1,0,0,1,1,1,1,1,1,1,2,2,1,1,1,4,4,4,4,4,3,4,3,3,2,2,2,2,3,2,2,2,2,2,2,2,2,2,1,2,2,2,1,1,2,1,3,3,1,3,2,2,3,2,1
syn_aggregate_01508,21,1.0,2,2,1,2,1,1,1,0,0,0,0,0,0,0,0,0,0,1,0,2,3,2,2,1,2,2,1,1,1,0,1,1,1,0,0,0,0,0,0,0,0,0,0,0,0,0,0,0,4,0,1,0,0,0,0,1,0,0,0,0,1,1,0,1,0,0,1,1,0
syn_aggregate_01509,19,2.0,3,3,3,3,3,3,3,3,1,1,1,1,0,1,1,0,1,1,1,4,4,4,4,3,4,4,3,4,4,2,3,2,2,2,1,2,1,2,3,4,4,3,3,3,3,3,2,2,1,1,1,1,1,1,1,1,1,1,1,0,2,2,0,2,1,1,2,2,1
syn_aggregate_01510,36,2.0,2,3,1,2,1,1,1,0,1,0,0,0,0,0,0,0,0,0,0,2,3,2,2,2,3,2,2,2,3,2,3,3,2,3,2,2,2,2,1,3,3,3,3,2,3,2,3,2,2,0,0,0,0,0,0,0,0,0,0,0,1,0,0,0,0,0,0,0,1
syn_aggregate_01511,18,2.0,0,0,0,0,0,0,0,0,0,0,0,0,0,0,0,0,0,0,0,0,0,0,0,0,0,0,0,4,0,0,0,0,0,0,0,0,0,0,0,3,3,4,3,2,3,2,3,4,3,0,0,0,0,0,1,0,0,0,2,0,1,0,0,0,0,0,0,0,0
syn_aggregate_01512,19,1.0,1,1,0,0,0,0,0,0,0,0,0,1,0,0,0,0,0,0,0,1,2,1,1,1,1,1,1,1,1,0,1,0,0,0,0,0,1,0,0,3,2,2,3,2,2,2,2,2,1,0,1,0,0,0,0,0,0,0,0,0,1,1,0,1,0,0,1,0,0
syn_aggregate_01513,26,2.0,3,3,2,3,2,1,0,0,0,1,2,2,1,1,1,1,1,1,0,3,3,2,3,2,3,2,2,2,2,3,4,4,3,3,4,3,4,3,3,3,3,3,3,3,3,3,3,3,3,2,2,2,1,1,2,2,1,1,2,4,4,4,4,4,3,3,4,4,4
syn_aggregate_01514,19,2.0,3,3,3,3,3,3,3,3,3,2,2,2,1,2,2,1,2,1,1,3,4,3,3,3,4,3,2,3,3,3,4,4,3,3,4,4,3,3,3,3,3,3,3,2,3,2,2,3,3,1,1,1,0,0,1,1,0,0,1,4,4,4,4,4,4,4,4,4,3
syn_aggregate_01515,19,2.0,1,2,1,2,1,0,1,0,0,1,1,1,1,1,2,1,1,1,1,4,4,4,4,4,4,4,4,3,4,4,4,4,4,4,4,4,4,4,4,4,4,4,4,4,4,4,4,3,4,1,1,1,1,1,0,0,0,0,0,2,4,4,3,4,4,4,4,4,4
syn_aggregate_01516,19,2.0,2,2,1,1,1,1,1,0,0,0,0,0,0,0,0,0,0,0,0,1,1,1,1,1,1,0,0,1,0,0,1,1,0,1,0,1,1,1,0,0,0,0,0,0,0,0,0,0,4,0,0,0,0,0,0,0,0,0,2,0,2,2,0,2,0,0,2,0,0
syn_aggregate_01517,21,2.0,2,2,1,1,1,0,1,0,1,0,0,0,0,0,0,0,0,0,0,0,0,0,0,0,0,0,0,1,1,1,2,2,1,1,2,2,1,1,1,2,1,1,2,2,1,0,0,1,0,0,0,0,0,0,0,0,0,0,0,0,1,1,0,1,0,0,1,0,0
syn_aggregate_01518,44,1.0,2,2,1,2,1,1,0,0,0,0,0,0,0,3,0,0,0,0,0,0,0,0,0,0,0,0,0,0,4,0,2,1,1,1,1,1,1,0,1,0,0,0,0,0,0,0,0,0,0,0,0,0,0,0,0,0,0,2,0,1,3,3,1,3,2,2,3,2,2
syn_aggregate_01519,19,2.0,2,2,1,1,1,0,0,0,0,0,0,0,0,0,0,0,0,0,4,0,0,0,0,0,0,0,0,0,0,1,2,2,1,1,1,1,1,1,1,1,1,0,1,1,0,1,0,2,0,1,2,1,1,1,2,1,0,0,1,0,0,0,0,0,0,0,0,0,1
syn_aggregate_01520,19,2.0,1,2,1,2,0,1,0,0,0,0,0,0,0,0,0,0,0,0,0,3,3,3,3,3,3,3,3,3,2,1,3,2,2,2,2,2,2,2,2,3,3,2,3,2,3,2,2,3,2,0,0,0,0,0,0,0,0,0,3,0,1,1,0,1,0,0,1,1,0
syn_aggregate_01521,19,1.0,1,1,1,1,0,0,0,0,0,0,1,0,0,0,0,0,0,0,0,2,3,2,3,2,2,2,2,2,2,0,0,0,0,0,0,0,0,0,2,0,0,0,0,0,0,0,0,0,1,0,0,0,0,0,0,0,0,0,0,0,0,0,0,0,0,0,0,0,1
syn_aggregate_01522,22,1.0,3,3,3,3,3,3,3,3,3,0,0,0,0,0,0,0,0,0,4,1,1,0,1,1,1,1,2,1,2,1,2,2,1,1,2,2,1,0,1,4,4,4,4,3,4,3,3,3,3,0,0,0,0,0,0,0,0,0,0,3,4,4,4,4,4,4,4,3,4
syn_aggregate_01523,22,1.0,1,1,1,1,1,0,0,0,0,0,1,1,0,1,1,0,1,1,0,1,2,1,1,1,2,1,1,1,1,0,1,1,1,1,1,0,1,0,0,1,0,0,1,0,0,0,0,0,0,0,0,0,0,0,0,0,0,0,2,0,0,0,0,0,0,0,0,0,4
syn_aggregate_01524,20,1.0,1,2,1,1,1,1,1,0,1,0,0,0,0,0,1,0,0,0,0,3,4,3,3,3,4,3,3,2,2,4,4,4,4,4,3,3,3,3,3,4,4,4,4,3,4,4,3,3,3,0,0,0,0,0,0,0,1,1,0,1,3,2,1,2,1,1,2,2,3
syn_aggregate_01525,18,2.0,1,2,1,2,0,0,1,0,0,0,0,0,0,0,0,0,0,0,0,2,2,1,2,2,2,2,1,1,2,1,1,1,1,1,0,0,0,0,0,1,0,0,1,0,0,0,0,0,0,0,0,0,0,0,0,0,0,0,0,2,4,4,3,4,3,3,3,2,2
syn_aggregate_01526,20,2.0,3,3,2,2,2,2,2,2,1,0,0,0,0,0,0,0,2,0,0,2,1,1,1,1,1,1,1,1,1,1,1,1,1,1,1,1,1,2,0,2,2,2,2,2,1,1,2,1,2,0,0,0,0,1,0,0,0,0,0,0,1,1,0,1,0,0,1,1,0
syn_aggregate_01527,20,1.0,2,1,1,2,1,0,0,0,0,0,1,0,0,0,0,0,0,2,0,4,4,3,4,3,3,3,2,4,2,2,2,2,2,2,2,2,2,2,2,1,1,1,1,1,2,0,1,1,1,1,0,0,1,0,0,0,0,0,1,0,0,0,0,0,0,0,0,0,0
syn_aggregate_01528,19,1.0,3,3,2,2,2,1,1,0,1,1,2,2,0,1,1,0,1,0,0,4,4,4,4,4,4,4,4,3,3,4,4,4,4,4,4,4,4,4,3,4,4,4,4,4,4,4,3,4,4,1,2,1,1,1,1,2,1,1,2,3,4,4,3,3,2,2,3,3,3
syn_aggregate_01529,19,1.0,3,3,2,3,2,3,2,1,1,1,2,1,0,2,0,0,1,1,2,4,4,4,3,3,4,3,4,3,2,0,2,2,1,2,1,2,1,1,2,4,4,4,4,4,4,4,3,4,4,0,1,0,0,0,1,0,0,1,0,0,1,1,0,1,0,0,0,0,0
syn_aggregate_01530,22,2.0,3,3,2,2,1,2,1,0,0,1,2,1,1,1,2,1,1,1,1,4,3,3,4,3,4,3,2,3,1,4,4,4,4,3,4,4,3,4,1,2,1,1,1,1,1,0,1,0,0,1,2,1,2,1,1,1,1,0,1,1,3,3,1,3,1,2,2,2,3
syn_aggregate_01531,19,1.0,1,1,1,0,0,0,0,0,0,0,0,0,0,0,0,0,0,0,0,0,0,0,0,0,0,0,0,0,1,0,1,0,0,0,0,0,0,0,0,3,3,3,3,2,3,2,2,2,2,0,0,1,0,0,0,0,0,0,0,0,1,0,0,0,0,0,1,0,0
syn_aggregate_01532,19,1.0,0,0,0,0,0,0,0,0,0,0,0,0,0,0,0,0,0,0,0,0,0,0,0,0,0,0,0,0,1,0,0,0,0,0,0,0,0,0,0,0,0,0,0,0,0,0,0,0,0,0,0,0,0,0,0,0,0,0,0,0,0,0,0,1,0,0,0,0,0
syn_aggregate_01533,19,2.0,3,3,3,3,2,3,1,1,0,0,0,0,0,0,0,0,0,0,2,2,2,2,2,2,2,1,1,2,2,3,3,3,3,3,2,3,3,2,3,0,0,0,0,1,0,0,0,0,0,1,1,1,1,0,1,1,0,1,1,2,3,3,2,3,2,2,3,2,1
syn_aggregate_01534,19,2.0,3,3,3,3,3,3,3,3,3,1,1,2,1,2,0,0,0,2,1,4,4,4,3,4,4,4,4,3,4,2,3,3,2,3,3,2,2,2,3,1,1,1,1,1,1,0,0,0,0,0,0,0,0,0,0,0,0,0,4,3,4,4,4,4,4,4,4,4,4
syn_aggregate_01535,19,1.0,1,2,1,2,1,1,0,0,0,0,0,1,0,0,0,0,0,0,1,1,1,1,1,0,1,1,0,1,0,4,4,4,4,4,4,4,3,3,2,2,2,1,2,1,1,1,1,2,2,0,0,0,0,0,0,0,0,0,2,2,4,3,2,3,2,2,3,3,2
syn_aggregate_01536,21,1.0,1,2,1,1,0,0,1,0,0,0,0,2,0,0,0,0,0,0,0,2,2,2,2,2,2,2,2,2,2,0,0,0,0,0,0,0,2,0,0,4,4,4,4,3,4,4,4,4,3,1,2,1,1,1,1,1,1,1,0,0,0,0,0,0,0,0,0,1,0
syn_aggregate_01537,21,2.0,1,1,1,2,1,1,0,0,0,0,0,0,0,0,0,0,0,0,1,1,1,0,1,1,1,0,0,0,1,0,1,1,0,1,0,1,0,0,1,3,3,3,3,3,2,2,3,3,2,0,0,0,0,0,0,0,0,0,4,2,4,4,2,4,3,2,3,3,2
syn_aggregate_01538,19,1.0,0,0,0,0,0,0,0,0,0,0,0,0,0,0,0,0,0,0,0,0,0,0,0,0,0,0,1,0,0,0,0,0,0,0,0,0,0,0,0,0,0,0,0,0,0,0,0,0,0,0,0,0,0,0,0,0,0,0,0,0,0,0,0,0,0,0,0,0,0
syn_aggregate_01539,22,2.0,2,2,1,1,1,1,1,0,1,0,0,0,0,0,1,0,0,0,0,1,1,1,1,1,1,1,1,1,1,0,1,0,0,0,0,0,1,0,0,3,3,3,3,2,2,2,1,2,1,0,1,0,0,0,0,0,0,1,0,2,3,3,2,3,3,2,2,3,2
syn_aggregate_01540,18,1.0,3,3,2,2,2,2,1,0,1,1,2,1,1,2,1,0,1,1,3,3,2,2,3,2,2,2,1,2,1,2,3,2,2,2,1,2,2,1,2,0,1,0,1,0,1,0,0,1,0,0,0,0,0,0,0,0,0,2,0,2,3,3,2,2,1,2,2,2,1
syn_aggregate_01541,21,2.0,1,1,0,2,0,0,1,0,0,0,0,0,0,0,0,0,0,2,0,2,2,2,2,2,2,2,2,1,1,1,1,1,1,1,0,1,0,0,0,1,0,0,1,0,0,0,0,0,0,0,0,0,0,0,0,0,0,1,0,0,0,0,0,0,0,0,0,4,0
syn_aggregate_01542,21,1.0,3,3,3,3,2,2,2,1,1,0,0,0,0,0,0,0,0,0,0,2,2,2,2,2,2,2,2,2,2,0,2,1,1,1,1,2,0,1,1,0,0,0,0,0,0,0,0,0,3,0,0,0,0,0,0,0,0,0,0,0,1,1,0,1,0,0,1,0,2
syn_aggregate_01543,19,1.0,0,2,0,0,0,0,0,0,0,0,0,1,0,0,0,0,0,3,0,4,4,4,4,3,4,4,4,4,4,3,4,4,3,4,3,4,3,3,2,3,3,3,3,3,3,2,2,2,2,0,0,0,0,0,1,1,1,0,0,3,4,4,3,4,4,3,4,4,3
syn_aggregate_01544,22,2.0,3,3,2,3,2,3,2,1,0,0,1,0,0,0,0,0,0,0,0,3,4,4,3,3,4,4,3,3,1,2,3,3,2,2,2,2,2,1,2,1,1,0,1,0,0,0,0,0,0,1,1,1,0,0,1,1,0,1,0,0,2,2,0,2,1,1,1,1,1
syn_aggregate_01545,22,2.0,2,3,1,2,1,1,1,0,0,1,1,2,1,1,1,1,1,2,1,1,1,0,0,0,1,0,0,0,0,3,4,4,4,4,3,4,3,4,2,4,4,3,4,3,4,3,3,2,2,0,1,0,0,0,1,0,0,0,0,3,4,3,3,3,2,2,3,2,1
syn_aggregate_01546,22,2.0,3,3,3,3,2,3,2,0,0,0,0,0,0,0,0,0,0,0,3,4,4,4,4,3,4,4,4,3,2,3,4,4,3,4,3,3,3,3,2,2,1,1,2,1,1,1,1,1,2,0,0,0,0,0,0,0,0,4,0,4,4,4,4,4,4,4,4,4,3
syn_aggregate_01547,19,1.0,1,2,1,1,0,0,0,0,0,0,1,0,0,0,0,0,0,0,0,3,3,2,3,2,3,2,2,2,3,2,3,3,2,2,2,3,3,2,1,1,1,0,1,1,0,0,0,0,0,1,1,1,1,1,1,1,1,1,1,0,1,0,0,0,0,0,0,0,0
syn_aggregate_01548,19,1.0,3,3,3,3,3,3,3,3,1,1,1,1,0,1,0,0,0,0,1,4,4,3,4,3,3,3,3,3,2,2,3,2,2,2,3,2,2,1,2,4,4,4,4,3,4,4,4,4,4,1,1,1,1,1,1,1,0,1,1,0,2,2,0,2,2,1,2,2,1
syn_aggregate_01549,20,2.0,0,1,1,1,0,0,0,0,0,0,0,0,0,0,0,0,0,0,0,4,4,4,4,4,4,3,3,3,4,1,2,2,1,2,1,2,1,1,3,0,0,0,0,0,1,0,0,0,0,0,0,0,0,0,0,0,0,4,0,1,3,3,1,3,2,2,3,2,2
syn_aggregate_01550,21,2.0,3,3,3,3,2,2,2,1,1,0,2,0,0,0,0,0,0,0,0,3,3,2,3,2,3,2,3,2,2,4,4,4,4,4,4,4,4,4,4,4,4,4,4,3,3,3,3,3,2,2,2,2,1,2,2,2,1,2,3,3,4,4,3,4,4,3,4,3,3
syn_aggregate_01551,20,2.0,2,2,1,2,1,1,1,0,0,1,2,2,1,2,1,1,0,1,1,2,3,2,2,2,3,2,1,2,1,1,1,1,1,1,1,1,1,1,1,3,3,3,3,3,2,3,3,2,2,1,1,1,2,1,2,1,0,2,1,1,4,4,2,3,3,2,3,4,1
syn_aggregate_01552,18,2.0,3,3,2,3,2,2,2,0,3,1,1,0,1,0,1,0,0,0,2,4,4,4,4,4,3,3,4,4,3,4,4,4,4,4,4,4,4,4,0,4,4,4,4,4,4,3,3,4,4,1,1,1,2,1,1,1,1,1,1,4,4,4,4,4,4,4,4,4,4
syn_aggregate_01553,20,1.0,3,3,2,3,1,2,2,1,0,0,0,0,0,0,1,1,0,0,0,4,4,3,4,3,3,3,3,3,1,4,4,4,4,3,4,4,3,3,2,4,4,4,4,3,4,3,3,3,3,1,1,0,0,0,1,0,0,0,0,1,3,3,2,3,2,2,3,2,2
syn_aggregate_01554,36,2.0,1,2,1,2,1,1,1,0,0,0,0,1,0,0,1,0,0,0,0,4,4,4,4,4,4,4,4,3,2,2,2,2,1,2,1,2,1,1,1,3,3,3,3,2,3,2,2,3,3,1,1,0,0,0,0,0,0,0,0,1,3,3,1,3,2,2,3,2,2
syn_aggregate_01555,18,2.0,3,3,2,2,1,2,2,0,1,1,2,1,0,1,1,1,1,1,0,2,2,2,2,2,2,2,1,1,2,3,4,4,3,3,3,3,3,2,3,4,3,4,4,2,3,2,2,3,1,3,3,2,3,2,3,3,2,2,3,4,4,4,4,4,4,4,4,3,4
syn_aggregate_01556,38,2.0,3,3,3,3,3,3,3,3,2,1,1,0,0,0,0,0,0,0,0,3,4,3,3,3,4,3,3,3,3,3,4,3,3,3,4,3,3,3,3,4,4,4,4,4,4,3,3,4,4,2,2,2,1,1,2,2,2,2,2,3,4,4,3,4,4,4,4,4,4
syn_aggregate_01557,19,2.0,2,2,1,1,1,0,1,0,0,0,0,0,0,0,0,0,0,0,1,1,1,0,0,0,1,0,0,0,1,1,3,2,2,2,2,2,2,2,1,1,1,0,1,0,0,0,0,0,0,0,0,0,0,0,0,0,0,0,0,2,4,4,3,4,3,3,3,3,3
syn_aggregate_01558,20,1.0,1,1,1,1,1,1,0,0,0,0,1,0,0,0,0,0,1,0,1,0,0,0,0,0,0,1,1,0,0,2,3,3,2,2,2,2,3,2,1,3,2,2,3,2,2,2,1,2,3,0,0,0,0,0,0,0,0,2,0,0,2,1,0,1,1,1,2,1,0
syn_aggregate_01559,20,2.0,0,0,0,0,0,0,0,1,0,0,1,0,0,0,0,0,0,0,0,3,3,2,3,2,2,2,2,2,2,2,2,2,2,2,2,2,2,2,2,3,3,3,3,3,3,3,3,3,2,0,0,1,0,0,1,1,0,0,0,0,2,2,1,2,2,1,2,2,1
syn_aggregate_01560,21,2.0,3,3,2,3,2,2,2,1,0,0,1,1,0,1,0,0,0,0,0,3,3,2,3,2,2,2,2,2,2,1,2,2,1,2,1,2,1,1,2,3,3,3,3,2,3,2,3,2,3,0,0,0,0,0,0,0,0,0,2,0,3,3,1,3,2,2,3,2,2
syn_aggregate_01561,21,1.0,3,3,2,3,2,1,2,0,1,0,1,0,0,0,0,0,0,0,3,2,2,1,2,1,2,2,1,2,2,3,4,3,3,3,3,3,4,3,2,3,3,3,3,2,3,2,2,2,2,0,0,0,0,0,0,0,0,0,4,3,3,3,2,3,2,2,2,2,0
syn_aggregate_01562,25,1.0,2,2,2,2,1,1,1,0,0,0,1,0,0,0,0,0,0,0,3,3,4,3,2,2,3,3,2,2,3,3,4,4,3,4,4,4,3,3,3,3,2,2,3,2,2,2,2,2,2,0,1,1,0,1,1,0,0,1,1,0,1,1,0,1,0,0,1,0,0
syn_aggregate_01563,21,1.0,1,1,0,1,0,0,1,0,0,0,0,0,0,0,0,0,0,0,0,1,2,1,1,1,2,1,1,1,2,0,0,0,0,0,0,0,0,0,2,1,1,0,1,0,0,0,0,0,0,0,0,0,0,0,3,0,0,0,0,0,2,1,0,2,0,0,1,0,1
syn_aggregate_01564,49,1.0,1,1,1,1,1,0,0,0,0,0,0,0,0,0,0,0,0,0,2,4,4,4,4,4,4,4,3,3,4,0,2,1,1,1,1,1,1,1,0,2,1,1,2,1,1,1,0,2,1,0,1,0,0,0,1,0,0,0,0,0,2,1,0,2,1,1,2,1,0
syn_aggregate_01565,20,2.0,3,3,3,3,2,2,1,1,2,1,1,1,0,1,1,0,1,1,0,4,4,4,4,4,4,4,4,3,3,2,3,2,2,2,2,2,2,1,1,4,4,4,4,4,3,4,4,4,4,1,1,1,1,1,1,1,1,1,1,3,4,4,3,4,4,3,4,4,4
syn_aggregate_01566,20,2.0,3,3,2,3,1,2,1,0,1,0,0,0,0,0,0,0,0,0,4,1,1,0,1,1,1,0,0,1,0,1,2,2,2,2,1,2,1,1,2,0,0,0,1,0,0,0,0,0,0,0,0,0,0,2,0,0,0,0,0,2,4,4,2,4,3,3,3,3,3
syn_aggregate_01567,18,2.0,3,3,2,3,2,3,2,1,2,0,0,0,0,0,1,0,0,1,1,4,4,4,4,4,3,3,3,3,3,4,4,4,4,4,4,4,4,3,3,4,4,4,4,3,3,3,3,3,4,0,0,0,0,0,0,0,0,0,2,4,4,4,3,4,4,4,3,4,3
syn_aggregate_01568,20,1.0,3,3,2,3,2,2,1,1,1,0,0,0,0,0,0,0,0,1,2,4,4,4,4,4,4,4,3,4,4,4,4,4,4,4,4,4,4,4,3,4,4,4,4,3,4,4,4,3,4,1,1,1,1,1,1,1,1,1,1,3,4,4,3,4,4,4,4,4,3
syn_aggregate_01569,20,2.0,1,1,1,0,0,0,0,0,0,0,0,0,0,0,0,0,0,0,3,1,1,1,0,0,1,0,0,1,1,1,2,2,1,1,1,1,1,1,0,0,0,0,0,0,0,0,0,0,0,0,0,0,0,0,0,0,0,0,0,2,4,4,3,4,3,3,3,3,2
syn_aggregate_01570,19,2.0,3,3,1,2,1,1,1,0,0,0,1,0,0,0,0,0,0,0,0,1,1,0,1,0,1,0,1,0,0,0,0,0,0,0,0,1,0,0,0,0,0,0,0,0,0,0,0,0,0,0,0,0,0,0,1,0,0,0,0,3,4,4,4,4,4,4,4,4,3
syn_aggregate_01571,18,2.0,2,3,2,2,1,2,1,0,0,1,1,1,0,1,1,0,1,1,0,4,4,4,4,4,4,4,4,4,4,4,4,4,4,4,4,4,4,3,3,4,4,4,4,3,4,4,4,4,4,0,0,0,0,0,0,0,0,1,0,4,4,4,4,4,4,4,4,3,4
syn_aggregate_01572,22,2.0,3,3,2,3,3,2,2,3,3,1,2,1,1,1,1,1,2,1,2,3,3,3,3,3,3,3,3,3,2,2,3,3,3,3,3,3,3,3,2,4,4,4,4,3,3,3,4,3,2,1,1,1,1,1,0,1,0,1,2,4,4,4,4,4,4,4,4,3,3
syn_aggregate_01573,29,2.0,1,2,1,1,0,1,0,0,0,0,0,0,0,0,2,0,0,0,0,4,3,3,3,2,3,2,2,2,1,0,0,0,0,0,0,0,0,0,3,0,0,0,0,0,0,1,0,0,1,0,0,0,0,0,0,0,0,0,0,0,0,1,0,0,0,0,0,0,0
syn_aggregate_01574,21,2.0,3,3,2,3,1,2,0,0,1,0,1,1,0,0,0,1,0,1,0,4,4,4,4,4,4,4,4,3,4,4,4,4,4,4,4,4,4,4,4,3,3,3,3,3,3,2,3,3,2,0,0,0,1,0,1,0,0,0,0,3,4,4,3,4,3,3,3,3,1
syn_aggregate_01575,40,2.0,1,1,1,1,1,1,1,1,0,0,1,0,0,0,0,0,0,3,0,2,2,1,2,1,2,1,1,1,2,4,4,4,4,4,3,3,4,3,3,2,2,1,2,1,1,1,1,1,2,1,1,1,0,0,1,1,0,0,1,1,2,1,1,2,1,0,1,1,1
syn_aggregate_01576,21,1.0,2,2,2,2,2,2,2,1,0,0,0,0,0,0,0,0,0,0,0,3,3,3,3,3,3,3,3,3,3,1,2,2,1,2,1,2,2,2,0,1,1,0,1,0,1,0,0,1,0,0,0,0,0,0,0,0,0,2,0,2,4,4,2,4,3,3,3,3,3
syn_aggregate_01577,20,1.0,1,1,1,2,1,0,0,0,0,0,1,0,0,0,0,0,0,0,0,1,2,1,1,1,2,1,1,1,1,3,4,4,3,3,3,3,3,3,1,2,1,1,2,1,0,0,0,1,2,0,0,0,0,0,0,0,0,0,0,0,2,2,0,2,1,1,2,1,1
syn_aggregate_01578,20,1.0,3,3,2,2,1,2,2,0,1,0,0,0,0,0,0,0,0,0,0,4,4,4,4,4,3,3,3,3,3,4,4,4,4,4,4,3,3,3,3,2,2,2,3,1,1,1,2,0,2,2,2,2,2,2,1,1,1,1,0,1,2,2,1,1,1,1,1,1,1
syn_aggregate_01579,19,2.0,2,2,1,1,1,1,1,0,0,0,1,0,0,0,1,0,0,0,0,1,1,1,1,1,0,1,1,1,0,0,0,0,0,0,0,0,0,0,0,0,0,0,0,0,0,0,0,1,0,0,0,0,0,0,0,0,0,0,1,1,3,3,2,3,2,2,2,2,1
syn_aggregate_01580,18,1.0,3,3,3,3,3,3,3,2,2,0,0,0,0,0,0,0,0,0,0,0,0,0,0,0,0,0,0,2,0,4,4,4,4,4,4,4,4,4,2,2,2,2,2,1,1,1,2,2,2,0,0,0,0,0,0,0,0,0,3,3,4,4,3,4,3,3,3,4,0
syn_aggregate_01581,19,2.0,2,2,1,2,1,1,1,0,1,1,1,1,0,1,1,1,1,1,1,1,1,0,1,0,1,0,1,0,0,2,3,2,2,2,3,2,3,2,2,4,4,4,4,3,4,3,4,3,3,0,0,0,0,0,0,0,0,0,4,1,2,2,1,2,1,1,2,2,2
syn_aggregate_01582,20,2.0,0,0,0,0,0,0,0,0,0,0,0,0,0,0,0,0,0,0,0,0,0,0,0,0,0,0,0,0,1,1,1,1,1,0,0,1,1,0,0,1,1,0,1,0,0,0,0,0,0,0,0,0,0,0,0,0,0,0,0,2,3,3,2,3,2,2,3,2,2
syn_aggregate_01583,20,1.0,1,1,0,1,1,0,0,0,0,0,0,0,0,0,0,0,0,0,4,1,1,1,1,0,1,0,1,1,1,1,2,2,1,2,2,2,1,1,2,1,1,0,1,0,0,0,0,0,3,0,1,0,0,1,0,0,1,0,0,0,0,0,0,1,0,0,0,0,0
syn_aggregate_01584,49,1.0,0,0,1,1,1,0,1,0,0,0,0,0,0,0,0,0,0,0,4,2,3,2,3,2,2,2,2,3,1,2,3,3,2,2,2,2,2,1,1,2,1,1,2,1,1,0,0,1,0,0,1,0,0,0,0,0,0,0,2,2,4,4,2,4,3,3,3,3,2
syn_aggregate_01585,21,1.0,3,3,2,3,2,2,2,1,0,0,1,0,0,0,0,0,0,0,0,3,4,4,4,3,4,3,3,3,3,3,4,4,3,4,3,4,3,3,0,2,3,2,3,2,2,2,2,2,2,0,0,0,0,0,0,0,0,0,1,1,3,3,1,3,2,2,2,2,2
syn_aggregate_01586,22,1.0,3,3,2,3,1,2,2,1,1,1,1,1,0,1,1,1,1,0,0,4,4,4,4,3,4,4,3,4,3,3,3,3,3,3,3,3,3,2,3,2,1,1,1,1,1,1,1,1,1,1,1,1,1,1,1,1,0,1,1,1,2,2,1,2,2,1,2,1,1
syn_aggregate_01587,18,2.0,1,1,0,1,0,0,0,0,0,0,0,0,0,0,0,0,0,0,0,4,4,4,4,4,4,4,4,3,3,1,2,1,1,1,2,1,2,1,1,2,3,2,2,2,2,1,2,2,3,0,1,0,0,0,1,0,0,0,1,2,4,3,2,3,2,2,3,2,3
syn_aggregate_01588,51,2.0,1,1,1,1,0,0,0,0,0,0,1,0,0,0,0,0,0,0,0,4,4,3,4,3,4,3,3,3,3,1,2,1,1,1,1,1,2,1,1,1,0,0,1,0,0,0,0,0,0,0,0,0,1,0,0,0,0,0,0,0,2,1,0,2,1,1,1,1,0
syn_aggregate_01589,28,2.0,2,2,1,2,1,1,0,0,0,1,1,2,1,2,1,1,1,1,1,1,1,1,1,1,0,1,1,1,0,1,2,1,1,1,1,1,1,1,0,2,2,2,2,1,2,2,2,2,2,0,0,0,0,0,0,0,0,0,4,0,1,1,0,1,0,0,1,0,0
syn_aggregate_01590,19,2.0,1,0,0,0,0,0,0,0,0,0,0,0,0,0,0,0,2,0,0,0,0,0,0,2,0,0,0,0,0,0,0,0,0,0,0,0,0,0,3,1,1,1,1,0,0,0,0,0,0,0,0,0,0,0,0,0,1,0,1,0,0,0,0,0,0,0,0,0,0
syn_aggregate_01591,19,1.0,1,0,0,0,0,0,0,0,0,0,0,0,0,0,0,0,0,0,0,2,3,1,2,2,3,2,1,2,2,0,0,0,0,0,0,0,0,1,0,1,1,0,1,0,0,0,0,1,2,0,0,0,0,0,1,0,0,0,0,0,0,0,0,1,0,0,0,0,1
syn_aggregate_01592,18,2.0,2,2,1,1,1,1,1,1,0,1,1,1,0,1,1,1,1,1,0,3,3,3,3,3,3,3,2,3,2,1,3,3,2,2,2,2,2,1,2,4,4,4,4,3,3,3,3,3,3,0,0,0,0,0,0,0,0,2,0,0,2,2,1,2,1,2,2,2,3
syn_aggregate_01593,18,1.0,3,3,2,2,1,2,1,1,1,0,0,0,0,0,0,0,0,0,0,2,2,2,2,2,2,2,2,2,2,1,2,2,2,1,2,2,2,1,1,4,4,3,4,3,2,3,3,2,2,0,0,0,0,0,0,0,0,0,1,2,4,3,2,4,3,2,3,3,2
syn_aggregate_01594,21,1.0,1,1,0,0,0,0,0,0,0,0,0,0,0,0,1,0,0,0,0,3,3,2,3,2,3,2,3,2,3,2,3,2,2,2,1,3,2,2,1,4,4,4,4,3,3,3,3,4,3,1,1,1,1,1,1,1,1,1,1,3,3,3,2,4,2,2,3,3,2
syn_aggregate_01595,18,1.0,3,3,3,3,2,3,2,2,0,0,0,0,0,0,0,0,0,0,3,1,2,1,1,1,1,1,1,1,1,1,2,2,1,2,2,2,1,1,1,3,3,2,3,2,3,3,3,3,2,0,0,0,0,0,0,0,0,0,0,0,1,1,0,1,0,0,1,1,0
syn_aggregate_01596,22,2.0,2,3,2,2,1,2,1,0,1,1,2,2,0,1,1,1,2,1,1,3,3,2,3,2,2,2,2,2,2,0,1,2,1,1,1,1,2,1,1,4,4,4,4,4,4,3,3,4,4,0,0,0,0,0,2,0,0,0,0,3,4,4,3,4,3,3,4,4,3
syn_aggregate_01597,39,1.0,0,0,0,0,0,0,0,0,0,0,0,0,0,0,0,0,0,0,4,1,2,1,2,1,1,1,1,2,1,1,2,1,1,1,1,1,1,1,0,4,4,4,4,4,4,3,4,4,3,1,1,0,1,0,1,0,1,0,1,1,2,2,1,2,1,1,2,2,1
syn_aggregate_01598,18,2.0,1,1,1,2,1,1,0,0,0,0,1,0,0,0,0,0,0,0,0,2,2,2,2,1,2,1,1,1,2,2,3,3,2,2,2,2,3,2,0,0,0,0,0,0,0,0,0,1,0,1,1,1,1,1,2,2,1,1,1,1,3,2,1,2,2,2,3,2,1
syn_aggregate_01599,22,1.0,3,3,2,3,0,0,0,0,0,0,0,0,0,0,0,0,0,0,0,2,2,2,2,2,2,2,2,1,2,3,4,4,4,3,3,3,3,3,2,3,2,2,3,2,2,1,2,1,2,0,0,0,0,0,0,2,0,0,0,0,2,1,0,2,1,1,1,1,1
syn_aggregate_01600,26,2.0,3,3,1,2,1,1,1,0,0,1,1,1,0,1,0,1,0,1,0,1,1,0,1,0,0,0,0,1,0,0,1,1,1,1,0,1,1,1,0,2,2,2,2,2,1,1,1,1,1,0,1,0,0,0,1,0,1,0,0,3,4,4,4,4,3,3,4,3,3
syn_aggregate_01601,19,2.0,3,3,3,3,3,3,3,2,0,2,2,2,2,2,2,1,2,1,1,4,4,4,4,4,4,4,4,4,4,4,4,4,4,4,4,4,4,4,4,4,4,4,4,4,3,4,4,4,3,1,2,1,2,1,2,1,1,1,2,4,4,4,4,4,4,4,4,4,0
syn_aggregate_01602,19,1.0,3,3,3,3,3,3,2,0,0,2,2,2,2,1,2,1,2,1,2,3,3,2,2,2,3,2,2,2,1,0,2,1,1,1,1,1,0,1,0,4,3,3,4,3,4,2,3,2,3,0,0,0,0,0,0,0,0,0,3,4,4,4,4,4,3,3,4,3,3
syn_aggregate_01603,20,2.0,3,3,2,3,2,2,2,0,1,0,0,0,0,0,0,0,2,0,0,1,1,1,1,1,1,0,0,0,0,4,4,4,4,3,4,3,4,3,2,3,3,3,3,3,3,2,3,3,3,0,0,1,0,0,0,1,0,0,1,2,4,4,2,4,3,3,3,3,2
syn_aggregate_01604,21,1.0,2,3,3,3,1,2,1,0,1,2,1,1,1,1,0,0,0,1,0,1,2,1,2,1,2,1,1,2,1,4,4,4,4,4,4,4,3,3,4,4,4,4,4,4,3,4,4,3,3,1,1,0,0,0,1,0,0,0,0,4,4,4,4,4,3,3,3,3,3
syn_aggregate_01605,49,1.0,0,0,0,2,0,0,0,0,0,0,0,0,0,0,0,0,0,0,0,1,1,1,1,1,0,1,0,1,1,1,1,0,1,1,0,0,1,1,1,2,2,2,2,1,1,0,0,0,0,0,0,1,0,0,0,0,0,1,0,1,3,3,1,3,2,2,3,2,2
syn_aggregate_01606,22,2.0,1,1,0,0,0,0,0,0,0,0,0,0,0,0,0,0,0,0,2,0,0,0,0,0,0,0,0,0,1,0,0,0,0,0,0,0,0,0,2,1,1,0,1,0,0,0,0,0,0,0,0,0,0,0,1,0,0,0,0,0,2,1,0,1,0,0,1,2,1
syn_aggregate_01607,49,2.0,3,3,2,3,1,2,1,0,0,1,2,1,1,2,1,0,1,1,2,2,2,2,1,1,2,2,1,2,3,4,4,4,4,4,3,4,3,3,4,2,2,2,2,1,2,1,2,2,2,1,1,1,0,1,1,0,0,0,0,3,4,4,3,4,3,3,4,3,2
syn_aggregate_01608,20,1.0,3,3,3,3,3,3,3,3,3,1,1,1,0,1,1,1,0,1,0,2,2,1,2,2,2,1,2,1,2,4,4,4,4,4,3,3,4,3,3,4,4,4,4,4,4,4,4,4,4,1,1,1,1,1,1,0,0,0,0,4,4,4,4,4,4,4,3,3,3
syn_aggregate_01609,19,2.0,1,1,1,0,0,0,0,0,0,0,0,0,0,1,0,0,0,0,0,2,3,2,2,2,3,2,2,2,2,0,0,0,0,0,0,0,0,0,0,0,0,0,0,0,0,0,0,1,0,0,0,0,0,0,0,0,0,0,0,0,0,0,0,0,0,0,0,0,4
syn_aggregate_01610,19,1.0,0,1,0,1,0,0,0,0,0,1,1,1,0,1,1,0,1,1,0,2,3,2,2,2,2,2,2,2,2,0,0,0,0,0,0,0,0,0,1,4,4,4,4,4,4,4,4,3,4,0,0,0,0,0,0,0,0,1,0,0,2,1,0,1,1,0,2,0,0
syn_aggregate_01611,19,2.0,3,3,2,3,2,2,1,0,0,0,0,0,0,0,0,0,0,0,2,1,2,1,2,1,1,1,0,1,1,2,3,3,2,2,2,2,2,2,2,4,3,3,4,3,3,3,3,3,3,0,0,0,0,0,1,0,0,1,0,2,3,3,2,3,2,2,3,3,2
syn_aggregate_01612,18,2.0,3,3,2,3,1,1,0,0,0,0,0,0,0,0,0,0,0,0,0,0,0,0,0,0,0,0,0,0,0,0,0,0,0,0,0,0,0,0,0,0,0,0,0,0,0,0,0,0,0,0,0,0,0,0,0,0,0,0,0,0,0,0,0,0,0,0,2,0,0
syn_aggregate_01613,20,1.0,2,2,1,2,1,1,0,0,0,0,1,0,0,0,0,0,0,1,0,3,3,3,3,2,2,2,2,2,2,3,4,4,3,3,4,4,3,3,2,1,1,0,1,2,0,0,1,1,1,0,0,0,0,0,0,0,0,0,4,4,4,4,4,4,4,4,3,4,4
syn_aggregate_01614,46,2.0,0,0,0,0,0,0,0,0,0,0,1,0,0,0,0,0,0,0,0,3,3,3,3,2,3,3,2,2,2,0,0,0,0,0,0,0,0,0,0,0,0,0,0,0,0,0,0,0,0,0,0,0,0,0,0,0,0,0,1,0,0,0,0,0,0,0,0,0,0
syn_aggregate_01615,20,1.0,2,2,1,1,1,1,0,0,0,0,0,0,0,1,0,0,0,1,1,4,4,4,3,3,4,4,4,4,3,2,3,3,2,3,2,3,2,3,2,2,2,2,2,1,2,1,1,2,2,1,1,1,0,1,1,1,1,1,1,3,4,4,3,4,2,3,4,3,1
syn_aggregate_01616,19,2.0,3,3,2,3,2,3,2,1,0,1,1,1,0,1,1,0,1,1,0,4,4,4,4,3,4,4,4,3,4,3,3,3,3,2,3,3,3,2,2,3,3,3,3,2,2,2,2,3,3,2,3,2,1,2,3,2,2,1,2,0,2,1,0,2,1,1,1,1,0
syn_aggregate_01617,22,1.0,2,2,1,1,1,1,1,0,0,0,1,0,0,0,0,0,0,0,0,0,0,0,0,0,0,0,0,2,0,4,4,4,4,4,4,4,3,3,3,2,2,2,2,2,1,1,1,1,1,0,0,0,0,0,0,0,0,0,0,1,3,3,1,3,2,2,2,1,1
syn_aggregate_01618,20,1.0,3,3,3,3,3,3,3,3,3,0,0,0,0,0,0,0,0,4,0,2,2,1,2,1,2,1,1,2,2,4,4,4,4,4,4,4,3,4,4,4,4,4,4,3,3,3,3,3,1,1,2,0,1,0,1,1,1,0,2,3,4,4,4,4,4,4,4,4,4
syn_aggregate_01619,47,1.0,1,1,1,0,0,0,0,0,0,0,0,0,0,0,0,0,0,0,0,0,1,0,1,1,1,0,0,1,1,0,0,0,0,0,0,0,0,1,1,1,0,0,1,0,0,0,0,0,0,0,0,0,0,0,0,0,0,1,0,0,2,1,0,2,0,0,1,1,0
syn_aggregate_01620,34,1.0,1,1,1,0,0,0,0,0,0,0,1,0,0,0,0,0,0,0,4,4,3,4,3,3,4,3,3,3,2,0,1,1,1,0,0,1,1,1,0,4,4,4,3,4,4,4,4,4,4,1,2,1,1,1,1,1,1,1,1,1,3,3,1,3,2,1,2,2,1
syn_aggregate_01621,22,2.0,2,2,2,2,1,1,0,0,0,0,1,0,0,0,0,0,0,1,0,2,2,1,2,1,1,1,1,1,0,0,1,1,1,1,1,1,1,1,1,2,1,1,2,1,0,1,1,1,2,0,0,0,0,0,0,0,0,0,0,0,1,0,0,1,0,0,1,0,0
syn_aggregate_01622,19,2.0,3,3,1,2,1,2,0,0,0,0,1,0,0,0,0,0,0,0,0,0,1,0,0,0,0,0,0,0,0,0,0,0,0,0,0,0,0,0,0,0,0,0,0,0,0,0,0,0,3,0,0,0,0,0,0,0,0,0,0,0,2,1,0,1,1,1,2,1,0
syn_aggregate_01623,19,2.0,1,1,1,1,1,0,0,0,0,0,1,0,0,0,0,0,0,1,0,0,0,0,0,0,0,0,0,0,2,0,0,0,0,0,0,0,0,2,0,3,2,2,3,1,2,1,2,2,2,0,0,1,0,0,0,0,0,0,0,0,0,0,0,0,0,0,0,0,0
syn_aggregate_01624,19,2.0,3,3,3,3,3,2,2,1,1,0,1,0,0,0,0,0,1,0,0,2,2,1,2,2,2,1,2,1,1,2,3,3,2,2,2,2,3,2,2,4,4,4,4,4,4,4,4,3,3,0,1,0,0,0,0,0,0,0,0,3,4,4,3,4,4,4,4,4,2
syn_aggregate_01625,20,2.0,3,3,3,3,1,2,2,0,0,1,1,1,0,1,1,0,1,0,1,3,3,3,3,3,3,3,2,2,3,4,4,4,4,4,4,4,4,4,4,1,1,1,1,1,1,0,0,1,0,0,0,1,0,0,0,0,0,1,0,3,4,4,3,4,4,4,4,4,3
syn_aggregate_01626,19,2.0,0,0,0,0,0,0,0,0,0,1,1,1,0,1,1,0,1,1,1,2,2,1,2,1,2,1,2,1,2,1,2,2,1,2,2,2,2,1,2,0,0,0,0,0,0,0,0,0,3,0,0,0,0,0,0,0,0,0,0,2,4,3,2,3,3,2,3,2,2
syn_aggregate_01627,22,2.0,1,1,1,0,0,0,0,0,0,1,2,1,0,1,2,1,1,1,1,3,4,3,3,3,4,3,3,3,1,1,1,2,1,1,1,1,1,1,2,4,4,4,4,3,4,3,4,3,4,1,1,1,1,0,0,0,1,0,1,2,3,3,2,3,2,2,2,1,2
syn_aggregate_01628,19,2.0,3,3,3,3,2,3,3,2,3,0,0,0,0,2,0,0,0,0,0,1,1,1,1,0,1,0,1,0,0,3,4,4,3,3,2,3,2,2,0,1,1,1,2,1,1,1,1,1,1,0,0,0,0,0,0,0,0,0,0,4,4,4,4,4,4,4,4,4,4
syn_aggregate_01629,21,2.0,1,2,1,2,1,0,1,0,0,0,1,0,0,0,0,0,1,0,0,2,2,2,2,1,2,1,1,1,2,1,1,1,0,0,1,0,0,1,0,4,4,4,4,3,3,3,3,3,1,1,1,0,1,1,1,1,0,0,2,0,1,1,0,1,0,0,1,1,0
syn_aggregate_01630,31,1.0,3,3,2,2,1,1,0,0,0,0,0,0,0,0,0,0,0,0,3,2,2,2,2,1,2,2,2,2,1,2,2,2,2,2,1,2,2,1,1,0,0,0,0,0,0,0,0,1,0,0,0,0,0,0,0,2,0,0,0,0,1,0,0,2,0,0,0,0,0
syn_aggregate_01631,28,1.0,2,3,1,2,1,2,1,0,0,1,1,1,0,1,0,1,1,1,1,1,2,1,1,1,0,0,1,1,1,0,1,1,0,1,0,1,1,0,1,4,4,4,4,3,4,3,4,3,3,2,3,3,2,2,3,2,2,2,2,1,2,2,1,2,2,1,2,1,1
syn_aggregate_01632,21,2.0,0,1,1,1,0,0,0,0,0,0,0,0,0,0,0,0,0,0,4,0,0,0,0,0,0,0,0,0,2,2,2,2,2,2,1,2,2,1,1,4,4,4,4,3,3,3,3,3,3,1,1,1,1,1,1,1,1,1,1,0,2,1,0,1,1,0,2,2,1
syn_aggregate_01633,18,2.0,3,3,2,2,1,1,1,0,0,1,1,1,0,1,1,0,1,0,0,1,1,0,1,1,1,1,1,0,0,3,4,4,3,4,3,3,3,3,2,1,1,1,2,1,2,1,1,1,1,0,1,0,0,0,0,0,0,1,0,0,3,2,1,2,1,1,2,2,2
syn_aggregate_01634,20,1.0,2,3,2,2,1,1,1,0,0,0,0,0,0,0,0,0,0,2,1,3,3,2,3,2,3,2,3,2,2,0,2,1,0,1,1,1,1,1,1,4,4,3,4,3,3,3,3,3,4,2,2,2,2,2,2,1,2,2,2,1,3,3,2,3,2,2,3,2,3
syn_aggregate_01635,20,2.0,3,3,3,3,2,3,2,2,3,1,1,2,0,1,2,1,1,1,2,3,3,3,3,3,3,2,3,3,2,4,4,4,4,4,4,4,4,3,4,4,4,4,4,4,3,3,3,3,3,3,3,3,3,3,4,4,3,3,3,3,4,4,3,4,3,4,4,3,3
syn_aggregate_01636,34,2.0,3,3,3,3,2,3,3,2,3,1,2,2,1,2,1,1,2,1,1,4,4,4,4,4,4,4,4,4,4,4,4,4,4,4,3,4,3,4,3,4,4,4,4,3,4,3,4,4,3,2,2,2,2,2,3,2,2,2,3,3,4,4,3,4,4,4,4,4,4
syn_aggregate_01637,19,2.0,2,3,2,3,1,2,2,1,0,0,0,0,0,0,0,0,0,1,0,0,0,0,0,0,0,0,0,0,0,0,1,1,1,1,0,1,1,0,0,0,1,0,0,0,0,0,0,0,0,0,0,0,0,0,0,0,0,0,0,1,2,3,1,3,2,1,2,2,3
syn_aggregate_01638,18,1.0,1,1,0,1,0,1,0,0,1,0,0,0,0,0,0,0,0,2,0,1,1,0,1,1,1,1,0,0,0,1,2,1,1,1,1,1,1,1,0,1,1,1,1,1,0,0,0,1,1,0,0,0,0,0,0,0,0,0,0,1,3,2,1,2,1,1,2,2,2
syn_aggregate_01639,19,2.0,1,1,1,1,1,0,0,0,0,0,0,1,0,1,0,0,0,0,0,2,3,2,3,2,3,2,2,2,3,2,3,3,2,2,2,2,2,2,1,2,2,2,1,1,2,1,1,2,2,0,0,0,0,0,0,0,0,0,3,2,4,3,2,3,3,2,3,3,3
syn_aggregate_01640,19,2.0,3,3,2,3,2,3,0,0,0,0,0,0,0,0,0,0,0,1,2,1,2,1,1,1,2,1,1,1,1,1,2,1,1,1,1,1,1,1,1,4,4,4,4,3,4,3,4,3,3,0,0,0,0,0,4,2,2,2,0,0,0,0,0,0,0,0,0,0,2
syn_aggregate_01641,19,2.0,3,3,3,3,3,3,3,2,3,0,0,0,0,0,0,0,0,0,4,3,3,3,2,2,3,2,2,2,2,2,2,2,2,2,1,2,2,2,1,0,0,0,0,0,0,0,0,0,0,0,0,0,0,0,0,3,0,0,0,0,2,1,0,2,1,1,1,2,2
syn_aggregate_01642,20,2.0,3,3,3,3,2,2,2,1,0,0,0,0,0,1,0,0,0,0,0,4,4,4,4,4,4,4,4,3,4,4,4,4,4,4,4,4,3,4,4,4,4,4,4,4,4,4,3,4,4,1,2,1,1,1,1,1,1,1,1,3,4,4,3,4,4,4,4,4,4
syn_aggregate_01643,21,2.0,0,1,0,1,0,0,0,0,1,0,0,1,0,0,0,0,0,0,0,0,1,1,1,1,2,1,1,1,0,0,0,0,0,0,0,0,2,0,0,0,0,0,0,0,0,0,0,0,0,0,0,0,0,0,0,0,0,0,0,0,0,0,0,0,0,0,0,0,1
syn_aggregate_01644,39,2.0,1,2,1,2,1,0,1,0,0,1,1,1,0,1,1,1,1,1,0,2,2,1,2,2,2,2,2,3,2,1,4,3,2,3,2,3,2,2,0,3,3,3,3,2,2,2,2,2,1,1,1,1,0,0,0,1,0,0,1,2,4,3,2,3,2,3,3,2,2
syn_aggregate_01645,22,2.0,3,3,3,3,2,3,2,0,0,0,1,0,0,1,0,0,0,1,0,3,3,3,3,3,3,3,3,2,4,3,4,4,4,4,4,4,4,3,3,1,1,1,1,0,1,1,1,1,1,0,0,0,0,0,0,0,0,1,1,4,4,4,4,4,4,3,4,4,3
syn_aggregate_01646,31,1.0,1,1,1,1,1,0,1,0,0,0,1,0,0,0,0,0,0,0,0,2,2,2,2,2,2,2,1,1,2,0,0,0,1,0,0,0,1,0,0,3,3,2,3,2,3,2,2,2,2,0,0,0,0,0,0,0,0,0,1,0,2,2,1,2,1,1,2,1,1
syn_aggregate_01647,20,2.0,0,1,1,1,0,0,0,0,1,1,1,1,1,1,0,0,1,1,0,4,4,3,4,3,4,3,3,3,2,4,4,4,4,4,4,4,3,3,4,4,4,4,4,3,4,3,3,3,3,0,0,0,0,0,1,1,0,0,0,0,1,0,0,0,0,0,0,0,0
syn_aggregate_01648,19,2.0,3,3,3,3,2,3,3,0,0,0,0,0,0,0,0,0,0,1,0,0,0,0,0,0,1,0,0,0,1,1,2,2,1,1,2,2,1,0,1,3,3,3,3,3,3,3,3,3,2,0,0,0,0,0,0,0,0,0,2,4,4,4,3,4,4,3,4,4,3
syn_aggregate_01649,20,1.0,1,1,0,0,0,1,0,0,0,0,0,0,0,0,0,0,0,0,0,0,0,0,0,0,0,0,0,2,0,0,1,0,0,0,0,0,0,0,0,0,0,0,0,0,0,0,0,0,1,0,0,1,0,0,0,0,0,0,0,0,1,0,0,0,0,0,0,4,0
syn_aggregate_01650,19,2.0,1,1,0,1,0,0,0,0,0,0,0,0,0,0,0,0,0,0,1,2,2,1,2,1,1,2,0,1,1,0,0,1,0,0,0,0,0,0,0,0,0,0,0,0,0,0,0,0,0,0,0,0,0,0,0,0,0,0,0,0,0,0,0,0,0,0,0,0,0
syn_aggregate_01651,19,2.0,3,3,2,3,2,3,2,1,1,0,0,0,0,0,0,0,0,4,0,2,2,2,2,2,1,1,2,2,3,0,0,0,0,0,0,0,0,0,0,3,3,3,3,2,3,3,2,2,2,0,0,0,0,0,0,0,0,0,4,0,2,2,0,2,2,1,2,2,2
syn_aggregate_01652,22,2.0,1,2,1,0,0,0,0,0,0,0,1,0,0,0,0,0,0,0,0,1,1,1,0,0,1,0,1,0,0,1,2,2,1,2,1,2,2,1,1,1,1,1,2,1,1,1,1,2,0,1,1,0,1,0,1,0,1,0,1,0,0,0,0,0,0,0,0,0,0
syn_aggregate_01653,19,2.0,3,3,3,3,3,3,3,3,1,3,3,3,3,3,3,2,2,3,3,4,3,3,3,2,3,3,3,4,1,3,4,4,3,4,3,3,4,3,3,4,4,4,4,4,4,4,3,4,3,1,2,1,1,1,1,1,1,1,1,4,4,4,4,4,4,4,4,4,4
syn_aggregate_01654,21,2.0,1,1,1,1,1,0,0,0,0,0,0,0,0,0,0,0,3,0,0,4,4,3,4,3,4,4,3,3,2,3,4,4,3,3,3,3,3,2,2,2,2,2,2,1,1,1,1,2,2,2,2,1,1,2,2,2,1,1,2,2,4,4,2,4,3,3,3,2,2
syn_aggregate_01655,18,2.0,3,3,2,3,2,1,1,0,0,0,0,0,0,0,0,0,0,0,3,3,3,3,3,2,3,3,2,2,3,2,2,2,2,2,2,1,2,1,2,1,0,0,0,0,1,0,0,1,0,0,0,0,0,0,0,0,0,0,0,2,4,4,2,4,3,3,4,3,3
syn_aggregate_01656,19,2.0,3,3,3,3,3,3,3,2,2,1,1,1,1,1,2,1,1,0,0,4,4,3,4,4,4,4,3,3,3,4,4,4,4,4,4,3,4,3,4,4,4,4,4,4,4,4,4,3,3,1,2,1,1,1,2,1,1,1,1,3,4,4,3,4,3,3,4,3,1
syn_aggregate_01657,22,2.0,3,3,2,3,2,3,2,0,0,1,1,1,0,1,1,1,1,1,0,4,4,4,4,4,4,4,4,3,3,1,2,2,2,2,2,2,2,1,0,3,2,2,3,2,2,1,2,2,3,1,1,1,0,0,1,0,0,0,1,4,4,4,3,4,4,4,3,4,3
syn_aggregate_01658,23,2.0,3,3,3,3,2,3,1,1,0,1,1,2,1,2,0,0,1,0,0,4,4,4,4,4,4,4,3,3,4,3,3,3,3,3,3,3,3,3,3,4,3,3,4,3,2,2,2,2,1,1,0,1,0,1,0,1,0,0,1,1,3,3,2,3,2,2,2,2,1
syn_aggregate_01659,19,1.0,3,3,2,3,2,3,1,0,0,0,0,0,0,0,0,0,0,0,0,3,3,3,3,2,3,3,2,2,3,4,4,4,4,4,4,3,4,3,3,2,1,1,2,1,1,1,1,1,2,0,1,0,0,0,0,0,0,0,0,1,3,2,1,2,2,2,3,2,1
syn_aggregate_01660,21,1.0,3,3,2,3,2,2,2,0,0,0,1,0,0,0,0,0,0,0,0,1,1,1,1,1,1,1,1,0,0,0,0,0,0,0,0,0,0,0,4,0,1,0,0,0,0,0,0,1,0,1,1,0,1,1,1,1,1,1,2,0,3,2,1,2,1,1,2,2,0
syn_aggregate_01661,18,1.0,2,3,1,2,1,2,0,0,0,0,0,0,0,0,0,0,0,0,1,1,1,0,1,1,0,1,0,1,0,3,4,4,3,3,4,3,4,3,1,1,1,0,2,1,1,1,1,2,0,0,0,0,0,0,0,0,0,0,3,0,2,1,0,2,0,0,1,0,0
syn_aggregate_01662,21,2.0,3,3,2,3,2,3,2,1,0,0,0,0,0,0,0,1,0,0,0,2,2,2,2,2,2,2,2,2,3,4,4,4,4,4,4,4,4,4,4,3,3,2,3,2,2,2,2,2,2,0,0,0,0,0,0,1,0,0,2,4,4,4,4,4,4,4,3,3,4
syn_aggregate_01663,22,1.0,1,2,1,1,0,1,0,0,0,2,1,1,2,1,1,1,1,2,1,4,4,4,4,4,3,3,4,3,4,0,0,0,0,0,0,0,0,0,0,2,2,1,2,1,0,0,0,0,0,0,1,0,0,0,1,0,0,0,1,4,4,4,4,4,4,4,4,4,4
syn_aggregate_01664,19,2.0,2,3,1,2,1,1,0,0,0,2,3,2,2,3,2,2,2,3,1,3,3,2,3,2,3,3,2,2,2,2,3,3,2,2,2,3,2,2,1,4,4,4,4,4,3,3,3,4,4,2,3,2,2,2,2,2,2,2,3,1,3,2,1,2,2,1,2,2,2
syn_aggregate_01665,20,2.0,3,3,3,3,2,2,1,0,1,0,0,1,0,0,1,0,0,1,1,2,2,1,2,2,2,2,1,2,1,3,3,3,3,3,3,3,3,2,2,1,1,0,1,1,0,0,0,1,0,0,0,0,0,0,0,0,0,0,0,4,4,4,3,4,4,4,4,4,3
syn_aggregate_01666,43,1.0,3,3,2,3,2,2,2,1,1,1,1,1,0,1,1,1,2,1,1,4,4,4,3,3,4,3,3,3,1,2,3,3,2,2,2,2,3,2,2,1,1,1,1,0,1,0,0,0,0,0,0,0,1,0,0,1,0,0,0,2,4,4,2,4,3,3,4,3,4
syn_aggregate_01667,20,1.0,3,3,3,3,3,3,2,1,1,1,1,1,0,1,1,1,1,1,0,4,4,4,4,4,3,4,4,3,3,1,2,1,1,1,0,1,1,1,1,3,3,2,3,2,2,2,3,2,2,0,1,0,0,1,0,0,1,0,0,0,0,0,0,1,0,0,1,0,0
syn_aggregate_01668,20,2.0,2,2,1,2,1,0,1,0,0,0,0,0,0,0,0,0,0,0,0,0,0,0,0,0,0,0,0,0,0,0,1,0,0,0,0,0,0,0,0,1,1,0,1,0,0,0,0,0,0,0,0,0,0,0,0,0,0,0,0,0,0,0,0,0,0,0,0,0,0
syn_aggregate_01669,22,2.0,0,1,0,1,0,0,0,0,2,1,1,1,2,2,1,1,1,0,1,4,4,4,4,4,4,3,3,3,3,2,2,2,2,2,2,2,1,1,2,4,3,3,4,3,3,3,3,3,3,0,0,0,0,0,0,0,0,0,4,2,4,4,2,4,3,3,4,3,4
syn_aggregate_01670,20,2.0,2,1,1,1,1,0,1,0,0,0,1,0,0,0,0,0,0,0,0,4,4,4,4,4,4,4,4,4,4,3,3,4,3,3,4,4,2,2,1,3,3,3,3,3,3,3,3,3,2,2,2,1,1,1,1,1,0,0,1,1,4,4,2,4,3,3,3,3,3
syn_aggregate_01671,22,1.0,2,2,1,2,1,1,1,0,0,0,0,0,0,0,0,0,0,0,0,0,0,0,0,0,0,0,0,0,1,1,2,1,1,1,1,2,1,1,2,0,1,0,0,0,0,0,0,1,0,0,0,0,0,0,0,0,0,0,0,1,3,3,2,3,2,2,3,2,1
syn_aggregate_01672,19,2.0,2,3,2,2,1,1,1,0,0,0,0,0,0,0,0,0,0,0,3,4,4,4,4,4,4,3,3,4,4,4,4,4,3,4,4,3,4,3,3,4,4,4,4,4,4,4,4,4,4,2,2,2,1,2,2,2,2,1,2,4,4,4,4,4,4,4,4,4,2
syn_aggregate_01673,20,1.0,3,3,3,3,3,3,3,3,2,2,2,1,0,1,1,1,2,1,3,4,4,4,4,4,4,4,4,4,4,4,4,4,4,4,4,4,4,3,4,4,4,4,4,3,4,4,3,3,3,2,3,2,2,2,3,2,2,1,3,4,4,4,4,4,4,4,4,3,2
syn_aggregate_01674,21,2.0,1,0,0,0,0,0,0,0,0,1,1,1,0,1,0,0,1,1,0,2,2,1,2,1,2,1,1,1,2,4,4,4,4,4,4,4,4,3,4,4,4,4,4,4,4,4,4,4,2,1,2,1,0,1,1,1,1,1,1,1,3,3,2,3,2,2,3,2,1
syn_aggregate_01675,19,2.0,3,3,3,3,2,3,3,2,2,0,0,0,0,0,0,0,0,0,0,0,0,0,0,0,1,0,0,0,0,2,3,3,3,2,3,2,3,2,3,4,4,4,4,3,4,4,4,4,3,0,0,0,0,0,1,0,0,0,3,3,4,3,2,3,3,3,3,2,1
syn_aggregate_01676,18,2.0,0,0,1,1,0,0,0,0,0,0,0,0,0,0,0,0,0,2,0,3,3,2,3,2,2,2,2,2,1,2,3,2,2,3,2,3,1,3,3,3,3,3,4,2,3,2,2,3,3,0,1,0,0,0,0,0,0,0,0,0,1,1,0,1,1,0,1,0,1
syn_aggregate_01677,21,2.0,0,0,0,0,0,0,0,0,0,0,0,0,0,0,0,0,0,0,0,0,0,0,0,1,0,0,0,0,0,0,0,0,0,0,0,0,0,2,0,0,0,0,1,0,0,0,0,0,0,0,0,0,0,0,0,0,0,0,0,0,0,0,0,0,0,0,0,0,0
syn_aggregate_01678,43,2.0,2,2,1,1,0,1,0,0,0,1,2,1,1,2,1,1,1,1,1,0,0,0,4,0,0,0,0,0,0,0,0,0,0,0,0,0,0,0,4,4,3,3,4,3,3,3,3,3,3,0,0,1,0,0,0,0,0,0,0,0,0,0,0,1,0,0,1,0,0
syn_aggregate_01679,18,2.0,1,2,1,1,0,0,0,0,0,0,0,0,0,0,0,0,0,1,0,2,2,2,1,1,2,2,1,1,3,2,3,2,2,2,2,2,2,2,1,2,2,1,1,1,1,1,1,1,1,1,1,1,1,1,0,1,1,0,1,0,4,4,2,4,3,3,3,3,2
syn_aggregate_01680,19,2.0,3,3,3,3,2,2,2,1,0,0,0,0,0,0,2,0,0,0,0,1,1,1,1,1,1,0,0,0,0,2,3,3,2,2,2,2,2,2,2,2,2,1,2,2,2,2,1,1,2,0,0,0,0,0,0,0,0,0,1,4,4,4,4,4,3,4,4,3,2
syn_aggregate_01681,18,2.0,1,1,1,1,0,0,0,0,0,0,0,1,0,0,0,0,0,0,0,2,2,2,2,1,2,2,1,2,2,4,4,4,4,4,4,4,4,4,3,2,2,2,2,1,1,1,1,1,1,1,1,1,1,1,1,1,1,0,0,0,0,0,0,0,0,0,0,0,4
syn_aggregate_01682,37,2.0,2,3,2,2,1,1,1,0,0,1,2,2,0,1,1,0,1,1,1,4,4,4,4,4,4,4,4,4,4,3,3,3,3,2,3,2,3,2,2,4,4,4,4,3,4,4,3,4,3,0,0,1,0,0,1,0,0,0,0,4,4,4,4,4,4,4,4,3,3
syn_aggregate_01683,22,1.0,3,3,3,3,2,2,2,1,1,0,0,0,0,0,0,0,0,0,4,4,4,3,4,3,4,3,4,3,3,3,3,3,3,3,4,3,3,3,2,4,4,4,4,3,3,3,3,3,2,0,1,1,0,1,1,1,0,1,1,3,4,4,3,4,4,3,4,3,3
syn_aggregate_01684,32,1.0,2,3,2,2,1,0,0,0,0,0,1,0,0,0,0,0,0,0,0,2,2,1,2,1,2,2,1,1,2,3,3,3,3,3,3,2,3,2,1,0,0,0,1,0,0,0,0,0,0,0,0,0,0,0,0,0,0,0,0,0,0,0,0,0,0,0,0,0,0
syn_aggregate_01685,19,2.0,3,3,2,3,2,3,2,2,1,0,0,0,0,0,0,0,0,0,3,1,1,1,1,1,1,1,1,1,1,0,2,1,1,1,1,1,1,1,0,2,2,1,2,1,2,1,1,2,3,1,1,0,0,0,0,0,0,0,1,2,4,4,2,4,3,3,3,3,2
syn_aggregate_01686,22,2.0,2,2,1,1,1,1,0,0,0,0,0,1,0,1,0,0,0,0,0,2,3,2,2,2,3,2,2,1,1,3,3,4,3,3,3,3,2,3,3,2,1,1,2,1,0,0,0,0,0,0,0,0,0,0,0,0,0,0,3,0,2,2,0,2,1,1,2,2,0
syn_aggregate_01687,19,2.0,3,3,2,3,1,2,1,1,0,1,1,1,0,1,1,0,1,1,1,0,0,0,0,0,0,1,0,1,0,0,0,0,0,0,0,0,0,3,0,3,3,3,3,2,2,2,2,2,3,0,0,0,0,0,1,1,0,0,0,3,4,4,3,4,4,4,4,3,3
syn_aggregate_01688,21,2.0,3,3,2,3,2,2,1,0,1,0,0,0,0,1,0,1,0,0,0,2,2,1,2,1,2,1,1,1,1,2,2,2,2,2,2,2,2,1,1,2,2,2,2,1,1,1,2,2,2,0,3,0,0,0,0,0,0,0,0,3,4,4,3,4,3,4,4,4,4
syn_aggregate_01689,20,2.0,2,3,2,2,0,2,0,0,0,0,0,0,0,0,0,0,0,0,3,2,2,1,2,1,2,1,1,1,2,3,4,3,3,3,3,3,3,3,3,4,4,4,4,3,4,4,3,3,3,0,0,0,0,0,0,0,0,0,4,1,3,2,1,2,2,1,2,1,2
syn_aggregate_01690,20,2.0,2,2,1,1,1,1,0,0,0,0,1,0,0,0,0,0,0,0,0,0,0,0,0,0,0,0,0,0,3,0,0,0,0,0,0,0,0,0,1,2,2,2,2,1,2,2,2,1,1,0,0,0,2,0,0,0,0,0,0,0,2,2,0,1,1,1,0,1,0
syn_aggregate_01691,27,2.0,1,1,1,1,0,0,0,0,0,0,0,0,0,0,0,0,0,0,1,0,0,0,0,0,1,0,0,0,0,0,1,0,0,0,0,0,0,0,1,3,3,2,3,2,3,2,2,3,2,0,0,0,0,0,0,0,0,0,4,0,2,2,1,1,1,1,1,1,0
syn_aggregate_01692,40,2.0,3,3,3,3,3,3,3,3,3,1,2,1,1,1,2,1,1,2,1,4,4,4,4,4,4,4,4,3,4,4,4,4,4,4,4,4,4,4,0,4,4,4,4,4,4,3,4,3,4,1,2,1,1,1,2,1,1,1,1,4,4,4,4,4,4,4,4,4,4
syn_aggregate_01693,19,2.0,2,3,2,3,1,2,1,0,0,1,1,1,0,0,1,0,1,1,0,4,4,4,4,4,3,4,3,4,3,3,4,4,3,4,4,3,4,4,4,1,1,0,1,0,0,0,0,0,0,0,0,0,0,0,0,0,0,0,2,4,4,4,3,4,3,4,4,3,3
syn_aggregate_01694,21,2.0,3,3,3,3,3,3,3,3,3,1,2,1,0,1,1,0,1,0,3,4,4,4,4,4,4,4,4,4,3,4,4,4,4,4,4,4,4,4,4,4,4,4,4,3,4,4,4,4,3,2,2,2,2,1,2,2,1,1,2,2,4,4,3,4,4,4,4,4,4
syn_aggregate_01695,21,1.0,3,3,3,3,2,3,3,2,0,0,1,0,0,0,0,0,1,0,0,3,3,3,3,2,3,3,3,2,3,3,4,4,3,3,4,3,4,3,1,2,2,3,2,2,2,2,2,2,2,0,0,0,0,0,0,0,0,0,1,4,4,4,4,4,4,4,4,4,4
syn_aggregate_01696,21,1.0,3,3,3,3,2,3,2,1,0,0,0,0,0,0,0,0,0,0,2,0,0,0,0,0,1,0,0,0,0,3,3,4,3,4,4,3,3,3,4,1,1,1,1,1,1,1,1,1,1,0,0,0,0,0,0,0,0,0,0,0,3,2,1,2,2,1,2,2,2
syn_aggregate_01697,22,2.0,2,2,2,2,1,2,1,0,1,1,1,1,0,1,0,1,0,1,0,2,1,1,1,1,1,1,1,0,0,1,2,2,1,2,1,1,2,1,1,0,0,0,0,0,0,0,0,0,0,1,2,1,1,1,2,1,1,1,2,0,0,0,0,1,0,0,1,0,0
syn_aggregate_01698,42,1.0,1,1,0,1,0,0,0,0,0,0,0,1,0,0,0,0,0,0,0,4,4,4,4,4,4,4,4,4,3,2,4,3,3,3,3,3,3,2,2,3,2,2,3,1,2,2,2,2,2,0,0,0,0,0,0,0,0,0,1,1,4,4,2,4,2,3,3,3,1
syn_aggregate_01699,19,2.0,3,3,3,3,2,3,1,1,0,1,1,1,0,1,1,0,1,1,0,0,0,0,0,0,0,1,0,0,0,0,1,1,0,1,0,1,1,0,0,2,2,3,3,2,2,2,2,2,2,0,0,0,0,0,0,0,0,0,0,0,0,0,0,3,0,0,0,0,0
syn_aggregate_01700,22,2.0,3,3,2,3,2,2,1,0,0,1,2,1,1,1,1,0,0,1,0,3,3,3,3,3,3,2,2,2,3,4,4,4,4,4,3,3,4,3,4,3,3,3,3,2,3,3,3,3,2,0,0,0,0,0,0,0,0,0,2,2,4,3,3,4,3,3,3,3,1
syn_aggregate_01701,20,2.0,2,2,0,1,0,1,0,0,0,0,0,0,0,0,0,0,0,0,0,2,2,1,2,1,2,1,1,2,1,0,0,0,0,0,0,0,0,2,0,0,0,0,0,0,0,1,0,0,0,0,0,0,0,0,0,0,0,0,2,0,0,0,0,0,0,0,0,0,0
syn_aggregate_01702,22,2.0,1,1,1,1,0,1,0,0,0,2,2,2,1,2,2,1,1,1,2,4,4,4,4,4,4,4,4,4,4,4,4,4,4,4,4,4,4,3,4,4,4,4,4,4,4,4,4,4,4,3,3,2,3,2,2,2,3,2,2,3,4,4,3,4,4,4,4,3,4
syn_aggregate_01703,19,2.0,3,3,3,3,3,3,3,3,3,1,2,1,1,2,1,1,1,1,1,4,4,4,4,4,4,3,4,3,4,4,4,4,4,4,4,4,4,4,3,4,4,4,4,4,4,3,4,4,4,0,1,0,0,0,0,0,0,0,1,4,4,4,3,4,3,4,4,4,4
syn_aggregate_01704,20,1.0,2,2,2,2,2,2,0,0,0,0,0,0,0,0,0,0,0,4,0,0,0,0,0,0,4,0,0,0,0,4,4,4,4,4,4,4,4,3,3,3,3,3,3,2,3,3,2,3,3,1,1,1,1,1,1,1,1,1,1,0,1,0,0,0,0,0,0,0,0
syn_aggregate_01705,19,2.0,1,2,1,1,0,1,1,0,0,0,0,0,0,0,0,0,0,0,0,1,1,0,1,0,1,1,0,0,1,0,1,1,0,1,0,1,1,1,1,2,2,2,2,1,2,1,1,2,2,0,0,0,0,0,0,0,0,0,0,0,2,1,0,2,1,0,1,1,0
syn_aggregate_01706,21,1.0,0,0,0,0,0,0,0,0,0,0,0,0,0,0,0,0,0,0,0,0,0,0,0,0,0,0,0,0,0,0,0,0,0,0,0,0,0,0,0,0,0,0,0,0,0,0,0,0,0,0,0,0,0,0,0,0,0,0,0,0,0,0,0,0,0,0,0,0,0
syn_aggregate_01707,18,1.0,3,3,2,3,2,3,2,1,0,1,2,1,0,1,1,1,0,0,0,4,4,4,4,4,4,4,4,4,4,4,4,4,4,4,3,3,4,3,3,4,3,3,4,3,3,2,3,2,3,1,1,2,1,1,1,2,1,1,1,3,4,4,3,4,4,4,4,4,4
syn_aggregate_01708,20,1.0,3,3,3,3,3,3,3,3,1,2,2,3,1,2,2,3,2,2,2,3,4,4,4,3,4,3,3,4,3,3,3,3,3,2,3,3,2,3,2,3,3,3,3,2,2,2,2,2,2,0,0,0,0,0,2,0,0,0,0,4,4,4,4,4,4,4,4,3,4
syn_aggregate_01709,22,2.0,1,1,0,1,0,0,1,0,0,0,0,0,0,0,0,0,0,0,1,1,1,1,1,1,1,1,1,1,1,0,1,0,0,0,0,0,1,0,0,1,1,0,1,0,0,0,0,0,0,0,0,0,0,0,0,0,0,0,2,0,2,0,0,2,0,0,0,0,0
syn_aggregate_01710,20,2.0,3,3,2,2,1,1,0,0,0,0,0,0,0,0,0,0,0,0,4,0,0,0,0,0,0,0,0,2,0,0,0,0,0,0,0,0,0,0,0,0,0,0,0,0,0,0,0,0,4,0,0,0,0,0,0,0,0,0,0,1,3,2,1,3,1,1,2,2,1
syn_aggregate_01711,22,2.0,2,2,1,1,1,0,0,0,0,0,0,0,0,0,0,0,0,0,0,0,0,0,0,0,0,1,0,0,2,0,0,0,0,0,0,0,0,0,2,0,0,0,0,0,0,0,0,0,0,0,0,0,0,0,0,0,0,0,0,1,2,2,1,2,2,2,2,2,2
syn_aggregate_01712,20,2.0,1,2,0,1,0,1,0,0,0,0,0,0,0,0,0,0,0,0,0,2,2,1,2,1,2,1,1,1,2,0,2,2,1,1,0,0,1,0,0,1,0,0,1,0,0,0,0,0,0,0,0,0,0,0,0,0,0,0,0,0,0,1,0,0,0,0,0,0,0
syn_aggregate_01713,22,2.0,0,1,1,1,1,0,0,0,0,0,0,0,0,0,0,0,0,1,0,0,0,0,0,0,0,0,0,0,0,1,2,1,1,2,1,1,2,1,1,2,1,1,1,1,1,0,0,0,0,0,0,0,0,0,0,0,0,0,2,2,3,3,1,3,2,2,3,2,1
syn_aggregate_01714,20,2.0,2,2,1,2,0,1,0,0,0,0,0,0,0,0,0,0,0,4,0,4,3,4,3,3,3,3,2,3,3,4,4,4,4,3,4,3,4,3,3,3,2,2,2,2,1,2,1,1,0,1,1,1,0,1,1,1,0,1,1,2,4,4,2,3,3,2,3,3,2
syn_aggregate_01715,20,2.0,3,3,3,3,3,3,3,2,2,1,1,1,0,1,1,0,1,1,0,2,2,2,2,2,1,1,1,1,2,4,4,4,4,4,4,4,3,4,3,4,4,4,4,4,4,3,3,3,4,1,1,1,0,0,1,1,0,0,0,3,4,4,3,4,3,2,3,3,3
syn_aggregate_01716,20,2.0,3,3,3,3,3,3,3,3,0,0,0,0,0,0,1,0,0,0,0,1,2,1,1,1,2,1,2,1,2,3,3,3,3,3,2,2,3,2,2,3,3,3,3,3,2,2,2,2,2,0,0,0,0,0,0,0,0,0,2,3,4,4,3,4,4,4,4,4,4
syn_aggregate_01717,19,1.0,3,3,3,3,2,2,2,1,1,2,3,3,2,2,2,2,3,2,2,4,4,4,4,4,4,4,4,4,4,4,4,4,4,4,4,4,4,3,4,4,4,4,4,4,4,4,4,4,4,1,2,1,1,1,2,1,0,1,1,4,4,4,4,4,4,4,4,3,4
syn_aggregate_01718,19,2.0,3,3,2,3,2,2,1,0,0,0,0,1,0,0,0,0,0,0,0,0,0,0,0,0,0,0,0,0,4,0,0,0,0,0,0,0,0,0,0,1,1,0,0,0,0,0,0,0,0,0,0,0,0,0,0,1,0,0,0,0,1,0,0,0,0,0,0,0,0
syn_aggregate_01719,19,1.0,3,3,2,2,1,2,2,0,0,0,0,0,0,0,0,1,0,0,0,0,0,0,0,0,0,0,0,0,0,2,2,2,2,2,1,2,1,2,2,0,0,0,0,0,0,0,0,1,0,0,0,0,0,0,0,0,0,0,0,1,2,1,0,2,0,2,1,2,0
syn_aggregate_01720,20,1.0,3,2,2,2,0,0,2,0,0,0,0,0,0,0,0,0,0,1,0,0,0,0,0,0,0,0,0,0,0,0,0,0,0,0,0,0,0,0,2,4,4,4,4,3,3,3,3,4,3,0,0,0,0,0,0,0,0,0,0,0,2,2,0,2,1,1,1,1,0
syn_aggregate_01721,18,2.0,3,3,3,3,3,3,3,3,3,1,1,1,0,1,1,0,1,1,0,4,4,4,4,4,4,4,3,3,3,4,4,4,4,4,4,4,4,4,4,4,4,4,4,4,4,4,3,3,4,2,2,2,1,2,2,2,1,2,2,2,4,4,2,4,4,3,4,3,3
syn_aggregate_01722,20,2.0,1,1,1,2,0,1,1,1,0,0,0,0,0,0,0,0,0,0,0,2,2,1,2,1,2,1,1,1,0,3,3,3,3,3,3,3,3,3,3,2,1,1,2,1,1,1,2,2,2,0,0,0,0,0,0,0,0,0,4,1,3,3,2,3,2,2,2,2,2
syn_aggregate_01723,19,2.0,3,3,2,2,2,2,1,0,1,0,1,0,0,0,0,0,0,0,0,1,2,1,1,1,2,1,1,1,1,1,1,1,1,1,1,1,1,0,0,4,3,4,4,3,3,3,3,3,2,0,0,0,0,0,2,0,0,0,0,1,3,2,1,2,2,2,2,2,1
syn_aggregate_01724,18,2.0,0,2,0,0,0,2,0,0,0,0,0,0,0,0,0,0,0,0,0,0,0,0,0,0,1,0,0,0,0,0,0,0,0,0,0,0,0,0,0,0,0,0,0,0,0,0,0,0,0,0,0,0,0,0,0,0,0,0,0,0,0,0,0,0,0,1,1,0,0
syn_aggregate_01725,44,2.0,3,3,2,3,2,1,0,0,0,0,0,0,0,0,0,0,0,0,4,3,3,3,4,3,4,3,3,2,3,3,3,3,3,3,2,2,2,2,2,4,4,4,4,3,3,3,3,4,2,0,0,0,0,0,0,0,0,0,1,3,4,4,3,4,4,3,4,4,3
syn_aggregate_01726,46,2.0,2,2,1,2,1,1,0,1,0,0,0,1,0,0,0,0,0,0,0,1,1,0,1,0,1,1,0,1,0,2,3,3,2,3,3,3,3,2,2,2,2,1,2,1,1,0,1,0,0,0,0,0,0,0,0,0,0,0,2,3,3,3,3,3,3,3,3,3,3
syn_aggregate_01727,28,2.0,2,2,1,1,1,1,0,0,0,0,0,0,0,0,0,2,0,0,0,0,0,0,0,0,0,0,0,3,0,3,3,3,2,3,2,2,2,3,2,3,4,4,3,3,2,3,2,3,3,0,0,0,0,0,0,0,0,2,0,0,2,2,1,2,1,1,2,1,1
syn_aggregate_01728,19,1.0,1,1,1,1,1,1,0,0,0,0,0,0,0,0,0,0,0,0,3,3,3,3,2,3,4,3,2,2,3,0,1,1,0,0,0,0,0,0,0,0,0,0,0,0,2,0,0,0,0,0,0,0,0,0,1,0,0,0,0,1,3,2,1,2,1,2,2,2,0
syn_aggregate_01729,18,1.0,1,1,1,1,1,1,0,0,0,0,0,0,0,0,0,0,0,0,4,3,3,2,3,2,2,3,2,1,2,0,0,0,0,0,0,0,0,0,4,3,3,2,3,2,2,2,2,2,3,0,0,0,0,0,0,0,0,0,4,3,4,3,2,3,3,2,3,2,2
syn_aggregate_01730,45,1.0,0,2,0,0,0,0,0,0,0,0,0,0,0,0,0,0,0,1,0,0,0,0,0,0,0,0,0,0,4,0,1,1,0,1,0,0,0,1,0,2,1,1,2,1,1,1,1,1,1,0,0,0,0,0,0,0,0,0,4,2,4,4,2,4,3,2,3,3,1
syn_aggregate_01731,21,2.0,3,3,3,3,2,2,2,1,0,0,0,1,0,0,0,0,0,0,0,2,3,2,2,2,3,2,1,2,2,4,4,4,4,4,4,4,4,4,4,3,4,4,4,3,3,3,3,2,3,0,0,0,0,0,0,0,0,0,3,3,4,4,4,4,4,3,4,4,4
syn_aggregate_01732,25,2.0,3,3,2,3,1,2,1,0,0,0,0,0,0,0,0,0,0,0,0,3,3,3,3,2,3,3,2,2,2,0,0,0,0,0,0,0,0,0,2,0,0,0,0,0,0,0,0,1,0,0,0,0,0,0,0,0,0,2,0,1,3,2,1,2,1,1,2,1,2
syn_aggregate_01733,23,2.0,3,3,2,2,1,2,1,0,1,0,1,0,0,0,0,0,0,0,0,0,0,0,0,0,0,0,0,1,0,0,1,0,0,1,0,0,0,1,0,1,1,0,1,0,0,0,0,0,0,0,0,0,0,0,0,0,0,0,0,0,1,1,0,1,0,0,1,1,0
syn_aggregate_01734,23,2.0,3,3,3,3,2,3,2,0,0,0,1,0,0,1,0,0,0,1,0,1,1,0,1,1,1,1,4,1,0,2,3,2,2,2,2,2,2,1,2,2,1,1,2,1,0,0,0,0,0,0,0,0,0,0,0,0,0,0,2,1,3,3,1,3,2,2,3,2,3
syn_aggregate_01735,22,2.0,2,3,2,2,1,2,1,0,0,0,0,0,0,0,0,0,0,0,4,0,1,0,0,0,0,0,0,0,0,0,1,0,0,0,0,0,0,0,0,1,1,1,1,1,0,0,0,0,0,0,0,0,4,0,0,0,0,0,0,3,4,4,2,3,3,3,3,3,2
syn_aggregate_01736,20,2.0,1,1,1,1,1,1,0,0,0,0,0,0,0,0,0,0,0,0,1,0,0,0,0,0,0,0,0,0,0,0,0,0,1,0,0,0,0,0,0,2,2,1,2,1,2,1,1,2,1,0,1,1,0,1,0,0,1,0,2,0,3,3,0,3,1,2,2,2,0
syn_aggregate_01737,20,2.0,3,3,3,2,2,2,1,0,1,0,0,0,0,0,1,0,0,0,2,3,4,3,4,3,3,3,3,3,3,3,3,3,3,3,3,2,2,2,0,4,4,4,4,3,3,3,3,2,1,0,0,0,0,1,0,1,0,0,0,4,4,4,3,4,4,4,3,4,3
syn_aggregate_01738,20,1.0,1,0,0,0,0,0,0,0,0,0,0,0,0,0,0,0,0,0,0,0,0,0,0,0,0,1,0,0,1,0,0,0,0,0,0,0,0,0,1,1,0,0,0,0,0,0,0,0,0,0,0,0,0,0,0,0,0,0,0,0,0,0,0,0,0,0,0,0,0
syn_aggregate_01739,18,2.0,1,2,1,1,0,2,0,0,0,0,0,0,0,0,0,0,0,0,1,0,1,0,0,0,0,0,0,0,0,0,1,1,0,0,0,0,1,0,0,2,2,2,2,2,1,1,1,1,1,0,0,0,0,0,1,0,1,0,0,0,0,0,0,0,0,0,0,0,3
syn_aggregate_01740,21,2.0,1,2,1,1,0,1,0,0,0,0,1,0,0,0,0,0,0,0,0,2,2,2,2,2,2,2,2,2,2,0,1,1,0,0,1,1,0,0,0,3,3,3,3,2,3,2,2,3,2,0,0,0,0,0,0,0,0,1,0,0,0,0,0,0,0,0,0,0,0
syn_aggregate_01741,20,2.0,3,3,3,3,3,3,3,3,1,1,2,1,1,1,1,1,1,1,2,4,4,3,4,3,4,3,3,3,2,3,4,4,4,4,4,4,4,3,2,4,4,4,4,4,4,4,4,4,4,1,1,1,1,0,1,1,0,0,0,3,4,4,3,4,3,3,3,2,1
syn_aggregate_01742,21,2.0,3,3,2,3,2,2,1,0,1,1,1,1,0,1,1,0,1,1,0,2,2,2,3,2,2,2,1,2,3,3,4,4,4,3,4,3,4,3,3,4,4,4,4,4,4,4,4,4,4,2,2,1,1,1,2,1,1,1,2,4,4,4,4,4,4,4,4,4,4
syn_aggregate_01743,20,2.0,3,3,3,3,3,3,3,3,2,1,1,1,1,1,0,0,1,1,0,4,4,4,4,4,4,3,3,3,3,4,4,4,4,4,4,4,4,4,3,3,3,2,3,2,2,2,2,2,1,0,1,0,0,0,0,0,0,0,0,2,3,2,2,3,2,2,3,1,1
syn_aggregate_01744,34,2.0,3,3,3,3,3,3,3,3,3,1,1,1,0,1,1,1,2,1,1,4,4,4,4,4,4,4,3,3,4,4,4,3,3,3,4,4,3,4,3,4,4,4,4,3,4,4,4,3,3,1,2,1,1,1,2,1,1,2,2,1,3,3,1,2,2,2,2,2,0
syn_aggregate_01745,19,2.0,3,3,3,3,2,3,2,0,0,0,0,0,0,0,0,0,0,0,3,0,0,0,1,0,0,0,0,0,0,3,4,4,3,3,3,3,3,2,3,3,3,3,3,3,3,4,3,3,3,1,2,1,1,1,1,1,2,1,1,3,4,4,3,4,3,3,3,3,3
syn_aggregate_01746,22,2.0,1,1,1,1,1,0,0,0,0,1,0,0,0,0,0,0,0,0,0,1,1,0,1,1,0,1,0,0,1,2,3,2,2,2,2,2,3,1,2,0,0,0,0,0,0,0,0,0,1,0,0,0,0,0,0,0,4,0,0,0,1,1,0,1,0,0,1,1,0
syn_aggregate_01747,21,2.0,1,1,1,1,0,0,0,0,0,0,0,0,0,0,0,0,0,0,0,0,0,0,0,0,0,4,0,0,0,1,1,1,1,1,0,0,0,0,0,1,0,0,2,0,0,0,0,0,0,0,0,0,0,0,0,0,0,0,0,0,1,0,0,0,0,0,0,0,0
syn_aggregate_01748,19,1.0,2,3,2,3,1,1,1,1,0,0,0,0,0,0,0,0,0,4,0,2,2,1,1,1,1,1,1,1,1,0,0,0,0,0,3,0,0,0,0,1,1,1,1,1,1,1,1,2,1,0,0,0,0,0,0,0,0,0,2,1,3,3,2,3,2,2,4,3,2
syn_aggregate_01749,42,2.0,3,3,2,2,1,2,2,0,0,0,0,0,0,0,1,0,0,0,0,3,3,2,3,2,3,3,2,3,2,2,3,2,2,2,2,2,2,2,2,2,2,2,2,1,2,1,1,2,2,1,1,1,1,2,2,1,1,2,1,2,3,3,2,3,3,2,3,3,2
syn_aggregate_01750,19,2.0,3,3,3,3,3,3,3,3,3,0,0,0,0,1,0,0,0,0,0,3,4,3,3,2,4,3,2,2,1,3,4,4,4,4,3,3,3,3,3,4,4,3,4,3,3,3,2,3,4,0,0,0,0,0,0,0,0,0,0,1,3,3,1,3,2,2,2,2,1
syn_aggregate_01751,19,2.0,3,3,2,3,1,2,2,1,1,0,1,0,0,1,0,1,0,0,0,0,0,0,0,0,1,0,0,0,0,4,4,4,4,4,3,3,3,3,4,3,3,2,3,2,2,2,2,2,3,1,2,1,1,1,1,1,2,1,2,4,4,4,4,4,4,4,4,3,3
syn_aggregate_01752,21,2.0,1,1,1,1,0,0,0,0,0,0,0,0,0,0,0,0,0,0,0,1,1,1,1,1,1,1,1,1,1,2,3,2,2,2,2,2,3,2,1,0,0,0,0,1,0,0,0,1,0,0,0,0,0,0,0,0,0,0,1,0,1,0,0,0,0,0,0,0,0
syn_aggregate_01753,19,1.0,2,2,2,2,1,1,1,0,0,0,0,0,0,0,0,0,1,0,0,2,2,2,2,2,1,2,2,2,1,0,2,2,1,2,0,1,1,1,1,3,3,3,4,3,3,2,2,3,2,0,1,0,0,0,0,0,0,0,0,0,1,1,0,1,0,0,1,1,0
syn_aggregate_01754,21,2.0,3,3,3,3,3,3,3,2,3,1,2,2,0,1,1,1,1,1,1,4,4,4,4,4,3,3,3,3,3,2,3,3,2,3,3,2,3,2,2,4,4,4,4,4,3,4,4,3,3,0,0,0,0,1,0,0,0,0,0,0,3,2,1,3,2,2,3,2,1
syn_aggregate_01755,22,1.0,3,3,2,2,1,2,2,1,1,1,2,1,0,1,1,0,0,0,0,3,3,3,3,2,2,2,2,2,2,3,4,4,3,4,3,4,4,3,2,3,3,3,4,2,3,2,2,2,2,0,1,0,0,0,0,0,0,1,0,4,4,4,3,4,3,4,4,3,2
syn_aggregate_01756,25,1.0,3,3,3,3,3,3,3,3,2,2,2,2,1,1,1,1,1,1,1,4,4,4,4,4,4,4,4,3,4,2,3,3,3,2,2,3,2,2,1,4,4,4,4,4,4,4,3,4,3,1,1,1,1,1,2,1,1,1,0,0,2,1,0,2,1,0,1,1,1
syn_aggregate_01757,18,1.0,3,3,1,2,1,2,1,0,0,2,3,2,2,2,2,2,3,2,1,2,2,2,2,1,2,2,1,1,2,2,3,2,2,3,2,2,1,2,2,3,3,3,3,3,3,3,3,3,2,0,0,4,0,0,0,0,0,0,0,0,2,2,0,2,1,1,2,0,0
syn_aggregate_01758,21,1.0,1,2,1,1,0,1,0,0,3,1,2,2,1,2,1,1,2,1,1,3,3,2,3,2,3,2,2,2,3,4,4,4,4,4,3,4,3,3,2,4,4,4,4,4,4,4,3,3,3,1,1,1,1,0,1,1,1,0,0,4,4,4,4,4,4,4,4,4,3
syn_aggregate_01759,20,1.0,1,1,1,0,0,0,0,0,0,0,0,0,0,0,0,0,0,0,0,0,1,0,0,0,0,0,0,0,0,0,0,0,0,0,0,0,0,0,0,0,0,0,0,0,0,0,0,2,0,0,0,0,0,0,0,0,0,0,0,0,0,0,0,0,0,0,0,0,0
syn_aggregate_01760,50,2.0,3,3,3,3,2,2,2,0,0,0,0,0,0,0,0,0,0,0,1,1,1,1,1,1,1,1,0,0,1,1,2,1,0,1,1,1,1,1,0,2,3,3,2,2,2,1,2,3,2,0,0,0,0,0,0,0,0,1,0,1,3,3,1,3,2,2,2,2,1
syn_aggregate_01761,39,1.0,3,3,2,2,2,1,0,1,1,0,0,0,0,0,0,0,0,0,2,3,3,2,3,2,2,2,2,3,2,1,2,2,1,1,1,1,1,1,2,3,3,3,3,2,3,3,3,2,3,0,0,0,0,0,0,0,0,0,2,0,1,0,0,1,0,0,0,0,0
syn_aggregate_01762,34,1.0,3,3,2,3,2,3,2,1,0,2,2,2,2,2,1,1,1,2,0,1,1,0,1,0,1,0,0,1,1,1,2,2,1,2,1,1,2,1,2,2,2,2,3,2,2,2,2,2,2,1,1,1,1,1,1,0,0,0,0,3,4,4,3,4,3,3,4,4,3
syn_aggregate_01763,28,1.0,1,2,1,2,0,0,0,0,0,0,0,0,0,0,0,0,0,0,2,4,4,4,4,3,4,4,3,4,3,2,3,3,2,2,1,2,2,1,1,0,0,0,1,0,0,0,0,0,1,1,1,1,0,1,1,1,1,1,1,2,4,4,2,4,3,2,3,2,2
syn_aggregate_01764,18,2.0,2,2,1,2,1,0,1,0,0,0,0,0,0,0,0,0,0,0,0,0,0,1,0,0,0,0,0,0,3,0,1,0,0,0,0,0,0,0,0,0,0,0,1,0,0,0,0,0,0,0,0,0,0,0,0,0,0,0,0,3,4,4,2,4,3,3,3,2,3
syn_aggregate_01765,32,2.0,0,0,1,1,0,0,0,0,0,0,0,1,0,0,0,0,0,0,0,4,4,4,4,3,4,4,3,3,3,1,2,2,2,1,2,2,1,1,1,4,4,4,4,4,3,3,3,4,4,0,0,0,1,0,0,0,0,0,0,0,2,2,0,2,1,0,1,1,0
syn_aggregate_01766,25,1.0,1,0,0,0,0,0,0,0,0,0,0,0,0,0,0,0,0,3,0,3,3,2,3,2,3,2,3,2,2,1,2,1,1,1,1,1,1,1,1,2,2,2,2,1,2,1,1,2,1,0,0,0,0,0,0,0,0,0,4,1,3,2,1,2,2,1,2,1,4
syn_aggregate_01767,39,2.0,2,3,2,2,1,1,0,0,0,0,1,1,0,1,0,0,1,1,0,2,3,2,3,2,2,2,1,2,1,4,4,4,4,4,4,4,4,4,3,4,4,4,4,3,4,3,4,3,3,0,0,0,0,0,2,0,0,0,0,0,2,2,0,2,1,1,1,1,0
syn_aggregate_01768,21,2.0,3,3,3,3,3,3,3,3,1,0,0,0,0,0,0,0,2,0,0,3,3,3,3,2,3,3,2,2,2,0,0,0,0,0,0,0,0,0,2,2,1,1,1,1,1,0,0,0,0,0,0,0,0,0,0,0,1,0,0,0,2,2,1,2,1,1,1,0,0
syn_aggregate_01769,21,1.0,3,3,3,3,2,3,2,1,0,0,2,1,0,1,1,0,1,1,1,4,4,4,4,3,4,4,3,3,2,3,4,4,4,4,3,4,4,3,2,2,2,2,2,1,2,1,1,2,1,1,1,0,0,0,0,1,0,0,1,2,3,3,2,3,3,3,3,3,2
syn_aggregate_01770,19,2.0,3,3,2,3,2,2,1,0,1,0,0,0,0,0,0,0,0,0,4,1,1,0,1,0,1,1,0,1,0,3,4,3,4,3,2,3,2,2,2,2,1,1,2,0,1,0,0,0,0,1,1,1,1,1,0,0,0,0,0,1,3,2,1,3,2,2,2,1,2
syn_aggregate_01771,19,2.0,3,3,3,3,3,3,2,1,0,0,1,0,0,0,0,0,0,0,0,3,3,3,3,2,3,3,2,3,3,1,2,1,1,1,1,1,1,1,3,3,3,2,3,2,2,3,2,2,2,1,2,1,1,2,1,1,1,1,2,3,4,4,3,4,4,4,3,4,2
syn_aggregate_01772,21,2.0,0,1,0,0,0,0,0,0,0,0,0,0,0,0,0,0,0,0,2,0,0,0,1,1,0,0,0,0,0,0,0,0,0,0,0,0,0,0,0,0,0,0,0,0,0,0,0,2,0,0,0,0,0,0,0,0,0,0,0,0,2,0,0,0,0,0,0,0,0
syn_aggregate_01773,20,1.0,3,3,3,3,2,2,1,0,1,1,1,1,1,1,0,0,0,0,0,4,3,4,4,3,3,3,3,3,2,4,4,4,4,4,4,4,4,4,4,2,1,1,1,1,1,1,1,1,1,0,0,0,0,0,0,0,0,0,3,4,4,4,3,3,3,3,3,3,2
syn_aggregate_01774,19,2.0,3,3,2,1,0,2,0,0,0,1,2,2,0,1,1,0,1,1,0,3,3,2,3,2,3,2,2,2,3,1,2,2,1,2,2,1,2,1,1,4,4,4,4,3,4,4,4,3,4,0,1,1,0,0,0,0,0,0,0,1,4,3,2,3,2,2,3,3,2
syn_aggregate_01775,19,1.0,2,2,1,2,2,0,0,0,0,0,1,0,0,0,0,0,0,0,0,4,4,4,4,4,4,4,4,3,3,3,3,3,2,2,3,3,2,2,3,2,2,2,2,1,2,1,1,2,2,0,1,0,0,1,0,0,1,0,1,2,4,4,2,4,3,3,3,2,1
syn_aggregate_01776,20,2.0,1,2,1,2,0,0,0,0,0,0,0,0,0,0,0,0,0,0,4,4,4,4,4,3,4,3,3,2,3,1,2,2,1,2,1,2,1,1,1,3,3,3,3,2,2,2,2,2,2,0,0,0,0,0,0,0,0,0,3,0,1,0,0,0,0,0,0,0,0
syn_aggregate_01777,22,2.0,2,2,1,1,0,1,0,0,0,0,1,0,0,0,0,0,0,0,0,4,4,4,4,3,4,3,3,3,3,1,1,1,1,1,0,0,1,1,1,3,3,2,3,2,2,3,2,3,3,1,1,1,1,1,2,1,2,1,1,3,4,4,3,4,3,4,4,3,3
syn_aggregate_01778,21,2.0,1,2,1,2,1,1,1,0,0,0,0,0,0,0,0,0,0,0,3,1,1,0,1,0,1,1,0,0,1,1,2,2,2,2,2,2,2,1,2,2,2,2,2,2,1,1,0,2,2,0,0,0,0,0,0,0,0,0,4,0,0,0,0,0,0,0,0,0,0
syn_aggregate_01779,21,1.0,3,3,2,3,2,3,3,2,1,2,2,2,1,1,1,1,1,1,1,4,4,3,4,3,3,3,3,3,3,4,4,4,4,4,4,4,4,4,3,4,4,3,4,3,3,3,2,3,2,2,3,2,2,2,3,3,2,1,2,1,3,3,1,2,2,1,3,2,4
syn_aggregate_01780,19,2.0,3,3,2,3,2,3,2,0,0,0,0,1,0,0,0,0,0,0,0,1,2,1,2,1,2,1,1,2,2,3,4,4,3,4,3,4,3,3,2,2,2,2,2,1,1,1,1,1,2,0,0,0,0,0,0,0,0,2,0,2,4,4,2,4,3,3,3,3,4
syn_aggregate_01781,21,2.0,3,3,3,3,2,3,3,2,2,2,1,2,1,1,1,1,2,1,1,1,1,1,1,1,0,1,0,0,0,4,4,4,4,4,4,3,3,3,4,4,4,4,4,3,4,3,3,4,3,1,1,1,0,0,1,1,1,0,1,2,4,4,3,4,3,3,2,2,2
syn_aggregate_01782,21,2.0,0,0,0,0,0,0,0,0,0,0,0,0,0,0,0,0,0,0,0,0,0,0,0,0,0,0,0,0,2,0,0,0,0,0,0,0,0,0,0,1,0,0,1,0,0,0,0,0,0,0,0,0,0,0,0,0,0,0,0,0,0,0,0,0,0,0,0,0,0
syn_aggregate_01783,43,2.0,2,2,1,1,0,1,1,1,0,1,1,1,0,1,0,0,0,1,1,0,0,0,1,0,0,0,0,0,0,0,0,0,0,0,0,0,0,1,0,0,0,0,0,0,0,0,0,0,0,0,0,0,0,0,0,0,0,0,0,0,0,1,0,0,0,0,1,0,0
syn_aggregate_01784,21,2.0,0,0,0,0,0,0,0,0,0,0,0,0,0,0,0,0,0,0,0,0,0,0,0,0,0,0,0,0,1,2,3,2,2,2,1,2,2,1,1,0,0,0,1,0,0,0,1,0,0,1,1,1,1,1,1,1,1,1,1,0,0,0,0,0,0,0,2,0,0
syn_aggregate_01785,49,2.0,2,2,1,2,0,0,1,0,0,0,0,0,0,0,0,0,0,0,1,3,3,3,3,3,3,3,3,3,2,0,2,1,2,1,1,2,2,0,0,4,4,4,4,4,3,3,4,3,4,0,0,0,0,0,0,0,0,0,2,1,3,2,1,2,2,2,2,2,3
syn_aggregate_01786,42,2.0,2,2,1,1,0,0,0,0,0,0,0,0,0,0,0,0,0,2,0,0,0,0,0,0,0,0,0,2,0,0,0,0,0,0,0,0,0,0,0,0,0,0,0,0,0,0,0,4,0,0,0,0,0,0,0,0,0,0,0,0,0,0,0,0,0,0,0,0,0
syn_aggregate_01787,21,2.0,1,1,1,1,0,0,1,0,0,1,2,1,1,2,1,1,1,2,1,1,2,0,1,1,2,1,0,0,1,1,1,1,1,1,1,1,1,1,0,4,4,4,4,3,4,3,3,4,1,1,2,1,1,1,2,1,1,0,0,3,4,4,3,4,4,4,4,4,3
syn_aggregate_01788,19,1.0,3,3,2,3,2,2,1,0,0,2,3,3,2,2,2,1,2,2,1,4,4,4,4,4,4,4,3,4,4,3,4,3,3,3,2,3,2,2,1,3,3,3,3,2,2,3,2,3,3,0,0,0,0,4,0,0,0,0,0,2,3,3,2,3,2,2,2,2,2
syn_aggregate_01789,21,2.0,3,3,3,3,3,3,3,2,2,1,2,1,1,1,1,0,1,1,0,4,4,4,4,3,4,4,3,3,3,1,2,2,1,2,1,1,2,1,2,2,2,2,3,2,2,1,1,2,3,1,2,0,1,1,0,1,0,0,1,0,2,2,1,2,1,1,2,1,1
syn_aggregate_01790,22,2.0,1,2,1,1,1,1,0,0,0,1,1,1,1,1,0,0,1,1,0,4,4,4,4,4,4,4,4,4,3,1,1,1,1,1,1,1,1,1,1,2,1,1,2,1,2,1,1,1,1,1,1,1,1,1,1,1,0,0,0,2,4,4,3,4,3,3,3,2,2
syn_aggregate_01791,19,2.0,1,1,1,0,0,0,0,0,0,0,0,0,0,0,0,0,0,0,0,0,0,0,0,0,0,0,0,0,0,0,0,0,0,0,0,0,0,0,0,3,3,3,3,3,2,2,2,3,3,0,0,0,0,0,0,0,0,0,3,0,1,1,0,1,0,0,1,0,0
syn_aggregate_01792,19,2.0,2,2,1,1,0,1,1,0,0,1,1,0,0,0,0,0,0,0,1,1,1,0,1,1,1,0,1,1,2,2,2,2,2,2,2,2,2,2,2,4,4,4,4,4,4,3,3,4,4,1,2,1,1,1,1,1,0,1,1,0,2,2,0,2,0,0,1,1,0
syn_aggregate_01793,18,2.0,1,2,1,2,1,1,0,0,0,0,0,0,0,0,0,0,0,0,0,1,1,1,1,1,1,1,1,1,1,0,1,1,0,0,0,1,1,0,0,0,0,2,0,0,0,0,0,0,0,0,0,0,0,0,1,0,0,0,0,0,0,0,0,0,0,0,0,3,0
syn_aggregate_01794,32,1.0,3,3,3,3,3,3,2,1,0,1,1,2,1,1,0,0,1,1,0,0,0,0,0,0,1,0,0,0,0,3,3,3,3,3,2,3,2,3,3,2,3,2,3,2,2,1,2,2,1,0,0,0,0,0,0,0,0,0,4,3,4,4,3,4,4,4,4,4,2
syn_aggregate_01795,19,1.0,1,0,0,0,0,0,0,0,0,0,0,0,0,0,0,1,0,0,0,1,2,0,1,1,2,1,0,1,1,0,2,1,1,1,1,1,1,1,0,3,2,2,3,2,2,1,1,2,2,0,0,0,0,1,0,1,0,1,0,1,3,2,1,3,1,2,2,2,3
syn_aggregate_01796,32,2.0,3,3,2,2,1,2,2,0,0,0,1,0,0,0,0,0,0,0,0,1,2,1,1,1,2,1,1,1,2,3,3,3,3,3,2,3,2,2,2,1,1,1,1,1,1,0,0,1,0,0,1,0,0,0,0,0,0,0,0,0,1,1,0,1,0,0,0,0,0
syn_aggregate_01797,21,2.0,2,2,2,2,2,2,0,0,0,2,2,2,1,2,2,1,2,2,1,3,3,3,3,2,3,2,2,2,2,3,3,3,3,3,3,3,3,3,2,4,4,3,4,3,3,2,3,3,2,1,1,1,1,1,1,1,0,1,1,3,4,4,3,4,4,4,4,4,3
syn_aggregate_01798,19,2.0,2,2,1,2,1,1,1,0,0,2,3,3,2,2,2,1,2,2,1,4,4,4,4,4,4,4,4,3,3,4,4,4,4,4,4,4,4,4,4,4,4,4,4,3,4,3,3,4,4,2,2,2,2,2,2,2,2,2,2,3,4,4,3,4,4,4,4,4,4
syn_aggregate_01799,19,1.0,3,3,2,3,2,2,0,0,0,1,1,1,0,1,0,1,0,1,0,4,4,4,4,4,4,3,4,3,3,0,1,1,0,1,0,1,1,1,0,1,0,0,0,0,0,0,0,0,0,0,1,0,0,0,0,1,0,0,0,1,2,2,1,2,2,2,2,2,2
syn_aggregate_01800,21,2.0,3,2,2,2,1,0,0,0,0,0,0,0,0,0,0,1,0,0,2,2,3,2,3,2,2,2,2,2,2,2,2,2,2,2,2,2,2,1,2,1,1,0,1,1,0,0,0,0,0,0,0,0,0,0,0,0,0,0,0,0,1,1,0,1,0,0,1,1,1
syn_aggregate_01801,33,2.0,2,3,2,2,1,0,0,0,0,1,1,0,0,0,0,0,0,0,0,4,4,4,4,3,4,4,3,3,3,0,0,0,0,0,0,0,0,0,0,2,2,1,2,1,1,1,1,1,2,0,0,0,0,0,0,0,0,0,4,0,0,0,0,0,0,0,0,1,1
syn_aggregate_01802,20,2.0,1,1,1,1,1,0,0,0,0,2,2,2,2,2,2,1,2,2,2,0,0,0,0,0,0,0,0,0,2,0,0,0,0,0,0,0,0,0,0,2,2,1,2,1,1,0,1,1,1,0,0,0,0,0,0,0,0,0,3,0,1,0,0,0,0,0,0,0,0
syn_aggregate_01803,19,2.0,3,3,2,3,2,2,1,0,0,1,2,1,1,1,1,0,1,1,1,4,4,4,4,3,4,4,4,4,4,2,3,3,3,3,2,2,2,1,0,2,2,2,2,2,2,2,2,1,1,0,0,0,0,0,4,0,0,0,0,2,4,4,3,4,4,4,4,4,2
syn_aggregate_01804,18,2.0,3,2,2,3,1,1,1,0,1,0,0,0,0,0,0,0,0,0,0,2,2,2,2,2,2,2,0,0,4,3,3,3,3,2,2,2,3,2,2,4,4,3,4,4,3,3,3,3,3,1,1,1,1,1,0,0,0,0,0,0,1,0,0,0,0,0,0,0,0
syn_aggregate_01805,20,2.0,3,3,3,3,3,3,3,3,0,1,2,2,1,1,1,0,1,1,0,4,4,4,4,4,4,4,4,4,4,3,4,4,4,3,3,3,3,4,0,2,2,2,1,1,2,1,2,1,3,1,1,1,0,1,1,1,1,1,2,4,4,4,4,4,4,4,4,4,3
syn_aggregate_01806,21,2.0,3,3,3,3,3,3,3,3,3,0,1,0,0,0,0,0,0,0,0,4,4,4,4,4,4,4,4,3,3,4,4,4,4,4,4,4,4,4,4,4,4,4,4,3,4,3,4,3,4,0,1,0,0,0,0,0,2,0,0,3,4,4,3,4,3,3,4,4,3
syn_aggregate_01807,19,2.0,1,1,1,1,1,1,0,0,0,0,0,1,0,0,0,0,0,0,1,1,1,1,1,1,1,1,0,0,0,2,3,2,2,2,2,3,2,2,1,1,1,1,1,1,1,0,0,0,0,0,0,0,0,0,1,0,0,0,0,3,4,4,3,4,2,3,3,3,3
syn_aggregate_01808,19,2.0,2,2,2,2,1,1,0,0,0,0,1,0,0,0,0,0,0,1,0,2,2,2,3,2,3,2,2,2,1,2,3,3,3,3,3,3,3,2,1,3,3,2,3,2,2,2,2,2,2,2,2,2,2,1,2,2,2,1,2,0,1,0,0,0,0,0,0,0,0
syn_aggregate_01809,20,2.0,2,3,2,2,1,1,0,0,0,0,1,1,0,1,0,0,1,0,0,3,3,3,3,3,3,3,3,3,3,1,2,2,2,2,1,2,2,1,0,3,3,2,3,2,2,2,2,2,1,2,2,2,1,2,2,2,1,1,1,2,3,3,2,3,2,2,2,1,2
syn_aggregate_01810,48,2.0,3,3,2,3,2,1,0,0,0,1,2,2,1,1,1,1,1,1,2,4,4,4,3,3,3,3,3,2,3,4,4,4,4,4,4,4,4,3,3,3,2,2,3,2,2,1,2,2,2,1,1,1,1,1,1,2,1,1,1,0,2,2,0,3,1,1,2,2,4
syn_aggregate_01811,19,2.0,0,1,0,1,1,0,0,0,0,0,0,0,0,0,0,0,0,0,0,0,0,0,0,0,0,1,0,0,1,2,2,2,2,2,1,2,2,2,2,2,1,1,2,1,1,0,1,0,1,0,0,1,0,0,0,0,0,0,0,0,0,0,0,0,0,0,0,0,3
syn_aggregate_01812,21,1.0,3,3,2,3,2,3,2,0,0,1,1,1,0,0,1,0,1,0,0,4,4,4,4,4,4,4,3,3,3,4,4,4,4,4,4,4,4,4,4,2,2,1,2,1,1,1,1,1,1,1,2,1,1,1,2,1,1,0,1,4,4,4,4,4,4,4,4,3,4
syn_aggregate_01813,20,2.0,2,2,2,2,1,1,0,0,0,0,0,0,0,0,0,0,0,0,4,4,4,4,4,4,4,3,4,3,4,3,4,4,3,4,3,3,3,3,1,4,4,4,4,4,4,4,4,3,2,1,1,1,0,1,1,0,0,0,1,4,4,4,4,4,4,3,4,4,2
syn_aggregate_01814,32,2.0,3,3,2,2,0,1,2,0,0,0,0,0,0,0,0,0,0,0,0,2,2,1,2,1,2,1,1,1,2,1,2,2,1,2,0,1,1,1,2,4,4,4,4,4,4,3,4,4,3,1,1,1,0,0,1,0,0,1,1,3,4,4,4,4,4,4,4,4,4
syn_aggregate_01815,22,2.0,3,3,2,2,0,2,1,0,0,0,0,0,0,0,0,0,0,0,0,0,0,0,0,0,0,0,0,0,0,1,2,1,1,2,1,1,2,1,2,4,4,4,4,3,4,3,3,3,4,0,0,0,0,0,0,0,0,4,0,1,3,2,1,2,2,2,2,2,2
syn_aggregate_01816,26,1.0,2,2,1,1,1,1,1,0,0,1,2,1,0,1,1,1,1,1,1,3,3,2,3,2,3,2,2,2,2,1,2,1,1,1,1,2,1,1,1,2,1,1,2,1,1,1,1,2,2,1,1,1,1,1,2,2,1,1,2,2,4,4,3,4,3,3,4,3,1
syn_aggregate_01817,22,2.0,0,1,0,0,0,0,0,0,0,0,1,0,0,0,1,0,0,0,0,2,2,2,2,2,2,2,2,2,2,0,1,1,1,1,0,0,1,0,0,4,4,4,4,4,3,3,4,4,4,1,1,1,1,0,1,0,1,0,1,0,0,0,0,1,0,0,0,0,0
syn_aggregate_01818,20,2.0,3,3,2,3,2,2,1,0,1,0,0,1,0,0,0,0,0,1,0,3,3,3,3,2,3,2,3,2,2,3,3,3,2,2,3,3,2,2,2,1,1,1,1,1,1,0,0,0,0,1,1,1,1,1,1,1,1,1,1,0,2,1,0,2,0,1,2,1,0
syn_aggregate_01819,34,2.0,2,2,1,1,0,1,0,0,0,0,0,0,0,0,0,0,0,0,2,2,1,1,1,1,1,0,1,1,3,0,0,0,0,0,0,0,0,1,0,1,1,1,1,0,1,0,0,0,0,0,0,1,0,0,0,0,0,0,0,0,0,0,0,0,0,0,0,0,0
syn_aggregate_01820,20,2.0,3,3,2,2,1,1,1,0,1,0,0,0,0,0,0,0,0,1,2,2,2,1,2,1,2,2,1,1,2,0,0,0,0,0,0,0,0,0,1,0,0,0,0,0,0,0,0,0,4,1,0,1,0,1,0,1,0,0,0,2,4,3,1,3,2,2,3,2,0
syn_aggregate_01821,37,1.0,2,2,1,1,0,1,0,0,0,0,0,0,0,0,0,0,0,0,0,0,0,0,0,0,0,0,0,1,0,0,1,0,0,1,0,1,0,1,0,1,1,1,1,1,1,0,0,0,0,0,0,0,0,0,0,0,0,0,1,0,2,1,0,2,0,0,1,1,0
syn_aggregate_01822,30,2.0,2,2,2,2,1,1,1,0,0,0,1,0,0,1,0,0,0,0,0,4,4,4,4,3,4,4,3,3,3,1,2,2,1,1,1,1,1,0,0,4,4,4,4,3,3,3,3,2,1,0,1,0,0,0,0,0,0,0,0,4,4,4,4,4,4,4,3,3,3
syn_aggregate_01823,27,2.0,3,3,3,3,2,3,2,0,0,0,0,0,0,0,0,0,0,1,2,3,3,3,3,2,3,3,2,2,3,3,4,4,3,3,3,3,3,3,0,3,3,3,3,2,2,2,2,2,2,1,1,1,1,1,1,0,0,0,0,1,3,2,1,3,2,1,2,3,3
syn_aggregate_01824,18,1.0,3,3,3,3,3,3,3,2,0,1,1,1,0,1,1,0,0,0,0,4,4,4,4,4,4,4,3,3,3,4,4,4,4,4,4,4,4,4,4,4,4,4,4,4,4,4,3,3,3,1,1,2,1,1,1,1,1,2,2,3,4,4,3,4,4,4,4,4,3
syn_aggregate_01825,18,2.0,3,3,2,3,3,3,2,1,1,1,2,1,1,1,1,1,1,1,1,4,4,4,4,4,3,3,3,4,3,4,4,4,4,4,4,4,4,4,4,4,4,4,4,3,4,3,3,4,3,0,1,1,1,0,1,1,0,0,0,4,4,4,4,4,3,4,4,4,4
syn_aggregate_01826,20,1.0,2,3,3,3,2,3,3,2,3,1,1,1,1,1,0,0,0,0,0,4,4,4,4,4,4,4,4,4,4,1,2,1,1,1,1,1,2,1,1,4,4,4,4,4,4,4,3,4,3,1,1,1,1,1,1,1,1,1,1,3,4,4,3,4,3,3,4,4,3
syn_aggregate_01827,21,2.0,0,1,0,0,0,0,0,0,1,0,0,0,0,0,0,0,0,0,0,0,0,0,0,0,0,0,1,2,0,1,1,1,1,1,0,0,1,0,0,4,4,4,4,4,3,4,3,4,2,0,0,0,0,0,0,0,0,0,0,0,2,1,0,2,0,0,1,1,1
syn_aggregate_01828,20,1.0,2,2,1,1,0,0,0,0,0,0,0,0,0,0,0,0,0,0,1,2,2,2,2,2,1,1,1,2,1,2,1,1,2,2,2,2,1,1,2,3,3,3,3,3,2,2,2,2,3,0,0,0,0,0,0,0,0,0,3,1,3,3,1,3,2,2,2,2,2
syn_aggregate_01829,18,1.0,3,3,3,3,3,3,2,1,1,0,0,0,0,0,1,0,0,0,0,4,4,4,3,4,4,3,4,3,4,4,4,4,4,4,4,4,4,3,4,4,4,4,4,3,4,3,3,4,4,1,1,1,1,1,1,0,0,0,1,4,4,4,4,4,4,4,4,4,4
syn_aggregate_01830,18,1.0,0,0,0,0,0,0,0,0,0,0,0,0,0,0,0,0,0,0,0,0,0,0,0,0,0,0,0,0,0,0,0,0,0,0,0,0,0,0,0,0,0,0,0,0,0,0,1,1,0,0,0,0,0,0,0,0,0,0,0,0,1,0,0,0,0,0,0,0,0
syn_aggregate_01831,20,1.0,1,1,0,0,0,0,0,0,0,0,0,0,0,0,0,0,0,0,0,0,0,0,0,0,0,0,0,0,0,0,0,0,0,0,0,0,0,0,0,1,1,0,0,0,0,0,0,0,0,0,0,0,0,0,0,0,0,0,0,0,1,1,0,1,0,0,0,1,0
syn_aggregate_01832,18,2.0,3,3,2,3,2,3,2,1,0,1,1,1,1,1,1,1,1,1,1,4,4,4,4,4,3,3,4,4,3,2,3,2,2,2,1,2,2,1,1,4,4,4,4,4,4,4,3,3,4,1,2,1,1,1,2,1,1,1,1,0,1,0,0,0,0,0,0,0,0
syn_aggregate_01833,22,2.0,2,2,1,2,1,2,2,1,1,0,0,0,0,0,0,0,0,0,4,4,4,4,4,3,4,4,4,3,3,2,3,2,2,2,2,1,2,1,3,3,4,3,4,3,3,3,4,3,3,1,1,1,1,1,1,1,1,1,1,0,3,2,1,3,2,1,2,2,1
syn_aggregate_01834,20,2.0,1,1,1,1,1,0,0,0,0,0,0,0,0,0,0,0,0,0,0,1,1,0,2,1,1,1,1,1,1,0,0,0,0,0,1,1,1,1,0,1,1,0,1,0,1,0,0,1,0,0,1,0,0,0,0,1,0,0,1,2,3,3,1,3,2,1,2,1,0
syn_aggregate_01835,31,2.0,3,3,3,3,3,3,3,3,3,1,1,1,1,1,1,1,1,1,1,4,4,4,4,3,4,3,3,3,3,4,4,4,4,4,4,4,4,4,4,2,2,2,2,2,2,1,2,2,1,2,2,2,1,1,1,1,1,0,1,3,4,4,3,4,4,4,4,4,3
syn_aggregate_01836,19,1.0,3,3,2,3,1,2,0,0,0,0,0,0,0,0,0,0,0,0,0,0,1,0,0,0,1,0,0,1,0,0,0,0,0,0,0,0,0,0,1,2,1,1,2,1,1,0,0,0,0,0,0,0,1,0,0,0,0,0,0,0,0,0,0,4,0,0,0,0,0
syn_aggregate_01837,20,2.0,3,3,3,3,3,3,3,3,2,1,1,1,1,2,0,1,1,1,1,4,4,4,4,3,4,4,4,3,4,3,3,3,3,3,3,3,2,3,3,4,4,3,4,3,3,3,3,3,1,1,2,1,1,1,2,1,1,1,1,3,4,4,3,4,4,4,4,4,4
syn_aggregate_01838,19,2.0,0,1,0,1,0,0,0,0,0,0,0,0,0,0,0,0,0,0,2,3,2,2,3,2,2,2,1,2,2,1,2,2,1,2,1,1,1,1,2,1,2,0,1,1,0,0,0,2,1,1,1,1,1,0,1,1,0,1,0,0,2,2,0,1,1,1,1,0,0
syn_aggregate_01839,20,2.0,3,3,2,1,1,2,1,0,0,1,2,1,1,1,1,1,1,1,3,4,4,4,4,4,4,4,4,4,3,1,2,1,1,1,1,1,2,1,1,4,4,4,4,3,4,4,4,3,4,0,0,1,0,0,0,0,0,0,0,0,2,2,1,2,1,1,2,2,0
syn_aggregate_01840,19,2.0,0,3,0,0,0,0,0,0,0,0,0,0,0,0,0,0,0,0,1,1,1,1,1,2,1,2,1,1,2,0,0,0,0,0,0,0,0,0,1,4,3,3,4,3,2,2,2,2,1,0,0,0,0,0,0,0,0,0,0,0,0,0,0,1,0,0,0,0,0
syn_aggregate_01841,37,2.0,1,1,0,0,0,0,0,0,0,0,1,0,0,0,0,0,0,0,0,1,1,0,1,0,1,1,0,0,0,0,0,1,0,0,0,0,0,0,0,0,0,0,0,0,0,0,0,1,2,0,0,0,0,0,0,0,0,1,0,3,3,3,3,3,3,3,3,2,4
syn_aggregate_01842,18,1.0,2,2,1,1,0,0,0,0,0,0,0,1,0,0,0,0,0,0,1,3,4,3,3,3,4,3,2,3,2,0,1,0,1,0,0,0,0,0,0,1,1,1,1,1,1,0,0,1,1,0,0,0,0,0,0,0,0,0,0,0,0,0,0,3,0,0,0,0,0
syn_aggregate_01843,20,1.0,3,3,3,3,3,3,3,3,0,0,0,0,0,0,0,0,0,0,4,4,4,4,3,3,4,3,3,2,3,0,1,0,0,0,0,0,1,0,0,4,4,3,4,3,2,2,2,1,1,0,1,0,0,0,0,1,0,0,0,4,4,4,4,4,4,3,4,3,3
syn_aggregate_01844,19,2.0,3,3,2,3,2,1,1,0,1,0,0,0,0,0,0,0,0,0,0,0,0,0,0,0,1,0,0,0,0,1,3,2,2,2,2,2,2,1,2,4,3,3,4,3,3,3,3,4,3,0,0,0,0,0,0,0,0,0,2,0,1,1,0,1,0,0,1,1,0
syn_aggregate_01845,19,1.0,0,2,0,0,0,0,0,0,0,0,0,0,0,0,0,0,0,0,0,0,0,0,1,1,0,0,0,0,0,0,1,0,1,0,0,1,0,0,0,0,1,0,0,1,0,0,0,0,0,0,0,0,0,0,0,0,2,0,0,1,4,3,2,4,2,3,3,3,2
syn_aggregate_01846,19,2.0,3,3,2,3,0,2,0,0,0,0,1,0,0,0,0,0,0,0,0,1,1,1,1,1,1,0,0,0,0,0,2,2,2,2,1,1,1,1,0,1,0,1,0,0,0,0,0,0,0,0,0,0,0,0,0,0,0,0,0,0,2,2,0,2,1,1,2,1,1
syn_aggregate_01847,21,2.0,3,3,2,3,2,2,2,1,1,0,1,0,0,0,0,0,1,0,0,0,0,0,0,0,0,0,0,1,2,3,4,4,3,3,3,3,4,2,1,0,0,0,0,0,0,0,0,0,0,0,0,0,1,0,1,1,0,0,0,0,2,1,0,1,0,0,1,1,0
syn_aggregate_01848,19,2.0,2,1,1,2,0,1,2,1,1,1,0,0,0,0,0,0,0,0,1,2,2,2,2,2,1,2,1,2,2,0,2,1,1,1,1,1,1,1,0,1,1,1,1,1,1,1,1,1,1,0,0,0,0,0,0,0,0,2,0,0,1,0,0,0,0,0,0,0,0
syn_aggregate_01849,22,2.0,0,0,0,0,0,0,0,0,0,0,0,1,0,0,0,0,0,0,0,1,1,1,1,1,1,1,1,1,1,0,1,0,0,0,0,0,1,0,0,2,2,2,2,2,1,2,2,2,2,0,0,0,0,0,0,0,0,0,1,0,1,0,0,1,0,0,0,0,0
syn_aggregate_01850,39,1.0,1,2,1,1,0,0,1,0,0,0,0,0,0,0,0,0,0,0,0,0,0,0,1,0,0,0,1,0,0,2,2,2,2,2,2,2,2,2,2,4,4,4,4,4,3,3,3,3,3,0,0,0,0,0,0,0,0,0,0,1,3,2,1,2,2,2,2,1,3
syn_aggregate_01851,40,2.0,3,3,2,3,2,1,2,0,0,0,0,0,0,0,0,0,0,0,0,2,2,1,2,2,2,2,1,2,1,2,3,3,2,2,2,2,1,1,1,2,2,1,2,1,1,2,1,2,1,0,1,0,0,0,0,1,0,1,1,1,3,3,1,3,2,2,3,2,3
syn_aggregate_01852,20,1.0,3,3,2,2,2,1,1,0,1,1,2,2,1,2,1,1,1,1,2,3,3,3,3,2,3,3,2,2,2,3,4,4,3,4,3,3,3,3,3,4,4,4,4,3,4,4,4,3,4,1,2,1,2,1,1,2,1,1,2,2,4,4,3,4,3,3,4,3,2
syn_aggregate_01853,20,2.0,0,1,0,0,0,0,0,0,0,0,0,0,0,0,0,0,0,0,0,1,1,0,1,0,1,1,0,1,0,0,1,0,0,0,0,0,0,0,0,1,1,0,1,0,0,0,0,0,0,0,0,0,0,0,0,0,0,0,3,0,0,1,0,0,0,0,0,1,0
syn_aggregate_01854,22,1.0,0,1,0,1,0,0,0,0,0,0,0,0,0,0,0,0,0,0,4,1,1,0,1,0,1,0,0,0,0,3,3,4,3,3,3,3,3,3,2,3,2,2,3,2,2,2,3,2,1,1,1,1,0,0,0,0,1,0,0,0,4,0,0,0,0,0,0,0,0
syn_aggregate_01855,20,2.0,3,3,3,3,2,3,3,2,2,1,2,2,1,1,1,1,1,1,1,4,4,4,4,4,4,3,4,4,4,4,4,4,4,4,4,2,3,3,3,4,4,4,4,4,4,4,4,4,4,1,1,0,0,0,0,0,0,0,0,3,4,4,3,4,4,4,4,3,3
syn_aggregate_01856,20,2.0,3,3,2,2,2,2,2,1,0,0,0,0,0,1,0,0,0,1,0,3,3,2,2,2,2,2,2,2,2,3,4,4,3,4,3,3,3,3,2,2,2,1,2,1,0,1,1,1,1,1,2,0,0,1,1,1,1,1,0,1,3,3,1,3,2,2,2,2,2
syn_aggregate_01857,21,2.0,2,2,0,1,1,0,0,0,0,0,0,0,0,0,1,0,0,0,0,2,2,1,2,1,2,1,1,1,1,1,2,1,2,1,1,2,1,1,1,1,0,0,1,0,0,0,0,0,0,1,1,1,1,1,1,1,1,1,1,4,4,4,4,4,4,4,4,4,2
syn_aggregate_01858,19,2.0,3,3,2,3,1,2,1,0,1,2,2,2,2,2,2,1,2,2,2,3,3,3,3,2,3,2,2,2,1,2,3,2,2,3,2,3,2,3,1,3,2,2,3,2,2,2,2,2,2,1,1,1,1,1,0,1,0,0,0,1,2,2,1,2,2,2,2,2,3
syn_aggregate_01859,40,2.0,2,2,2,3,1,2,1,0,0,0,0,0,0,0,0,0,0,3,0,1,2,1,1,1,2,1,1,2,2,0,1,0,0,0,0,0,0,0,0,0,0,0,0,0,0,0,0,0,0,0,0,0,0,0,0,0,0,0,0,0,0,0,0,0,0,0,0,0,1
syn_aggregate_01860,26,1.0,2,3,2,3,2,2,2,1,1,0,1,1,0,0,0,0,1,0,0,0,0,0,0,0,0,0,2,0,0,2,3,2,2,2,2,2,2,2,2,1,1,0,1,0,1,0,0,0,0,0,0,0,0,0,0,0,0,0,2,3,4,4,3,4,4,4,4,4,3
syn_aggregate_01861,21,2.0,2,1,1,1,1,1,1,0,0,0,0,0,0,0,0,0,0,0,1,1,1,0,1,1,1,1,0,0,1,2,2,2,2,3,2,2,2,2,2,0,0,0,0,0,0,0,0,0,1,0,0,0,0,0,1,0,0,0,0,0,0,0,0,4,0,0,0,0,0
syn_aggregate_01862,20,2.0,2,3,2,3,2,3,2,1,1,0,0,0,0,0,0,0,0,0,3,3,3,3,3,3,3,3,3,3,2,3,4,4,3,3,3,3,4,3,3,2,1,1,2,1,1,0,1,1,1,0,0,1,0,0,0,0,0,0,0,3,4,4,2,4,3,3,3,3,2
syn_aggregate_01863,20,1.0,3,3,3,3,3,3,3,2,3,2,3,3,2,2,2,1,2,1,2,4,4,4,4,3,4,4,3,3,2,3,4,4,4,3,4,3,4,3,3,4,4,4,4,4,3,4,3,4,3,2,2,2,1,2,2,1,1,1,2,2,3,3,2,3,3,2,3,3,2
syn_aggregate_01864,19,2.0,3,3,3,3,2,3,2,2,2,1,1,1,0,1,0,0,0,1,0,2,2,1,2,2,2,2,2,2,2,3,4,4,3,4,3,4,2,2,3,3,3,2,3,2,2,2,1,2,2,1,1,1,0,1,1,1,0,0,1,3,4,3,2,3,3,3,3,2,2
syn_aggregate_01865,19,2.0,3,3,3,3,3,3,2,1,1,0,0,0,0,0,0,0,0,0,0,0,1,0,0,0,0,0,0,0,3,3,3,3,3,3,3,2,3,2,3,1,1,1,2,1,1,1,1,1,1,0,1,0,0,0,0,0,3,0,0,3,4,4,3,4,3,3,2,3,2
syn_aggregate_01866,22,2.0,1,1,0,0,0,0,0,0,0,0,1,0,0,0,0,0,0,0,0,2,2,2,2,2,1,2,1,2,3,1,2,2,1,1,1,1,1,1,1,4,4,4,4,4,4,4,4,3,4,0,1,0,0,0,0,0,0,0,1,0,1,1,0,1,0,0,0,0,0
syn_aggregate_01867,18,2.0,2,3,2,2,1,1,0,0,0,0,1,0,0,0,0,0,2,0,0,4,4,4,3,4,4,3,4,3,2,0,0,0,0,0,4,0,0,0,0,2,2,2,2,2,1,1,1,1,2,1,1,1,0,1,1,1,0,0,1,0,0,0,0,0,0,0,2,0,0
syn_aggregate_01868,43,2.0,2,2,1,2,1,2,1,1,1,0,1,0,0,1,0,0,0,1,0,3,3,3,2,2,3,3,2,3,3,3,3,3,2,3,3,3,3,2,1,1,1,1,1,1,1,2,1,1,1,0,0,0,0,0,0,0,4,0,0,3,4,4,3,4,3,3,3,2,2
syn_aggregate_01869,20,2.0,3,3,3,3,3,3,3,2,2,1,1,1,0,1,1,0,1,1,0,1,2,1,1,1,1,1,1,1,1,2,4,3,3,3,3,3,3,2,1,4,4,4,4,3,4,4,4,4,4,1,1,1,1,1,1,1,1,1,1,2,4,4,3,4,4,4,4,4,4
syn_aggregate_01870,19,2.0,3,3,3,3,3,3,3,3,3,2,2,2,1,2,2,2,2,1,1,2,2,1,2,1,1,1,2,2,3,4,4,4,4,4,4,4,4,3,3,1,1,0,1,1,1,0,0,1,0,1,1,1,1,0,1,0,0,0,0,3,4,4,3,4,3,3,4,3,3
syn_aggregate_01871,21,2.0,2,2,1,2,1,1,1,0,0,0,1,0,0,0,0,0,0,0,0,4,4,4,4,4,4,3,4,4,4,4,4,4,4,4,3,3,3,3,3,4,4,4,4,4,4,4,4,4,4,1,2,1,1,1,2,1,1,1,1,2,4,3,2,3,3,2,3,3,2
syn_aggregate_01872,50,1.0,3,3,3,3,2,3,3,1,1,3,4,3,2,3,3,2,3,2,2,4,4,4,4,4,3,3,4,4,3,4,4,4,4,4,4,4,4,4,3,4,3,3,4,2,3,2,2,2,2,1,1,1,1,0,0,1,1,0,1,4,4,4,4,4,4,4,4,4,4
syn_aggregate_01873,22,2.0,3,3,2,2,1,1,0,0,0,1,1,1,0,1,0,1,0,1,0,1,1,1,1,2,1,0,1,1,1,0,1,2,0,1,1,1,0,0,0,4,4,4,4,4,4,4,4,3,3,0,0,0,0,0,0,0,0,1,0,0,2,1,0,1,0,0,1,1,0
syn_aggregate_01874,21,2.0,1,0,1,1,0,0,0,0,0,0,1,0,0,0,0,0,0,1,0,4,4,4,4,4,4,4,4,4,3,1,3,2,2,2,2,2,2,3,1,3,3,3,3,3,3,3,3,2,2,0,0,0,0,0,0,0,0,0,4,1,3,2,2,2,2,2,2,2,2
syn_aggregate_01875,43,2.0,2,2,1,1,0,0,0,0,0,2,2,2,2,2,2,2,2,2,1,4,4,4,4,3,4,4,3,4,2,2,3,2,2,2,2,3,2,2,2,2,1,1,2,1,1,0,0,0,1,1,1,1,1,1,1,1,1,1,1,3,4,4,3,4,3,3,4,4,3
syn_aggregate_01876,21,2.0,2,2,1,2,1,1,1,1,1,1,2,1,0,1,1,1,1,1,2,3,2,2,3,2,2,1,2,3,4,4,4,4,4,4,4,4,4,3,3,4,4,4,4,3,3,3,3,2,1,1,1,1,1,1,1,1,0,1,1,2,4,4,2,4,3,3,3,3,4
syn_aggregate_01877,20,1.0,3,3,2,3,2,3,2,1,1,0,0,0,0,0,0,0,0,0,0,0,1,0,0,0,0,0,0,0,0,4,4,4,4,4,4,3,4,4,3,2,2,2,2,2,2,2,2,2,2,0,0,0,0,1,0,0,0,1,0,0,0,0,0,0,0,0,0,0,0
syn_aggregate_01878,21,1.0,3,3,3,3,2,3,3,2,1,0,0,0,0,0,0,0,0,4,0,4,4,4,4,4,3,3,4,4,2,0,1,1,0,1,0,0,1,0,0,4,4,4,4,4,4,4,4,4,4,1,1,0,1,0,1,1,0,1,2,3,4,4,3,4,4,4,4,4,4
syn_aggregate_01879,48,2.0,3,3,2,3,2,3,2,1,0,0,0,0,0,0,0,0,0,0,2,4,4,4,4,3,4,4,3,3,2,3,4,4,3,3,3,3,3,2,3,2,3,2,2,2,2,1,2,2,3,0,0,0,0,0,0,0,1,0,0,2,4,3,2,3,2,2,2,3,2
syn_aggregate_01880,19,2.0,3,3,3,3,2,3,2,1,1,1,2,1,0,1,1,1,1,1,0,4,4,4,4,3,4,3,3,3,3,2,3,3,2,2,2,3,2,2,2,4,4,4,4,4,4,4,3,4,4,1,1,1,1,1,1,1,1,0,1,3,4,4,4,4,4,4,4,4,4
syn_aggregate_01881,19,1.0,1,1,1,1,0,0,0,0,0,1,1,0,0,0,0,0,1,1,0,0,0,0,0,0,0,0,0,0,1,0,1,0,0,0,0,0,0,0,0,1,1,0,1,0,0,0,0,0,0,1,1,0,0,0,0,0,1,1,0,0,0,0,0,0,0,0,0,1,0
syn_aggregate_01882,30,2.0,0,1,0,0,0,0,0,0,0,0,1,0,0,0,0,0,0,0,0,0,0,0,0,0,0,0,1,0,0,0,0,0,0,0,4,0,0,0,0,2,2,1,2,1,1,1,1,1,1,0,0,0,0,0,0,0,0,0,0,1,3,3,2,3,2,2,3,2,2
syn_aggregate_01883,21,2.0,2,2,1,1,1,0,1,0,0,0,1,0,0,0,0,0,0,0,0,2,2,1,2,2,2,1,2,2,2,1,1,1,1,1,2,1,1,1,1,0,0,0,1,0,0,0,0,0,3,0,0,0,0,0,0,0,0,0,2,0,0,0,0,0,0,0,0,0,1
syn_aggregate_01884,18,2.0,3,3,2,3,2,2,1,0,0,1,1,1,0,1,1,0,1,1,0,3,3,2,3,3,2,2,3,2,3,1,1,1,1,1,1,1,1,0,0,4,4,4,4,4,4,4,3,3,4,1,1,1,0,0,1,1,1,1,0,0,4,4,3,4,3,3,3,3,3
syn_aggregate_01885,20,2.0,2,3,2,2,1,1,1,0,0,1,1,1,0,1,0,0,0,1,0,0,0,0,0,0,0,0,0,0,0,3,3,3,3,3,2,3,3,3,2,4,3,3,4,3,3,3,3,2,3,0,0,0,0,0,0,0,0,0,4,0,1,0,0,0,0,0,0,0,1
syn_aggregate_01886,19,2.0,0,0,0,2,0,0,0,0,0,0,0,1,0,0,0,0,0,1,0,0,0,0,0,0,0,0,0,3,0,1,3,2,2,2,2,2,3,2,2,2,2,2,2,2,2,1,2,1,3,0,0,0,0,0,0,0,0,0,3,0,1,0,0,1,0,0,0,0,0
syn_aggregate_01887,19,2.0,1,1,0,0,1,0,1,0,0,0,1,0,0,0,0,0,0,0,0,2,2,2,1,1,2,2,2,1,2,0,1,1,0,1,0,1,0,1,1,1,1,1,1,0,0,0,0,1,0,0,0,0,0,0,0,0,0,0,0,0,3,0,0,0,0,0,0,0,0
syn_aggregate_01888,22,2.0,2,3,1,2,0,0,0,0,0,0,0,0,0,2,0,0,0,0,0,0,0,0,0,0,0,0,0,0,2,1,3,2,2,2,2,2,1,1,1,1,1,0,1,0,0,0,0,1,0,0,0,0,0,0,0,0,0,0,0,0,2,1,0,2,1,1,1,1,0
syn_aggregate_01889,20,2.0,3,3,3,3,3,3,3,3,3,0,1,0,0,0,0,0,0,0,0,4,4,4,4,3,4,4,3,4,3,4,4,4,4,4,4,4,4,4,4,4,4,4,4,4,3,4,4,4,4,1,2,1,1,1,2,1,1,1,1,4,4,4,4,4,4,3,4,4,4
syn_aggregate_01890,22,2.0,3,3,2,3,2,2,1,1,1,0,0,1,0,0,0,0,1,0,0,2,3,2,3,2,3,2,2,2,2,1,2,2,2,2,1,2,2,1,1,4,4,4,4,4,4,4,4,3,3,1,1,1,1,1,2,1,1,1,1,2,4,4,3,4,4,4,4,4,4
syn_aggregate_01891,22,2.0,0,0,0,0,0,0,0,0,0,0,0,0,0,0,0,0,0,0,0,0,0,0,0,0,0,0,0,0,0,0,0,0,0,0,0,0,0,0,0,1,1,0,1,0,0,0,0,0,0,0,0,0,0,0,0,0,0,0,0,0,0,0,0,0,0,0,0,0,0
syn_aggregate_01892,19,1.0,1,1,1,1,0,0,0,0,0,0,0,0,0,0,0,0,0,0,3,3,3,2,3,2,3,2,2,2,2,0,1,1,0,1,0,1,1,0,0,3,2,2,3,2,2,1,2,2,2,0,0,0,0,0,2,0,0,0,0,1,3,3,1,3,2,2,3,2,3
syn_aggregate_01893,21,1.0,3,3,2,3,1,3,0,0,0,0,0,0,0,0,0,0,0,0,0,3,3,3,3,3,3,2,2,2,2,2,2,2,2,2,2,2,2,1,2,3,3,3,4,3,2,3,3,2,2,0,0,0,0,1,0,0,0,0,0,0,2,1,0,1,0,0,1,1,0
syn_aggregate_01894,34,2.0,3,3,2,3,0,1,1,0,0,0,1,0,0,0,0,0,0,0,0,1,1,1,0,0,1,1,0,0,1,0,1,1,1,1,1,1,1,1,1,3,3,3,3,2,2,2,2,2,2,0,0,0,0,0,0,0,0,0,1,0,2,2,0,2,2,1,2,2,1
syn_aggregate_01895,27,2.0,3,3,3,3,2,3,2,0,0,1,1,1,1,1,1,1,1,1,1,4,4,4,4,3,4,3,4,3,3,1,2,2,2,2,2,2,2,2,1,3,3,3,3,2,3,2,2,2,3,0,0,0,0,0,1,0,1,0,0,3,4,4,3,3,3,3,3,3,2
syn_aggregate_01896,36,2.0,1,0,1,1,0,0,0,0,0,0,0,0,0,0,0,0,0,0,0,1,1,1,1,2,1,1,1,1,1,0,0,0,0,0,0,1,0,0,1,0,0,0,0,0,0,0,4,0,0,0,0,0,0,0,0,0,0,0,0,0,0,0,0,0,0,0,0,0,3
syn_aggregate_01897,20,2.0,2,2,2,2,2,3,2,0,0,1,2,1,1,1,1,1,1,1,0,1,1,1,0,1,1,0,1,1,0,0,0,0,0,0,0,0,0,0,2,4,4,4,4,4,4,3,4,3,4,1,2,1,0,1,1,0,1,1,2,2,3,2,1,3,2,1,2,2,1
syn_aggregate_01898,18,2.0,0,0,0,0,0,0,0,0,0,0,0,0,0,0,0,0,0,0,0,0,1,0,1,1,1,2,1,2,2,0,0,0,0,0,0,0,0,3,0,1,0,0,1,0,0,0,0,0,1,0,0,0,0,0,0,0,0,0,1,0,0,0,0,1,0,0,0,0,0
syn_aggregate_01899,34,1.0,3,3,2,3,1,3,1,1,1,0,1,0,0,1,0,0,1,0,0,1,1,1,1,0,0,0,1,1,1,0,0,0,0,0,0,0,0,3,0,2,2,1,2,2,1,1,2,1,2,0,0,0,0,0,0,0,0,1,1,2,3,3,2,3,2,3,3,2,2
syn_aggregate_01900,18,2.0,2,2,1,2,1,1,1,1,0,1,1,1,1,0,1,0,0,0,0,2,2,1,2,1,2,1,1,1,1,2,3,3,3,3,3,3,3,2,1,1,2,1,1,1,0,0,0,0,0,1,1,1,0,0,1,0,0,1,0,0,0,0,0,1,0,0,0,0,0
syn_aggregate_01901,19,2.0,1,1,1,1,0,0,0,0,0,1,2,1,0,1,1,0,1,2,1,0,0,0,0,0,0,0,0,0,0,3,4,4,3,3,4,4,4,3,3,4,4,4,4,3,3,3,3,3,1,1,1,0,0,0,0,0,1,1,0,2,3,3,2,3,2,2,2,3,2
syn_aggregate_01902,38,2.0,3,3,2,3,2,2,1,1,1,0,2,1,0,1,1,0,1,1,4,1,1,0,1,0,1,0,0,0,0,1,2,2,1,2,1,2,1,1,1,1,1,1,1,0,1,1,0,2,1,0,0,0,0,0,0,0,0,0,2,0,2,2,0,1,0,2,1,1,0
syn_aggregate_01903,19,2.0,3,3,3,3,3,3,3,2,3,1,2,1,1,2,1,1,0,1,0,4,4,4,4,4,4,4,4,3,3,4,4,4,4,4,4,4,4,4,3,4,4,4,4,4,4,4,4,4,4,1,1,1,0,0,1,0,1,1,0,4,4,4,4,4,3,3,4,3,3
syn_aggregate_01904,49,2.0,3,3,2,2,1,2,2,1,0,0,0,0,0,0,0,0,0,0,4,0,0,0,0,0,0,0,0,0,1,4,4,4,4,4,4,4,4,3,4,2,2,2,2,1,1,1,1,1,1,0,0,0,0,0,0,0,0,4,0,3,4,4,2,3,3,3,4,3,3
syn_aggregate_01905,19,2.0,0,1,0,0,0,0,1,0,0,0,0,2,0,0,0,0,0,0,0,0,1,0,0,0,1,0,0,0,0,0,1,0,0,0,0,0,0,1,0,0,0,0,0,0,0,0,0,3,0,1,1,0,0,0,0,0,0,0,0,0,1,0,0,0,0,0,1,0,0
syn_aggregate_01906,21,1.0,2,2,1,2,0,1,0,0,0,0,0,0,0,0,0,0,0,0,1,4,4,4,3,4,4,3,4,3,3,3,4,4,3,3,4,4,3,2,0,4,4,4,4,3,4,4,3,3,4,0,0,0,0,0,0,0,1,0,3,0,1,1,0,1,0,0,0,0,0
syn_aggregate_01907,44,2.0,0,0,0,0,0,0,0,0,0,0,0,0,0,0,0,0,0,0,0,1,1,1,1,0,1,1,2,1,0,0,0,0,0,0,0,0,0,0,0,1,1,0,1,1,0,0,0,0,2,0,0,0,0,0,0,0,0,0,0,1,3,3,1,3,2,2,3,2,3
syn_aggregate_01908,19,2.0,3,3,3,3,2,3,3,2,3,0,1,0,0,2,0,0,0,0,0,2,2,1,1,1,1,1,1,1,2,1,2,1,1,1,1,1,1,1,1,4,4,3,4,3,3,3,2,3,3,0,0,0,0,0,0,0,0,4,0,2,3,2,1,2,2,1,2,2,1
syn_aggregate_01909,40,2.0,0,1,0,1,0,0,0,0,0,0,0,0,0,0,0,0,0,3,0,4,4,4,4,4,4,4,3,3,4,0,1,1,1,1,2,2,2,1,0,3,3,3,3,2,3,3,2,2,2,1,2,1,0,1,1,2,1,1,1,0,2,2,0,2,1,1,2,1,1
syn_aggregate_01910,36,1.0,3,3,2,3,2,1,0,0,1,1,2,1,0,1,2,1,0,1,0,3,3,3,3,3,3,3,2,2,2,3,4,4,3,3,3,3,3,2,2,2,2,1,2,2,1,1,1,1,1,0,0,0,0,0,0,0,3,0,0,2,3,3,2,3,2,2,3,2,3
syn_aggregate_01911,18,2.0,3,3,2,3,2,3,2,0,0,0,0,0,0,0,0,0,3,0,0,0,0,0,0,0,0,0,2,0,0,3,4,4,4,4,4,4,3,3,4,3,3,2,3,3,2,2,2,2,3,0,0,0,0,0,0,0,0,0,3,2,3,3,3,3,3,3,4,3,3
syn_aggregate_01912,30,2.0,3,3,1,2,1,2,1,0,1,1,1,1,0,1,0,0,0,0,0,3,4,3,3,2,4,3,2,2,3,2,3,3,2,2,2,2,2,2,2,4,3,3,4,3,3,3,3,2,2,0,0,0,0,1,0,1,0,0,0,1,3,2,1,2,1,2,2,2,0
syn_aggregate_01913,28,2.0,3,3,3,3,3,3,3,2,1,0,0,0,0,0,0,0,4,0,0,2,3,2,2,2,2,2,2,2,1,2,3,2,2,3,1,2,2,2,2,0,0,0,0,1,0,0,1,0,1,0,0,0,0,0,1,0,0,0,0,0,1,0,0,0,0,0,0,0,1
syn_aggregate_01914,45,1.0,0,0,0,0,0,0,0,0,0,0,0,0,0,1,0,0,0,0,0,0,1,0,0,0,0,0,0,0,0,0,0,0,0,0,0,0,0,0,0,3,3,3,2,2,3,2,3,2,3,0,0,0,0,0,0,0,0,0,0,1,3,2,1,2,1,2,2,2,4
syn_aggregate_01915,31,2.0,2,2,2,2,1,2,2,1,0,0,0,0,0,0,0,0,0,0,0,0,0,0,0,0,0,0,0,0,4,2,3,3,3,2,3,2,3,2,2,4,4,4,4,4,3,3,3,3,2,0,0,0,0,0,0,0,0,0,3,0,0,0,0,0,0,0,2,0,0
syn_aggregate_01916,41,2.0,2,2,1,1,0,1,0,0,0,0,1,0,0,0,0,0,0,0,0,2,3,2,2,2,2,2,2,1,2,3,4,4,4,3,3,3,3,3,3,2,1,1,2,1,1,0,1,0,0,0,0,0,0,0,0,0,0,0,3,0,0,0,0,0,0,0,2,0,0
syn_aggregate_01917,21,2.0,1,2,1,1,0,0,1,0,0,0,0,0,0,0,0,0,0,0,3,3,3,2,3,2,2,2,2,3,2,1,2,2,1,2,2,1,2,1,1,1,1,1,1,1,1,1,1,1,0,0,0,0,0,0,0,0,0,0,1,0,1,0,0,0,0,0,0,0,0
syn_aggregate_01918,19,2.0,2,2,1,1,1,1,0,0,0,0,0,0,0,0,0,0,0,0,0,0,0,0,0,0,2,0,0,1,1,2,3,3,2,3,2,2,2,2,2,2,1,1,2,1,0,1,1,2,1,1,1,0,0,0,0,0,0,0,0,0,2,2,1,2,1,1,1,2,3
syn_aggregate_01919,22,1.0,3,3,3,3,2,3,3,2,2,0,0,0,0,0,0,0,0,1,0,1,2,1,1,1,2,1,1,1,1,4,4,4,3,4,4,4,3,3,2,2,1,1,2,1,2,1,1,1,2,0,0,0,0,0,1,0,2,0,0,2,3,3,2,3,2,3,3,2,3
syn_aggregate_01920,40,2.0,1,1,1,1,1,1,0,0,0,0,0,0,0,0,0,0,0,0,0,0,0,0,0,0,0,0,1,1,0,0,0,0,0,0,0,0,0,0,4,0,0,0,0,0,0,0,0,0,0,0,0,0,0,0,0,0,0,0,0,0,1,1,0,1,0,0,1,1,0
syn_aggregate_01921,20,2.0,3,3,2,3,2,3,2,0,0,0,0,0,0,0,0,0,0,0,4,4,4,3,4,3,4,3,3,3,1,1,1,1,1,1,1,1,1,1,1,4,4,3,3,3,4,3,3,3,3,0,0,0,0,0,0,0,0,0,4,2,4,4,2,4,3,3,4,3,1
syn_aggregate_01922,19,2.0,3,3,2,2,1,1,1,0,0,0,0,0,0,0,0,0,0,3,0,4,4,4,4,3,4,4,3,3,4,2,3,3,2,2,2,2,2,1,2,3,3,3,3,3,2,2,2,3,3,0,0,1,0,0,0,0,0,0,0,2,3,3,2,3,3,2,3,2,1
syn_aggregate_01923,22,2.0,3,3,2,2,1,2,1,0,0,1,1,1,0,1,1,0,1,1,1,0,0,0,0,0,0,0,0,0,3,1,1,1,1,1,0,1,1,1,1,3,3,3,3,3,2,2,3,2,3,1,1,1,1,1,0,0,1,1,1,2,4,3,2,4,2,2,3,3,3
syn_aggregate_01924,21,2.0,2,2,1,1,1,1,1,0,0,1,1,1,0,1,0,0,1,0,1,2,3,2,3,2,4,3,2,2,1,3,4,4,3,4,4,3,3,3,2,3,3,3,3,2,2,2,2,2,2,0,0,0,0,0,0,0,0,4,0,1,4,4,2,3,3,2,3,3,1
syn_aggregate_01925,19,2.0,3,2,1,2,1,1,1,0,0,1,1,1,0,1,1,0,0,1,0,2,2,2,2,1,2,1,1,2,1,2,2,2,2,2,2,2,2,2,2,4,4,4,4,3,4,3,3,3,3,2,2,2,2,2,3,2,2,2,2,2,4,4,3,4,3,3,3,3,2
syn_aggregate_01926,20,2.0,2,3,2,2,1,1,1,0,0,0,1,0,0,0,0,0,0,2,0,1,1,0,1,0,1,1,0,0,0,3,3,3,3,3,2,2,2,2,2,2,1,1,2,1,0,1,0,0,0,1,2,1,1,1,2,1,1,0,2,0,2,1,0,1,0,0,1,1,0
syn_aggregate_01927,50,1.0,0,1,1,2,0,0,0,0,0,0,0,0,0,0,0,0,1,0,0,0,0,0,0,0,0,0,0,0,4,0,0,0,0,0,0,0,0,0,4,1,1,1,1,0,0,0,1,0,0,0,0,0,0,0,0,0,0,0,3,0,1,0,0,0,0,0,0,0,2
syn_aggregate_01928,26,2.0,1,2,1,1,1,1,1,0,0,0,0,0,0,0,0,0,0,0,0,0,0,0,0,0,0,0,0,0,1,0,0,0,0,0,0,0,0,0,4,3,3,2,3,2,2,2,2,1,2,0,0,0,0,0,0,0,0,0,0,0,2,0,0,0,0,0,0,0,0
syn_aggregate_01929,18,1.0,3,3,3,3,2,3,2,0,0,0,0,0,0,0,0,0,0,0,2,1,1,1,1,1,1,1,1,1,1,3,4,3,3,3,3,3,3,2,2,0,0,0,0,0,0,0,0,0,4,1,1,1,0,1,1,0,0,1,0,1,4,3,2,4,2,2,3,2,1
syn_aggregate_01930,21,1.0,3,3,3,3,3,3,3,3,0,0,1,0,0,0,0,0,0,0,0,3,3,2,3,2,3,2,2,2,2,4,4,4,4,4,3,4,4,3,4,4,4,4,4,4,3,4,3,4,3,0,0,0,0,0,0,0,0,1,0,1,3,3,1,3,2,2,3,2,2
syn_aggregate_01931,18,2.0,3,3,2,3,1,2,1,0,0,1,1,1,0,0,0,0,0,0,0,2,2,2,1,2,2,2,2,1,1,3,3,3,3,3,3,3,3,2,3,2,2,2,2,1,2,1,1,2,2,0,1,1,0,2,1,1,1,1,1,4,4,4,4,4,4,4,4,4,3
syn_aggregate_01932,20,2.0,3,3,2,2,2,2,1,0,0,0,0,0,0,0,0,0,0,0,0,0,0,0,0,0,0,0,0,0,3,0,1,1,0,0,0,0,1,1,0,3,3,2,3,2,2,2,1,2,2,1,1,1,1,1,2,2,1,0,1,3,4,3,2,3,2,3,3,3,2
syn_aggregate_01933,20,2.0,3,3,3,3,2,2,2,1,0,0,1,0,0,1,0,0,1,0,0,4,4,4,4,4,4,4,4,4,3,2,3,2,2,2,2,2,2,2,2,4,4,4,4,4,4,4,4,4,4,0,0,1,0,0,0,0,1,0,0,4,4,4,4,4,4,4,4,4,4
syn_aggregate_01934,22,2.0,3,3,2,3,2,3,2,0,0,0,1,0,0,1,0,0,1,0,0,3,3,3,3,2,3,3,2,2,2,3,4,4,3,3,3,4,3,3,3,4,4,4,4,4,4,4,4,4,2,1,1,1,0,1,1,0,1,1,1,4,4,4,4,4,4,4,4,4,3
syn_aggregate_01935,20,2.0,1,1,1,1,0,0,1,0,0,0,0,0,0,0,0,0,0,0,0,0,0,0,0,0,0,0,0,1,0,1,2,1,1,2,1,1,1,1,1,2,2,1,2,2,2,2,1,2,1,0,0,0,0,0,0,0,0,0,3,0,0,0,0,0,0,0,0,0,3
syn_aggregate_01936,19,2.0,0,0,0,0,0,0,0,0,0,0,0,0,0,0,0,4,0,0,0,4,4,4,4,3,3,3,3,3,3,2,3,3,2,2,2,2,2,2,2,1,0,0,1,0,0,0,0,0,0,0,0,0,0,0,0,0,0,0,0,0,0,0,0,0,0,0,0,0,0
syn_aggregate_01937,20,2.0,2,2,1,1,0,1,0,0,0,0,0,0,0,0,0,0,0,0,1,0,0,0,0,0,0,0,0,0,2,0,1,0,1,1,1,1,1,0,0,0,0,0,0,0,0,0,0,0,0,1,1,1,1,1,2,2,1,1,1,1,3,2,1,2,2,2,3,2,2
syn_aggregate_01938,18,1.0,1,2,1,2,1,1,0,0,0,1,1,2,1,1,1,2,1,1,1,3,3,3,3,2,3,3,2,3,3,3,4,3,3,3,2,3,2,2,1,4,4,4,4,3,4,4,3,4,2,1,1,1,1,1,2,2,0,0,1,0,2,2,1,2,1,1,2,1,3
syn_aggregate_01939,22,1.0,3,3,2,2,1,2,2,0,0,1,2,1,1,2,1,1,1,1,2,4,4,4,4,4,4,4,4,3,4,4,4,4,4,4,4,4,4,4,4,4,4,4,4,4,4,4,4,4,4,1,1,1,1,1,1,1,1,1,1,1,2,2,1,2,2,1,2,2,4
syn_aggregate_01940,18,1.0,3,3,1,1,0,1,1,0,0,0,0,0,0,0,0,0,0,0,2,1,2,1,2,1,1,1,0,1,2,3,3,3,3,3,2,3,3,2,2,2,1,1,2,0,1,0,0,1,1,0,0,0,0,0,0,0,0,2,0,0,3,3,1,2,2,1,2,2,2
syn_aggregate_01941,21,2.0,1,2,1,1,0,0,0,0,0,0,1,0,0,0,0,0,0,0,0,4,4,3,4,4,3,3,4,3,3,3,4,4,3,4,3,3,3,3,2,2,2,2,2,2,1,1,1,1,1,0,0,0,0,0,0,0,0,0,1,0,2,2,0,2,1,1,1,1,0
syn_aggregate_01942,20,2.0,0,0,0,1,0,0,0,0,0,0,1,0,0,0,0,0,0,0,0,3,3,2,3,2,2,2,3,2,1,1,2,2,1,1,1,1,1,1,1,2,2,2,2,1,1,1,1,1,2,0,0,0,0,0,0,0,2,0,0,0,0,0,0,0,0,0,0,1,1
syn_aggregate_01943,21,2.0,3,3,3,3,3,3,3,3,1,1,2,1,1,1,1,0,1,1,1,4,4,4,4,3,4,3,3,4,3,4,4,4,4,3,4,4,4,4,3,2,1,1,2,1,1,0,1,1,1,1,2,1,1,1,1,1,1,1,2,4,4,4,4,4,4,4,4,4,4
syn_aggregate_01944,22,2.0,3,3,3,3,3,3,3,3,2,1,1,1,0,1,1,0,1,1,0,4,4,4,4,4,4,4,4,3,4,4,4,4,4,4,4,4,4,3,3,4,4,4,4,4,4,4,4,3,3,1,1,1,1,1,1,1,1,1,1,3,4,4,3,4,4,4,4,4,4
syn_aggregate_01945,19,2.0,1,2,1,2,1,1,1,0,0,0,0,0,0,0,0,0,0,0,4,0,0,0,0,0,1,1,0,0,0,1,1,1,1,1,1,1,1,1,1,1,1,1,1,1,0,0,0,0,0,0,0,0,2,0,0,0,0,0,0,0,0,0,0,0,0,0,0,0,2
syn_aggregate_01946,20,2.0,3,3,2,3,2,3,3,0,1,2,3,2,2,3,2,1,2,2,0,3,3,3,3,2,3,3,2,3,2,3,4,4,3,4,3,4,3,3,3,4,4,4,4,3,4,4,3,3,3,0,0,0,0,0,0,0,0,0,4,3,4,4,3,4,4,4,4,4,4
syn_aggregate_01947,28,2.0,2,1,1,1,0,0,0,0,0,0,0,0,0,0,0,0,0,1,0,3,4,3,4,3,3,2,2,2,2,0,0,0,0,0,0,0,0,0,3,2,1,1,2,1,1,0,1,1,1,0,0,0,0,0,0,0,2,0,0,0,1,1,0,1,0,0,1,0,0
syn_aggregate_01948,20,2.0,2,2,1,2,0,0,0,0,0,0,0,0,0,0,0,0,0,0,0,1,1,0,1,0,1,0,1,0,0,0,0,0,0,0,0,0,0,0,0,2,1,1,2,0,2,0,1,1,1,0,0,0,0,0,0,0,0,0,0,0,0,0,0,2,0,0,0,0,0
syn_aggregate_01949,20,2.0,0,0,0,1,0,0,0,0,0,0,0,0,0,0,0,0,0,0,0,0,0,0,0,0,1,0,0,0,0,0,0,0,0,0,0,0,0,0,0,0,0,0,0,0,0,0,0,0,0,0,0,0,0,0,0,0,0,0,0,0,0,0,0,0,0,0,0,0,0
syn_aggregate_01950,37,2.0,3,3,2,3,3,3,1,1,1,2,3,2,1,2,2,1,1,2,2,4,4,4,4,3,4,4,4,4,4,4,4,4,4,4,4,4,4,3,3,4,4,4,4,3,4,3,4,3,2,0,0,0,0,0,1,1,1,1,0,1,3,2,1,3,2,1,2,2,1
syn_aggregate_01951,20,2.0,3,3,3,3,3,3,2,1,1,0,1,0,0,0,0,0,0,1,0,4,4,4,4,4,4,4,3,3,2,4,4,4,4,4,4,4,4,3,3,4,4,4,4,3,3,3,3,3,2,0,0,0,0,0,0,0,0,0,4,4,4,4,3,4,4,4,4,4,3
syn_aggregate_01952,22,2.0,2,2,1,1,1,1,0,0,0,0,0,0,0,0,0,0,0,0,4,0,0,0,0,0,0,0,2,0,0,1,1,1,0,1,0,1,1,0,0,3,2,2,3,2,2,2,2,2,2,0,1,0,0,0,0,0,0,1,0,0,1,1,0,1,0,0,1,0,0
syn_aggregate_01953,20,1.0,1,1,0,1,0,0,1,0,1,0,0,1,0,0,0,0,0,0,0,0,0,0,0,0,0,0,3,0,0,0,1,1,0,0,0,0,0,0,0,0,0,0,0,0,0,0,0,0,0,0,0,0,0,0,0,0,0,0,4,0,0,0,0,0,2,0,0,0,0
syn_aggregate_01954,19,1.0,1,2,1,1,0,1,1,0,0,0,0,0,0,0,0,0,0,0,0,0,0,0,0,0,1,0,0,2,1,0,1,0,0,0,0,0,0,0,0,1,0,0,0,0,0,0,0,0,0,0,0,0,0,0,0,0,0,0,0,0,1,1,0,1,0,0,0,0,0
syn_aggregate_01955,21,2.0,2,3,1,2,1,2,0,0,0,0,0,0,0,0,0,0,0,0,0,1,2,1,1,1,2,1,0,1,2,4,4,4,3,3,4,4,3,4,3,3,3,2,3,2,2,2,2,2,1,1,1,1,1,0,0,1,0,2,0,0,1,0,0,0,0,0,0,0,0
syn_aggregate_01956,19,2.0,3,3,2,3,2,1,1,1,1,0,0,0,0,0,0,0,0,0,4,0,0,0,0,0,0,0,0,2,0,0,0,0,0,0,0,0,0,0,0,0,0,0,1,0,0,0,0,1,0,0,0,0,0,0,0,1,0,0,2,0,2,2,0,2,1,1,1,1,2
syn_aggregate_01957,27,2.0,3,2,2,1,1,1,0,0,0,0,1,0,0,0,1,0,0,0,0,0,0,0,0,0,0,0,0,0,0,1,2,2,1,1,1,2,1,1,1,3,3,3,3,2,3,2,2,2,2,1,1,1,1,1,1,1,1,0,0,0,0,0,0,0,0,0,0,0,1
syn_aggregate_01958,19,2.0,0,1,1,0,0,0,0,0,0,0,0,0,0,0,0,0,0,1,0,0,0,0,0,0,0,0,0,1,0,1,2,1,1,1,1,1,1,1,1,1,0,0,1,0,0,0,0,0,0,0,0,0,0,1,0,0,3,0,0,0,1,1,0,1,0,0,0,1,0
syn_aggregate_01959,22,2.0,2,2,1,2,1,1,1,0,1,1,2,1,0,2,1,0,1,1,1,1,1,1,1,1,2,0,0,0,0,0,2,2,1,1,1,1,1,1,1,3,3,3,3,2,3,2,2,3,2,0,0,0,0,0,0,0,0,0,3,0,1,1,0,1,0,0,0,0,0
syn_aggregate_01960,21,2.0,3,3,3,3,3,3,3,3,3,2,1,1,1,1,1,1,1,0,0,3,3,3,3,3,3,3,3,3,4,4,4,4,4,4,4,4,4,3,4,1,0,0,1,0,0,0,0,1,0,1,2,1,1,1,1,2,1,1,1,3,4,4,3,4,4,4,4,3,4
syn_aggregate_01961,19,2.0,3,3,3,3,3,3,3,0,2,2,2,2,1,2,2,2,1,2,3,3,3,3,3,2,3,3,2,2,3,1,2,2,1,2,1,2,1,1,1,4,4,4,4,4,3,4,4,3,4,1,1,1,1,1,2,1,1,1,1,4,4,4,3,4,3,4,4,3,4
syn_aggregate_01962,27,2.0,3,3,3,3,3,3,3,3,3,1,2,2,1,2,1,1,1,1,1,4,4,4,4,3,4,3,3,3,3,3,4,4,4,4,3,4,3,3,2,4,4,4,4,4,4,3,4,3,3,2,2,3,2,2,2,2,3,2,2,4,4,4,4,4,4,4,4,4,4
syn_aggregate_01963,19,2.0,3,3,3,3,2,3,2,2,0,0,1,0,0,0,0,0,0,1,0,4,4,4,4,3,4,4,4,4,3,2,4,3,2,2,3,3,3,3,1,4,4,4,4,4,4,4,4,4,4,1,1,0,1,0,0,1,0,1,1,1,3,3,1,3,2,2,3,3,3
syn_aggregate_01964,20,2.0,3,3,3,3,2,3,2,2,1,1,1,1,0,0,0,0,1,0,0,4,4,4,4,4,4,3,3,4,2,1,3,2,2,2,2,2,2,2,2,3,3,2,3,2,2,2,2,2,2,1,1,1,1,0,1,0,0,0,0,1,3,2,1,3,2,2,2,2,1
syn_aggregate_01965,18,2.0,1,2,1,1,0,0,1,1,0,1,1,1,0,1,1,0,1,0,0,4,4,4,4,4,4,3,4,3,3,4,4,4,3,3,4,4,3,3,3,1,1,0,1,1,0,0,0,0,0,0,0,0,0,0,0,0,0,0,2,0,2,2,1,2,1,2,2,1,3
syn_aggregate_01966,22,1.0,2,2,1,2,1,1,1,0,0,2,2,2,2,2,1,2,2,1,3,1,1,1,1,1,1,1,1,1,1,1,1,2,1,1,1,1,1,1,1,4,4,3,4,3,3,3,3,3,3,1,1,1,0,0,2,2,1,1,2,4,4,4,4,4,3,3,4,3,2
syn_aggregate_01967,22,1.0,2,2,1,1,1,1,0,0,0,0,0,0,0,0,0,0,0,0,0,2,2,1,2,1,1,2,1,1,1,2,3,3,2,3,2,3,3,2,1,0,0,0,0,0,0,2,0,0,0,0,0,0,0,0,0,0,0,0,3,1,3,2,1,2,2,1,2,2,1
syn_aggregate_01968,18,2.0,2,2,2,2,1,1,2,1,0,1,1,1,0,1,0,0,0,0,0,2,3,2,2,2,2,2,2,2,2,1,3,2,2,2,2,2,2,2,2,4,4,4,4,3,3,3,3,3,0,0,0,0,0,0,0,0,0,0,1,1,3,3,2,4,3,3,3,3,2
syn_aggregate_01969,18,1.0,2,3,1,2,1,1,0,0,0,0,0,1,0,0,0,0,0,0,1,1,1,1,0,0,1,0,0,0,0,4,4,4,4,3,3,4,3,3,3,2,1,1,2,1,0,0,0,0,0,0,0,0,0,0,0,0,0,2,0,4,4,4,4,4,4,4,4,4,3
syn_aggregate_01970,20,2.0,3,3,3,3,3,3,3,2,1,1,1,1,1,1,1,2,1,0,0,4,4,4,4,3,4,4,4,3,3,0,2,1,1,1,1,2,2,1,1,3,3,3,3,3,3,2,2,3,2,0,1,1,0,0,1,0,0,0,1,4,4,4,4,4,4,3,4,4,3
syn_aggregate_01971,20,1.0,3,3,2,2,2,2,1,0,1,0,0,0,0,0,0,0,0,1,1,2,2,2,2,1,2,2,2,2,2,3,4,4,3,3,4,4,3,3,3,1,1,1,1,1,1,1,1,1,1,0,0,0,0,0,0,0,0,0,4,2,4,3,3,4,3,3,3,3,3
syn_aggregate_01972,20,1.0,3,3,3,3,3,3,3,3,3,1,1,1,0,1,0,0,0,1,0,3,4,3,3,3,3,3,3,3,3,4,4,4,4,4,3,4,4,3,3,4,4,4,4,4,3,4,4,4,3,0,0,0,0,0,0,0,0,0,3,0,2,1,0,1,1,0,1,1,0
syn_aggregate_01973,22,2.0,1,1,1,0,0,0,0,0,0,0,2,0,0,0,0,0,0,0,0,3,3,3,4,3,3,2,2,2,3,0,0,0,0,0,0,0,4,0,0,0,0,0,0,0,1,0,0,0,0,0,2,0,0,0,0,0,0,0,0,0,0,0,0,0,0,0,0,0,0
syn_aggregate_01974,50,1.0,2,1,1,1,0,0,0,0,0,0,0,0,0,0,0,0,0,1,0,0,0,0,0,0,0,0,0,0,0,0,0,0,0,0,0,0,0,0,0,0,0,0,0,0,0,0,0,1,0,0,0,0,0,0,0,0,0,0,0,0,0,0,0,0,0,0,0,2,0
syn_aggregate_01975,22,2.0,1,1,1,2,1,0,0,0,0,0,0,0,0,0,0,0,0,0,3,0,1,0,0,0,0,0,0,0,0,0,0,0,0,0,0,0,0,0,0,1,1,1,1,0,1,1,1,0,0,0,0,0,0,0,1,0,0,0,0,0,2,2,1,2,1,1,1,1,1
syn_aggregate_01976,41,1.0,1,1,1,1,0,0,1,0,0,0,1,0,0,0,0,0,0,0,0,1,1,0,1,0,1,2,1,1,0,0,0,1,0,0,0,0,1,0,0,0,0,0,0,0,0,0,0,1,0,0,0,0,0,0,0,0,0,0,1,0,2,1,0,1,1,0,1,1,0
syn_aggregate_01977,34,1.0,3,3,3,3,3,3,3,3,2,1,2,2,0,1,2,0,1,1,0,3,3,2,2,2,2,2,2,1,1,2,3,2,2,3,2,2,3,1,3,4,4,4,4,3,4,4,4,3,3,0,0,0,0,0,0,0,0,0,3,0,1,1,0,1,0,0,1,1,0
syn_aggregate_01978,21,1.0,3,2,0,1,0,1,1,0,1,0,0,0,0,0,0,0,0,0,2,3,3,3,3,2,3,3,2,2,3,2,2,2,2,2,1,1,2,1,1,3,2,2,3,2,2,2,2,2,2,0,1,0,0,0,1,0,0,0,0,1,2,2,1,2,1,1,2,2,2
syn_aggregate_01979,19,2.0,3,3,2,2,0,0,0,0,0,0,0,0,2,0,0,0,0,0,0,2,3,2,3,2,3,2,2,2,3,3,4,4,4,4,4,4,4,4,2,1,1,1,1,0,0,0,0,1,1,0,0,0,0,0,0,0,1,0,0,0,2,1,0,1,0,0,1,1,0
syn_aggregate_01980,19,1.0,0,1,0,1,0,0,0,0,0,0,0,0,0,0,0,0,0,0,2,2,2,1,2,1,2,1,1,1,1,4,4,4,4,4,4,4,4,3,3,4,4,4,4,3,4,3,4,3,2,1,2,1,1,1,2,1,1,1,1,2,3,3,2,3,2,2,3,2,3
syn_aggregate_01981,19,1.0,1,2,2,2,1,1,0,0,0,1,2,1,1,1,1,0,1,0,0,4,4,4,4,3,3,3,4,3,1,4,4,4,4,4,4,4,4,3,3,2,2,2,3,1,1,1,0,2,0,1,1,1,0,0,1,1,0,0,0,4,4,4,4,4,3,4,4,3,2
syn_aggregate_01982,19,2.0,3,3,2,2,1,2,1,1,0,0,0,0,0,0,0,0,0,0,0,3,3,2,3,2,2,3,2,2,2,0,0,0,0,0,0,0,0,1,3,0,0,0,0,0,1,0,0,0,0,0,0,0,0,0,0,0,0,0,1,1,3,3,2,3,2,2,2,3,0
syn_aggregate_01983,20,1.0,3,3,3,3,2,2,2,1,0,1,2,1,1,1,1,1,1,1,2,4,4,4,4,4,4,4,3,3,3,3,4,4,3,4,4,4,4,4,3,3,3,2,2,2,3,2,2,2,3,1,1,1,1,1,1,1,0,1,1,4,4,4,3,4,4,4,4,4,3
syn_aggregate_01984,37,1.0,3,3,2,3,2,2,2,1,1,1,2,2,0,1,1,1,1,2,1,4,4,4,4,4,4,4,4,4,3,2,3,3,2,3,2,2,2,2,2,3,3,3,3,2,3,2,3,3,2,1,1,1,0,0,1,1,0,0,0,1,3,2,1,2,2,1,2,1,2
syn_aggregate_01985,22,2.0,2,2,1,2,1,0,1,0,0,0,0,0,0,0,0,0,0,0,2,1,1,1,1,1,1,1,0,1,1,0,1,0,0,0,0,0,2,0,0,3,4,3,4,3,3,2,3,3,3,0,1,0,0,0,1,0,0,0,0,4,4,4,4,4,4,4,4,3,2
syn_aggregate_01986,22,2.0,3,3,2,2,2,1,1,0,1,1,2,1,1,1,1,1,1,1,1,4,4,4,4,3,3,3,4,3,3,1,1,1,0,1,1,1,1,0,0,3,3,3,3,3,3,2,2,2,3,1,1,1,1,1,1,0,0,0,0,0,2,1,0,1,1,0,1,2,0
syn_aggregate_01987,19,1.0,2,2,2,2,1,1,0,0,0,1,1,1,0,1,1,0,0,0,0,3,3,2,3,3,2,3,2,2,2,0,0,0,0,0,0,0,2,0,0,4,4,4,4,3,4,3,4,4,3,0,0,0,0,0,0,0,0,0,2,2,3,3,2,3,3,3,3,3,2
syn_aggregate_01988,21,2.0,0,0,1,1,0,0,1,0,0,0,0,0,0,0,0,0,0,1,0,0,0,0,0,0,0,0,0,1,0,0,0,0,0,0,0,0,0,2,0,1,1,0,1,0,0,0,0,1,1,0,0,0,0,0,0,0,0,0,2,0,1,0,0,0,0,0,0,0,0
syn_aggregate_01989,19,2.0,3,3,3,3,2,3,3,2,1,1,1,1,1,0,1,0,1,1,0,1,1,1,1,1,1,0,0,0,1,4,4,4,4,4,4,4,4,4,2,4,4,4,4,4,3,3,4,3,4,1,2,1,0,1,2,1,1,1,2,3,4,4,3,4,4,3,4,4,3
syn_aggregate_01990,50,2.0,1,0,0,0,0,0,0,0,0,0,0,0,0,0,0,0,0,0,3,3,3,3,3,2,3,3,2,3,2,2,3,3,3,3,2,2,3,2,2,4,4,4,4,3,4,4,3,4,3,0,0,0,0,0,1,0,0,0,0,1,3,2,1,2,2,2,2,1,2
syn_aggregate_01991,19,2.0,1,2,0,1,0,0,1,0,1,0,0,0,0,0,0,0,0,0,0,4,4,4,4,4,4,4,3,3,4,0,0,0,0,0,0,0,0,0,4,1,0,0,1,0,0,0,0,0,0,0,0,0,0,0,0,0,0,1,0,0,0,0,0,0,0,0,0,0,0
syn_aggregate_01992,20,1.0,2,2,2,2,2,2,2,1,0,0,0,0,0,0,2,0,0,0,0,1,1,1,1,0,1,0,1,1,1,3,3,3,3,3,2,3,2,2,2,3,4,3,4,3,3,3,3,2,3,0,0,0,0,0,1,0,0,0,0,3,4,3,3,3,2,2,3,2,2
syn_aggregate_01993,19,2.0,2,2,1,2,0,2,1,0,0,1,2,1,1,1,1,1,1,1,1,2,3,2,2,2,3,2,2,2,2,4,4,4,4,3,4,4,4,3,3,4,3,3,3,3,3,2,3,3,2,0,1,0,0,0,1,0,0,0,0,3,4,4,3,4,3,3,3,3,2
syn_aggregate_01994,21,2.0,3,3,2,2,1,2,1,1,1,0,0,0,0,0,0,0,0,0,1,1,2,1,1,0,2,1,1,0,1,1,3,2,2,2,2,2,3,1,2,0,0,0,0,0,1,0,0,0,0,0,0,0,0,0,0,0,0,0,1,0,2,1,0,1,1,1,1,1,0
syn_aggregate_01995,22,2.0,3,3,2,3,2,2,2,1,0,2,2,2,2,2,1,2,2,1,2,3,3,3,3,2,3,3,3,3,4,2,3,3,2,2,2,2,3,2,2,3,3,3,3,2,2,2,2,2,2,1,1,1,1,0,1,1,0,1,1,3,4,4,2,4,3,3,3,3,0
syn_aggregate_01996,37,2.0,0,2,0,0,0,0,0,0,0,0,0,0,0,0,0,0,0,1,0,3,4,3,3,2,3,3,2,3,1,1,2,2,2,2,1,2,2,0,1,2,2,2,2,1,1,0,1,1,1,0,0,1,0,0,1,0,0,0,1,0,0,0,0,4,0,0,0,0,0
syn_aggregate_01997,20,1.0,3,3,2,3,0,0,0,0,2,0,0,0,0,0,0,0,0,0,0,2,2,2,2,2,1,2,2,2,2,0,1,1,0,1,0,1,1,0,1,2,2,1,2,1,1,1,0,0,0,0,0,0,0,0,0,0,0,0,0,0,0,0,0,0,0,0,0,0,4
syn_aggregate_01998,28,1.0,2,2,1,1,1,1,1,0,0,0,0,0,0,0,0,0,0,0,3,0,0,0,0,0,0,0,0,0,0,2,3,3,2,2,2,2,3,1,2,2,2,2,2,1,1,1,1,1,2,0,0,0,0,0,0,0,0,0,3,0,1,1,1,2,1,0,1,0,0
syn_aggregate_01999,22,2.0,3,3,2,3,2,1,0,0,0,0,0,0,0,0,0,0,0,0,0,4,4,4,4,4,4,4,3,3,3,2,2,3,2,2,1,2,2,2,2,1,0,0,1,0,0,0,1,0,1,1,1,0,1,0,1,0,0,0,2,2,4,4,2,3,3,3,3,3,3
syn_aggregate_02000,19,2.0,3,3,2,2,1,1,1,0,0,0,0,0,0,0,0,0,0,0,1,2,2,1,2,1,2,1,1,2,2,0,2,1,1,1,1,1,1,1,0,3,3,3,3,3,3,2,3,3,3,0,0,0,0,0,0,0,0,0,2,3,4,4,3,4,3,3,4,3,3
syn_aggregate_02001,44,2.0,3,3,3,3,3,3,3,3,3,1,1,0,0,0,0,0,0,0,0,4,4,4,4,4,4,3,3,3,3,4,4,4,4,4,4,4,4,4,3,4,4,4,4,4,4,3,3,4,3,0,0,0,0,0,0,0,0,0,3,3,4,4,3,4,4,4,4,4,4
syn_aggregate_02002,28,1.0,3,3,3,3,3,3,3,2,2,3,4,3,3,3,3,2,3,3,3,4,4,4,4,4,4,3,4,4,4,3,4,4,4,4,4,4,4,4,3,4,4,4,4,4,4,4,3,3,3,1,1,1,0,1,1,0,1,0,1,4,4,4,4,4,4,3,4,4,4
syn_aggregate_02003,28,1.0,2,2,2,2,1,1,1,0,1,0,0,0,0,0,0,0,0,0,4,1,1,1,1,1,1,1,1,0,0,2,2,2,2,1,2,1,2,1,2,2,2,1,2,2,2,1,1,1,2,0,0,0,0,0,0,0,0,0,0,2,3,3,2,3,2,3,3,2,3
syn_aggregate_02004,20,2.0,2,2,1,1,1,1,0,0,0,1,1,0,0,0,0,0,0,0,0,0,1,0,0,1,0,0,1,0,0,1,1,1,1,1,0,1,1,1,0,2,2,1,2,2,1,1,1,1,1,1,1,1,0,1,1,0,1,1,1,2,3,2,2,3,2,1,2,2,2
syn_aggregate_02005,20,1.0,3,3,3,3,2,3,2,0,0,2,2,1,1,2,1,2,1,2,0,4,4,4,4,4,4,4,4,4,4,4,4,4,4,4,4,4,4,4,4,4,4,4,4,3,4,3,3,3,3,0,0,0,0,0,1,0,0,0,0,3,4,4,3,4,4,3,4,3,4
syn_aggregate_02006,20,2.0,2,2,2,2,1,1,0,0,1,0,0,0,0,0,0,0,0,0,4,4,4,4,4,4,4,4,4,4,4,4,4,4,4,4,4,4,4,4,3,3,3,3,3,3,3,3,2,3,3,1,2,1,1,1,2,1,1,1,1,3,4,4,3,4,3,3,3,3,3
syn_aggregate_02007,18,2.0,3,3,3,3,2,2,1,0,0,0,0,0,0,0,0,0,4,0,0,3,3,2,2,2,2,2,3,1,2,4,4,4,4,4,4,4,4,3,3,0,0,0,0,0,0,0,0,0,1,0,0,0,0,0,0,0,0,1,0,1,3,3,2,3,2,2,2,2,1
syn_aggregate_02008,19,2.0,1,1,1,1,0,0,0,0,0,1,1,1,0,1,1,1,0,1,0,1,2,1,1,1,2,1,1,1,1,2,3,2,2,2,2,2,3,2,2,1,1,0,1,1,0,0,0,0,0,0,0,0,0,0,0,0,0,0,3,0,1,1,0,1,0,0,1,0,0
syn_aggregate_02009,20,2.0,3,3,3,3,3,2,3,2,1,1,2,1,1,2,1,1,1,0,0,3,3,3,3,2,3,2,2,2,3,2,2,2,2,2,2,2,2,2,2,4,4,4,4,4,4,4,4,4,4,1,1,1,0,1,1,1,0,0,1,4,4,4,4,4,3,4,4,4,2
syn_aggregate_02010,46,2.0,0,0,0,0,0,0,0,0,0,0,0,0,0,0,0,0,0,0,0,0,0,0,0,0,0,0,0,0,2,0,1,0,0,0,0,0,0,0,0,0,0,0,1,0,0,0,0,0,0,0,1,0,0,0,0,0,0,0,0,0,1,0,0,0,0,0,1,0,1
syn_aggregate_02011,20,2.0,1,1,1,1,1,0,0,0,0,0,0,1,0,0,0,0,1,0,0,0,0,0,0,0,0,0,0,0,0,1,1,1,1,1,0,1,1,1,2,0,0,0,0,0,0,0,0,1,2,0,0,0,0,0,1,0,0,0,0,0,1,0,0,0,0,0,1,0,0
syn_aggregate_02012,20,1.0,3,3,2,2,2,1,1,0,1,0,0,0,0,0,0,0,0,0,0,2,2,1,2,1,2,1,1,2,1,1,2,2,2,2,1,1,2,1,1,2,1,1,2,1,1,1,1,1,2,0,0,0,0,0,2,0,0,0,0,1,3,2,1,3,2,1,2,2,1
syn_aggregate_02013,24,1.0,3,3,3,3,3,3,3,3,0,1,2,1,1,1,1,1,1,1,1,4,4,4,4,4,4,4,4,4,4,4,4,4,4,4,4,4,4,4,4,4,4,4,4,4,4,3,3,4,4,2,3,3,2,2,3,3,2,2,2,4,4,4,4,4,4,4,4,4,4
syn_aggregate_02014,18,2.0,1,1,0,0,0,0,0,0,0,0,0,0,0,0,0,0,0,0,0,3,3,2,2,2,3,2,2,2,1,0,1,1,0,1,1,1,1,1,0,3,3,3,3,3,3,2,3,3,4,0,1,0,0,0,0,0,0,0,0,2,4,4,3,4,3,3,4,4,3
syn_aggregate_02015,20,2.0,3,3,2,2,1,1,0,0,0,0,0,0,0,0,0,0,2,0,0,0,0,0,0,0,0,0,0,0,0,3,4,4,2,3,3,3,3,2,2,2,2,2,2,2,1,1,2,2,1,0,0,0,0,0,0,0,0,0,0,0,2,2,0,1,1,1,1,1,0
syn_aggregate_02016,21,2.0,3,3,2,3,2,2,1,0,1,0,0,0,0,0,0,0,0,0,2,2,2,2,2,2,2,1,2,2,2,2,3,2,2,2,2,2,2,1,1,1,1,0,1,1,0,1,0,1,0,0,0,0,0,0,0,0,1,0,0,1,4,3,2,4,2,2,3,2,2
syn_aggregate_02017,18,1.0,3,3,2,2,2,2,2,1,0,0,1,0,0,0,0,0,0,0,0,4,4,4,4,4,4,3,4,4,4,0,0,0,0,0,0,0,2,0,0,4,4,4,4,4,4,4,4,3,4,1,1,1,2,1,1,1,0,1,2,0,1,1,0,1,0,0,0,0,0
syn_aggregate_02018,35,2.0,3,3,3,3,3,3,3,3,3,0,1,1,0,0,0,0,0,0,0,3,4,3,3,2,3,3,2,2,3,3,4,4,3,3,4,4,3,3,3,4,3,3,4,2,3,3,3,2,3,0,0,0,0,0,0,0,0,0,3,4,4,4,4,4,4,4,4,3,4
syn_aggregate_02019,22,1.0,0,1,0,2,0,0,0,0,0,0,0,0,0,0,0,0,0,0,0,0,0,0,0,0,1,1,0,0,0,0,0,0,0,0,0,0,0,0,0,1,1,1,1,1,1,1,0,0,1,0,0,0,0,0,0,0,0,0,0,0,1,0,0,0,0,0,0,0,0
syn_aggregate_02020,19,2.0,0,1,0,1,0,0,1,0,0,0,0,0,0,0,0,0,0,0,3,4,4,4,3,3,4,4,4,3,3,0,1,1,0,0,0,0,0,0,0,3,2,2,3,1,1,1,1,1,1,1,2,1,0,0,1,1,1,0,4,4,4,4,4,4,3,4,4,3,3
syn_aggregate_02021,20,2.0,1,1,1,1,1,0,0,0,0,0,0,0,0,0,0,0,0,0,0,3,3,2,3,3,3,3,2,3,3,1,1,1,1,1,1,1,1,1,0,4,4,4,4,4,4,4,4,3,4,0,1,0,0,0,0,1,0,0,1,1,2,2,1,2,1,1,2,2,1
syn_aggregate_02022,22,2.0,2,2,1,2,1,0,0,0,0,0,0,1,0,0,0,0,0,0,3,4,4,3,4,3,4,3,4,3,3,0,0,0,0,0,0,0,0,0,0,4,4,4,4,3,4,4,3,4,3,0,1,0,0,0,0,0,0,1,0,1,3,3,1,3,2,2,3,2,2
syn_aggregate_02023,19,2.0,3,3,2,2,1,2,1,0,0,0,0,0,0,0,0,0,0,0,2,0,0,0,0,0,0,0,3,0,0,0,1,1,1,1,1,2,2,1,1,4,4,4,4,4,4,3,4,4,3,0,0,0,0,0,2,0,0,0,0,3,4,4,3,3,3,2,3,2,1
syn_aggregate_02024,22,2.0,3,3,3,3,2,3,3,2,0,1,1,1,0,1,0,1,1,1,0,4,4,4,4,4,4,3,4,4,4,4,4,4,4,4,4,4,4,4,4,4,4,4,4,4,4,3,3,3,3,0,1,1,0,1,1,1,0,0,1,0,2,2,1,2,2,1,2,2,2
syn_aggregate_02025,18,1.0,3,3,3,3,2,3,2,1,1,0,0,0,1,0,0,0,0,0,0,0,0,0,0,0,0,0,0,0,0,0,0,0,0,0,0,0,0,0,0,2,2,2,3,2,2,1,2,2,2,0,0,0,0,0,0,1,0,0,0,1,3,2,1,3,2,2,2,2,2
syn_aggregate_02026,19,2.0,2,3,2,3,2,2,2,0,0,1,2,1,1,1,1,1,0,0,0,4,4,4,4,3,4,4,3,3,2,4,4,4,4,4,4,4,4,3,4,1,1,0,1,0,0,0,0,1,0,0,1,0,0,0,0,1,0,0,0,2,4,4,2,4,3,3,3,3,2
syn_aggregate_02027,19,2.0,3,3,2,2,1,2,2,1,0,2,2,2,1,1,1,1,1,0,0,4,4,3,4,3,4,3,2,2,2,0,0,0,0,0,0,0,0,0,0,1,0,0,1,0,0,0,0,0,0,0,0,0,0,0,0,0,0,0,2,0,2,2,0,2,2,2,2,1,0
syn_aggregate_02028,22,2.0,3,3,3,3,3,3,3,3,1,0,1,0,0,0,1,0,0,1,0,2,3,2,3,2,3,2,2,2,3,4,4,4,4,4,4,3,4,3,2,3,3,3,3,3,4,4,3,3,3,1,1,1,1,1,1,0,0,1,1,4,4,4,3,4,4,4,4,4,3
syn_aggregate_02029,19,2.0,0,1,0,0,0,0,0,0,0,0,0,0,0,0,0,0,0,0,0,0,1,0,0,0,0,0,0,0,0,0,0,0,0,0,0,0,0,0,0,3,3,3,3,2,3,2,2,3,2,0,0,0,0,0,0,0,0,1,0,0,0,0,0,0,0,0,0,0,0
syn_aggregate_02030,19,2.0,2,1,0,1,0,0,0,0,0,0,0,0,0,2,0,0,0,0,0,0,0,0,0,0,0,0,0,0,4,0,1,0,0,0,0,0,1,0,0,4,4,4,4,4,4,4,3,4,2,0,0,0,0,0,0,0,0,1,0,0,0,0,0,0,0,0,0,0,0
syn_aggregate_02031,19,2.0,2,2,1,1,0,1,0,0,0,0,0,0,0,0,1,0,0,0,0,0,0,0,0,0,0,0,0,0,4,0,0,0,0,0,0,0,0,0,0,3,3,3,3,3,3,3,3,3,2,1,1,1,1,1,0,0,0,0,0,0,1,1,0,1,0,0,0,0,0
syn_aggregate_02032,19,1.0,2,2,1,2,1,1,1,0,0,0,0,0,0,0,0,0,0,0,1,2,2,2,2,1,2,2,2,1,2,0,0,0,0,0,0,0,0,0,0,1,1,1,1,1,1,1,1,1,1,0,0,0,0,0,0,0,0,0,0,0,1,1,0,1,1,0,1,0,0
syn_aggregate_02033,19,1.0,0,0,0,0,0,0,0,0,0,0,0,0,0,0,0,0,0,0,0,0,0,0,0,0,1,0,0,0,0,0,0,0,0,0,0,1,0,0,0,3,3,3,3,2,2,2,2,2,2,0,0,0,1,0,0,1,0,1,1,0,1,1,0,1,0,0,1,1,0
syn_aggregate_02034,20,1.0,3,3,2,3,2,2,1,0,1,1,1,2,1,1,1,1,0,1,0,1,1,0,1,1,1,1,0,1,1,1,1,1,0,1,0,1,0,1,0,4,4,4,4,4,4,4,3,4,4,0,0,0,0,0,2,0,0,0,0,2,3,3,2,3,3,3,3,3,2
syn_aggregate_02035,22,2.0,3,3,2,3,2,2,2,0,0,1,1,1,1,1,1,1,1,1,1,1,1,1,1,1,1,1,2,1,1,3,4,3,3,3,3,3,3,3,3,2,2,1,2,1,1,1,1,2,1,0,2,0,0,0,0,0,0,0,0,1,4,3,1,4,3,3,3,3,1
syn_aggregate_02036,19,2.0,3,3,2,2,2,1,1,0,1,0,0,0,0,0,0,0,0,4,0,4,4,4,4,3,4,4,4,3,2,4,3,4,3,3,3,3,4,3,2,4,4,4,4,4,4,4,4,3,4,1,1,1,0,1,1,0,1,0,1,2,4,4,2,4,3,3,3,4,3
syn_aggregate_02037,21,2.0,2,2,1,2,1,1,1,1,1,0,0,0,0,0,0,0,0,0,3,4,4,4,4,4,4,4,3,4,4,4,4,4,4,4,3,4,4,3,4,4,4,4,4,4,4,4,4,4,4,1,1,1,0,0,0,0,0,0,0,3,4,4,3,4,4,4,4,4,2
syn_aggregate_02038,21,2.0,3,3,3,3,2,3,2,0,1,1,2,2,1,2,1,1,2,1,3,4,4,4,4,4,4,4,4,3,3,4,4,4,4,4,4,4,4,4,4,2,2,3,2,2,2,2,2,3,2,1,2,2,1,1,1,1,0,0,0,3,4,4,3,4,3,4,4,4,2
syn_aggregate_02039,28,2.0,2,2,2,2,1,1,1,0,0,0,0,0,0,0,0,0,0,0,0,2,2,1,2,2,2,1,1,1,1,0,2,1,1,1,1,0,2,0,0,0,0,0,0,0,0,0,0,0,3,0,0,0,0,0,0,0,0,0,0,0,0,0,0,0,0,0,0,0,0
syn_aggregate_02040,48,1.0,2,2,1,2,0,0,2,0,0,0,0,0,0,0,0,0,0,0,1,3,3,2,3,3,3,3,2,2,3,0,1,1,0,1,0,1,1,1,0,3,3,2,2,2,2,2,2,2,2,0,1,1,0,0,0,1,0,1,0,0,1,1,0,2,1,0,2,1,0
syn_aggregate_02041,44,2.0,3,3,2,3,1,2,1,0,0,1,1,1,1,1,1,1,2,1,1,4,4,4,4,4,4,4,3,3,4,0,1,1,0,1,0,1,0,1,0,3,3,2,3,2,2,2,2,1,1,0,1,0,0,0,0,0,1,0,0,1,3,3,1,2,2,1,2,1,2
syn_aggregate_02042,32,2.0,3,3,2,2,2,1,1,0,0,0,0,1,0,0,0,0,1,0,0,3,3,3,3,2,2,2,2,2,2,1,1,1,1,0,1,1,1,0,1,3,3,2,3,2,3,2,2,2,1,0,0,0,0,0,1,1,0,0,0,2,3,3,2,4,3,3,3,3,4
syn_aggregate_02043,19,2.0,3,3,2,3,2,3,3,2,3,1,2,1,1,1,1,1,1,2,0,4,4,4,4,3,4,3,4,3,3,4,4,4,4,4,4,4,4,4,3,4,4,4,4,3,4,3,4,3,3,1,1,1,0,1,1,0,0,0,1,4,4,4,4,4,3,4,4,4,4
syn_aggregate_02044,22,2.0,0,0,0,0,0,0,0,0,0,0,0,0,0,0,0,0,0,0,3,4,4,4,4,3,4,4,3,3,3,0,0,0,0,0,0,0,4,0,0,2,0,0,0,0,0,0,0,0,0,0,0,0,0,0,0,0,0,0,3,1,4,4,1,4,2,2,3,3,0
syn_aggregate_02045,20,1.0,2,3,2,2,2,2,1,0,0,2,2,1,1,1,1,1,1,1,1,4,4,4,4,4,4,4,4,4,4,3,4,4,3,3,3,3,4,3,2,3,3,3,3,3,3,3,3,3,3,1,1,1,0,0,0,0,0,0,0,3,4,4,3,4,3,3,3,3,2
syn_aggregate_02046,18,2.0,2,2,2,2,2,1,0,0,1,0,0,0,0,0,1,0,0,0,0,0,0,0,0,1,0,0,1,0,0,0,1,0,0,1,0,1,0,0,0,3,3,2,2,2,3,2,2,3,2,0,0,0,0,0,0,0,0,0,2,0,1,0,0,1,0,0,0,0,0
syn_aggregate_02047,19,2.0,1,2,1,1,0,0,0,0,0,0,0,0,0,0,0,0,0,0,0,1,1,0,0,0,1,0,0,0,0,0,1,1,1,0,0,0,0,0,0,2,2,2,2,2,1,1,1,1,1,0,0,0,0,0,0,0,0,0,0,0,1,0,0,1,0,0,0,0,0
syn_aggregate_02048,21,2.0,3,3,3,3,3,3,3,0,0,1,2,2,1,1,1,1,1,2,0,3,3,3,3,3,3,3,2,3,4,4,4,4,3,4,4,4,4,4,4,4,4,4,4,3,3,3,2,3,2,1,2,1,1,1,2,1,1,1,1,3,4,4,3,4,3,3,3,4,1
syn_aggregate_02049,18,2.0,3,3,2,3,2,3,2,1,3,0,0,1,0,0,0,0,0,1,0,0,0,0,0,0,0,0,0,1,0,0,2,1,0,0,0,2,0,2,2,0,0,0,0,0,0,0,0,0,0,0,1,0,0,0,0,0,0,1,0,0,2,1,0,2,1,1,1,1,1
syn_aggregate_02050,19,2.0,3,3,3,3,3,3,2,2,2,0,0,0,0,0,0,0,0,4,0,2,2,1,1,2,1,1,1,1,2,2,3,2,3,2,2,2,2,3,2,3,2,2,3,2,2,2,1,1,1,0,1,0,0,0,0,0,0,0,1,3,3,3,2,3,2,2,2,2,1
syn_aggregate_02051,21,2.0,1,1,1,0,0,0,0,0,0,0,0,0,0,0,0,0,0,0,1,2,2,1,2,2,2,2,2,2,2,4,4,4,4,4,3,3,3,3,3,3,3,3,3,2,3,2,2,2,3,1,1,1,1,1,0,0,1,0,0,0,1,1,0,1,0,1,1,0,1
syn_aggregate_02052,21,1.0,1,1,1,1,0,0,1,0,0,0,0,0,0,0,0,0,0,2,0,0,0,0,0,0,0,0,0,0,4,1,1,1,0,1,1,1,1,0,0,1,1,0,1,1,0,0,0,0,0,1,1,1,0,0,1,0,0,0,0,1,2,2,1,2,2,1,2,1,2
syn_aggregate_02053,22,2.0,0,1,0,1,0,0,0,0,0,0,0,0,0,0,0,0,0,0,1,1,1,1,1,1,1,1,1,1,2,0,1,0,0,0,0,2,0,0,0,1,0,0,0,0,0,0,0,1,1,0,0,0,0,0,0,0,0,0,0,0,0,0,0,0,0,0,0,1,1
syn_aggregate_02054,19,1.0,2,2,2,2,1,1,1,1,0,0,0,0,0,0,0,0,0,1,0,0,0,0,0,0,0,0,0,0,0,0,0,0,0,0,0,0,0,0,0,0,0,0,0,0,0,0,0,0,3,0,0,0,0,0,0,0,0,0,4,0,0,0,0,0,0,0,0,2,0
syn_aggregate_02055,18,1.0,0,2,0,0,0,0,0,0,0,0,0,0,0,0,0,0,0,0,0,2,3,3,3,2,3,2,2,2,3,0,1,1,0,0,1,1,1,1,0,1,1,1,1,1,0,1,1,0,1,0,0,0,0,0,0,0,0,0,1,0,0,0,0,0,0,0,0,0,4
syn_aggregate_02056,21,1.0,3,3,2,3,1,2,1,0,1,0,0,1,0,0,0,0,0,0,0,2,3,2,2,2,2,2,3,2,3,2,3,2,2,2,2,2,2,2,2,4,4,4,4,4,4,4,4,4,4,1,1,1,0,0,1,0,0,0,0,1,3,3,1,3,2,2,3,1,1
syn_aggregate_02057,23,2.0,1,1,0,1,0,0,0,0,0,0,0,0,0,0,0,0,0,0,2,1,1,1,0,0,1,0,1,1,1,2,3,2,2,2,2,1,2,1,1,0,0,0,0,0,0,0,0,0,4,0,0,1,0,0,0,0,0,0,0,0,1,1,0,1,1,0,1,1,0
syn_aggregate_02058,22,2.0,3,3,2,2,1,1,1,0,0,1,1,1,1,1,0,1,0,1,0,3,3,3,3,3,2,3,3,2,2,3,4,3,4,3,3,4,3,3,2,4,4,4,4,4,4,4,4,3,4,0,0,0,0,0,0,1,0,0,0,4,4,4,4,4,3,4,4,4,4
syn_aggregate_02059,43,2.0,3,3,2,3,2,2,2,1,0,0,0,0,0,0,0,0,0,1,2,0,0,0,0,0,0,0,4,0,0,3,4,4,3,3,3,3,3,2,1,1,0,0,1,0,0,0,0,0,0,0,0,0,0,0,0,0,0,0,0,3,4,4,3,4,3,3,4,4,3
syn_aggregate_02060,19,2.0,3,3,3,3,3,3,3,3,3,1,1,1,1,1,0,0,0,0,0,4,4,4,4,4,4,3,3,3,4,4,4,4,4,4,4,3,4,4,4,3,3,3,3,2,2,2,2,3,3,0,0,0,0,1,0,0,0,0,0,3,4,4,4,4,4,4,4,4,4
syn_aggregate_02061,19,2.0,1,1,0,1,0,0,0,0,0,0,0,0,0,0,0,0,0,0,1,4,4,4,4,4,4,4,3,4,4,0,1,1,0,0,0,0,0,0,0,3,3,2,3,2,2,1,2,2,1,0,0,0,0,0,0,0,0,0,0,2,4,4,3,4,3,3,4,3,3
syn_aggregate_02062,18,2.0,2,2,1,2,1,1,1,0,1,0,0,0,0,0,0,0,0,0,3,4,4,4,3,3,4,4,3,3,3,2,3,3,2,2,2,2,2,2,2,1,0,0,1,1,0,0,0,0,0,1,1,1,2,1,2,1,0,1,2,0,3,2,1,2,1,1,2,2,2
syn_aggregate_02063,45,1.0,3,3,2,3,1,2,1,0,0,0,0,0,0,0,0,0,0,0,0,4,4,4,4,4,4,3,3,3,4,1,3,3,2,2,2,2,2,2,2,1,1,0,1,1,0,0,0,1,0,0,0,0,0,0,0,0,0,0,1,0,2,1,0,1,1,0,1,1,2
syn_aggregate_02064,18,2.0,2,3,2,1,1,2,1,0,0,0,0,0,0,0,0,0,0,0,2,4,4,4,3,3,3,4,4,4,2,3,4,4,3,3,3,3,3,3,3,3,3,3,4,2,3,3,2,2,1,1,1,1,1,1,1,1,1,1,2,2,4,4,3,4,4,3,4,4,4
syn_aggregate_02065,34,1.0,1,1,0,1,1,0,1,0,0,0,0,0,0,0,0,0,0,2,0,4,3,3,4,3,4,2,3,3,2,2,2,2,2,1,1,2,1,2,1,4,4,4,4,4,3,3,3,3,2,0,0,0,0,0,0,0,0,1,0,3,4,4,3,4,3,3,4,4,2
syn_aggregate_02066,19,1.0,3,3,2,3,2,1,1,0,1,1,2,1,0,1,1,1,1,1,0,4,4,4,4,4,4,4,4,4,4,4,4,4,4,4,4,4,4,4,4,4,4,4,4,4,4,4,4,4,3,2,2,1,1,1,2,1,1,1,2,3,4,4,3,4,4,4,4,4,4
syn_aggregate_02067,33,1.0,3,3,2,2,1,1,1,1,1,0,0,0,0,0,0,0,0,0,0,4,4,4,4,3,4,4,4,3,3,3,3,4,3,3,3,3,4,3,1,1,2,1,1,1,1,1,1,1,1,0,0,0,0,0,0,0,0,0,1,4,4,4,4,4,3,4,4,4,3
syn_aggregate_02068,21,2.0,3,3,2,3,1,1,1,0,0,1,2,2,1,2,0,0,1,1,0,4,4,4,3,4,4,4,4,3,4,1,2,2,1,2,2,2,2,1,4,3,3,2,3,3,2,2,2,2,2,0,0,1,0,0,1,0,0,1,0,0,3,3,2,3,2,2,2,2,1
syn_aggregate_02069,20,2.0,3,3,3,3,3,3,3,3,3,2,3,2,2,3,2,1,2,2,1,2,3,2,2,2,2,2,1,2,2,4,4,4,4,4,4,4,4,4,4,4,4,4,4,3,4,3,4,3,3,2,2,2,1,1,2,2,1,1,2,4,4,4,4,4,4,4,4,4,4
syn_aggregate_02070,26,2.0,3,3,2,3,2,3,2,2,1,0,1,0,0,0,0,0,0,0,0,2,2,2,2,2,1,1,2,1,2,4,4,4,4,4,4,4,4,4,2,4,4,4,4,3,4,4,3,4,4,2,2,2,2,2,2,2,1,1,1,2,4,4,2,4,3,3,3,3,3
syn_aggregate_02071,20,2.0,3,3,2,3,2,3,2,0,1,0,0,0,0,0,0,0,0,2,0,1,1,1,1,1,1,1,1,0,0,0,0,0,0,0,0,0,0,0,0,1,1,0,1,0,1,0,0,0,0,0,0,0,0,0,0,0,0,0,0,0,0,2,0,0,0,0,0,0,0
syn_aggregate_02072,31,2.0,3,3,2,3,2,2,2,1,0,0,0,0,0,0,0,0,0,0,0,0,0,0,1,1,0,0,0,1,0,0,0,0,0,0,0,0,0,0,3,1,1,1,1,0,0,0,0,1,2,0,0,0,0,0,0,0,0,1,0,0,2,2,0,2,1,1,1,1,0
syn_aggregate_02073,24,1.0,1,1,1,1,0,0,0,0,0,0,1,0,0,0,0,0,0,0,0,0,0,0,0,0,1,0,0,0,0,1,2,1,1,1,1,1,1,0,1,1,1,1,1,0,1,0,0,1,1,0,0,0,0,0,0,0,0,0,0,0,1,1,0,1,0,0,0,0,0
syn_aggregate_02074,22,1.0,2,3,2,2,1,1,0,0,0,1,1,1,0,1,0,0,1,0,0,4,4,4,4,3,4,4,4,3,3,3,4,3,4,3,3,3,3,3,3,4,4,4,4,4,4,4,4,4,4,1,1,1,1,1,1,1,1,0,1,2,4,4,3,4,3,3,3,3,0
syn_aggregate_02075,22,2.0,3,3,3,3,2,1,1,0,0,0,0,0,0,0,0,0,0,0,2,4,4,3,4,3,3,3,2,3,1,3,4,4,3,3,4,4,3,3,3,1,1,0,1,0,0,0,0,0,0,2,2,2,2,1,2,1,2,1,2,3,4,3,3,3,4,3,3,2,3
syn_aggregate_02076,18,2.0,0,1,0,0,0,0,0,0,0,1,2,1,0,1,1,1,1,1,2,0,0,0,0,0,0,0,0,3,0,0,1,1,0,0,0,0,0,0,0,2,2,1,1,1,1,1,1,0,1,0,0,0,0,0,0,0,0,0,4,0,0,0,0,0,0,0,0,0,2
syn_aggregate_02077,20,2.0,3,3,2,3,2,2,2,1,0,0,1,0,0,0,0,0,1,0,0,3,4,3,3,3,4,3,2,2,3,4,4,4,4,4,4,4,4,3,3,4,4,4,3,3,4,3,3,3,3,0,1,0,0,0,1,0,0,0,0,3,4,4,4,4,4,4,4,3,3
syn_aggregate_02078,20,2.0,3,3,3,3,3,3,2,2,3,1,2,2,1,1,1,1,1,1,2,4,4,3,4,3,3,3,2,2,3,0,2,1,1,1,1,1,1,1,1,2,2,2,2,2,1,1,1,1,3,1,1,1,1,1,1,1,1,1,1,4,4,4,4,4,3,3,4,4,2
syn_aggregate_02079,43,2.0,2,2,1,1,1,1,1,0,0,1,1,1,0,1,1,0,0,1,0,3,3,2,2,2,3,2,2,2,3,3,4,4,3,3,4,3,3,2,2,0,0,0,0,0,0,0,0,4,0,0,1,0,0,0,0,0,0,0,0,1,3,2,1,2,1,1,2,1,1
syn_aggregate_02080,20,2.0,2,2,1,2,0,1,1,0,0,0,0,0,0,0,0,0,0,0,0,0,0,0,0,0,0,0,0,1,0,1,2,2,1,1,1,2,2,1,0,0,0,0,1,0,0,0,0,0,0,0,0,0,0,0,0,0,0,0,0,0,2,1,0,1,0,0,1,1,0
syn_aggregate_02081,32,2.0,3,3,2,3,2,2,1,0,0,1,2,1,0,1,1,1,1,1,0,3,2,3,3,2,3,2,2,2,3,1,2,2,1,2,0,1,1,1,1,4,4,4,4,3,4,3,3,3,2,0,0,1,0,0,0,0,1,0,0,3,4,3,3,4,3,3,4,3,3
syn_aggregate_02082,20,2.0,3,3,2,3,2,2,2,1,1,0,1,0,0,0,0,0,1,0,0,3,3,3,3,2,3,2,2,2,2,3,4,4,3,3,3,3,3,3,3,2,2,2,2,2,1,1,1,1,1,1,1,1,1,1,0,0,0,0,0,0,3,3,1,2,2,1,2,2,1
syn_aggregate_02083,19,1.0,0,0,0,0,0,0,0,0,0,0,0,0,0,0,0,1,0,0,0,0,0,0,0,0,0,0,0,0,0,0,0,0,0,0,0,0,0,0,0,0,0,0,0,0,0,0,0,0,0,0,0,0,0,0,0,0,0,0,0,0,1,1,0,0,0,0,0,0,0
syn_aggregate_02084,20,1.0,2,3,3,3,2,2,2,0,0,0,1,0,0,0,0,0,0,0,0,4,4,4,4,4,4,4,3,4,4,2,2,2,2,2,2,2,1,2,2,4,4,4,4,3,3,4,3,4,4,2,2,2,2,2,2,2,1,1,2,4,4,4,4,4,4,4,4,4,3
syn_aggregate_02085,40,2.0,2,2,1,1,1,0,0,0,0,0,0,0,0,0,0,0,0,0,3,0,0,0,0,0,0,0,0,2,0,0,1,1,0,1,0,1,1,0,0,1,1,0,1,1,0,0,0,1,0,0,0,0,0,0,1,1,1,1,0,0,3,2,0,2,2,1,2,1,0
syn_aggregate_02086,20,2.0,3,3,3,3,3,3,3,2,0,0,0,0,0,0,0,0,0,0,4,2,2,2,2,2,2,2,2,1,1,3,4,4,3,3,3,3,3,2,2,3,3,3,3,2,2,3,2,3,2,1,1,1,1,1,1,1,1,1,1,3,4,4,3,4,3,4,4,4,2
syn_aggregate_02087,20,2.0,3,3,2,3,2,3,2,1,1,0,0,0,0,0,2,0,0,0,0,0,0,0,0,0,0,0,0,0,0,1,2,1,1,1,1,2,1,0,0,1,1,1,1,1,0,0,1,1,0,0,1,0,0,0,0,0,0,0,1,0,2,2,0,2,1,1,1,1,2
syn_aggregate_02088,19,2.0,1,1,0,1,0,0,1,0,0,0,0,0,0,0,0,0,0,1,0,2,2,1,2,1,2,1,1,2,2,1,2,2,1,1,1,1,1,1,1,2,1,1,2,1,1,0,0,0,0,0,0,0,0,0,0,0,0,0,0,0,0,0,0,0,0,0,0,0,2
syn_aggregate_02089,30,2.0,3,3,2,3,2,2,2,0,0,0,0,0,0,0,0,0,0,0,2,1,1,1,1,1,1,1,1,1,1,2,3,3,2,2,2,2,2,2,2,1,1,1,1,1,1,1,1,1,1,0,0,0,0,0,0,2,0,0,0,2,4,4,3,4,3,3,4,3,3
syn_aggregate_02090,19,1.0,3,3,2,3,1,1,1,0,0,1,2,1,1,1,1,1,1,1,1,4,4,4,4,4,4,4,3,4,3,3,4,4,3,4,4,4,3,3,3,4,4,4,3,3,3,3,3,2,2,0,0,0,0,0,0,0,2,0,0,4,4,4,4,4,4,4,4,4,4
syn_aggregate_02091,18,2.0,1,1,1,1,0,0,0,0,0,0,0,0,0,0,0,0,0,0,4,2,1,1,1,1,2,1,1,1,2,2,3,3,2,2,2,3,3,2,2,1,0,0,1,0,0,0,1,0,0,0,0,0,0,0,0,0,0,0,0,0,0,2,0,0,0,0,0,0,0
syn_aggregate_02092,20,2.0,1,1,1,1,0,0,1,0,0,0,1,0,0,0,0,0,0,0,0,1,1,1,1,1,1,1,1,2,1,3,4,4,4,4,4,4,3,3,3,4,4,4,4,4,3,4,4,4,4,1,1,1,1,1,2,1,1,1,1,4,4,4,4,4,3,4,3,4,2
syn_aggregate_02093,35,2.0,1,0,0,0,0,0,0,0,0,0,0,0,0,0,0,0,0,0,0,4,4,4,4,4,3,4,4,3,3,0,0,0,0,0,0,0,0,0,0,0,0,0,0,0,0,0,1,0,1,0,0,0,0,0,0,0,0,0,0,0,0,0,0,0,0,0,0,0,0
syn_aggregate_02094,44,1.0,1,0,0,0,0,0,0,0,0,0,0,0,0,0,0,0,0,0,0,2,2,1,2,1,2,1,1,1,2,0,0,0,0,0,0,0,0,0,0,0,0,0,0,0,0,0,0,0,0,0,0,0,0,0,1,0,0,0,0,0,0,0,0,0,0,0,0,0,0
syn_aggregate_02095,20,1.0,1,1,1,1,1,1,1,1,1,2,2,2,1,2,1,1,2,2,1,2,2,1,2,2,2,1,2,1,2,4,4,4,4,4,4,4,4,3,3,4,4,4,4,3,4,4,4,4,4,0,0,0,0,0,0,0,0,0,1,4,4,4,3,4,4,4,3,4,3
syn_aggregate_02096,20,2.0,0,0,0,2,0,0,0,0,0,0,0,0,0,0,0,0,0,0,2,2,2,2,2,2,2,2,2,3,2,0,0,0,0,0,0,0,0,0,0,0,0,0,0,0,0,0,0,0,0,0,0,0,0,0,0,0,0,0,1,0,0,0,0,0,0,0,0,0,0
syn_aggregate_02097,19,2.0,3,3,3,3,3,3,3,3,3,1,2,1,1,1,1,2,1,2,1,4,4,4,4,4,4,4,4,4,4,4,4,4,4,4,4,4,4,3,4,4,4,4,4,4,4,4,4,3,4,1,1,1,1,1,1,1,1,1,1,4,4,4,4,4,4,4,4,3,4
syn_aggregate_02098,43,2.0,2,3,2,3,1,2,2,0,0,0,0,0,0,0,0,2,0,0,0,0,0,0,0,0,0,0,0,0,3,0,1,0,0,0,0,0,0,0,0,4,3,4,4,3,4,3,3,3,2,1,1,1,1,1,0,1,0,1,1,0,0,0,0,0,0,0,0,0,0
syn_aggregate_02099,21,2.0,3,3,3,3,3,3,3,3,2,0,0,0,0,0,1,1,0,0,0,4,4,4,4,4,4,4,4,3,3,4,4,4,4,4,4,4,4,4,4,4,4,4,4,4,4,3,4,4,4,1,2,1,1,1,2,2,1,1,2,3,4,4,3,4,4,4,4,3,4
syn_aggregate_02100,19,2.0,1,2,0,2,0,1,1,0,1,0,0,0,0,0,0,0,0,0,3,4,4,4,4,4,4,4,3,3,2,0,1,1,0,1,0,1,1,1,0,3,3,2,3,2,2,2,2,3,1,1,1,1,1,1,1,0,1,0,1,2,4,4,2,4,3,3,3,3,2
syn_aggregate_02101,21,2.0,2,2,1,2,1,1,1,0,0,0,0,0,0,0,0,0,0,0,2,4,4,4,3,3,4,4,4,4,2,4,4,4,4,3,4,4,3,4,3,4,4,4,3,3,4,3,3,3,2,0,0,0,0,0,0,0,0,3,0,4,4,4,4,4,3,4,4,4,3
syn_aggregate_02102,50,2.0,3,3,2,2,1,2,1,0,0,0,0,0,0,0,0,0,0,1,0,1,1,0,1,0,0,0,0,1,2,2,3,2,2,2,3,2,2,2,2,2,1,1,2,1,1,1,0,1,2,0,0,0,0,0,0,0,0,1,2,0,1,1,0,1,0,0,1,0,0
syn_aggregate_02103,19,1.0,0,0,0,0,0,0,0,0,1,0,0,0,0,0,0,1,0,0,1,1,1,1,2,1,1,1,1,1,1,3,3,3,3,3,3,3,2,3,2,2,1,1,1,1,1,1,1,1,1,0,0,1,0,0,0,0,0,0,0,0,1,1,0,1,0,0,1,1,0
syn_aggregate_02104,18,2.0,3,3,3,3,2,3,3,2,1,0,1,0,0,0,0,0,0,0,0,4,4,4,4,4,3,4,4,3,4,4,4,4,4,4,4,3,3,3,3,4,4,4,4,4,4,4,4,3,3,1,1,1,0,0,0,1,0,0,0,3,4,4,3,4,3,3,4,4,4
syn_aggregate_02105,19,2.0,3,3,2,2,2,2,1,1,0,1,1,1,1,1,1,1,1,0,0,4,4,4,4,4,4,4,3,4,4,4,4,4,4,4,4,4,4,4,4,4,4,4,4,4,4,4,4,3,3,3,3,2,3,2,2,2,1,3,1,4,4,4,4,4,3,3,3,3,4
syn_aggregate_02106,19,1.0,1,1,1,1,1,1,0,0,1,0,0,0,0,0,0,0,0,0,0,2,2,2,3,2,2,2,2,1,2,0,1,1,1,1,0,1,1,1,0,1,1,1,2,0,1,0,1,1,2,0,0,0,0,0,0,0,0,2,0,0,0,0,0,0,0,0,0,0,1
syn_aggregate_02107,21,2.0,1,2,1,2,1,1,0,0,0,0,0,0,0,0,0,0,0,1,2,3,4,3,4,3,3,3,2,2,3,4,4,4,3,3,4,4,4,3,3,1,1,0,1,0,0,0,0,0,0,0,0,1,0,0,0,0,0,0,0,2,4,3,3,4,3,2,3,3,3
syn_aggregate_02108,31,1.0,3,3,2,3,2,3,2,2,2,0,0,0,0,0,0,0,0,0,3,4,4,4,4,4,3,4,3,3,4,4,4,4,4,4,4,4,4,4,4,4,4,3,4,3,3,2,2,3,4,1,2,2,1,1,2,1,1,1,2,2,4,4,2,4,3,3,4,4,4
syn_aggregate_02109,30,2.0,3,3,2,3,2,2,2,0,0,0,0,1,0,0,0,0,0,1,0,2,2,2,2,2,2,2,2,2,2,3,4,4,3,3,3,3,3,2,2,4,3,3,4,3,2,1,1,1,1,0,1,1,0,1,1,1,0,1,0,1,3,3,1,3,2,2,2,2,1
syn_aggregate_02110,23,2.0,3,3,2,1,1,1,1,0,1,0,0,0,0,0,0,0,0,1,3,4,4,4,4,3,4,4,3,3,3,0,0,0,0,0,0,0,0,0,0,4,4,4,4,4,4,3,4,4,3,0,0,0,0,0,0,0,0,0,3,1,3,3,2,3,2,2,2,2,2
syn_aggregate_02111,18,1.0,3,3,1,2,1,1,1,0,0,0,0,0,0,0,0,0,0,0,3,1,1,1,0,1,1,1,0,1,1,2,3,3,2,2,2,2,3,2,1,2,2,2,3,2,1,1,1,2,1,0,0,0,0,0,0,0,0,0,0,1,3,3,2,3,2,2,3,2,1
syn_aggregate_02112,18,2.0,3,3,2,3,2,2,1,0,1,1,1,1,1,1,1,1,1,1,0,4,4,4,4,4,4,4,4,4,4,4,4,4,4,4,4,4,4,4,4,4,4,4,4,4,4,4,4,3,2,1,1,1,1,1,2,1,1,1,1,4,4,4,3,4,3,4,3,4,3
syn_aggregate_02113,25,2.0,0,0,0,0,0,0,0,0,0,0,1,0,0,0,1,0,0,0,0,1,1,1,1,1,1,1,1,1,1,0,0,0,0,0,0,0,0,0,0,3,2,2,3,2,1,1,1,2,2,0,0,0,1,0,0,0,0,0,0,0,3,2,0,2,1,1,2,2,2
syn_aggregate_02114,19,1.0,3,3,2,3,2,3,1,0,2,0,1,1,0,1,0,1,0,1,2,4,4,4,4,3,4,4,3,3,4,4,4,4,4,4,4,4,4,3,3,4,4,4,4,4,3,4,3,4,4,1,1,1,0,0,2,0,1,1,1,4,4,4,4,4,4,4,4,4,4
syn_aggregate_02115,50,2.0,2,2,2,2,1,2,2,1,0,0,1,0,0,0,0,0,1,0,0,3,3,3,3,2,3,3,2,2,1,0,1,1,1,1,0,1,1,0,0,2,2,1,2,1,1,1,1,2,1,0,0,0,1,0,0,0,0,0,2,1,3,2,0,2,2,1,2,2,2
syn_aggregate_02116,21,1.0,3,3,3,3,2,3,3,2,1,0,0,0,0,0,0,0,0,0,4,4,4,4,4,3,3,3,3,3,1,3,4,3,3,3,4,4,3,3,1,4,4,4,4,4,4,3,4,4,3,0,0,0,0,0,0,0,0,1,1,1,3,2,1,2,3,2,3,2,4
syn_aggregate_02117,28,1.0,0,0,0,0,0,0,0,2,0,0,0,0,0,0,1,0,0,0,0,0,0,0,0,0,0,0,0,1,1,0,0,0,0,0,0,0,0,0,0,1,1,0,1,1,0,0,1,1,2,1,0,0,0,0,0,1,0,0,0,0,1,0,0,0,0,0,0,0,0
syn_aggregate_02118,25,2.0,3,3,3,3,3,3,3,3,1,1,2,1,1,1,1,0,1,1,1,4,4,4,4,4,4,4,4,3,3,4,4,4,4,4,4,4,4,3,3,2,2,1,3,3,2,1,1,2,1,1,2,1,2,1,1,2,1,1,1,3,4,4,3,4,4,4,4,4,4
syn_aggregate_02119,22,2.0,3,3,3,3,3,3,3,2,2,0,1,1,0,0,0,0,0,0,0,4,4,4,4,4,4,3,4,4,3,2,3,3,2,2,2,2,2,1,1,4,4,4,4,4,4,4,4,3,3,0,0,0,0,0,0,0,0,0,4,2,4,4,3,4,4,4,4,4,4
syn_aggregate_02120,19,2.0,3,3,3,3,3,3,2,0,0,0,0,0,0,0,0,0,0,0,2,2,2,2,1,1,1,1,1,1,2,4,4,4,4,4,4,4,4,4,3,3,3,3,3,2,2,2,2,3,3,0,0,0,0,0,0,0,0,0,0,0,2,2,0,2,1,2,2,1,0
syn_aggregate_02121,21,2.0,3,3,3,3,3,3,3,1,2,0,0,0,0,1,0,0,0,0,0,2,3,2,2,1,3,2,2,3,2,2,3,3,2,3,2,3,2,2,3,0,1,0,0,0,0,0,0,0,0,0,0,0,0,0,0,0,0,0,2,0,2,1,0,2,0,0,2,1,0
syn_aggregate_02122,18,2.0,3,3,2,2,2,2,1,0,0,0,1,0,0,0,0,0,0,1,0,1,2,1,2,1,1,1,1,1,1,1,2,2,1,1,1,2,2,1,0,3,2,2,3,2,2,2,2,2,3,0,0,0,0,0,0,0,0,0,1,0,1,1,0,1,1,1,1,1,1
syn_aggregate_02123,40,2.0,2,2,1,2,1,0,1,0,0,0,0,0,0,0,0,0,0,0,0,1,1,1,1,0,1,0,1,0,2,0,0,0,0,0,0,0,0,0,0,1,0,0,1,0,0,0,0,0,0,0,0,0,0,0,0,0,0,0,0,0,3,2,0,2,0,1,1,0,0
syn_aggregate_02124,19,2.0,1,2,1,2,1,0,1,0,0,0,0,0,0,0,1,0,0,1,0,0,0,0,0,0,0,0,0,0,2,0,0,0,0,0,1,0,0,0,0,0,0,0,0,0,0,0,0,0,0,0,1,0,0,0,0,0,0,0,0,0,1,0,0,1,0,0,1,0,0
syn_aggregate_02125,19,2.0,1,1,1,2,1,1,1,0,0,1,2,2,0,1,1,0,1,1,0,0,0,0,0,0,0,0,0,1,0,2,3,2,2,2,2,3,2,2,3,3,3,3,3,3,3,3,3,2,4,1,1,0,0,0,1,0,0,1,0,0,2,1,0,2,0,1,2,1,1
syn_aggregate_02126,20,2.0,3,3,3,3,3,3,3,2,2,1,1,1,0,1,1,0,1,1,0,4,4,3,3,4,4,4,4,3,3,2,2,2,2,2,1,2,1,1,2,4,4,4,4,4,4,4,4,3,3,1,1,1,1,1,1,1,1,1,1,4,4,4,3,4,4,4,4,4,3
syn_aggregate_02127,21,2.0,0,0,0,0,0,0,0,0,0,0,0,0,0,0,0,0,0,0,0,2,3,2,2,2,2,2,1,2,2,0,1,0,0,0,0,0,0,0,0,3,2,2,3,2,2,2,1,2,2,0,0,0,0,0,0,0,0,0,0,0,0,0,0,0,0,0,0,0,1
syn_aggregate_02128,24,2.0,3,3,2,3,1,1,1,1,0,0,1,0,0,1,0,0,0,0,0,4,4,3,4,3,4,3,3,3,3,4,4,4,4,4,4,4,4,3,3,4,4,4,4,3,4,4,3,4,4,2,2,2,1,2,2,2,1,1,2,4,4,4,4,4,4,4,4,4,4
syn_aggregate_02129,19,2.0,2,3,2,2,1,2,1,0,1,0,1,1,0,1,1,0,0,1,0,4,4,4,4,4,4,4,4,4,4,3,4,4,3,3,4,3,3,3,3,4,4,4,4,4,3,4,4,3,4,1,2,1,1,1,2,1,1,2,1,3,4,4,4,4,4,4,4,4,3
syn_aggregate_02130,19,1.0,2,2,2,2,1,1,1,1,0,1,2,2,1,1,1,1,0,0,0,0,1,0,0,0,0,0,1,0,2,0,1,1,0,1,1,1,1,1,1,1,0,0,1,0,0,0,0,0,0,0,0,0,0,0,0,0,0,0,3,0,1,1,0,1,0,0,1,1,0
syn_aggregate_02131,19,2.0,1,1,0,1,0,0,0,0,0,0,0,0,0,0,0,0,0,0,1,0,0,0,0,0,0,0,0,0,0,1,1,1,1,1,1,1,1,0,0,3,3,3,3,2,3,2,2,2,3,0,0,0,0,1,0,0,0,0,0,0,1,0,0,0,0,0,1,0,0
syn_aggregate_02132,20,2.0,1,1,1,1,1,1,0,0,0,0,2,0,0,0,0,0,0,0,0,1,1,1,1,1,1,0,0,1,0,4,4,4,4,4,3,3,3,4,4,1,1,1,1,0,0,0,0,0,0,1,1,1,1,2,2,1,1,1,1,1,3,3,1,3,2,2,3,2,2
syn_aggregate_02133,25,2.0,2,2,1,2,0,0,0,0,0,1,2,1,1,1,1,1,0,2,1,4,4,3,4,4,4,3,3,3,2,1,2,1,1,1,1,1,2,1,1,3,2,3,3,2,2,2,2,2,1,0,0,0,0,0,0,0,0,0,0,1,3,2,1,2,1,1,2,2,0
syn_aggregate_02134,20,1.0,2,3,2,2,1,1,2,1,0,1,1,1,0,1,1,1,1,0,1,3,3,2,3,2,2,2,2,2,2,4,4,4,4,3,4,3,3,3,3,4,4,3,4,3,3,3,3,3,3,1,1,1,1,1,1,1,1,1,1,1,3,4,2,3,3,3,4,3,2
syn_aggregate_02135,21,2.0,1,1,1,1,0,1,0,0,0,0,0,1,0,0,0,0,0,1,0,4,4,4,4,4,3,3,3,3,4,1,1,1,1,1,0,1,0,1,1,1,1,1,1,1,0,0,0,1,0,1,1,1,1,1,0,1,0,0,0,0,4,3,0,4,2,3,4,3,2
syn_aggregate_02136,18,1.0,1,1,1,1,1,1,1,0,0,0,0,0,0,0,0,0,0,0,1,2,2,2,2,2,2,2,2,2,2,3,4,3,3,3,2,3,3,2,2,4,3,3,4,3,3,2,2,2,2,0,1,1,0,0,1,0,0,0,0,1,2,2,1,2,2,1,2,2,2
syn_aggregate_02137,18,2.0,3,3,2,3,0,2,0,0,0,1,1,1,0,1,1,0,1,0,0,0,0,0,0,0,0,0,0,0,3,1,1,1,1,0,0,1,1,1,1,4,3,3,3,2,3,3,2,3,2,0,0,0,0,0,0,0,0,0,0,0,1,1,0,1,0,0,1,0,0
syn_aggregate_02138,20,1.0,3,3,2,2,0,0,0,0,2,0,0,0,0,0,0,0,0,0,0,1,1,1,1,1,1,1,1,1,1,3,4,3,3,3,3,3,3,3,2,2,2,2,2,1,2,1,2,2,2,0,0,0,0,0,0,0,0,0,0,1,3,3,1,3,2,2,2,2,2
syn_aggregate_02139,34,2.0,2,3,2,3,2,3,2,0,1,1,2,1,1,1,1,0,1,1,1,3,3,3,2,2,3,2,3,3,2,4,4,4,4,4,4,4,4,3,4,3,2,2,3,2,2,1,2,2,1,1,1,1,1,1,0,1,0,1,0,0,2,1,0,2,1,0,1,1,0
syn_aggregate_02140,18,2.0,3,3,2,3,2,2,2,1,0,0,0,0,0,0,0,0,0,4,0,2,3,3,3,3,2,2,2,2,2,4,4,4,3,3,4,3,4,3,1,3,2,2,3,2,2,1,2,2,1,1,2,1,1,2,2,2,0,0,1,3,4,4,3,4,4,4,4,4,4
syn_aggregate_02141,21,2.0,3,3,2,3,2,3,3,2,1,2,2,1,1,1,1,1,1,1,1,3,3,3,3,3,3,3,3,3,3,4,4,4,4,4,4,4,4,4,4,4,4,4,4,4,4,4,4,4,4,1,1,1,1,1,1,1,1,1,1,4,4,4,3,4,3,4,4,4,3
syn_aggregate_02142,44,2.0,2,2,1,1,1,1,1,0,0,1,2,1,0,1,1,1,1,1,1,4,4,4,4,4,4,3,3,3,3,3,4,4,3,4,3,4,4,3,3,2,2,1,2,2,1,1,1,1,2,0,0,0,0,0,0,0,0,0,1,1,3,2,1,2,2,1,3,2,2
syn_aggregate_02143,21,1.0,2,2,1,2,1,1,1,1,0,0,0,0,0,0,0,0,0,1,0,2,2,1,2,1,2,1,2,1,3,2,3,3,2,2,2,3,2,2,1,2,1,1,2,1,1,1,1,1,0,0,0,0,0,0,0,0,0,0,0,2,4,4,3,3,4,3,3,3,2
syn_aggregate_02144,20,2.0,2,3,2,2,1,1,1,0,0,0,0,0,0,0,0,0,1,0,0,0,0,0,0,0,1,0,0,0,0,0,1,0,0,0,0,0,1,1,0,1,1,0,1,0,1,0,0,1,0,0,0,0,1,0,0,1,0,1,0,0,2,1,0,2,1,1,1,1,0
syn_aggregate_02145,19,2.0,2,2,1,1,0,1,0,0,0,0,0,0,0,0,0,0,0,0,0,1,1,0,1,1,1,0,1,0,2,1,2,2,1,2,1,1,1,1,1,0,0,0,0,0,0,0,0,0,0,0,0,0,0,0,0,0,0,0,0,0,1,0,0,1,0,0,0,0,0
syn_aggregate_02146,20,2.0,1,1,1,1,1,1,0,0,0,1,1,1,0,0,0,0,0,0,0,4,4,4,4,4,4,4,4,3,3,3,3,4,3,3,4,3,3,2,3,4,4,4,4,4,3,4,3,4,3,0,1,1,0,0,1,0,0,0,1,2,3,3,2,3,2,2,3,2,3
syn_aggregate_02147,22,2.0,2,3,2,2,0,2,0,0,0,0,0,0,0,2,0,0,0,0,0,2,2,1,2,1,1,1,2,1,2,0,1,1,0,0,1,1,1,1,0,3,3,3,3,2,3,3,3,3,3,0,0,0,0,0,0,0,0,0,0,1,4,4,2,4,2,3,3,4,1
syn_aggregate_02148,18,2.0,3,3,2,3,1,1,1,0,0,0,0,0,0,0,0,0,0,0,0,4,4,4,4,4,4,4,4,4,3,3,3,3,3,3,2,2,2,2,2,3,3,2,3,2,3,2,2,2,1,0,0,0,0,0,4,0,0,0,0,0,2,1,0,1,0,0,1,1,0
syn_aggregate_02149,19,2.0,1,1,1,1,1,0,0,0,0,1,1,1,0,1,0,0,1,1,0,0,1,0,0,0,0,0,0,1,0,0,0,0,0,0,0,0,0,0,2,3,3,3,3,3,3,3,3,3,2,1,1,1,1,0,1,1,0,0,1,1,3,2,1,3,2,2,2,2,3
syn_aggregate_02150,35,1.0,3,3,3,3,2,3,2,0,0,1,1,1,0,0,0,0,0,0,0,4,4,4,4,4,4,4,4,4,3,1,2,1,1,1,1,2,1,1,1,4,4,4,4,3,4,4,3,4,4,0,0,0,0,0,0,3,0,0,0,1,3,3,1,2,2,1,2,2,3
syn_aggregate_02151,20,1.0,3,3,3,2,1,1,1,0,0,0,0,0,0,0,0,3,0,0,0,3,3,2,3,3,2,2,2,2,2,0,0,0,0,0,0,0,0,0,3,3,3,2,3,3,2,2,2,3,3,0,0,0,0,0,0,0,0,0,0,1,3,2,1,2,2,2,2,2,3
syn_aggregate_02152,39,1.0,2,3,2,2,1,2,1,0,0,0,0,0,0,0,0,0,0,0,4,1,1,1,1,0,0,0,0,1,1,0,1,0,0,1,0,0,0,0,0,1,0,0,0,0,1,0,0,0,0,0,1,0,0,0,0,0,0,0,0,0,1,0,0,1,0,0,0,0,0
syn_aggregate_02153,19,1.0,1,1,0,1,0,0,0,0,0,0,0,0,0,0,1,0,0,0,0,0,0,0,0,0,0,0,0,0,3,0,0,1,0,1,0,1,0,0,0,2,1,1,2,1,1,1,0,1,1,0,0,0,0,0,0,0,0,0,2,0,1,0,0,0,0,0,0,0,2
syn_aggregate_02154,36,2.0,3,3,3,3,2,3,2,2,1,0,0,0,0,0,0,0,0,0,3,0,0,0,0,0,2,0,0,0,0,4,4,4,3,3,3,3,3,2,1,2,2,1,3,2,2,1,2,2,2,0,0,0,0,0,0,0,0,0,2,2,3,2,1,3,2,1,2,2,1
syn_aggregate_02155,21,1.0,3,3,2,3,2,2,1,0,1,0,0,0,0,0,0,1,0,0,0,3,3,3,3,2,3,2,2,2,2,3,3,3,3,2,2,2,2,2,3,2,2,2,2,1,2,1,2,2,1,0,0,0,0,0,0,0,0,3,0,1,4,4,2,3,2,2,3,3,1
syn_aggregate_02156,21,2.0,3,3,3,3,3,3,2,2,2,0,0,1,0,0,0,0,0,1,0,0,0,1,0,0,0,0,0,0,0,1,1,1,1,0,0,0,1,0,0,2,2,2,3,3,2,2,2,2,1,0,1,1,0,1,1,0,1,0,0,1,3,3,1,3,2,2,3,2,2
syn_aggregate_02157,18,1.0,1,1,1,1,0,0,0,0,0,0,1,0,0,0,0,0,0,0,0,3,3,3,3,3,3,3,3,4,4,0,0,0,0,0,0,0,0,0,0,0,0,0,0,0,0,0,0,2,0,0,0,0,0,0,2,0,0,0,0,1,3,3,1,3,2,2,3,2,2
syn_aggregate_02158,19,2.0,3,3,3,3,3,3,3,2,2,0,0,0,0,0,0,0,4,0,0,4,4,4,4,4,4,4,4,3,2,2,3,2,2,2,2,2,2,2,2,3,3,2,3,2,2,2,2,2,2,0,0,0,0,0,0,0,0,0,0,1,2,2,1,2,1,2,2,1,3
syn_aggregate_02159,19,2.0,2,2,2,3,2,2,1,0,0,1,2,2,1,1,2,1,1,1,1,0,0,0,0,0,0,0,0,0,3,2,3,2,3,2,2,2,3,2,2,1,0,0,1,0,0,0,0,0,0,0,0,0,0,0,0,0,0,0,0,3,4,4,3,4,4,4,4,4,3
syn_aggregate_02160,18,1.0,2,2,1,2,1,2,1,1,0,0,0,0,0,0,0,0,0,0,0,3,3,3,3,3,3,3,3,2,3,3,3,3,3,3,3,3,2,2,2,1,1,1,1,1,0,0,0,0,1,0,0,0,0,0,1,1,1,0,0,1,3,3,1,3,2,2,3,2,3
syn_aggregate_02161,19,1.0,1,2,1,2,1,0,1,0,0,0,0,0,0,1,0,0,1,0,0,1,1,1,0,0,1,1,1,0,0,0,2,1,1,2,1,1,1,1,0,3,3,2,3,2,2,2,1,2,1,0,0,1,0,0,0,0,0,0,0,0,1,1,0,1,0,0,1,0,1
syn_aggregate_02162,19,2.0,1,1,1,1,0,0,0,0,0,0,0,0,0,0,0,0,0,0,0,0,0,1,0,0,0,0,0,0,0,0,0,0,0,0,0,0,0,0,0,0,0,0,0,0,0,0,0,0,1,0,0,0,0,0,0,0,0,0,0,0,1,0,0,0,0,0,0,1,0
syn_aggregate_02163,22,1.0,3,3,3,3,3,3,3,0,0,0,0,0,0,0,0,0,1,1,0,0,0,0,0,0,0,0,0,0,1,2,3,3,2,2,2,2,2,2,2,2,1,1,1,1,1,1,1,1,1,0,0,0,0,0,0,0,0,0,0,1,2,2,1,2,1,1,1,1,2
syn_aggregate_02164,48,2.0,1,1,1,1,0,0,0,0,0,0,0,0,0,1,0,0,1,0,0,1,1,0,1,0,0,0,0,0,2,0,0,0,0,0,0,0,0,0,1,2,2,2,2,1,1,0,0,1,2,0,0,0,0,0,0,0,0,0,0,1,2,1,1,1,1,0,1,1,1
syn_aggregate_02165,19,1.0,3,3,2,3,2,3,1,0,0,0,0,0,0,0,0,0,0,0,4,2,2,2,3,2,2,2,2,1,2,1,2,2,2,2,2,3,2,2,2,3,3,3,3,3,3,3,2,3,4,0,0,0,0,0,0,0,0,0,0,2,3,3,2,3,2,2,3,2,3
syn_aggregate_02166,20,1.0,3,3,2,3,2,2,2,0,0,0,0,0,0,0,1,0,0,0,0,1,2,0,1,2,1,1,0,1,3,2,3,2,2,3,2,2,3,2,1,4,4,4,3,3,3,3,3,4,3,0,0,0,0,0,0,0,0,0,2,1,3,3,2,3,2,2,3,2,3
syn_aggregate_02167,50,2.0,1,3,3,3,2,3,2,1,0,0,1,0,0,0,0,0,0,0,0,0,1,0,0,0,0,0,0,0,0,0,0,0,0,0,0,0,0,0,0,3,3,2,4,3,3,2,2,2,1,0,0,0,0,0,0,0,0,1,1,3,4,4,3,4,4,3,4,4,2
syn_aggregate_02168,34,2.0,3,3,2,2,1,2,1,0,0,0,1,0,0,0,0,0,0,0,0,3,4,4,4,3,4,3,3,4,3,4,4,4,4,4,4,4,4,3,3,4,3,3,4,3,3,2,2,2,2,0,0,0,0,0,0,0,0,2,0,3,4,4,3,4,3,3,4,4,3
syn_aggregate_02169,43,1.0,1,1,0,1,0,1,1,0,0,0,0,0,0,0,0,0,0,0,4,0,0,0,0,0,0,0,0,0,1,0,1,1,0,0,1,1,1,1,1,0,0,0,0,0,0,0,0,0,1,0,0,0,0,0,0,0,1,0,0,0,0,0,0,0,0,0,0,0,3
syn_aggregate_02170,21,2.0,0,2,0,0,0,0,0,0,0,0,0,1,0,0,0,0,0,0,0,1,1,1,1,1,0,0,0,0,0,0,1,0,0,0,0,0,0,0,0,4,3,3,4,3,3,2,3,3,2,1,1,1,1,0,1,0,1,0,0,0,3,3,1,3,2,1,2,1,0
syn_aggregate_02171,21,2.0,3,3,3,3,3,3,3,3,0,0,0,0,0,0,0,0,0,0,0,2,1,1,1,0,1,0,1,0,0,2,2,2,2,2,1,1,1,2,2,2,1,1,2,1,1,1,0,1,1,0,0,0,0,0,0,0,0,0,0,1,3,2,2,3,2,2,2,2,1
syn_aggregate_02172,40,2.0,3,3,3,3,2,3,3,2,0,0,1,1,0,1,1,0,2,2,0,4,4,4,4,4,4,4,3,4,4,3,4,4,4,4,4,4,4,4,2,4,4,4,4,4,4,4,4,4,4,1,2,1,1,1,2,1,1,0,0,2,4,4,3,4,4,3,4,4,2
syn_aggregate_02173,18,2.0,3,2,0,3,0,0,2,0,0,1,1,1,1,1,0,0,0,0,0,3,4,3,3,3,4,3,3,3,3,2,2,2,2,2,1,1,2,2,2,2,2,2,2,2,1,1,2,2,1,1,1,1,1,1,1,1,0,0,0,1,3,3,1,3,2,2,3,2,3
syn_aggregate_02174,19,1.0,3,3,2,3,2,2,2,1,0,0,0,0,0,0,0,0,0,0,4,2,2,2,2,2,2,2,2,2,2,1,1,1,1,1,0,0,1,1,0,3,3,2,2,2,3,2,2,2,2,1,1,1,1,1,0,0,0,0,0,0,1,2,0,1,1,1,1,1,0
syn_aggregate_02175,19,2.0,0,1,0,1,0,0,0,0,0,0,1,1,0,0,0,0,0,0,0,4,4,4,4,3,4,3,4,3,4,3,3,3,3,3,3,2,3,3,3,4,3,4,4,2,3,2,3,3,2,0,1,0,0,1,0,0,0,0,0,0,1,1,0,1,1,1,1,1,0
syn_aggregate_02176,20,1.0,3,3,3,3,2,3,2,0,0,1,1,1,1,1,0,0,0,0,0,2,2,2,2,2,2,2,2,2,2,3,3,3,3,3,2,3,3,2,2,3,3,3,4,4,4,4,4,4,3,1,1,1,0,0,1,0,0,1,1,1,3,3,1,2,2,1,2,2,1
syn_aggregate_02177,22,1.0,3,3,2,2,1,2,1,0,1,0,0,0,0,0,0,0,0,0,4,1,1,1,2,1,1,1,1,1,1,4,4,4,4,4,4,4,4,3,4,2,2,2,2,2,1,1,2,2,2,1,1,1,1,1,2,2,1,1,1,3,4,4,3,4,4,4,4,4,3
syn_aggregate_02178,20,1.0,2,2,1,1,0,1,1,0,0,0,1,0,0,0,0,0,0,1,0,2,2,2,2,1,2,1,2,2,3,0,2,1,1,1,1,1,1,1,0,0,0,0,0,0,0,0,0,2,0,0,0,0,0,0,0,0,0,4,0,0,1,0,0,1,0,0,0,0,0
syn_aggregate_02179,18,2.0,3,3,3,3,2,2,2,1,0,0,0,0,0,1,0,0,1,0,1,1,1,1,1,1,1,1,1,1,1,2,3,3,2,3,2,2,2,2,2,3,3,3,3,2,3,2,2,2,3,0,1,1,0,1,1,1,0,1,0,3,4,4,3,4,3,3,3,3,3
syn_aggregate_02180,21,1.0,1,1,1,1,0,0,0,0,0,0,0,1,0,0,0,0,0,0,0,0,0,0,0,0,0,0,0,0,4,4,4,4,4,4,4,4,3,3,3,2,2,2,2,1,2,1,2,2,2,1,1,1,1,0,1,1,0,0,1,0,1,0,0,0,0,0,0,0,0
syn_aggregate_02181,19,2.0,3,3,3,3,2,3,3,2,0,1,2,1,1,2,1,1,1,1,1,4,4,4,4,4,4,4,4,4,4,2,3,3,3,3,3,3,3,2,3,4,4,4,4,4,4,4,4,4,2,2,2,2,2,2,1,1,1,2,1,3,4,4,3,4,4,4,4,4,4
syn_aggregate_02182,37,1.0,2,2,1,1,0,1,0,0,0,0,0,0,0,0,0,0,0,0,0,0,0,0,0,0,0,0,0,0,0,0,0,0,0,0,0,0,0,0,3,0,0,0,0,0,0,0,0,2,0,0,0,0,0,0,0,0,1,0,0,0,1,0,0,0,0,0,0,0,0
syn_aggregate_02183,48,2.0,3,3,3,3,2,3,3,1,1,3,3,3,2,2,2,2,2,2,2,4,4,4,4,4,4,4,3,3,4,4,4,4,4,4,4,4,4,4,3,4,4,4,4,3,4,3,4,4,3,1,2,1,1,1,2,1,1,1,1,1,2,2,1,2,1,2,2,2,3
syn_aggregate_02184,19,2.0,2,3,2,2,1,1,1,0,0,1,1,1,0,1,1,0,1,2,0,3,4,3,3,3,3,3,4,3,3,4,4,4,4,4,4,3,4,4,3,4,4,4,4,3,3,3,3,4,2,0,0,0,1,0,0,0,1,0,1,2,4,4,3,4,3,3,4,3,2
syn_aggregate_02185,24,1.0,3,3,3,3,3,3,3,2,2,0,1,1,0,0,0,0,0,0,0,4,4,4,4,3,4,4,3,4,3,3,4,4,3,4,3,4,3,4,2,2,2,2,2,2,2,2,2,2,2,0,0,0,0,0,0,3,0,0,0,2,4,4,3,4,3,3,4,3,3
syn_aggregate_02186,18,1.0,3,3,2,3,2,2,1,0,1,0,1,0,0,0,2,0,0,0,1,4,4,3,4,3,4,4,3,2,4,3,4,4,3,3,4,3,3,2,3,2,2,2,2,1,2,1,2,2,1,1,2,1,1,1,1,1,1,1,1,4,4,4,4,4,3,3,4,4,4
syn_aggregate_02187,19,2.0,1,1,1,1,1,1,0,0,0,0,1,0,0,1,0,0,1,0,0,4,4,4,4,4,4,4,4,4,4,4,4,4,4,4,3,4,4,3,2,2,2,2,2,2,1,1,1,1,2,0,1,0,0,0,0,0,0,0,1,4,4,4,4,4,4,4,4,3,4
syn_aggregate_02188,18,1.0,3,3,2,3,2,2,1,1,1,0,0,0,0,0,0,0,0,0,2,4,4,4,4,4,3,3,3,3,3,2,2,2,2,2,1,1,2,2,1,3,3,3,3,3,3,2,2,3,2,0,0,0,0,0,0,0,4,0,0,4,4,4,4,4,3,4,4,3,3
syn_aggregate_02189,28,2.0,0,0,0,0,0,0,0,0,0,0,0,0,0,0,0,0,0,0,3,0,0,0,0,0,0,0,0,0,3,0,0,1,0,0,0,0,0,0,0,0,0,0,0,1,0,0,0,0,0,0,1,0,1,1,1,1,0,1,0,0,1,0,0,0,0,0,1,0,0
syn_aggregate_02190,34,1.0,3,3,2,3,2,3,2,1,0,0,0,0,0,0,0,0,0,0,3,4,4,4,4,3,4,4,3,3,2,0,1,0,0,1,0,0,0,0,0,1,2,2,2,1,1,1,1,1,1,0,0,0,0,0,0,0,0,0,0,3,4,4,2,4,3,3,3,2,2
syn_aggregate_02191,50,2.0,3,3,3,3,3,3,3,3,3,2,2,2,2,2,1,2,1,2,1,4,4,4,3,4,4,4,3,4,3,4,4,4,4,4,4,4,4,4,4,4,4,4,4,3,4,4,3,4,2,1,1,1,0,1,1,0,1,0,0,4,4,4,4,4,4,4,4,4,4
syn_aggregate_02192,42,2.0,2,2,1,1,1,1,1,0,0,1,2,1,0,1,1,0,1,1,0,4,4,4,4,4,4,4,3,4,4,2,3,3,2,2,2,3,2,2,3,2,2,2,2,2,2,2,2,2,1,0,0,0,0,0,0,0,0,0,0,0,2,2,0,2,1,1,2,1,1
syn_aggregate_02193,21,2.0,2,3,2,2,2,2,1,0,0,0,1,0,0,0,0,0,0,0,0,1,1,0,1,1,1,0,0,0,0,0,1,0,0,0,0,0,2,0,0,1,0,0,1,0,0,0,0,0,0,0,0,0,0,0,0,0,0,0,0,0,1,0,0,1,0,0,0,0,0
syn_aggregate_02194,22,2.0,1,1,1,1,1,1,1,0,0,0,0,0,0,0,0,0,0,2,0,1,1,0,1,1,1,1,0,0,0,2,3,3,2,2,2,2,2,2,2,0,0,0,0,0,0,0,0,0,1,0,0,0,1,0,0,0,0,0,0,2,4,3,2,4,2,3,3,3,3
syn_aggregate_02195,27,2.0,1,1,1,1,0,0,0,0,0,0,0,0,0,0,0,0,0,0,3,4,4,4,4,3,4,4,4,3,3,0,0,1,1,0,0,0,0,0,0,1,2,1,1,2,1,1,1,1,1,0,1,0,0,0,0,0,0,0,0,1,2,2,1,2,2,2,2,2,2
syn_aggregate_02196,21,2.0,2,2,1,2,1,1,1,1,0,0,1,0,0,1,0,0,0,0,0,0,1,0,0,0,1,0,0,0,0,0,0,0,0,0,0,0,0,0,0,1,1,1,1,0,1,0,1,1,0,0,0,0,0,0,0,0,0,0,0,1,2,2,1,2,2,2,2,2,2
syn_aggregate_02197,21,2.0,1,1,2,1,0,1,0,0,0,0,0,0,0,0,1,0,0,0,0,2,2,2,2,2,2,1,2,1,2,1,2,2,2,2,1,2,2,2,1,4,4,4,4,3,4,3,4,3,3,2,2,1,1,1,2,2,1,1,1,1,2,2,1,2,1,1,2,1,2
syn_aggregate_02198,19,1.0,2,2,1,2,0,1,0,0,0,0,0,0,4,0,0,0,0,0,0,1,1,1,0,0,1,1,0,0,1,0,0,0,0,0,0,0,0,2,0,1,1,0,1,0,0,0,0,0,0,0,0,1,0,0,0,0,0,0,0,0,1,0,0,0,0,0,0,0,0
syn_aggregate_02199,43,2.0,3,3,3,3,3,3,3,3,3,1,2,1,0,1,1,0,1,1,0,4,4,4,4,3,4,3,3,3,3,4,4,4,4,4,3,4,4,3,4,4,4,4,4,4,4,4,4,3,4,1,2,1,1,1,1,1,1,1,1,3,4,4,3,4,4,4,4,4,4
syn_aggregate_02200,20,2.0,1,1,1,0,0,0,0,0,0,0,0,0,0,0,0,0,0,0,4,4,4,4,4,3,3,2,3,3,3,0,0,0,0,0,0,0,1,1,0,1,0,1,1,0,0,1,0,0,1,0,0,0,0,0,0,0,0,2,0,4,4,4,3,4,4,4,4,4,4
syn_aggregate_02201,19,1.0,3,3,2,3,2,3,2,0,0,0,1,0,0,0,0,0,0,2,0,3,3,3,3,3,3,3,2,2,3,0,0,0,0,0,1,1,0,0,0,0,0,0,0,0,0,0,0,0,4,0,0,0,0,0,0,0,0,0,3,0,1,1,0,1,1,0,1,1,0
syn_aggregate_02202,20,2.0,2,3,2,2,1,1,1,1,0,0,0,0,0,0,0,0,0,0,4,3,4,3,4,3,4,3,3,3,1,1,2,2,1,2,2,2,2,2,1,1,1,1,1,1,1,0,1,0,1,1,1,1,1,1,1,1,1,1,1,2,3,3,2,3,3,3,3,3,1
syn_aggregate_02203,19,2.0,3,3,3,3,2,3,2,1,0,1,2,1,0,1,1,1,1,1,2,3,3,3,3,3,3,3,4,3,3,4,4,4,4,4,3,3,4,2,4,4,4,4,4,4,4,4,4,3,4,0,0,1,0,0,0,0,0,0,0,4,4,4,3,4,4,4,4,4,4
syn_aggregate_02204,20,2.0,1,1,1,1,0,0,1,0,0,0,0,0,0,0,0,0,0,0,0,1,1,1,0,1,1,0,1,1,3,2,3,3,2,2,2,2,3,1,2,0,0,0,0,0,0,0,0,4,0,0,0,0,0,0,0,0,0,0,1,0,0,0,0,1,0,0,0,0,0
syn_aggregate_02205,21,2.0,2,2,1,2,1,0,1,0,0,0,0,0,0,0,0,0,0,3,0,3,3,3,3,3,3,2,3,2,2,3,4,4,4,4,3,3,3,3,1,0,0,0,0,0,0,0,0,2,0,0,0,0,0,0,0,0,0,0,4,0,1,1,0,1,0,0,1,0,0
syn_aggregate_02206,19,2.0,3,3,2,2,2,2,2,0,0,0,1,0,0,0,0,1,0,0,0,0,1,0,0,0,0,0,0,0,0,2,2,2,2,1,1,1,1,2,1,2,2,2,2,1,1,1,1,1,1,0,1,1,0,0,0,0,0,0,0,0,2,2,0,2,1,1,2,1,0
syn_aggregate_02207,28,2.0,3,3,2,3,2,3,3,2,3,0,0,0,0,0,0,0,0,0,0,0,0,0,0,0,0,0,0,0,3,4,4,4,4,4,4,4,4,3,4,3,2,2,3,1,2,1,2,2,2,0,2,1,0,2,1,1,0,1,2,2,4,4,2,3,3,3,3,4,3
syn_aggregate_02208,34,2.0,2,2,1,2,1,1,1,0,0,0,2,0,0,0,0,0,0,0,0,4,4,4,4,4,4,4,4,3,4,4,4,4,4,4,4,3,4,4,4,3,3,3,3,2,3,2,2,2,3,0,0,0,0,0,0,0,0,0,4,2,4,4,2,4,3,3,4,4,2
syn_aggregate_02209,21,2.0,3,3,3,3,3,3,3,2,3,0,1,1,1,1,0,0,1,0,0,0,0,0,0,0,0,0,0,0,4,2,3,3,3,3,3,3,3,2,2,4,4,3,4,3,4,4,3,3,3,1,1,1,1,0,1,0,0,1,1,4,4,4,4,4,3,4,4,4,4
syn_aggregate_02210,40,1.0,3,3,3,3,3,3,3,3,2,1,1,1,0,1,0,0,1,0,1,2,3,2,2,2,3,2,2,2,2,4,4,4,4,4,3,4,3,3,3,4,3,3,4,3,3,3,3,3,3,0,1,0,0,0,1,0,0,0,0,4,4,4,4,4,4,4,4,3,3
syn_aggregate_02211,20,1.0,1,1,1,1,1,0,0,0,0,0,0,0,0,0,0,0,0,0,4,3,3,3,3,3,4,4,3,3,2,1,2,1,1,1,2,2,1,1,2,2,2,1,2,1,2,1,2,1,2,1,1,0,0,1,1,0,0,1,0,4,4,4,3,4,3,4,4,4,2
syn_aggregate_02212,18,1.0,1,1,1,0,0,0,0,0,0,0,0,0,0,0,1,0,1,1,0,3,3,2,2,2,2,2,2,2,1,3,3,3,3,3,2,2,2,2,2,2,2,1,3,2,2,1,2,1,1,0,0,0,0,0,1,1,0,0,0,3,4,4,3,3,3,2,3,3,1
syn_aggregate_02213,22,2.0,3,3,2,3,2,3,3,2,2,1,1,1,1,1,1,1,1,1,1,3,4,3,3,3,4,3,3,2,2,4,4,4,4,4,3,3,4,3,2,4,4,3,4,3,4,4,3,3,3,1,1,0,1,1,1,0,0,1,0,2,3,3,1,3,2,2,3,3,2
syn_aggregate_02214,20,1.0,3,3,2,3,1,2,1,0,1,0,0,0,0,0,0,0,0,0,2,4,4,4,4,3,4,4,4,3,3,4,4,4,4,4,4,3,3,3,4,3,2,2,3,2,2,1,2,2,2,0,0,0,0,0,0,0,3,0,0,3,4,3,2,3,3,2,3,3,3
syn_aggregate_02215,21,2.0,2,2,1,2,1,1,1,0,0,2,2,2,1,2,1,1,1,1,2,4,4,3,4,3,4,3,3,2,3,1,2,1,1,1,1,1,1,0,0,2,2,2,3,2,1,1,1,2,1,1,2,1,1,1,2,1,1,1,1,1,3,3,2,3,2,2,3,2,2
syn_aggregate_02216,22,2.0,0,1,0,1,0,0,0,0,0,0,0,0,0,0,0,0,0,0,1,0,0,0,0,0,0,0,0,0,0,0,0,0,0,0,0,0,0,1,0,0,0,0,0,0,0,0,0,0,0,0,0,0,0,0,1,0,0,0,0,0,0,0,0,0,0,0,0,0,0
syn_aggregate_02217,19,1.0,1,2,0,1,0,1,0,0,0,0,0,0,0,0,0,2,0,0,0,2,2,1,2,2,2,2,1,1,1,0,0,0,0,0,1,0,0,0,0,1,1,1,1,1,2,0,0,0,1,0,0,0,0,1,0,0,0,0,0,0,1,0,0,0,0,0,0,2,0
syn_aggregate_02218,21,1.0,2,2,1,1,1,1,0,0,1,0,0,0,0,0,0,0,0,0,0,2,2,1,2,1,1,1,1,1,1,0,1,1,0,1,1,1,1,0,0,0,0,0,0,0,0,0,0,0,1,0,0,0,0,0,0,0,0,0,0,0,0,0,0,0,0,0,0,0,0
syn_aggregate_02219,18,2.0,3,3,3,3,3,3,2,1,0,2,2,1,1,1,1,1,1,1,1,1,1,1,1,1,1,1,0,0,0,3,3,3,3,3,2,3,3,2,2,3,3,3,3,2,2,2,2,2,2,1,2,1,1,1,2,1,1,1,1,1,3,3,2,3,2,2,2,2,1
syn_aggregate_02220,22,2.0,3,3,2,3,2,2,2,0,0,0,0,0,0,0,0,0,0,0,0,3,2,3,3,2,2,3,2,2,3,2,3,3,3,3,3,3,2,2,2,0,0,0,0,0,0,0,0,0,3,0,0,0,0,0,1,0,1,0,1,1,4,4,2,4,3,3,4,3,3
syn_aggregate_02221,34,2.0,1,1,1,1,1,0,0,0,0,0,0,0,0,1,0,0,0,0,0,1,1,0,0,0,0,0,0,0,0,0,0,0,0,0,0,0,0,0,1,1,0,0,1,0,0,0,0,1,0,0,0,0,0,0,0,0,0,0,2,0,1,0,0,0,0,0,0,0,0
syn_aggregate_02222,22,2.0,1,1,1,1,1,0,0,0,0,0,0,0,0,0,0,0,0,0,1,3,3,3,3,2,3,2,2,3,2,0,0,0,0,0,0,0,0,0,0,0,0,0,0,0,0,0,0,0,3,0,0,0,0,0,0,0,1,0,0,0,0,0,0,1,0,0,0,0,0
syn_aggregate_02223,20,2.0,3,3,2,3,2,2,1,0,0,1,2,1,1,1,1,2,1,2,2,4,4,4,4,4,4,4,4,3,4,1,3,2,2,2,2,2,2,1,0,4,4,3,4,3,3,3,3,3,2,0,0,0,0,0,0,0,0,0,0,3,4,4,3,4,3,3,3,3,3
syn_aggregate_02224,22,2.0,3,3,3,3,3,3,3,3,3,2,2,1,1,2,1,1,1,2,1,4,4,4,4,4,3,4,4,4,3,4,4,4,4,4,4,4,4,3,3,4,4,4,4,4,4,4,4,4,4,2,3,2,2,3,2,2,2,2,3,4,4,4,4,4,4,4,4,4,4
syn_aggregate_02225,22,2.0,1,1,1,1,0,0,1,0,0,1,2,1,0,1,1,0,1,2,0,3,3,3,3,3,3,3,2,3,3,4,4,4,4,4,4,4,4,4,4,4,4,4,4,3,4,3,3,3,3,1,2,1,1,1,1,2,0,1,2,3,4,4,3,4,4,4,4,4,4
syn_aggregate_02226,20,1.0,1,0,0,0,0,0,0,0,0,0,0,0,0,0,0,0,0,0,4,1,1,1,2,1,2,1,1,1,3,1,2,1,1,1,1,1,2,1,0,1,1,0,1,1,1,0,1,1,0,0,0,0,0,0,0,0,0,0,0,0,2,1,0,1,0,0,1,1,1
syn_aggregate_02227,19,2.0,3,3,3,3,3,3,3,3,3,1,2,2,1,2,1,1,1,2,2,4,4,3,4,3,4,4,3,3,3,1,2,1,1,1,1,1,1,1,1,4,4,4,4,4,4,4,4,4,3,1,1,0,0,0,0,0,0,0,0,4,4,4,4,4,3,4,4,4,3
syn_aggregate_02228,19,2.0,3,3,2,2,1,1,1,0,0,1,1,1,0,0,0,0,0,1,1,0,0,0,0,0,0,0,0,0,0,1,2,2,1,2,1,2,2,1,2,4,4,4,3,3,3,2,2,3,2,0,0,0,0,0,1,0,1,0,0,1,4,4,2,3,3,3,3,3,0
syn_aggregate_02229,21,2.0,3,3,2,2,1,1,1,1,0,0,0,0,0,0,1,1,0,0,0,1,1,1,1,1,1,0,1,1,0,2,3,2,2,2,2,2,2,2,2,0,0,0,0,0,0,0,0,0,4,1,2,2,1,1,2,1,1,1,2,0,1,1,0,1,0,0,1,0,0
syn_aggregate_02230,21,2.0,2,2,1,2,0,1,1,0,0,0,0,0,0,0,0,0,4,0,0,4,4,4,4,4,4,4,4,3,4,2,3,2,2,2,2,2,2,2,2,4,4,4,4,4,4,3,4,4,4,0,0,0,0,0,0,1,0,0,3,1,3,3,1,2,2,2,2,2,3
syn_aggregate_02231,20,2.0,3,3,3,3,3,3,3,3,3,1,2,1,1,1,2,1,1,1,0,4,4,4,4,4,3,3,3,4,2,4,4,4,4,4,4,4,4,3,3,4,4,4,4,3,4,4,3,4,2,3,3,2,2,2,3,3,2,2,2,3,4,4,3,4,4,4,4,4,4
syn_aggregate_02232,19,2.0,3,3,3,3,2,3,3,3,3,1,2,1,1,1,1,1,2,1,1,4,4,4,4,4,4,4,3,4,4,3,3,3,3,3,3,2,2,3,2,4,4,4,4,4,4,4,4,3,3,0,1,1,0,0,1,1,0,0,1,2,4,4,3,4,3,3,4,3,3
syn_aggregate_02233,20,2.0,3,3,3,3,2,3,3,1,1,1,1,1,0,1,1,0,1,0,0,4,4,4,4,4,4,3,4,4,4,2,3,3,2,2,2,2,2,1,1,4,4,4,4,4,4,4,4,4,4,0,0,0,0,0,0,1,0,1,0,3,4,4,4,4,3,4,4,4,3
syn_aggregate_02234,18,2.0,2,2,2,2,1,1,0,0,0,0,0,0,0,0,0,3,0,0,0,0,0,0,0,0,0,0,0,0,3,2,2,2,2,1,1,1,2,2,1,2,2,1,2,1,2,1,2,2,2,0,0,0,0,0,0,1,0,0,0,0,1,0,0,0,0,0,0,0,2
syn_aggregate_02235,46,2.0,3,3,2,3,1,2,1,0,0,0,1,0,0,0,0,0,0,0,0,4,4,4,4,4,4,4,4,4,3,0,0,0,0,0,0,0,0,0,3,2,2,1,2,2,1,1,1,1,2,0,0,0,0,0,0,0,0,4,0,1,2,2,1,2,2,1,2,2,1
syn_aggregate_02236,20,2.0,3,3,2,3,2,1,0,0,0,0,0,0,0,0,0,0,0,1,1,2,3,2,3,2,3,2,1,2,1,0,0,0,0,0,0,0,0,0,0,4,3,3,4,3,2,2,2,1,1,0,0,0,0,0,0,0,2,0,0,2,3,3,2,3,3,2,3,2,2
syn_aggregate_02237,21,1.0,3,3,3,3,2,3,3,1,0,0,0,0,0,0,0,0,0,0,3,2,1,1,2,1,1,1,0,1,1,2,3,2,2,2,2,2,3,1,2,1,0,0,0,0,0,0,0,0,0,0,0,0,0,0,0,0,0,0,0,1,3,2,2,2,2,1,2,2,3
syn_aggregate_02238,19,2.0,3,3,3,3,2,3,2,1,2,1,2,1,1,1,1,0,1,1,0,4,4,4,4,3,4,3,3,3,1,4,4,4,4,4,4,4,4,4,4,4,4,4,4,4,4,4,3,4,4,1,1,2,1,1,2,1,1,1,1,3,4,4,3,4,4,4,4,4,3
syn_aggregate_02239,27,1.0,1,1,0,0,0,0,0,0,0,0,0,0,0,0,0,0,0,0,0,4,4,3,3,4,3,4,3,4,3,1,2,2,1,2,1,2,2,1,0,3,3,3,3,2,2,2,2,3,3,1,2,1,1,1,2,1,1,1,1,0,2,1,0,1,1,0,1,1,0
syn_aggregate_02240,21,2.0,3,3,3,3,3,3,3,3,0,0,0,0,0,0,0,0,0,0,4,4,4,4,4,4,4,4,4,4,4,4,4,4,4,4,4,4,4,4,4,4,3,4,4,3,4,3,3,3,2,1,2,1,1,1,2,2,1,1,1,3,4,4,3,4,3,4,4,3,3
syn_aggregate_02241,37,2.0,3,3,2,2,2,1,1,1,0,0,1,0,0,0,0,0,1,0,0,0,0,0,0,0,0,0,0,1,1,2,3,2,2,2,2,3,2,1,1,1,1,1,1,1,0,0,0,0,0,0,1,0,0,0,1,0,0,0,0,0,1,1,0,1,0,0,1,0,0
syn_aggregate_02242,19,1.0,3,3,2,3,2,2,2,1,0,3,3,3,2,2,2,2,2,2,3,0,0,0,0,0,0,0,0,0,2,1,3,3,2,2,1,2,2,1,1,3,3,3,3,3,3,3,3,2,2,1,1,1,0,1,2,1,1,1,1,3,4,4,3,4,4,4,4,4,3
syn_aggregate_02243,18,1.0,2,2,1,1,1,0,1,0,1,0,1,0,0,1,0,1,0,1,0,4,4,4,4,3,4,3,4,3,2,2,3,2,2,2,2,2,3,2,2,3,2,2,3,2,2,1,2,2,2,0,0,0,0,0,0,0,0,0,4,1,3,3,2,3,2,2,2,2,1
syn_aggregate_02244,19,2.0,2,2,1,2,2,1,1,1,0,0,0,0,0,0,0,0,0,0,1,3,3,2,3,2,3,3,2,2,3,1,1,1,1,1,0,1,0,0,1,2,2,2,2,1,1,1,1,2,2,0,0,0,0,0,0,0,0,0,0,2,4,3,2,3,3,2,3,3,1
syn_aggregate_02245,20,1.0,2,2,1,1,1,1,1,0,0,0,0,0,0,0,0,0,0,0,0,2,2,1,2,2,2,1,2,1,2,1,1,1,1,1,1,1,1,1,1,0,1,0,0,0,0,0,0,0,0,0,0,0,0,0,1,0,0,0,0,3,4,4,4,4,3,4,4,4,2
syn_aggregate_02246,19,2.0,2,2,1,2,0,1,1,0,0,0,0,0,0,0,0,0,0,0,3,4,4,3,4,3,4,3,3,3,3,2,3,3,2,2,2,2,2,1,1,4,4,4,4,4,4,4,3,3,3,1,1,1,1,1,2,2,1,1,1,0,3,3,1,3,2,2,3,3,0
syn_aggregate_02247,20,2.0,2,2,0,2,0,0,0,0,0,0,0,0,0,0,0,0,0,0,0,0,0,0,0,0,0,0,0,0,2,0,0,0,0,0,0,0,0,0,0,1,1,1,1,1,0,0,0,0,0,0,0,0,0,0,0,0,0,2,0,0,1,0,0,0,0,0,0,1,0
syn_aggregate_02248,20,2.0,3,3,3,3,3,3,3,2,2,1,2,1,1,2,1,1,1,1,1,3,3,2,3,2,3,2,2,2,2,3,4,4,3,3,4,4,3,3,1,4,4,4,4,4,4,3,4,3,3,0,0,0,0,0,4,0,0,0,0,4,4,4,4,4,4,4,4,4,4
syn_aggregate_02249,19,1.0,3,3,2,3,2,2,2,1,0,0,0,0,0,0,0,0,0,3,0,1,2,1,2,1,2,1,1,1,2,3,4,4,3,3,3,3,3,3,3,2,1,1,2,1,1,0,1,1,1,0,0,0,0,0,0,0,0,0,2,1,4,3,2,3,3,3,4,3,2
syn_aggregate_02250,20,2.0,0,1,0,0,0,0,0,0,0,0,0,0,0,0,0,0,0,0,0,0,0,0,0,0,0,0,0,0,4,1,1,1,0,0,0,0,1,1,0,0,0,0,0,0,0,0,1,0,0,0,0,0,0,0,0,0,0,0,0,0,1,0,0,1,0,0,0,0,0
syn_aggregate_02251,18,2.0,3,3,3,3,3,3,3,3,3,2,3,2,2,2,2,1,2,3,2,3,4,3,3,3,3,3,3,2,2,4,4,4,4,4,4,4,4,4,4,4,3,3,4,3,3,3,3,3,3,0,0,0,0,0,0,0,0,0,4,4,4,4,3,4,3,3,4,3,2
syn_aggregate_02252,19,1.0,1,0,0,1,1,0,0,0,0,0,1,0,0,0,0,0,0,0,0,2,2,2,2,2,2,2,2,2,2,0,1,1,0,0,1,1,1,0,0,0,0,0,1,1,0,0,0,0,0,0,0,0,0,0,0,0,0,1,2,0,2,2,0,2,0,1,2,0,0
syn_aggregate_02253,20,1.0,2,2,1,2,0,1,0,0,0,0,0,0,0,0,0,0,3,0,0,1,0,0,0,0,0,0,0,0,0,0,0,0,0,0,0,0,0,0,0,3,2,2,2,1,1,1,1,2,2,0,0,0,0,0,1,0,0,0,0,1,2,2,1,2,0,0,1,1,1
syn_aggregate_02254,35,1.0,1,2,0,2,0,0,2,0,0,0,0,0,0,0,0,0,0,0,0,0,0,0,0,0,0,0,0,0,0,2,2,2,2,2,2,2,2,1,1,1,0,0,1,0,0,0,0,0,0,0,0,0,0,0,0,0,0,0,4,0,0,0,0,0,2,0,0,0,0
syn_aggregate_02255,21,1.0,2,2,1,2,1,1,1,0,0,0,2,0,0,0,0,0,0,0,0,3,3,2,3,2,3,2,2,2,1,1,2,2,2,2,1,2,2,2,2,1,1,0,1,0,0,0,0,0,0,0,0,0,0,0,0,0,0,0,3,0,2,1,0,1,1,0,1,1,0
syn_aggregate_02256,21,1.0,3,3,3,3,3,3,3,3,0,1,1,2,1,1,1,0,1,2,2,4,4,4,4,3,4,4,4,3,4,4,4,4,4,4,4,4,4,4,0,4,4,4,4,4,4,4,4,4,4,2,2,1,1,1,2,1,1,1,1,4,4,4,4,4,4,4,4,4,4
syn_aggregate_02257,21,2.0,3,3,3,3,3,3,3,3,3,0,1,0,0,0,0,0,1,0,0,2,3,2,2,2,2,1,3,2,2,4,4,4,4,4,4,4,4,4,4,4,4,4,4,3,4,3,3,3,4,0,0,0,0,0,0,0,1,0,0,4,4,4,4,4,4,4,4,4,4
syn_aggregate_02258,40,2.0,1,1,0,0,0,0,0,0,0,0,0,0,0,0,0,2,0,0,0,3,3,2,3,2,3,2,2,2,1,3,4,4,3,3,2,2,3,2,0,1,1,0,1,0,0,0,0,0,0,0,0,0,0,0,2,0,0,0,0,3,4,4,3,4,3,3,4,3,3
syn_aggregate_02259,20,2.0,2,2,2,2,1,2,1,1,0,1,1,1,1,1,0,1,0,0,0,2,3,2,2,1,3,2,2,1,2,1,2,2,2,1,1,2,2,1,1,2,2,2,2,2,2,2,1,2,2,0,0,0,0,0,0,0,0,0,1,0,1,1,0,1,1,0,1,1,0
syn_aggregate_02260,19,2.0,3,3,2,2,2,2,0,0,1,0,0,0,0,0,0,0,0,0,4,0,0,0,0,0,0,0,0,0,2,0,2,2,1,1,2,1,2,1,1,1,1,0,1,0,0,0,0,0,0,0,0,0,0,0,0,0,0,0,0,0,1,1,0,1,1,0,1,1,0
